fileName,valence,arousal,valence_pred,arousal_pred
1003_IEO_ANG_MD.mp4,-0.5971,0.6824,-0.4118914759692191,0.5779492837103676
1016_IEO_ANG_MD.mp4,-0.5071,0.5796,-0.24076585900768302,0.3666140201047712
1057_IWL_ANG_XX.mp4,-0.5693,0.3253,-0.4029281492446444,0.36377481436619563
1042_IWL_ANG_XX.mp4,0.0,0.0,-0.10570705272438645,0.22721085524500031
1015_IWL_NEU_XX.mp4,0.0818,0.0818,0.00014956237932879738,0.1212632575729364
1012_IEO_ANG_HI.mp4,-0.6569,0.7508,-0.6419171055659059,0.659834076968589
1007_IEO_ANG_HI.mp4,0.0,0.0,-0.3710332375470233,0.3161237899571213
1018_ITS_SAD_XX.mp4,0.0779,0.0779,-0.11716387523602437,0.13687978992499567
1043_TAI_NEU_XX.mp4,0.0886,0.0886,-0.07884026319702225,0.1659761740571033
1056_TAI_NEU_XX.mp4,0.0843,0.0843,0.09494884401560501,0.09977484700864435
1088_MTI_FEA_XX.mp4,0.0775,0.0775,0.013468028852883304,0.0904325561934156
1001_TAI_ANG_XX.mp4,0.0,0.0,-0.3621725692450256,0.25160341246380513
1014_TAI_ANG_XX.mp4,-0.5975,0.6828,-0.5691706653846523,0.5951844990407575
1030_TSI_ANG_XX.mp4,-0.5651,0.6458,-0.3515203812217147,0.48401815632505285
1025_TSI_ANG_XX.mp4,-0.6078,0.6947,-0.2167029232679442,0.2974717839952688
1072_TSI_NEU_XX.mp4,0.0857,0.0857,-0.027870533463599346,0.13158265279039974
1067_TSI_NEU_XX.mp4,0.0791,0.0791,-0.007885744019034585,0.0885789000809585
1064_IEO_FEA_MD.mp4,-0.4777,0.5573,-0.1870687714982768,0.22639314181852255
1011_IWL_HAP_XX.mp4,0.0894,0.0894,0.00453019356554738,0.09584218186465869
1029_IOM_DIS_XX.mp4,-0.5123,0.2928,0.03218141591983797,0.16309186148569482
1004_IWL_HAP_XX.mp4,0.0811,0.0811,-0.03989297283546037,0.21080836185012147
1071_IEO_FEA_MD.mp4,0.0745,0.0745,-0.03182271572419385,0.10418999571535353
1030_IWL_FEA_XX.mp4,-0.5149,0.5885,-0.49064559264699786,0.5688540451412311
1061_TAI_SAD_XX.mp4,0.0721,0.0721,-0.03791136858816515,0.13096319171587517
1045_IEO_HAP_MD.mp4,0.0734,0.0734,-0.015467296960642928,0.0990613870680904
1050_IEO_HAP_MD.mp4,-0.6098,0.3484,-0.3226210182823955,0.3072812268567997
1074_TAI_SAD_XX.mp4,0.0883,0.0883,-0.12131718106215655,0.1613003416366306
1025_IWL_FEA_XX.mp4,0.0776,0.0776,-0.022665226838214498,0.10480903264340008
1078_ITS_ANG_XX.mp4,-0.6096,0.6967,-0.43850033608646327,0.5256243569607731
1075_IEO_FEA_HI.mp4,-0.5094,0.5943,-0.48472009313395875,0.604904659450312
1060_IEO_FEA_HI.mp4,-0.447,0.5215,-0.4374075624984784,0.49196527353030933
1050_TSI_SAD_XX.mp4,0.0739,0.0739,-0.08803274033240832,0.13517347052338882
1054_IEO_HAP_HI.mp4,0.0,0.0,0.04216160444101044,0.17501215955322916
1041_IEO_HAP_HI.mp4,-0.5554,0.3174,-0.17458402451266158,0.27225869626101173
1045_TSI_SAD_XX.mp4,0.078,0.078,-0.030094068883498765,0.1131107238352108
1063_IEO_SAD_MD.mp4,0.0757,0.0757,0.0020066878548607846,0.07998204538164001
1047_TAI_HAP_XX.mp4,0.576,0.432,0.1327159258671516,0.37970965647681176
1052_TAI_HAP_XX.mp4,-0.5331,0.622,-0.2792019112732315,0.6371102875455366
1076_IEO_SAD_MD.mp4,0.0745,0.0745,-0.0036029381267091024,0.08888808404717655
1066_TAI_FEA_XX.mp4,0.0786,0.0786,-0.013934416216325197,0.13971844421658047
1037_IWL_SAD_XX.mp4,0.0823,0.0823,-0.07926494520591951,0.11313002829942309
1022_IWL_SAD_XX.mp4,-0.454,0.1513,-0.02133853183430035,0.10221004329456561
1073_TAI_FEA_XX.mp4,0.0739,0.0739,-0.024075106921713513,0.1354415548417552
1072_IEO_SAD_HI.mp4,-0.4587,0.1529,-0.057395763271188685,0.12429311410871173
1076_TSI_HAP_XX.mp4,0.0,0.0,0.05481308854403937,0.2123474971952499
1063_TSI_HAP_XX.mp4,-0.5291,0.6173,0.01001230414742785,0.25627163325740443
1067_IEO_SAD_HI.mp4,-0.4577,0.1526,-0.09757912513926154,0.12272825296143003
1057_TSI_FEA_XX.mp4,-0.4523,0.5277,-0.1834015798639056,0.30869706909202954
1042_TSI_FEA_XX.mp4,0.0758,0.0758,-0.18073528504204728,0.2925567474041913
1082_ITH_SAD_XX.mp4,0.0779,0.0779,-0.0024793289052394206,0.134402372260231
1084_IEO_NEU_XX.mp4,0.0811,0.0811,0.016421632082800036,0.13185683499591414
1091_IEO_NEU_XX.mp4,0.0874,0.0874,0.015711132666480103,0.09709675523809147
1006_DFA_FEA_XX.mp4,0.0,0.0,0.019082445092023247,0.0988973315160461
1030_IEO_ANG_LO.mp4,0.0791,0.0791,-0.07625374416342325,0.14885857840006803
1025_IEO_ANG_LO.mp4,0.0878,0.0878,0.018626700095300652,0.1515360456779342
1013_DFA_FEA_XX.mp4,0.0822,0.0822,-0.016446012863682635,0.11492345080273715
1027_DFA_HAP_XX.mp4,0.0793,0.0793,0.08820632932040419,0.21617299474214996
1016_ITH_DIS_XX.mp4,0.08,0.08,-0.19342894167825858,0.22527420866383474
1003_ITH_DIS_XX.mp4,0.0,0.0,-0.20129571637778895,0.19757686560962823
1032_DFA_HAP_XX.mp4,0.6228,0.4671,0.24703065784394793,0.08984294135324498
1074_WSI_ANG_XX.mp4,-0.5859,0.6696,-0.5766293579197947,0.6373956179030411
1061_WSI_ANG_XX.mp4,-0.5383,0.6152,-0.563186790601523,0.5915134537449531
1090_ITH_FEA_XX.mp4,0.0796,0.0796,-0.037871317518672176,0.10842491987404404
1085_ITH_FEA_XX.mp4,0.0,0.0,-0.020652444600120074,0.11576233241060084
1080_DFA_DIS_XX.mp4,0.069,0.069,-0.1509963862792856,0.19962130240984097
1036_WSI_NEU_XX.mp4,0.0788,0.0788,-0.05184645028708494,0.1692753927856571
1023_WSI_NEU_XX.mp4,0.0699,0.0699,-0.08881673212202565,0.17223386731439214
1001_DFA_SAD_XX.mp4,0.0715,0.0715,0.06620455806847783,0.12548166513335463
1014_DFA_SAD_XX.mp4,0.0738,0.0738,0.04111333149107335,0.1220380462056008
1005_TIE_DIS_XX.mp4,-0.4742,0.271,-0.29529597639186717,0.31749942290295163
1014_WSI_SAD_XX.mp4,0.0678,0.0678,-0.10811096621704344,0.136018988499111
1010_TIE_DIS_XX.mp4,-0.5255,0.6006,-0.20565884651336822,0.21758704247302113
1001_WSI_SAD_XX.mp4,0.0814,0.0814,-0.034198152507092225,0.11126562212294637
1039_IWW_DIS_XX.mp4,-0.547,0.3126,-0.10233025995111125,0.15214732074671605
1023_DFA_NEU_XX.mp4,0.0823,0.0823,0.10861450120044497,0.11793645666366691
1084_TIE_SAD_XX.mp4,0.0,0.0,-0.0035476796464754367,0.09887394701166599
1080_WSI_DIS_XX.mp4,-0.609,0.348,-0.2604975587781159,0.291927249063794
1091_TIE_SAD_XX.mp4,0.0818,0.0818,-0.016200371734121848,0.12281929605161256
1036_DFA_NEU_XX.mp4,0.0841,0.0841,0.06752708191758255,0.09818383687165565
1061_DFA_ANG_XX.mp4,-0.6059,0.6924,-0.4584171525439324,0.5298508368120779
1057_IEO_FEA_LO.mp4,0.0839,0.0839,-0.01734694403286695,0.0966880597537448
1042_IEO_FEA_LO.mp4,0.0,0.0,0.02085200532952176,0.08230402192690199
1074_DFA_ANG_XX.mp4,-0.5849,0.6685,-0.5580739336203475,0.5843156169893207
1076_IEO_HAP_LO.mp4,0.0801,0.0801,0.13353728973043413,0.11873187029321222
1063_IEO_HAP_LO.mp4,0.6628,0.4971,0.19722621109699776,0.13471446841350843
1013_WSI_FEA_XX.mp4,0.0813,0.0813,-0.13444335764702892,0.19511511830326825
1006_WSI_FEA_XX.mp4,-0.452,0.5273,-0.2150207094569217,0.19086877932627708
1032_WSI_HAP_XX.mp4,0.0753,0.0753,0.06999690892263845,0.20813966584208327
1027_WSI_HAP_XX.mp4,-0.5926,0.6772,-0.06908282711523007,0.3450533604218389
1050_IEO_SAD_LO.mp4,0.0834,0.0834,0.11797562251529937,0.08822256003977744
1045_IEO_SAD_LO.mp4,-0.4905,0.1635,-0.10897757718702904,0.107592463241753
1083_TIE_FEA_XX.mp4,0.0781,0.0781,-0.08312208841258081,0.1539712590637437
1014_IWW_NEU_XX.mp4,0.0731,0.0731,-0.12800888906968172,0.23764628266808271
1001_IWW_NEU_XX.mp4,0.0803,0.0803,0.023333718695458756,0.0997860448636534
1056_IWW_ANG_XX.mp4,-0.5468,0.3124,-0.20264891113585073,0.24418870343149016
1043_IWW_ANG_XX.mp4,-0.5468,0.3124,-0.12172030366628782,0.35490236519011686
1028_TIE_NEU_XX.mp4,0.079,0.079,-0.01989673111511522,0.09684505737436651
1088_DFA_FEA_XX.mp4,0.082,0.082,-0.006143318137886988,0.1810404193011265
1079_ITH_ANG_XX.mp4,-0.5927,0.3387,-0.19980863091406956,0.3054953361813381
1031_IWW_FEA_XX.mp4,0.0,0.0,0.027649915749582622,0.05669114533958973
1024_IWW_FEA_XX.mp4,-0.4577,0.5339,-0.12087007526055095,0.3018623495108039
1010_IWW_HAP_XX.mp4,0.675,0.5062,-0.032069594914277674,0.31714500200942103
1088_WSI_FEA_XX.mp4,0.0,0.0,-0.11795033299714425,0.14978386857335546
1005_IWW_HAP_XX.mp4,0.0,0.0,-0.14497203240332543,0.18213549454942
1018_TIE_FEA_XX.mp4,-0.4365,0.1455,-0.21255735425059613,0.21066867927397012
1039_TIE_HAP_XX.mp4,0.6768,0.5076,0.396113581748703,0.5311738342134354
1036_IWW_SAD_XX.mp4,-0.4297,0.5013,-0.10319472836012679,0.1667262866873882
1023_IWW_SAD_XX.mp4,0.0797,0.0797,-0.027662407209129374,0.11030618236343327
1027_MTI_HAP_XX.mp4,0.0806,0.0806,-0.003323240067669388,0.12648461948125572
1032_MTI_HAP_XX.mp4,0.0758,0.0758,0.044795278328258574,0.07998871042250838
1006_MTI_FEA_XX.mp4,-0.4533,0.1511,-0.3332673415771515,0.15301883769124897
1013_MTI_FEA_XX.mp4,-0.4754,0.1585,-0.09607207385657394,0.13447563433091855
1083_ITS_SAD_XX.mp4,0.0723,0.0723,-0.04908268143596224,0.12141212905013804
1017_ITS_DIS_XX.mp4,-0.4704,0.5488,-0.07957544114562323,0.1835179876866823
1002_ITS_DIS_XX.mp4,-0.4875,0.1625,-0.314582023472484,0.24600649945366393
1004_IOM_NEU_XX.mp4,0.0759,0.0759,-0.025241757887145187,0.11231136346821544
1011_IOM_NEU_XX.mp4,0.0846,0.0846,0.04442470798249657,0.0928687124829505
1046_IOM_ANG_XX.mp4,0.0821,0.0821,-0.04704940141390813,0.21009810983304233
1053_IOM_ANG_XX.mp4,-0.5148,0.5884,-0.48356444253334074,0.5091475429766394
1091_ITS_FEA_XX.mp4,-0.4719,0.5505,-0.21218315214370775,0.22049882326378908
1084_ITS_FEA_XX.mp4,0.0,0.0,-0.10329557921159216,0.14056858167931804
1001_MTI_SAD_XX.mp4,0.0779,0.0779,0.060632784533355896,0.07493159184935398
1014_MTI_SAD_XX.mp4,0.0769,0.0769,-0.057907869121040095,0.10365706319560421
1080_MTI_DIS_XX.mp4,-0.4893,0.2796,-0.10679914858332455,0.16821226202234735
1089_IEO_ANG_HI.mp4,-0.6104,0.6976,-0.6900878554766972,0.7362877264551598
1068_IEO_DIS_HI.mp4,0.0,0.0,-0.12214304756363392,0.20016629587743023
1061_MTI_ANG_XX.mp4,-0.6782,0.7751,-0.5372782194662705,0.5989764363169092
1074_MTI_ANG_XX.mp4,-0.6001,0.6858,-0.4948953123232321,0.5856385265094323
1023_MTI_NEU_XX.mp4,0.084,0.084,0.01911217963768699,0.128443594168442
1036_MTI_NEU_XX.mp4,0.083,0.083,0.00832817024144719,0.10844339928283823
1021_IOM_FEA_XX.mp4,0.0817,0.0817,-0.10830795774123414,0.21160255775254788
1034_IOM_FEA_XX.mp4,0.0743,0.0743,0.03560838173477639,0.09263529023572781
1079_IEO_DIS_MD.mp4,0.0709,0.0709,-0.48060023795757434,0.619375251859318
1038_IWL_DIS_XX.mp4,-0.5409,0.3091,-0.40697045789518066,0.22322077447750477
1015_IOM_HAP_XX.mp4,0.6631,0.4973,0.38989713253301056,0.3482345542445694
1026_IOM_SAD_XX.mp4,-0.4455,0.1485,-0.06893777068046844,0.10686804129845916
1033_IOM_SAD_XX.mp4,0.0,0.0,0.025068673099091568,0.09945982774186801
1027_TAI_NEU_XX.mp4,0.0768,0.0768,-0.05249485290871608,0.11761483051286462
1069_ITS_SAD_XX.mp4,-0.4617,0.5386,-0.05569726853439038,0.14737086168687857
1032_TAI_NEU_XX.mp4,0.0,0.0,0.002449151329215884,0.09359164345721377
1065_TAI_ANG_XX.mp4,-0.5187,0.5928,-0.444788499646716,0.5746789721708531
1070_TAI_ANG_XX.mp4,-0.6366,0.7276,-0.37154409987815135,0.620946947175148
1054_TSI_ANG_XX.mp4,-0.5511,0.3149,-0.3905112064032872,0.40785062386245186
1041_TSI_ANG_XX.mp4,-0.5858,0.6695,-0.5142120826605536,0.589962059291512
1016_TSI_NEU_XX.mp4,0.0826,0.0826,-0.01911621507940038,0.16099961646831276
1003_TSI_NEU_XX.mp4,0.0808,0.0808,-0.1539373425023419,0.17910783448400222
1033_IWL_ANG_XX.mp4,-0.5782,0.6608,-0.5441959836467941,0.5689129787759172
1026_IWL_ANG_XX.mp4,-0.567,0.648,-0.5302882997721372,0.6223835611871097
1067_IEO_ANG_MD.mp4,0.5994,0.4496,0.023430897261147717,0.2319733851121103
1072_IEO_ANG_MD.mp4,-0.5499,0.6285,-0.4884744185607115,0.5894569178124321
1071_IWL_NEU_XX.mp4,0.0751,0.0751,0.009255632844293418,0.10339469287533586
1064_IWL_NEU_XX.mp4,0.0813,0.0813,0.0745390965136866,0.11098310116322976
1076_IEO_ANG_HI.mp4,-0.5923,0.6769,-0.5471881850687247,0.5940904064473046
1063_IEO_ANG_HI.mp4,-0.6184,0.7068,-0.5208109150193104,0.6607975866346828
1053_IWL_SAD_XX.mp4,0.0803,0.0803,-0.03908604017628228,0.13063880504590386
1002_TAI_FEA_XX.mp4,-0.434,0.5063,-0.34125117378129416,0.3714548861980687
1082_IEO_DIS_HI.mp4,-0.5246,0.2998,-0.042131546799662134,0.18579103075336958
1017_TAI_FEA_XX.mp4,0.0773,0.0773,0.07104400619975103,0.18765645151431556
1046_IWL_SAD_XX.mp4,0.0769,0.0769,0.023654095291720655,0.07815056612997491
1007_IEO_SAD_MD.mp4,0.0781,0.0781,0.014667870779724337,0.10221851679494261
1023_TAI_HAP_XX.mp4,0.5777,0.4333,0.37683780771131664,0.3087652940779758
1036_TAI_HAP_XX.mp4,-0.5546,0.3169,-0.46353196858662965,0.3995882130367941
1012_IEO_SAD_MD.mp4,0.0742,0.0742,-0.0730454868976881,0.100958369099672
1033_TSI_FEA_XX.mp4,0.0722,0.0722,-0.28194639571901153,0.38626007471803026
1086_IEO_DIS_MD.mp4,-0.5614,0.3208,-0.14583821121806909,0.23631171809884924
1026_TSI_FEA_XX.mp4,-0.4623,0.5394,-0.4805438692157908,0.43536930344724245
1016_IEO_SAD_HI.mp4,0.0809,0.0809,-0.11346928145716474,0.1314914673492806
1012_TSI_HAP_XX.mp4,-0.4373,0.5102,-0.08460425761087953,0.2631371589209302
1007_TSI_HAP_XX.mp4,0.0836,0.0836,-0.008942895636394317,0.13637520805534425
1003_IEO_SAD_HI.mp4,0.0791,0.0791,-0.005739179780760488,0.09436949644065235
1005_TAI_SAD_XX.mp4,0.0741,0.0741,-0.18305596465111554,0.14957292007383652
1054_IWL_FEA_XX.mp4,0.0863,0.0863,-0.07444295978760873,0.1512871469320046
1021_IEO_HAP_MD.mp4,0.0851,0.0851,-0.032865114644760524,0.10674877666728545
1034_IEO_HAP_MD.mp4,0.6364,0.4773,0.07555579952939778,0.2699429350936467
1041_IWL_FEA_XX.mp4,0.0771,0.0771,-0.0557683924074772,0.1263051005963712
1010_TAI_SAD_XX.mp4,0.0814,0.0814,-0.09523427760825151,0.1343567202815525
1075_IWL_HAP_XX.mp4,0.0817,0.0817,0.14397256638356706,0.23150295782828811
1060_IWL_HAP_XX.mp4,0.0731,0.0731,-0.1715974425708873,0.28593232244001965
1058_IOM_DIS_XX.mp4,-0.5655,0.3231,-0.09004219439369497,0.11971170208869557
1015_IEO_FEA_MD.mp4,0.0,0.0,-0.024290119457939786,0.13036543642522133
1009_ITS_ANG_XX.mp4,-0.597,0.6823,-0.6165774512922967,0.6735645258777151
1034_TSI_SAD_XX.mp4,0.0837,0.0837,0.024761094185000224,0.10031615195190496
1030_IEO_HAP_HI.mp4,0.6849,0.5137,0.15649993483010513,0.5354008945970681
1025_IEO_HAP_HI.mp4,0.0,0.0,0.06277814800250059,0.2040078128743984
1021_TSI_SAD_XX.mp4,0.0763,0.0763,-0.14425849691172513,0.16496040722226887
1011_IEO_FEA_HI.mp4,-0.5981,0.6835,-0.48800221334321653,0.5586804807193118
1084_TAI_DIS_XX.mp4,0.0735,0.0735,-0.12049366010923489,0.15604651112516063
1004_IEO_FEA_HI.mp4,0.0789,0.0789,-0.12456700930677397,0.14777890899946
1091_TAI_DIS_XX.mp4,0.0832,0.0832,-0.1058733420155648,0.13837841241562124
1010_WSI_ANG_XX.mp4,-0.5491,0.6276,-0.5097775122869391,0.5308127139855311
1005_WSI_ANG_XX.mp4,-0.6444,0.7364,-0.5102674691487219,0.5763213556309632
1052_WSI_NEU_XX.mp4,0.0675,0.0675,-0.0736178822104397,0.1395993161580616
1047_WSI_NEU_XX.mp4,-0.4812,0.55,-0.11619473675171914,0.2805640634820723
1065_DFA_SAD_XX.mp4,0.0838,0.0838,0.04688782256708477,0.09303992028464998
1070_DFA_SAD_XX.mp4,0.0789,0.0789,0.02212568138606319,0.11100595758096948
1080_TIE_ANG_XX.mp4,-0.5063,0.5787,-0.4328700228691935,0.5085890550457226
1072_ITH_DIS_XX.mp4,0.0731,0.0731,0.00276713169037643,0.3070162344106093
1043_DFA_HAP_XX.mp4,0.6448,0.4836,0.2732962257644736,0.34382727872684954
1056_DFA_HAP_XX.mp4,0.6412,0.4809,0.08444887974666326,0.19843134948387878
1067_ITH_DIS_XX.mp4,0.0736,0.0736,-0.06240076022578503,0.11129392631290456
1054_IEO_ANG_LO.mp4,0.6583,0.4937,0.15985306397227114,0.3439743186351892
1062_DFA_FEA_XX.mp4,0.073,0.073,-0.032377913324882816,0.10699955957184916
1077_DFA_FEA_XX.mp4,0.0823,0.0823,0.021079154028462263,0.11840749280094029
1041_IEO_ANG_LO.mp4,0.0,0.0,-0.009955530877030185,0.0806975697568112
1056_WSI_HAP_XX.mp4,0.0709,0.0709,-0.10090628404502763,0.29122707239229323
1043_WSI_HAP_XX.mp4,0.0687,0.0687,0.06680215176901613,0.20834857319408537
1077_WSI_FEA_XX.mp4,0.0,0.0,-0.11801004244047142,0.21050272304662745
1062_WSI_FEA_XX.mp4,-0.4587,0.1529,-0.07857481459120792,0.12091973292533133
1086_ITH_ANG_XX.mp4,-0.5635,0.644,-0.20591437929481857,0.3960378729025033
1034_IEO_SAD_LO.mp4,0.0,0.0,0.058109059116249535,0.07521351880305413
1021_IEO_SAD_LO.mp4,0.0778,0.0778,-0.0706982645497824,0.10870172894215388
1061_TIE_DIS_XX.mp4,0.0,0.0,-0.08779092881754827,0.14028802588021863
1070_WSI_SAD_XX.mp4,-0.5129,0.2931,-0.24796266176186402,0.34805752771974197
1074_TIE_DIS_XX.mp4,-0.5048,0.2884,-0.38507028612791033,0.3697228548677387
1065_WSI_SAD_XX.mp4,0.0835,0.0835,-0.07920490305059898,0.14981997691258583
1047_DFA_NEU_XX.mp4,0.0851,0.0851,-0.07249438461116284,0.13300481341429377
1052_DFA_NEU_XX.mp4,0.0865,0.0865,-0.015568752785789446,0.0992943706084544
1048_IWW_DIS_XX.mp4,0.0813,0.0813,-0.043603908529495375,0.21022909246625557
1012_IEO_HAP_LO.mp4,-0.459,0.153,-0.11187350983613908,0.15127723319580424
1007_IEO_HAP_LO.mp4,0.5844,0.4383,0.21217887322830137,0.16868680366550906
1033_IEO_FEA_LO.mp4,-0.4893,0.1631,-0.03142071433579679,0.10931768154135196
1005_DFA_ANG_XX.mp4,-0.5612,0.6413,-0.48010330232611187,0.5885132888452067
1010_DFA_ANG_XX.mp4,-0.5316,0.6076,-0.3578918415782281,0.5642787218115657
1026_IEO_FEA_LO.mp4,0.0794,0.0794,-0.01342663052063636,0.0978888129439556
1068_ITH_SAD_XX.mp4,0.0,0.0,0.017998241918966054,0.09283443423820165
1070_IWW_NEU_XX.mp4,0.078,0.078,-0.03479148335944202,0.1416787216733402
1065_IWW_NEU_XX.mp4,0.0815,0.0815,0.026748541509648973,0.11113859691286483
1032_IWW_ANG_XX.mp4,-0.477,0.5565,-0.22966210524244302,0.3454578014391684
1027_IWW_ANG_XX.mp4,-0.5932,0.678,-0.31574459723913756,0.43946120566516045
1059_TIE_NEU_XX.mp4,0.0817,0.0817,-0.043478937281878724,0.13726808142881547
1052_IWW_SAD_XX.mp4,-0.5053,0.5895,-0.009352126803897175,0.1104004345294992
1047_IWW_SAD_XX.mp4,-0.4287,0.5001,-0.12182758025322354,0.1868761209725692
1089_IEO_HAP_LO.mp4,0.6858,0.5143,0.32241136464014636,0.3344097371901209
1008_ITH_ANG_XX.mp4,-0.5565,0.636,-0.32613679669871115,0.4312332410346348
1074_IWW_HAP_XX.mp4,0.6676,0.5007,0.25141609739702087,0.4014629728502953
1061_IWW_HAP_XX.mp4,0.0803,0.0803,-0.10684015901423313,0.20111509785393186
1055_IWW_FEA_XX.mp4,-0.4635,0.5407,-0.1890302408709943,0.3661890780290228
1040_IWW_FEA_XX.mp4,0.0803,0.0803,-0.031190021232552385,0.10518424899775149
1048_TIE_HAP_XX.mp4,0.0821,0.0821,-0.042219656542548334,0.109892962893782
1069_TIE_FEA_XX.mp4,-0.4868,0.5679,-0.13983212153109223,0.22586746104296132
1065_MTI_SAD_XX.mp4,0.087,0.087,0.0029395300530372947,0.09385330962065672
1070_MTI_SAD_XX.mp4,-0.5561,0.3178,-0.05283434555088015,0.11898052762028602
1062_MTI_FEA_XX.mp4,0.0669,0.0669,-0.028432247360623546,0.09233503463385942
1077_MTI_FEA_XX.mp4,0.0851,0.0851,0.026672723339301038,0.09511926630578005
1043_MTI_HAP_XX.mp4,0.6256,0.4692,0.12359210401973113,0.26151919323904516
1056_MTI_HAP_XX.mp4,0.706,0.5295,-0.020968722054957124,0.20482220601230297
1060_IOM_NEU_XX.mp4,0.0825,0.0825,0.002667841029326912,0.08002754987372054
1075_IOM_NEU_XX.mp4,0.0807,0.0807,-0.018956231001391204,0.11601134397843113
1073_ITS_DIS_XX.mp4,0.0732,0.0732,-0.031640838657116324,0.11811485939538598
1066_ITS_DIS_XX.mp4,0.0762,0.0762,-0.06397508438749423,0.12676932716223746
1022_IOM_ANG_XX.mp4,-0.6187,0.7071,-0.4919144455391206,0.586559746348512
1037_IOM_ANG_XX.mp4,-0.6218,0.7107,-0.5055256020774215,0.6577202495445097
1087_ITS_ANG_XX.mp4,-0.5403,0.3088,-0.14832718464816494,0.22325556053849988
1042_IOM_SAD_XX.mp4,0.0734,0.0734,0.11805812173148389,0.09394607803116989
1057_IOM_SAD_XX.mp4,0.0827,0.0827,0.07880503616565503,0.06788805776181349
1089_IEO_SAD_MD.mp4,0.079,0.079,0.006422376100511742,0.11947602619784423
1005_MTI_ANG_XX.mp4,-0.5222,0.5968,-0.3592716448206227,0.4570145281048599
1010_MTI_ANG_XX.mp4,0.0,0.0,-0.24202421646242142,0.3160994490110386
1019_IEO_DIS_HI.mp4,-0.5498,0.3142,-0.1738381558111019,0.24792231564968017
1047_MTI_NEU_XX.mp4,0.0795,0.0795,-0.06122852727132742,0.14412416141778614
1052_MTI_NEU_XX.mp4,0.0761,0.0761,-0.08887409372493783,0.1308034040599382
1064_IOM_HAP_XX.mp4,0.584,0.438,0.189491186869008,0.2370824382878012
1089_TSI_HAP_XX.mp4,0.086,0.086,-0.055983892619020516,0.19892201889035188
1071_IOM_HAP_XX.mp4,0.0865,0.0865,0.024803588885592063,0.09709549064850345
1049_IWL_DIS_XX.mp4,-0.6017,0.6876,-0.15527959122639304,0.3993220465134443
1008_IEO_DIS_MD.mp4,-0.5437,0.3107,-0.3241545519405046,0.32050744274637244
1045_IOM_FEA_XX.mp4,0.0744,0.0744,0.023408695486428592,0.09956842062032742
1050_IOM_FEA_XX.mp4,0.0,0.0,0.08236301899898694,0.07539348003498603
1083_TAI_SAD_XX.mp4,0.0816,0.0816,0.05295399462715339,0.06519961219483601
1026_TSI_DIS_XX.mp4,-0.4733,0.5522,-0.25314663961174416,0.3210821582031604
1086_IEO_FEA_MD.mp4,0.0748,0.0748,-0.008977224464890361,0.16640626735498146
1033_TSI_DIS_XX.mp4,0.0693,0.0693,-0.09104803990006402,0.20012687428066164
1017_TAI_DIS_XX.mp4,0.0772,0.0772,-0.04435375711539579,0.1883171670964328
1082_IEO_FEA_HI.mp4,-0.4707,0.1569,-0.19261468198923878,0.2471316607927435
1002_TAI_DIS_XX.mp4,-0.5638,0.3222,-0.32378884892174775,0.311586350682302
1091_TAI_FEA_XX.mp4,0.0816,0.0816,-0.11914646312165568,0.1717198478706449
1004_IEO_DIS_HI.mp4,-0.5345,0.3055,-0.2780551234205537,0.17552354963877104
1084_TAI_FEA_XX.mp4,0.0819,0.0819,-0.0037471698296146208,0.08933735281444831
1011_IEO_DIS_HI.mp4,-0.5561,0.6356,-0.5463699979706422,0.5862350797244329
1018_MTI_ANG_XX.mp4,0.0799,0.0799,-0.1398247160479434,0.23798031638043848
1081_IEO_SAD_MD.mp4,0.0775,0.0775,-0.009732583524790873,0.1012392550609069
1058_IOM_FEA_XX.mp4,-0.4449,0.5191,-0.176778874909155,0.3098321992314656
1015_IEO_DIS_MD.mp4,0.0828,0.0828,-0.055247880016921984,0.12305635952094804
1081_TSI_HAP_XX.mp4,0.7084,0.5313,0.05970524525240784,0.3781539194031346
1085_IEO_SAD_HI.mp4,0.0831,0.0831,0.006016466906602508,0.0883756337007798
1079_IOM_HAP_XX.mp4,0.6496,0.4872,0.247340548734727,0.3342126221402291
1041_IWL_DIS_XX.mp4,-0.5376,0.3072,-0.04698207399092435,0.11156110094455117
1054_IWL_DIS_XX.mp4,0.0785,0.0785,0.003452180363319184,0.09976681318628357
1090_IEO_SAD_HI.mp4,0.0805,0.0805,0.035492838990248014,0.08311619503304937
1078_MTI_SAD_XX.mp4,-0.4536,0.1512,-0.09749090006118755,0.13066323581461498
1085_TSI_NEU_XX.mp4,0.0765,0.0765,0.024088845444178497,0.10613997709781521
1090_TSI_NEU_XX.mp4,0.0771,0.0771,0.043151426794781574,0.13232555721713204
1068_IOM_NEU_XX.mp4,0.0831,0.0831,0.03729616669419517,0.08416854549968185
1081_IEO_HAP_LO.mp4,0.0819,0.0819,-0.0005392829783018126,0.15214498070615765
1083_DFA_ANG_XX.mp4,-0.6114,0.6988,-0.22139244953708584,0.3179854283857625
1073_TIE_SAD_XX.mp4,0.0792,0.0792,0.08960578329875206,0.07527957507669766
1062_WSI_DIS_XX.mp4,-0.5474,0.3128,-0.042846119039841986,0.10264154431995128
1066_TIE_SAD_XX.mp4,-0.4368,0.1456,-0.12126617618826281,0.10458452415690969
1077_WSI_DIS_XX.mp4,-0.5253,0.6004,-0.14926025774907362,0.2679566453614864
1026_IEO_DIS_LO.mp4,0.0,0.0,0.024588070263500676,0.11359548371049398
1033_IEO_DIS_LO.mp4,-0.5176,0.2958,-0.16976068784939014,0.16584100450158482
1015_ITH_ANG_XX.mp4,0.0,0.0,-0.15052068600956647,0.22709162637859068
1048_IWW_FEA_XX.mp4,0.0,0.0,-0.057682140853333924,0.09252373813149352
1042_ITH_NEU_XX.mp4,0.0866,0.0866,-0.015856267145115,0.07870971538948406
1057_ITH_NEU_XX.mp4,0.0847,0.0847,0.03164249040646518,0.07999206584064229
1069_IWW_HAP_XX.mp4,-0.397,0.4632,-0.028357108541174,0.24263290856761324
1074_TIE_FEA_XX.mp4,0.0776,0.0776,-0.08898138542590346,0.1445650859982544
1061_TIE_FEA_XX.mp4,0.0744,0.0744,0.02700544977606538,0.09578696051468988
1055_TIE_HAP_XX.mp4,0.0812,0.0812,-0.318067688413614,0.51320536345516
1040_TIE_HAP_XX.mp4,-0.4463,0.5207,-0.10141990154470566,0.2754460855940665
1073_IEO_NEU_XX.mp4,0.0834,0.0834,0.05839996652873131,0.07710686990121894
1066_IEO_NEU_XX.mp4,0.0849,0.0849,0.0169666172723887,0.09189632138532676
1060_ITH_SAD_XX.mp4,0.082,0.082,-0.05547889192369089,0.10116761052119587
1075_ITH_SAD_XX.mp4,0.0723,0.0723,0.07252120299358249,0.08861076154179522
1046_ITH_HAP_XX.mp4,0.0745,0.0745,0.15252843172013747,0.23031158577057373
1077_DFA_DIS_XX.mp4,0.0,0.0,0.05385838910796087,0.10016567923252102
1062_DFA_DIS_XX.mp4,0.0818,0.0818,0.036137614607364345,0.14093726090941805
1053_ITH_HAP_XX.mp4,-0.5247,0.6121,-0.026101132042728212,0.4000057230109438
1067_ITH_FEA_XX.mp4,0.075,0.075,0.03451353930406201,0.08360406879914764
1078_IWW_NEU_XX.mp4,0.08,0.08,-0.03258909702886486,0.12391556379622266
1072_ITH_FEA_XX.mp4,-0.471,0.5495,-0.006007978218778187,0.38177658424090904
1083_WSI_ANG_XX.mp4,-0.5864,0.6702,-0.32546680750063606,0.3918252513241709
1013_TIE_ANG_XX.mp4,-0.6457,0.738,-0.6167514795435518,0.6983429891165451
1006_TIE_ANG_XX.mp4,-0.5451,0.623,-0.3565802091288601,0.2970248257881349
1051_TIE_NEU_XX.mp4,0.0846,0.0846,0.03253780047913333,0.07705684504152296
1044_TIE_NEU_XX.mp4,0.0787,0.0787,0.013738018468866001,0.08899866053187187
1029_IEO_SAD_LO.mp4,0.0832,0.0832,-0.006886831505557203,0.09735145648689013
1069_TIE_DIS_XX.mp4,0.0,0.0,-0.2566620495104292,0.2875297583892879
1078_WSI_SAD_XX.mp4,0.0,0.0,-0.13685345678195288,0.17570658588285565
1040_IWW_DIS_XX.mp4,-0.456,0.532,-0.08178631805017056,0.20592003385708835
1055_IWW_DIS_XX.mp4,-0.4697,0.5479,-0.10232189812016618,0.13606218452729005
1018_DFA_ANG_XX.mp4,-0.5368,0.6135,-0.2936361200614828,0.4548590273677885
1018_WSI_ANG_XX.mp4,-0.6009,0.6868,-0.3806522629643973,0.509156460009479
1078_DFA_SAD_XX.mp4,0.0767,0.0767,-0.06858181606179978,0.12016368171999495
1088_TIE_ANG_XX.mp4,-0.5351,0.3058,-0.41988022880092896,0.48205498022498783
1049_IEO_ANG_LO.mp4,0.0729,0.0729,-0.015983395926299368,0.20502122807119824
1083_MTI_ANG_XX.mp4,0.0835,0.0835,-0.045817001407526224,0.23309682777538024
1068_IWL_HAP_XX.mp4,0.0,0.0,-0.11246007484577462,0.11237514812694356
1050_IOM_DIS_XX.mp4,0.0847,0.0847,0.10783219825048396,0.09464796808553558
1008_IEO_FEA_MD.mp4,0.0759,0.0759,0.05432190016007959,0.1483397443036015
1045_IOM_DIS_XX.mp4,-0.4867,0.1622,-0.004677268355521058,0.09607340562973185
1049_IWL_FEA_XX.mp4,-0.42,0.14,-0.0975817593921741,0.21337378125994189
1043_ITS_NEU_XX.mp4,0.0732,0.0732,0.0563065758192738,0.1284918614295018
1018_TAI_SAD_XX.mp4,0.0813,0.0813,-0.12009159049334699,0.11684122152911527
1056_ITS_NEU_XX.mp4,0.0824,0.0824,0.07807954823069202,0.05947403305303877
1029_IEO_HAP_MD.mp4,-0.5968,0.682,-0.4164067528015679,0.49495620847858246
1001_ITS_ANG_XX.mp4,-0.5404,0.3088,-0.26578559963261583,0.27562070689560003
1014_ITS_ANG_XX.mp4,-0.5134,0.5868,-0.26532575586246654,0.3407628228561497
1019_IEO_FEA_HI.mp4,-0.4807,0.5608,-0.15849149428582246,0.333243463589167
1029_TSI_SAD_XX.mp4,-0.423,0.4935,-0.1484052428904138,0.3942483213069065
1038_IEO_HAP_HI.mp4,0.7493,0.562,0.38355947498038473,0.603948473016785
1061_ITS_SAD_XX.mp4,0.0791,0.0791,-0.08696984792825008,0.1511221016326827
1074_ITS_SAD_XX.mp4,0.0698,0.0698,-0.03053739725902475,0.18457154928311897
1078_TAI_ANG_XX.mp4,-0.5763,0.6587,-0.5899337481316097,0.650991524672592
1049_TSI_ANG_XX.mp4,-0.473,0.5518,-0.22249600431881536,0.539294709552854
1066_ITS_FEA_XX.mp4,0.0751,0.0751,-0.07193783833262941,0.11596087080582282
1079_IWL_NEU_XX.mp4,0.0839,0.0839,0.019932183089507234,0.1592883079900091
1073_ITS_FEA_XX.mp4,-0.4483,0.5231,-0.10688969032524749,0.1831837388782454
1047_ITS_HAP_XX.mp4,0.0,0.0,-0.0014217584352854786,0.24900113298122475
1052_ITS_HAP_XX.mp4,0.6705,0.5029,0.1331232700155853,0.4022427822653294
1077_MTI_DIS_XX.mp4,0.0761,0.0761,0.04551482554497827,0.12690509688501747
1062_MTI_DIS_XX.mp4,0.0766,0.0766,0.02176688255382246,0.0773650101713083
1069_MTI_ANG_XX.mp4,-0.6036,0.6898,-0.2927971567109201,0.3609181702959459
1060_IEO_DIS_HI.mp4,0.0767,0.0767,-0.0584662823272753,0.11357269549252032
1075_IEO_DIS_HI.mp4,0.084,0.084,0.007491735130108602,0.10373108295493108
1025_IWL_DIS_XX.mp4,0.0755,0.0755,-0.08330029115011482,0.12168816666257791
1008_IOM_HAP_XX.mp4,0.0909,0.0909,0.06095447509154506,0.23229644506844627
1030_IWL_DIS_XX.mp4,0.0,0.0,-0.037270259753551735,0.14972596226953505
1071_IEO_DIS_MD.mp4,0.0,0.0,-0.02272035661686275,0.12253283989264048
1064_IEO_DIS_MD.mp4,-0.5561,0.3178,-0.41581098879665984,0.3247994096023337
1029_IOM_FEA_XX.mp4,-0.4641,0.5414,-0.08849797916231686,0.31959883389792826
1082_IWL_HAP_XX.mp4,0.6182,0.4637,0.3491993163906705,0.41661133999767946
1042_TSI_DIS_XX.mp4,0.0,0.0,-0.08134774222189291,0.12393288469369826
1057_TSI_DIS_XX.mp4,0.0839,0.0839,-0.2670845852918337,0.3083740809577535
1073_TAI_DIS_XX.mp4,0.0,0.0,-0.07124117134516245,0.13303242049710956
1066_TAI_DIS_XX.mp4,-0.5593,0.3196,-0.16249225240266127,0.178738880824866
1087_TAI_ANG_XX.mp4,0.0724,0.0724,-0.06430799432172257,0.14392492953750705
1019_IOM_NEU_XX.mp4,0.0839,0.0839,0.05512510189142389,0.08240919865595991
1086_IWL_NEU_XX.mp4,0.0815,0.0815,0.12796158355693807,0.12332114566164981
1090_IEO_ANG_MD.mp4,-0.5849,0.6684,-0.4332486357244121,0.5526965431844275
1085_IEO_ANG_MD.mp4,-0.5582,0.638,-0.057042984117728894,0.34013540255941827
1081_IEO_ANG_HI.mp4,-0.6083,0.6952,-0.5964251197776761,0.6618430816087201
1088_MTI_DIS_XX.mp4,0.0809,0.0809,-0.036878231683428304,0.10436235336521164
1064_ITH_ANG_XX.mp4,0.0,0.0,-0.3270930309887532,0.388719305031281
1071_ITH_ANG_XX.mp4,0.0846,0.0846,-0.005640880452374907,0.13347972673411412
1042_IEO_DIS_LO.mp4,0.0751,0.0751,0.018713514843891135,0.12154904314906029
1057_IEO_DIS_LO.mp4,0.0766,0.0766,0.016989850810298326,0.08294458685237042
1080_WSI_FEA_XX.mp4,0.0,0.0,-0.2621886976243858,0.2668429676987444
1018_IWW_HAP_XX.mp4,0.0721,0.0721,0.2837364376850424,0.18134833038179338
1026_ITH_NEU_XX.mp4,0.0814,0.0814,0.041515218152808654,0.09505333576150073
1039_IWW_FEA_XX.mp4,-0.4905,0.5722,-0.057689086905199305,0.14905070226675207
1033_ITH_NEU_XX.mp4,0.0832,0.0832,-0.09846270996437852,0.19559797399758438
1031_TIE_HAP_XX.mp4,0.0778,0.0778,0.08239104252667633,0.08380636821004038
1024_TIE_HAP_XX.mp4,0.0802,0.0802,-0.039871820139318954,0.1124184797518647
1010_TIE_FEA_XX.mp4,0.0,0.0,-0.29078206752047364,0.43120821697102435
1005_TIE_FEA_XX.mp4,-0.5522,0.6311,-0.3706711230127905,0.5098994359152
1087_WSI_SAD_XX.mp4,0.0772,0.0772,-0.06241141030621668,0.11107496248084839
1083_TIE_DIS_XX.mp4,0.0,0.0,-0.11669897855688341,0.13981321184876716
1017_TIE_SAD_XX.mp4,0.0741,0.0741,-0.029546871507879127,0.08710242923044394
1006_WSI_DIS_XX.mp4,0.081,0.081,-0.17005765636567483,0.20498104330629904
1002_TIE_SAD_XX.mp4,0.0,0.0,-0.36149126958116135,0.2616346706733442
1013_WSI_DIS_XX.mp4,-0.568,0.3246,-0.07510289320158918,0.19510141504998912
1009_IWW_NEU_XX.mp4,0.0883,0.0883,-0.04995078502881022,0.13377740031408755
1003_ITH_FEA_XX.mp4,-0.4965,0.1655,-0.27647371513693225,0.2003783198302187
1016_ITH_FEA_XX.mp4,-0.4881,0.5695,-0.1925751784904713,0.2974931069096795
1013_DFA_DIS_XX.mp4,-0.5639,0.3222,-0.07449618662390592,0.22753412843720364
1022_ITH_HAP_XX.mp4,0.0839,0.0839,-0.05780014968617171,0.24038664002439258
1037_ITH_HAP_XX.mp4,0.6244,0.4683,0.20116155415330167,0.27258168787333403
1006_DFA_DIS_XX.mp4,-0.5359,0.3062,-0.09132227287738799,0.17710534411440387
1077_TIE_ANG_XX.mp4,-0.5056,0.5778,-0.4223625510093767,0.3913414794296494
1062_TIE_ANG_XX.mp4,-0.5344,0.6108,-0.2337055549511213,0.4369431905160026
1035_TIE_NEU_XX.mp4,0.0843,0.0843,0.004037794337675574,0.11217736792084321
1087_DFA_SAD_XX.mp4,0.0833,0.0833,0.07008746630314266,0.08274635875486609
1020_TIE_NEU_XX.mp4,0.0758,0.0758,-0.008577859488890465,0.11039900614702187
1017_IEO_NEU_XX.mp4,0.0844,0.0844,0.026561772823250583,0.0968393715347129
1002_IEO_NEU_XX.mp4,0.0927,0.0927,-0.07700782966733032,0.16222984325049597
1004_ITH_SAD_XX.mp4,0.0788,0.0788,0.0024884029906312127,0.11282435904759552
1011_ITH_SAD_XX.mp4,0.0689,0.0689,0.018341927011211033,0.06845360264575073
1080_DFA_FEA_XX.mp4,0.0801,0.0801,-0.09380027528849103,0.1773488966783737
1085_ITH_DIS_XX.mp4,-0.5199,0.5942,-0.31080299066503836,0.33331777185154626
1090_ITH_DIS_XX.mp4,0.075,0.075,-0.002454448999545376,0.09686530198401434
1018_TIE_DIS_XX.mp4,-0.5603,0.3202,-0.1422005136336672,0.15664613672654096
1009_WSI_SAD_XX.mp4,-0.465,0.155,-0.11751621937211755,0.16652412784043508
1088_WSI_DIS_XX.mp4,0.0837,0.0837,0.017130823504606287,0.17325500989278847
1024_IWW_DIS_XX.mp4,0.0796,0.0796,-0.0595703558079929,0.13367509725823837
1031_IWW_DIS_XX.mp4,0.0801,0.0801,-0.01634436438050811,0.11451152469416466
1069_DFA_ANG_XX.mp4,-0.5894,0.6736,-0.4230407439459948,0.5507436163346938
1083_IWW_HAP_XX.mp4,0.0787,0.0787,0.04248055347421848,0.16973481534697282
1058_IEO_SAD_LO.mp4,0.0,0.0,-0.014210528384342854,0.09520605810168983
1038_IEO_ANG_LO.mp4,-0.4904,0.5605,-0.2238414222115482,0.38465326893863494
1069_WSI_ANG_XX.mp4,-0.6499,0.7428,-0.6032112470850152,0.6516348210227455
1088_DFA_DIS_XX.mp4,0.0825,0.0825,0.06946012249170991,0.09081677298899574
1087_IWW_NEU_XX.mp4,0.0851,0.0851,0.09937200508159418,0.0709791242619712
1009_DFA_SAD_XX.mp4,0.0858,0.0858,-0.06244799199575826,0.11422323674048325
1058_IEO_HAP_MD.mp4,0.6365,0.4774,-0.12033585170632304,0.3250789697218488
1027_ITS_NEU_XX.mp4,0.0795,0.0795,-0.10086357795686741,0.1643690479390304
1038_IWL_FEA_XX.mp4,-0.5204,0.5948,-0.13290571423701675,0.4178714490316731
1032_ITS_NEU_XX.mp4,0.0764,0.0764,-0.009896289413282236,0.12267038186913097
1069_TAI_SAD_XX.mp4,0.0764,0.0764,-0.03239118924968607,0.11597047801076442
1034_IOM_DIS_XX.mp4,-0.5908,0.3376,-0.03993082755707048,0.12996696072740194
1079_IEO_FEA_MD.mp4,0.0788,0.0788,-0.003926154056355655,0.2489471420945108
1019_IWL_HAP_XX.mp4,0.0817,0.0817,0.08302843545899018,0.1592524041027916
1021_IOM_DIS_XX.mp4,0.0772,0.0772,-0.03513660572481792,0.13027193396058648
1065_ITS_ANG_XX.mp4,0.0744,0.0744,-0.22443862702381567,0.2673225890257838
1070_ITS_ANG_XX.mp4,0.0799,0.0799,-0.42452709741132677,0.4096826045098667
1049_IEO_HAP_HI.mp4,0.0,0.0,-0.122189310708643,0.48589334260681116
1058_TSI_SAD_XX.mp4,0.0,0.0,-0.04821730980323267,0.11876179776900579
1068_IEO_FEA_HI.mp4,-0.486,0.567,-0.09850515122436794,0.30449236110541805
1086_IOM_HAP_XX.mp4,0.644,0.483,0.4412276956139313,0.22508647068741244
1087_MTI_SAD_XX.mp4,0.0707,0.0707,0.017750219375620643,0.09832774404652417
1023_ITS_HAP_XX.mp4,0.6595,0.4946,0.22797575991451763,0.2702222837506044
1036_ITS_HAP_XX.mp4,0.0784,0.0784,-0.07985481889685828,0.33510059405056974
1008_IWL_NEU_XX.mp4,0.0744,0.0744,-0.026745619536792678,0.1645776281877369
1002_ITS_FEA_XX.mp4,-0.4896,0.5712,-0.31396433331562296,0.4222407027415138
1017_ITS_FEA_XX.mp4,0.0787,0.0787,-0.038681107029859135,0.15926065876006026
1013_MTI_DIS_XX.mp4,0.0795,0.0795,-0.05836335818072111,0.11896311124219253
1006_MTI_DIS_XX.mp4,-0.5663,0.3236,-0.2011609517428536,0.12869381473225366
1005_ITS_SAD_XX.mp4,0.0791,0.0791,0.053725958338614155,0.14232183921724711
1010_ITS_SAD_XX.mp4,0.0742,0.0742,-0.0840954473076351,0.10738052860808522
1009_TAI_ANG_XX.mp4,-0.5546,0.6338,-0.5143823452902307,0.6548425135363642
1080_MTI_FEA_XX.mp4,0.0771,0.0771,0.03672573024812161,0.10307488860471126
1038_TSI_ANG_XX.mp4,-0.5705,0.652,-0.5208082404061399,0.5726007862106434
1084_ITS_DIS_XX.mp4,-0.4926,0.2815,-0.10389231420405268,0.17621102791104198
1091_ITS_DIS_XX.mp4,-0.4587,0.5351,-0.04304144354124445,0.17416662440184738
1082_IOM_NEU_XX.mp4,0.0879,0.0879,0.08218172608179969,0.22131340602171817
1069_TAI_DIS_XX.mp4,0.0734,0.0734,-0.026049966952522513,0.14042389777467074
1034_IOM_SAD_XX.mp4,0.0831,0.0831,0.0037495242430981694,0.09856028920993652
1021_IOM_SAD_XX.mp4,-0.471,0.157,-0.08255345118154514,0.11666415264047822
1058_TSI_DIS_XX.mp4,-0.5547,0.317,-0.14556642676563733,0.20347227336980023
1012_IOM_HAP_XX.mp4,0.0,0.0,-0.03594139365915248,0.12308604593031797
1007_IOM_HAP_XX.mp4,0.0843,0.0843,-0.05601796784936743,0.1302577445241421
1033_IOM_FEA_XX.mp4,0.0748,0.0748,-0.04424733509369689,0.14079351503018536
1026_IOM_FEA_XX.mp4,-0.5644,0.645,0.17427718018606142,0.11873582255317287
1073_MTI_ANG_XX.mp4,-0.4855,0.5549,-0.20657984651460715,0.3177331932978978
1066_MTI_ANG_XX.mp4,0.0768,0.0768,-0.19466138061325183,0.19314351106432265
1031_MTI_NEU_XX.mp4,0.091,0.091,0.04345048011501146,0.08834398498948244
1024_MTI_NEU_XX.mp4,0.0777,0.0777,-0.01494690229895358,0.11950473321503778
1087_MTI_DIS_XX.mp4,0.0687,0.0687,0.04008212581945602,0.07253421499060447
1083_ITS_FEA_XX.mp4,0.0752,0.0752,-0.093751109773242,0.14910443439018806
1089_IWL_NEU_XX.mp4,0.0881,0.0881,-0.09762157865317583,0.18258607485005415
1013_MTI_SAD_XX.mp4,0.0825,0.0825,-0.035839071818030324,0.09377937075864448
1006_MTI_SAD_XX.mp4,-0.4836,0.1612,-0.27481280401429686,0.14913244143009383
1016_IOM_NEU_XX.mp4,0.0836,0.0836,0.005022167992068764,0.1279177035920346
1003_IOM_NEU_XX.mp4,0.0799,0.0799,0.02044549194526644,0.1784636992567659
1005_ITS_DIS_XX.mp4,0.0706,0.0706,-0.12548741693874077,0.16100381447874762
1010_ITS_DIS_XX.mp4,-0.5234,0.2991,-0.2677629933250978,0.2686717312309794
1054_IOM_ANG_XX.mp4,-0.496,0.5668,0.20173200276061934,0.228278591419229
1041_IOM_ANG_XX.mp4,0.0783,0.0783,-0.10930837057323003,0.23463514594157037
1014_MTI_FEA_XX.mp4,0.08,0.08,-0.0907163959191816,0.10129467579916414
1001_MTI_FEA_XX.mp4,0.0791,0.0791,-0.09078117006926015,0.20898455694586598
1035_MTI_HAP_XX.mp4,0.0741,0.0741,0.01430152919062641,0.24501965216598953
1020_MTI_HAP_XX.mp4,0.0772,0.0772,0.013547029503271562,0.2566923966529182
1088_TAI_ANG_XX.mp4,0.0874,0.0874,-0.044863883401672223,0.1390035427823561
1084_ITS_SAD_XX.mp4,0.0,0.0,-0.055763299111718505,0.1568962064585759
1091_ITS_SAD_XX.mp4,-0.4983,0.1661,-0.10074629389246309,0.15397994587114922
1009_WSI_DIS_XX.mp4,-0.5474,0.3128,-0.25331607850831916,0.22052631896710195
1018_TIE_SAD_XX.mp4,0.0825,0.0825,-0.13466936102307428,0.12786071639731764
1088_WSI_SAD_XX.mp4,0.077,0.077,0.022311961115216956,0.09216717659992138
1024_IWW_SAD_XX.mp4,0.0713,0.0713,-0.10816347053246117,0.1415999213644426
1031_IWW_SAD_XX.mp4,0.0878,0.0878,0.01591857292668064,0.10086215324897563
1058_IEO_DIS_LO.mp4,0.0781,0.0781,-0.17577199467257779,0.22056641627541856
1002_IWW_HAP_XX.mp4,0.611,0.4582,-0.07222246895226936,0.36032125512149876
1017_IWW_HAP_XX.mp4,0.0709,0.0709,0.008094869096598775,0.15153624921949335
1023_IWW_FEA_XX.mp4,-0.4671,0.5449,-0.19392445624455085,0.28909123662369157
1029_ITH_NEU_XX.mp4,0.0824,0.0824,-0.0006202554675568071,0.19002196153161433
1036_IWW_FEA_XX.mp4,-0.4914,0.5733,-0.20813818384938312,0.24895670439063927
1018_IEO_NEU_XX.mp4,0.0828,0.0828,-0.013473361565328213,0.10346153006905082
1078_TIE_ANG_XX.mp4,-0.5328,0.6089,-0.4264338695240035,0.5298710206425915
1088_DFA_SAD_XX.mp4,0.0733,0.0733,0.0342094205855932,0.08990446551225931
1006_IWW_NEU_XX.mp4,0.0713,0.0713,-0.1268670987976029,0.14013302705269703
1013_IWW_NEU_XX.mp4,0.068,0.068,-0.02200964105058133,0.12140102349724279
1009_DFA_DIS_XX.mp4,-0.542,0.6194,-0.06761071755241638,0.1659884330798938
1038_ITH_HAP_XX.mp4,0.0781,0.0781,0.03503328672966543,0.18086893455988634
1044_IWW_ANG_XX.mp4,-0.5565,0.318,-0.18330337179487127,0.3642499743006073
1051_IWW_ANG_XX.mp4,0.0,0.0,-0.17266609193170812,0.26159551919184476
1042_IEO_SAD_LO.mp4,0.0786,0.0786,0.031461508748453645,0.08733392189504122
1057_IEO_SAD_LO.mp4,0.0806,0.0806,0.04935642864062836,0.09066820615375352
1091_TIE_FEA_XX.mp4,0.0766,0.0766,0.037546502487751224,0.22227328831897794
1084_TIE_FEA_XX.mp4,0.0732,0.0732,-0.13084910620675588,0.09780445886928409
1020_WSI_HAP_XX.mp4,0.6744,0.5058,0.16273170552671865,0.4057324489178885
1035_WSI_HAP_XX.mp4,0.6406,0.4804,-0.0854244558610874,0.4048402883571976
1001_WSI_FEA_XX.mp4,-0.5643,0.6449,-0.4778010584936073,0.5266987007041529
1014_WSI_FEA_XX.mp4,-0.5236,0.5984,-0.17498299985846746,0.3000699772569344
1031_DFA_NEU_XX.mp4,0.0857,0.0857,0.046064808831376806,0.0738303410665142
1087_WSI_DIS_XX.mp4,-0.5526,0.6316,-0.1306832922875163,0.2674493245339043
1083_TIE_SAD_XX.mp4,0.0,0.0,-0.10830928222672238,0.15122437914237002
1024_DFA_NEU_XX.mp4,0.0773,0.0773,0.05322120039032415,0.12888129594393757
1064_IEO_HAP_LO.mp4,0.0799,0.0799,0.06594257253079704,0.09683723503238457
1071_IEO_HAP_LO.mp4,0.0852,0.0852,0.10272769484325019,0.08516165891878123
1073_DFA_ANG_XX.mp4,-0.5447,0.6225,-0.369526406168344,0.4595106855810825
1045_IEO_FEA_LO.mp4,0.0891,0.0891,-0.048547913215348695,0.11742418823987771
1050_IEO_FEA_LO.mp4,-0.465,0.5425,-0.07426357980027554,0.23651444891125917
1066_DFA_ANG_XX.mp4,-0.5302,0.606,-0.42380438265666504,0.5361741352555518
1006_WSI_SAD_XX.mp4,-0.5283,0.1761,-0.2417522084308614,0.19400237593399838
1017_TIE_DIS_XX.mp4,0.0771,0.0771,-0.17427301238896883,0.16621862246371696
1013_WSI_SAD_XX.mp4,-0.5635,0.322,-0.07510289320158918,0.19510141504998912
1002_TIE_DIS_XX.mp4,-0.5219,0.2982,-0.36992896569834005,0.22329402658210964
1013_DFA_SAD_XX.mp4,0.0794,0.0794,-0.07085848909436777,0.09338346716074408
1006_DFA_SAD_XX.mp4,-0.4317,0.1439,-0.02397071967712107,0.18897004453254743
1066_WSI_ANG_XX.mp4,-0.6137,0.7013,-0.5615737238222667,0.6088299000876574
1073_WSI_ANG_XX.mp4,-0.5553,0.6347,-0.38143162888255155,0.3923416082290408
1024_WSI_NEU_XX.mp4,0.0817,0.0817,0.011405616621661846,0.18063549519195826
1031_WSI_NEU_XX.mp4,0.0847,0.0847,-0.0017291540020395225,0.10174808596578332
1087_DFA_DIS_XX.mp4,-0.4886,0.1629,-0.11506343377695909,0.21665171352660442
1082_ITH_FEA_XX.mp4,0.0899,0.0899,0.0829278812819347,0.2768167476071201
1088_IWW_NEU_XX.mp4,0.0762,0.0762,0.12893362371994743,0.14152570911333973
1035_DFA_HAP_XX.mp4,0.6209,0.4657,0.053693454568837735,0.3028790057561946
1004_ITH_DIS_XX.mp4,0.0,0.0,-0.11045983102100139,0.1731724967423676
1011_ITH_DIS_XX.mp4,-0.497,0.284,-0.09470562731355685,0.12209202256119314
1020_DFA_HAP_XX.mp4,0.0,0.0,0.15438245297027187,0.3307004592657519
1014_DFA_FEA_XX.mp4,0.0837,0.0837,-0.17163927395509507,0.3839399250919865
1022_IEO_ANG_LO.mp4,0.0,0.0,-0.13799579425980352,0.21978460384883755
1037_IEO_ANG_LO.mp4,-0.5689,0.3251,-0.4054345532438201,0.3619907957136297
1001_DFA_FEA_XX.mp4,-0.4483,0.5231,-0.26669713965230296,0.3345165100835107
1085_ITH_SAD_XX.mp4,0.0754,0.0754,-0.029482250893509122,0.10858136280682511
1090_ITH_SAD_XX.mp4,0.0763,0.0763,-0.01682433334744169,0.07245469214853201
1083_IEO_NEU_XX.mp4,0.0871,0.0871,0.039392635565880074,0.08811048234260412
1045_TSI_FEA_XX.mp4,0.0815,0.0815,-0.027031371193398605,0.11724689169402734
1050_TSI_FEA_XX.mp4,-0.4843,0.1614,-0.14432228850342302,0.172648776706615
1060_IEO_SAD_HI.mp4,0.078,0.078,0.03161052242972464,0.0651304471659944
1064_TSI_HAP_XX.mp4,0.7446,0.5584,0.05104554881727699,0.26364824658229663
1071_TSI_HAP_XX.mp4,0.0862,0.0862,-0.15126662477469435,0.20264857706822473
1089_IOM_HAP_XX.mp4,0.6816,0.5112,0.22702151650165792,0.38296162995473576
1075_IEO_SAD_HI.mp4,0.0712,0.0712,0.0423041444318223,0.08088847809872879
1074_TAI_FEA_XX.mp4,0.0,0.0,-0.17019319083829348,0.3097195256082444
1025_IWL_SAD_XX.mp4,0.0733,0.0733,-0.00127546690168692,0.10803373226434507
1030_IWL_SAD_XX.mp4,0.0815,0.0815,-0.052805446817645346,0.10967234296927417
1061_TAI_FEA_XX.mp4,0.0766,0.0766,-0.11180584106078152,0.16593930468717724
1071_IEO_SAD_MD.mp4,0.0845,0.0845,0.008644951293913765,0.09657378022346766
1055_TAI_HAP_XX.mp4,0.0736,0.0736,0.011763578713692806,0.11422281043572899
1040_TAI_HAP_XX.mp4,0.072,0.072,-0.02012056760599985,0.1250752827966473
1064_IEO_SAD_MD.mp4,-0.4464,0.1488,-0.15726903573891884,0.089175139970886
1042_TSI_SAD_XX.mp4,0.0841,0.0841,0.0525726776207384,0.12760734291081421
1046_IEO_HAP_HI.mp4,0.605,0.4537,-0.22296387898044456,0.47263995953078464
1053_IEO_HAP_HI.mp4,-0.5019,0.5856,-0.32512646232126996,0.5503732088094145
1057_TSI_SAD_XX.mp4,0.0826,0.0826,0.016393819462979634,0.15371022365558776
1067_IEO_FEA_HI.mp4,-0.4713,0.5499,-0.20599961718188317,0.337227643713137
1072_IEO_FEA_HI.mp4,-0.5259,0.6136,-0.3423445331511369,0.5180083582537316
1022_IWL_FEA_XX.mp4,0.076,0.076,-0.046887077871630614,0.13194248574968032
1073_TAI_SAD_XX.mp4,0.0863,0.0863,-0.019404750118765364,0.1073186602204954
1028_ITS_NEU_XX.mp4,0.078,0.078,-0.06638707285590735,0.14474156331975754
1057_IEO_HAP_MD.mp4,0.0731,0.0731,0.005889084680764025,0.12053352206063508
1042_IEO_HAP_MD.mp4,0.545,0.4088,0.1945573437921029,0.22001556665411381
1066_TAI_SAD_XX.mp4,0.0,0.0,0.015625166873188785,0.09815301505730298
1037_IWL_FEA_XX.mp4,-0.4686,0.5467,-0.14874821693377038,0.20132673769946072
1076_IEO_FEA_MD.mp4,0.0849,0.0849,0.006546517149262133,0.08618860562437328
1003_IWL_HAP_XX.mp4,0.0858,0.0858,-0.10886792373415209,0.2995484580802434
1016_IWL_HAP_XX.mp4,0.0795,0.0795,-0.14283602042792184,0.13446342415249551
1063_IEO_FEA_MD.mp4,-0.4483,0.1494,-0.10377803629675875,0.11760170017647763
1022_TSI_ANG_XX.mp4,-0.5835,0.6668,-0.4883983764705421,0.611599265598185
1037_TSI_ANG_XX.mp4,-0.5122,0.2927,-0.3741440996277868,0.40567165856918574
1060_TSI_NEU_XX.mp4,0.0799,0.0799,-0.059630858196226384,0.13295956108733067
1075_TSI_NEU_XX.mp4,0.085,0.085,-0.027822243635897064,0.11985915945874988
1051_TAI_NEU_XX.mp4,0.0844,0.0844,-0.013550907975069868,0.08214691458690931
1044_TAI_NEU_XX.mp4,0.0827,0.0827,-0.09423154370539995,0.13537605280723852
1013_TAI_ANG_XX.mp4,-0.6497,0.7425,-0.6328733142824389,0.6946963006498261
1006_TAI_ANG_XX.mp4,-0.5906,0.675,-0.41592000649256416,0.5044403603601403
1015_IEO_ANG_HI.mp4,-0.6226,0.7116,-0.5054109997747148,0.6049145156876043
1045_IWL_ANG_XX.mp4,0.0773,0.0773,-0.1653644107150657,0.20021215508303408
1050_IWL_ANG_XX.mp4,-0.6618,0.7564,-0.5237592135814866,0.6152220744825636
1011_IEO_ANG_MD.mp4,-0.5972,0.6825,-0.5916202334026713,0.625763450249409
1088_MTI_SAD_XX.mp4,0.0795,0.0795,-0.005514699088739418,0.07950374824803078
1004_IEO_ANG_MD.mp4,0.0,0.0,-0.4357578363035255,0.364488392401014
1039_ITS_HAP_XX.mp4,0.6316,0.4737,0.3518126304098423,0.45945141284870195
1007_IWL_NEU_XX.mp4,0.0806,0.0806,-0.059564585658054656,0.1389851848242832
1012_IWL_NEU_XX.mp4,0.0781,0.0781,0.055218606021055265,0.12448466232609945
1018_ITS_FEA_XX.mp4,-0.4643,0.5417,-0.1646085138559394,0.4075644045525513
1057_IOM_FEA_XX.mp4,0.0792,0.0792,0.03885281734493024,0.12720910769404117
1042_IOM_FEA_XX.mp4,-0.4919,0.5622,-0.29131161662825755,0.4745381885862201
1076_IOM_HAP_XX.mp4,0.636,0.477,0.30442703559480716,0.1997003745417404
1063_IOM_HAP_XX.mp4,0.5672,0.4254,0.30352970916152294,0.29046881490718107
1017_MTI_ANG_XX.mp4,0.0801,0.0801,0.0035461431120599293,0.094633854860983
1002_MTI_ANG_XX.mp4,-0.5333,0.3048,-0.284651001409546,0.2615810453470889
1055_MTI_NEU_XX.mp4,0.077,0.077,-0.03208855779654332,0.09342531682180007
1040_MTI_NEU_XX.mp4,0.0865,0.0865,-0.006772863862800899,0.10022847159254808
1050_IOM_SAD_XX.mp4,0.0715,0.0715,0.07251193422114696,0.08050634491247789
1045_IOM_SAD_XX.mp4,0.0736,0.0736,0.008727043749313474,0.098085799968671
1018_TAI_DIS_XX.mp4,-0.5087,0.1696,-0.28035051534412636,0.20577648079892194
1080_ITS_ANG_XX.mp4,-0.6282,0.718,-0.49327418004187673,0.5847829221780211
1029_TSI_DIS_XX.mp4,0.0,0.0,-0.24415653397069648,0.2775779699912328
1089_IEO_FEA_MD.mp4,0.0773,0.0773,-0.06287937596296872,0.14330621723004922
1061_ITS_DIS_XX.mp4,-0.4869,0.2782,-0.1489238672396479,0.18111521536785816
1074_ITS_DIS_XX.mp4,-0.5258,0.3004,-0.1589145588865586,0.3452915975455598
1072_IOM_NEU_XX.mp4,0.0825,0.0825,-0.06814387951430756,0.1190054090910791
1067_IOM_NEU_XX.mp4,0.0857,0.0857,0.015260573703550773,0.08261005549001167
1030_IOM_ANG_XX.mp4,0.0813,0.0813,-0.09438947248063646,0.32732880094245437
1025_IOM_ANG_XX.mp4,-0.6223,0.7112,-0.5562869197311588,0.6514040651466355
1051_MTI_HAP_XX.mp4,0.0,0.0,0.009713234073244162,0.15434033074640122
1044_MTI_HAP_XX.mp4,0.0728,0.0728,0.004846939708708619,0.15412390261295544
1070_MTI_FEA_XX.mp4,0.084,0.084,-0.0004211784424067327,0.17353659322677584
1065_MTI_FEA_XX.mp4,0.0776,0.0776,-0.008668670458659902,0.12191942729196097
1077_MTI_SAD_XX.mp4,0.0835,0.0835,-0.035541706722434695,0.12022521562199966
1062_MTI_SAD_XX.mp4,-0.465,0.155,0.022504939627694474,0.09347485998805623
1029_IEO_DIS_LO.mp4,0.0789,0.0789,0.03319798422682335,0.15092281151674727
1047_IWW_FEA_XX.mp4,-0.4877,0.569,-0.17707084229391057,0.21348169096593667
1052_IWW_FEA_XX.mp4,-0.445,0.5192,-0.0648442925179172,0.22702359324527643
1058_ITH_NEU_XX.mp4,0.0878,0.0878,-0.09860918182327547,0.1670752626273448
1066_IWW_HAP_XX.mp4,0.0769,0.0769,0.19323725226917507,0.07124543941089917
1073_IWW_HAP_XX.mp4,0.0,0.0,-0.05827660505737396,0.12284703440522785
1078_WSI_DIS_XX.mp4,-0.5328,0.6089,-0.3501312858976073,0.49867413591681287
1069_TIE_SAD_XX.mp4,-0.4473,0.1491,-0.07482778183397484,0.12775183198686144
1040_IWW_SAD_XX.mp4,0.0691,0.0691,0.00912290957465717,0.08060389496858987
1055_IWW_SAD_XX.mp4,0.0655,0.0655,-0.0028790201588501803,0.10093967412213715
1009_TIE_ANG_XX.mp4,-0.5222,0.5968,-0.6517883366504237,0.7143122956757134
1078_DFA_DIS_XX.mp4,-0.5264,0.3008,-0.04139633656502435,0.27294575223086537
1049_ITH_HAP_XX.mp4,0.6751,0.5063,0.370213272257863,0.3798680304615426
1062_IWW_NEU_XX.mp4,0.082,0.082,0.11148273402348605,0.11058929370006396
1068_ITH_FEA_XX.mp4,0.0795,0.0795,-0.07564640761988357,0.1534893567610279
1077_IWW_NEU_XX.mp4,0.0873,0.0873,0.047305542662986276,0.10071194579913972
1020_IWW_ANG_XX.mp4,-0.5721,0.3269,-0.1939350378585517,0.3131222857608991
1035_IWW_ANG_XX.mp4,-0.5915,0.676,-0.5493726336626032,0.6518812860514439
1069_IEO_NEU_XX.mp4,0.0889,0.0889,0.07803081156692186,0.1381807709038751
1055_DFA_NEU_XX.mp4,0.0,0.0,-0.04388294526349136,0.14996738709131363
1040_DFA_NEU_XX.mp4,0.0817,0.0817,0.10991585605077632,0.08697451977090792
1021_IEO_FEA_LO.mp4,-0.5225,0.2986,-0.13786338013300495,0.2085339249861305
1017_DFA_ANG_XX.mp4,0.0818,0.0818,0.07648937974537286,0.10469405763960228
1002_DFA_ANG_XX.mp4,-0.602,0.688,-0.6520799969921433,0.6676492823676783
1034_IEO_FEA_LO.mp4,0.086,0.086,0.0628350260166176,0.07805781484022262
1015_IEO_HAP_LO.mp4,0.0751,0.0751,-0.0039726355841917735,0.16613700555255684
1062_WSI_SAD_XX.mp4,0.0,0.0,-0.0004572779394997675,0.08959993963770399
1073_TIE_DIS_XX.mp4,-0.5907,0.3376,-0.07035816765439692,0.16207553503879968
1077_WSI_SAD_XX.mp4,0.0,0.0,-0.06618365408812653,0.1346840516740091
1066_TIE_DIS_XX.mp4,0.0816,0.0816,-0.025343945838278117,0.11760606095020375
1026_IEO_SAD_LO.mp4,-0.4705,0.1568,-0.006821230970736465,0.09263549434947387
1033_IEO_SAD_LO.mp4,0.0744,0.0744,0.029581366930577398,0.09300651011797964
1065_WSI_FEA_XX.mp4,0.079,0.079,-0.05122621875583477,0.15435490748364522
1070_WSI_FEA_XX.mp4,0.0754,0.0754,-0.034523605949683414,0.1621323783893502
1044_WSI_HAP_XX.mp4,0.0,0.0,-0.11739741556541979,0.1916707736219134
1051_WSI_HAP_XX.mp4,0.0738,0.0738,-0.11133213161947338,0.21102728945570748
1081_ITH_ANG_XX.mp4,-0.5926,0.6772,-0.5501932891672853,0.5889998060234458
1046_IEO_ANG_LO.mp4,0.079,0.079,0.034395074885566715,0.10752377920921755
1070_DFA_FEA_XX.mp4,0.0862,0.0862,0.013166712371141675,0.11284454602645805
1065_DFA_FEA_XX.mp4,0.0803,0.0803,0.017962901832877246,0.1347397231095614
1053_IEO_ANG_LO.mp4,0.0857,0.0857,0.04590640860266332,0.10640099701367012
1060_ITH_DIS_XX.mp4,0.0795,0.0795,0.012882076074205993,0.09141992077780857
1051_DFA_HAP_XX.mp4,0.0836,0.0836,0.0719320554780963,0.16372096092696914
1044_DFA_HAP_XX.mp4,0.0792,0.0792,-0.07327686260689789,0.34525694552990055
1075_ITH_DIS_XX.mp4,0.0732,0.0732,0.009594679917350765,0.10116312704118412
1077_DFA_SAD_XX.mp4,0.0817,0.0817,0.042859265060043096,0.08563369309429121
1062_DFA_SAD_XX.mp4,0.0833,0.0833,0.09639547586068918,0.07113898678184473
1087_TIE_ANG_XX.mp4,-0.5052,0.5773,-0.49453834884163744,0.55974462228921
1002_WSI_ANG_XX.mp4,-0.567,0.648,-0.6798835784241227,0.634495752013634
1017_WSI_ANG_XX.mp4,-0.5024,0.5742,-0.23527443005976895,0.27295181197786955
1040_WSI_NEU_XX.mp4,0.0732,0.0732,-0.04108950815652807,0.15452932049052298
1055_WSI_NEU_XX.mp4,0.0798,0.0798,-0.1915191508616742,0.17714031879539205
1003_IEO_FEA_HI.mp4,0.0824,0.0824,-0.045949352106335814,0.14571325965973347
1083_TAI_DIS_XX.mp4,0.0793,0.0793,-0.025600331533721103,0.1364764370255222
1016_IEO_FEA_HI.mp4,-0.504,0.588,-0.1715020377346914,0.3280523930410068
1026_TSI_SAD_XX.mp4,0.0721,0.0721,0.04788973738370184,0.09607500921315296
1022_IEO_HAP_HI.mp4,0.0818,0.0818,0.0677712261519524,0.11260895663532555
1037_IEO_HAP_HI.mp4,-0.555,0.6475,-0.4335998663529375,0.6040516631982116
1033_TSI_SAD_XX.mp4,0.0794,0.0794,-0.04902346827820138,0.12822705768249407
1012_IEO_FEA_MD.mp4,0.0814,0.0814,-0.12317428664519571,0.1666334883516291
1067_IWL_HAP_XX.mp4,0.0681,0.0681,0.11579095270077652,0.0890687116047304
1072_IWL_HAP_XX.mp4,0.0919,0.0919,-0.10579969331588426,0.33705324912798673
1007_IEO_FEA_MD.mp4,-0.6358,0.7267,-0.15784415865625903,0.2795876056909506
1017_TAI_SAD_XX.mp4,0.0757,0.0757,0.0026632308704305266,0.11845849179545216
1046_IWL_FEA_XX.mp4,0.0774,0.0774,0.00449548753279666,0.23576791624348561
1033_IEO_HAP_MD.mp4,0.6232,0.4674,0.059218438404270685,0.46773073129389114
1026_IEO_HAP_MD.mp4,0.0796,0.0796,0.010392023909308955,0.13102630825416228
1053_IWL_FEA_XX.mp4,-0.4692,0.5474,-0.4810601510824385,0.568408411732677
1002_TAI_SAD_XX.mp4,0.0,0.0,-0.26689951592049577,0.2196544001133825
1059_ITS_NEU_XX.mp4,0.0888,0.0888,-0.07544362118880377,0.21863800649799323
1004_IEO_SAD_HI.mp4,0.0785,0.0785,-0.0571301554133354,0.14214283782001788
1015_TSI_HAP_XX.mp4,-0.4924,0.5744,-0.2568296389746822,0.440955951967602
1011_IEO_SAD_HI.mp4,-0.5589,0.3194,-0.12941839755473045,0.20208798718505025
1021_TSI_FEA_XX.mp4,0.0,0.0,-0.11457673516543204,0.22286055908569322
1081_IEO_DIS_MD.mp4,-0.5324,0.3043,-0.19130964777878276,0.13417882925140223
1034_TSI_FEA_XX.mp4,0.0788,0.0788,0.019391150811286017,0.13560761190185436
1015_IEO_SAD_MD.mp4,0.0857,0.0857,-0.0038470181515500865,0.08760123270765159
1031_TAI_HAP_XX.mp4,0.0865,0.0865,-0.014651010062176806,0.1090730335259152
1024_TAI_HAP_XX.mp4,0.0769,0.0769,0.06010746217355839,0.2396931833803481
1041_IWL_SAD_XX.mp4,0.0786,0.0786,0.0028202760652246413,0.09407743222964961
1010_TAI_FEA_XX.mp4,-0.4612,0.538,-0.20546713889800294,0.39682945512054163
1085_IEO_DIS_HI.mp4,-0.5584,0.3191,-0.39133074620573716,0.35723481321698314
1005_TAI_FEA_XX.mp4,-0.4947,0.5771,-0.4282311633916204,0.47049908495237264
1090_IEO_DIS_HI.mp4,0.084,0.084,-0.11112454355617764,0.1447739419273924
1054_IWL_SAD_XX.mp4,0.0762,0.0762,0.0051011100647907984,0.09467765129406294
1064_IEO_ANG_HI.mp4,-0.6723,0.7684,-0.5024204425890325,0.7054323281659021
1071_IEO_ANG_HI.mp4,-0.5507,0.6293,-0.5449508400275608,0.549456236944766
1078_MTI_DIS_XX.mp4,-0.4608,0.1536,-0.03498770237880421,0.14456053202416988
1075_IEO_ANG_MD.mp4,-0.5413,0.3093,-0.21125273602592679,0.3065558622282907
1060_IEO_ANG_MD.mp4,0.0799,0.0799,-0.08471137159755669,0.16454616720291607
1021_IWL_ANG_XX.mp4,-0.5617,0.642,-0.2048569577591413,0.39392264072079747
1034_IWL_ANG_XX.mp4,0.0,0.0,-0.11038239128199524,0.19339367377305716
1063_IWL_NEU_XX.mp4,0.0825,0.0825,0.0024215645335926954,0.12109874707252752
1069_ITS_FEA_XX.mp4,-0.473,0.5518,-0.0846413250745191,0.2586524158061169
1076_IWL_NEU_XX.mp4,0.0848,0.0848,-0.062332271569805496,0.14591178524502776
1048_ITS_HAP_XX.mp4,0.0716,0.0716,-0.05584838838734482,0.2063232126789939
1046_TSI_ANG_XX.mp4,0.0803,0.0803,-0.028512314613615173,0.2144356389577334
1053_TSI_ANG_XX.mp4,-0.5848,0.6684,-0.35666581003323716,0.5460289960212716
1004_TSI_NEU_XX.mp4,0.0849,0.0849,0.05703072096277748,0.14933386415172173
1011_TSI_NEU_XX.mp4,0.0824,0.0824,-0.014186470805755526,0.11999854276247991
1035_TAI_NEU_XX.mp4,0.0864,0.0864,0.04302488103578198,0.09048202444046428
1020_TAI_NEU_XX.mp4,0.0864,0.0864,-0.09222918402592563,0.12352819377509443
1077_TAI_ANG_XX.mp4,-0.5451,0.3115,-0.48471028911855985,0.474431362423948
1062_TAI_ANG_XX.mp4,-0.5837,0.6671,-0.04587829567507929,0.391476468513671
1065_MTI_DIS_XX.mp4,0.0809,0.0809,0.04506981935758051,0.15525554100075176
1070_MTI_DIS_XX.mp4,0.0729,0.0729,-0.09736741397846022,0.17604603466746643
1079_IEO_ANG_HI.mp4,-0.6839,0.7816,-0.48124942552214056,0.7222926102720342
1029_IWL_ANG_XX.mp4,-0.6286,0.7184,-0.564391204532023,0.6481586056978992
1068_IEO_ANG_MD.mp4,-0.6141,0.7018,-0.5179154278266389,0.6113639606943134
1055_ITS_HAP_XX.mp4,0.0772,0.0772,-0.10557817577818306,0.2073883349751896
1040_ITS_HAP_XX.mp4,0.0772,0.0772,0.007655673798792628,0.1218069966477664
1074_ITS_FEA_XX.mp4,-0.5115,0.5968,-0.2475886905673539,0.43198466208441166
1061_ITS_FEA_XX.mp4,0.0788,0.0788,-0.16479069831296228,0.19174565215201306
1019_TSI_NEU_XX.mp4,0.0848,0.0848,0.01551730512558253,0.09058772560545782
1028_TAI_NEU_XX.mp4,0.0847,0.0847,-0.1221493153307757,0.14745801590518665
1073_ITS_SAD_XX.mp4,0.0782,0.0782,-0.012492757087739285,0.13049234350501915
1066_ITS_SAD_XX.mp4,0.077,0.077,-0.018021011750050914,0.09089516559800044
1051_ITS_NEU_XX.mp4,-0.4847,0.1616,-0.011916825840407468,0.11545297783677998
1044_ITS_NEU_XX.mp4,0.0774,0.0774,0.016466585873136937,0.1323614766035036
1042_IOM_DIS_XX.mp4,0.0738,0.0738,0.055405449564648435,0.0774483449972113
1057_IOM_DIS_XX.mp4,0.0786,0.0786,0.07432213434708151,0.1916978341409761
1013_ITS_ANG_XX.mp4,-0.5429,0.6204,-0.601436083428292,0.6156803147173414
1006_ITS_ANG_XX.mp4,0.0767,0.0767,-0.3834047506720989,0.4615865150003704
1089_IEO_DIS_MD.mp4,0.0,0.0,-0.24122064551677536,0.3569671678622818
1029_TSI_FEA_XX.mp4,-0.5087,0.5934,-0.4474919835863137,0.5794885244702356
1019_IEO_SAD_HI.mp4,-0.4734,0.5523,-0.2026779005739809,0.21787987220995347
1008_TSI_HAP_XX.mp4,-0.4476,0.5222,-0.10463648069736686,0.4707501126991438
1049_IWL_SAD_XX.mp4,0.0916,0.0916,-0.0670504819332934,0.12826032881441643
1018_TAI_FEA_XX.mp4,0.0,0.0,-0.1297783478679627,0.21499937972494168
1084_MTI_ANG_XX.mp4,0.0757,0.0757,-0.08390602203082281,0.1709687659020062
1008_IEO_SAD_MD.mp4,0.0834,0.0834,-0.02882863955932594,0.1551754831310478
1039_TAI_HAP_XX.mp4,0.0893,0.0893,0.09534273642436476,0.5223059916858931
1091_MTI_ANG_XX.mp4,0.0,0.0,-0.03380436827571476,0.23873714119893824
1068_ITH_DIS_XX.mp4,0.0762,0.0762,0.01786728121665815,0.12971380904612576
1059_DFA_HAP_XX.mp4,0.0874,0.0874,-0.18017858376622975,0.28789536554475276
1078_DFA_FEA_XX.mp4,-0.4721,0.5508,-0.18608427428946794,0.40583549458455526
1048_WSI_NEU_XX.mp4,0.0841,0.0841,-0.03907387955949107,0.1262532835233721
1048_DFA_NEU_XX.mp4,0.0806,0.0806,0.04062521953894945,0.08658601657509093
1052_IWW_DIS_XX.mp4,-0.5698,0.3256,0.011510283193461299,0.09184827970569075
1047_IWW_DIS_XX.mp4,0.0,0.0,-0.017340515403186006,0.10239345733481953
1008_IEO_HAP_LO.mp4,0.0791,0.0791,0.10156852552125749,0.19271062735941585
1029_IEO_FEA_LO.mp4,0.078,0.078,-0.02790302716812121,0.16849624803315472
1059_WSI_HAP_XX.mp4,-0.5799,0.6628,-0.5159947246658194,0.5586355609354929
1078_WSI_FEA_XX.mp4,-0.4683,0.1561,-0.32574852836878443,0.44248503301986525
1089_ITH_ANG_XX.mp4,-0.5942,0.6791,-0.5720481415695432,0.6516724764529844
1001_TIE_ANG_XX.mp4,-0.5581,0.6378,-0.3151705528137003,0.37997922497190995
1014_TIE_ANG_XX.mp4,-0.5937,0.6785,-0.6368012679934447,0.707132401060351
1043_TIE_NEU_XX.mp4,0.0901,0.0901,0.006445278629298915,0.12171576066887728
1056_TIE_NEU_XX.mp4,0.079,0.079,0.05233787016305436,0.05104451438353203
1075_ITH_FEA_XX.mp4,-0.4577,0.5339,-0.1550775585659129,0.21707268544051633
1060_ITH_FEA_XX.mp4,0.0842,0.0842,-0.113822026100276,0.13717491078932761
1054_ITH_HAP_XX.mp4,0.0893,0.0893,0.04554589438333209,0.23249801949923998
1065_DFA_DIS_XX.mp4,0.0801,0.0801,0.08913348960175646,0.10706626916686808
1070_DFA_DIS_XX.mp4,0.0818,0.0818,-0.097901766357888,0.20224439467112662
1041_ITH_HAP_XX.mp4,0.0862,0.0862,0.07217567854674008,0.08692765297265861
1091_WSI_ANG_XX.mp4,-0.5203,0.5947,-0.2943980921841812,0.2964260649221471
1084_WSI_ANG_XX.mp4,-0.5362,0.6128,-0.3074708997467895,0.2566841550046772
1028_IWW_ANG_XX.mp4,-0.5946,0.6796,-0.43376618425026026,0.5142771116691077
1061_IEO_NEU_XX.mp4,0.0812,0.0812,-0.028770151658938727,0.10068395560856244
1074_IEO_NEU_XX.mp4,0.0914,0.0914,-0.021502443560674947,0.13527098388751718
1072_ITH_SAD_XX.mp4,-0.4703,0.5487,-0.12401494485863444,0.2224884116690241
1067_ITH_SAD_XX.mp4,0.077,0.077,-0.01964066683473837,0.09491018340222232
1047_TIE_HAP_XX.mp4,-0.6405,0.732,-0.5843073844803676,0.7203234240272758
1052_TIE_HAP_XX.mp4,0.0725,0.0725,-0.18142130162412173,0.36554494006448573
1066_TIE_FEA_XX.mp4,0.0772,0.0772,-0.009277337002027193,0.11676064966902372
1073_TIE_FEA_XX.mp4,0.0846,0.0846,0.05203855897198911,0.09302727489957578
1012_ITH_ANG_XX.mp4,-0.5662,0.6471,-0.44496835408250585,0.5144032656191564
1007_ITH_ANG_XX.mp4,0.0,0.0,-0.11724780831528213,0.1891821150760499
1034_IEO_DIS_LO.mp4,-0.6374,0.3642,-0.01190753853502116,0.0961898957154341
1021_IEO_DIS_LO.mp4,0.0766,0.0766,-0.07579037543534217,0.12474326433088265
1050_ITH_NEU_XX.mp4,0.0885,0.0885,0.052072968267009904,0.1056566760976216
1045_ITH_NEU_XX.mp4,0.0883,0.0883,-0.0007935408689182553,0.0896437069155621
1084_DFA_ANG_XX.mp4,-0.5201,0.2972,-0.08246854074675249,0.23290109263907371
1091_DFA_ANG_XX.mp4,-0.5266,0.6018,-0.4894218790976798,0.5765058776637232
1086_IEO_HAP_LO.mp4,0.0825,0.0825,0.04708630512746339,0.12932827133035274
1070_WSI_DIS_XX.mp4,-0.5167,0.2953,-0.29139878810965125,0.22878679292213516
1061_TIE_SAD_XX.mp4,0.0771,0.0771,-0.04614456629295943,0.14621929119534263
1065_WSI_DIS_XX.mp4,-0.5071,0.5796,-0.07811838945128875,0.23600980752386094
1074_TIE_SAD_XX.mp4,0.0781,0.0781,-0.0686412868661372,0.14378628088662854
1048_IWW_SAD_XX.mp4,0.0787,0.0787,0.0012711630392147266,0.09324919260526708
1082_TSI_NEU_XX.mp4,0.0829,0.0829,0.025978442965802123,0.1678654266628551
1069_ITS_DIS_XX.mp4,-0.5352,0.3058,-0.16801889789137478,0.19548254833198694
1038_IOM_ANG_XX.mp4,-0.5324,0.3042,-0.4183563764426986,0.4388979409205355
1078_MTI_FEA_XX.mp4,-0.4843,0.5651,-0.12305800859700662,0.44028368558857656
1059_MTI_HAP_XX.mp4,0.0,0.0,-0.16448710712445838,0.2888167398479054
1053_IWL_DIS_XX.mp4,-0.5687,0.325,-0.3337360535807253,0.3781040541843866
1046_IWL_DIS_XX.mp4,0.0815,0.0815,0.004695942229356758,0.08630777322769324
1082_IEO_SAD_HI.mp4,-0.4357,0.1452,-0.07506545696637662,0.14207556724818898
1086_TSI_HAP_XX.mp4,0.0807,0.0807,-0.06298363559812252,0.18129469669942913
1007_IEO_DIS_MD.mp4,0.0778,0.0778,-0.33361286367305354,0.3112436593357445
1012_IEO_DIS_MD.mp4,-0.4489,0.5237,-0.29983653138590943,0.3515201037243914
1086_IEO_SAD_MD.mp4,-0.5351,0.3058,-0.007637980139732394,0.10265323816293241
1016_IEO_DIS_HI.mp4,-0.532,0.304,-0.07717612778271842,0.1314839585003163
1083_TAI_FEA_XX.mp4,0.0801,0.0801,0.009423279990434685,0.12214655833668896
1003_IEO_DIS_HI.mp4,-0.4966,0.2838,-0.30875359305611194,0.19664040428061483
1048_MTI_NEU_XX.mp4,0.0844,0.0844,0.03397624712333914,0.06742563665795066
1090_IEO_FEA_HI.mp4,0.0756,0.0756,0.021694919811729267,0.10767481402653886
1005_TAI_DIS_XX.mp4,-0.5128,0.293,-0.3245734363689182,0.28180719132445003
1085_IEO_FEA_HI.mp4,-0.5463,0.6244,-0.17461312988444957,0.4012714041819362
1010_TAI_DIS_XX.mp4,0.08,0.08,-0.14436397629506253,0.16967643481215264
1058_IOM_SAD_XX.mp4,0.0,0.0,-0.0144333751211462,0.08796766843379937
1088_ITS_ANG_XX.mp4,-0.468,0.546,-0.3833756703543767,0.4823131221621394
1034_TSI_DIS_XX.mp4,0.0,0.0,0.0028040863004096593,0.10933601752500106
1081_IEO_FEA_MD.mp4,0.0,0.0,-0.05211443168771553,0.10255794025372714
1021_TSI_DIS_XX.mp4,0.0771,0.0771,-0.13554335601370737,0.1536576009471667
1084_TAI_SAD_XX.mp4,0.0807,0.0807,-0.038540656806197816,0.1518909018271857
1091_TAI_SAD_XX.mp4,0.0738,0.0738,0.0006049754310137928,0.10797614895812314
1085_IOM_NEU_XX.mp4,0.0839,0.0839,0.08972749556937219,0.09331817069325894
1068_TSI_NEU_XX.mp4,0.0872,0.0872,0.019939443640948767,0.09880826172587209
1090_IOM_NEU_XX.mp4,0.0871,0.0871,0.024326891571196347,0.07262498996146441
1083_ITS_DIS_XX.mp4,-0.5027,0.5865,-0.20696027230534364,0.23819245629030625
1017_ITS_SAD_XX.mp4,0.0872,0.0872,0.01055132865344699,0.09706167007762367
1059_TAI_NEU_XX.mp4,0.0757,0.0757,-0.11586487789205445,0.20427287942637853
1002_ITS_SAD_XX.mp4,0.0698,0.0698,-0.18264288874816775,0.17050494139335123
1087_MTI_FEA_XX.mp4,0.0862,0.0862,0.038748669033082266,0.06825215264180703
1008_IEO_ANG_HI.mp4,-0.6604,0.7548,-0.5836631333906818,0.7083117270910945
1001_MTI_DIS_XX.mp4,0.0781,0.0781,-0.05681919159846495,0.12194537968457367
1014_MTI_DIS_XX.mp4,-0.5046,0.1682,-0.13881382827899993,0.12700680166418057
1080_MTI_SAD_XX.mp4,0.0848,0.0848,-0.04102688909529878,0.09178375877521412
1019_IEO_ANG_MD.mp4,-0.5833,0.6667,-0.25371787282305563,0.42108164229849626
1058_IWL_ANG_XX.mp4,-0.6366,0.7276,-0.5379951541101782,0.5694125671998662
1010_ITS_FEA_XX.mp4,-0.5211,0.6079,-0.3474407745953654,0.5024375631332362
1005_ITS_FEA_XX.mp4,-0.4425,0.5162,-0.22043515297120195,0.24299611364349705
1031_ITS_HAP_XX.mp4,0.0785,0.0785,-0.02931726485231173,0.12808485099647782
1024_ITS_HAP_XX.mp4,0.0728,0.0728,-0.002650147812459535,0.23587104496458836
1079_TSI_HAP_XX.mp4,0.659,0.4942,0.11493605524345098,0.32435900027380876
1081_IOM_HAP_XX.mp4,0.0713,0.0713,0.027898137454129418,0.08524343437338652
1068_IEO_SAD_HI.mp4,-0.454,0.5297,-0.11211566195026261,0.18291882486135638
1058_TSI_FEA_XX.mp4,-0.5232,0.6104,-0.42521895263240317,0.5821407361835595
1048_TAI_HAP_XX.mp4,0.0698,0.0698,0.009883388494779504,0.17361230162352637
1079_IEO_SAD_MD.mp4,0.0,0.0,-0.036924104266464135,0.12612626181883765
1038_IWL_SAD_XX.mp4,0.0,0.0,-0.01972330885794293,0.09114422373935004
1069_TAI_FEA_XX.mp4,-0.4992,0.5824,-0.18070965032857858,0.5153823599628062
1026_IOM_DIS_XX.mp4,0.0794,0.0794,-0.0028901702367348414,0.08878886101841182
1033_IOM_DIS_XX.mp4,0.0771,0.0771,0.003493133466659473,0.0982892774257607
1035_ITS_NEU_XX.mp4,0.0821,0.0821,-0.020032415781333367,0.11728907166933523
1020_ITS_NEU_XX.mp4,0.0752,0.0752,-0.0022109113729741983,0.13943977941381946
1077_ITS_ANG_XX.mp4,0.0,0.0,-0.26848133237524896,0.2730718856838989
1062_ITS_ANG_XX.mp4,-0.5577,0.3187,-0.32625309196728436,0.3596882211291696
1080_IWW_NEU_XX.mp4,0.0733,0.0733,-0.135710182131897,0.16869363482789856
1039_WSI_NEU_XX.mp4,0.0,0.0,-0.0030429702540837066,0.10905615584670585
1009_DFA_FEA_XX.mp4,-0.4657,0.5434,-0.47450434645584183,0.5983693392118222
1028_DFA_HAP_XX.mp4,0.0772,0.0772,0.1146412358433423,0.2469369482812784
1091_IWW_HAP_XX.mp4,0.0711,0.0711,-0.0604466135640856,0.1362936430428878
1084_IWW_HAP_XX.mp4,0.0808,0.0808,-0.013802723326917494,0.15792702338102746
1009_WSI_FEA_XX.mp4,-0.6234,0.7124,-0.6298500766023551,0.6817588691705051
1028_WSI_HAP_XX.mp4,0.658,0.4935,-0.03455813122892701,0.3251029456089863
1036_IWW_DIS_XX.mp4,-0.546,0.312,-0.09713626450289581,0.19566585978186044
1023_IWW_DIS_XX.mp4,-0.4578,0.5341,-0.10263731605031373,0.20166436390516826
1039_DFA_NEU_XX.mp4,0.0827,0.0827,0.04799434422883485,0.10794332592862817
1058_IEO_FEA_LO.mp4,0.0758,0.0758,-0.06142459365656905,0.10858794561547107
1079_IEO_HAP_LO.mp4,0.6004,0.4503,0.2689825135373001,0.23058082254270187
1082_ITH_DIS_XX.mp4,0.0,0.0,-0.21009893194537452,0.22964388420668774
1087_DFA_FEA_XX.mp4,-0.456,0.532,-0.0236371310547055,0.21970865467473014
1005_IEO_NEU_XX.mp4,0.0908,0.0908,0.036736205937245664,0.12379156241791923
1010_IEO_NEU_XX.mp4,0.0782,0.0782,-0.014137777791831842,0.12245655748790812
1016_ITH_SAD_XX.mp4,-0.4955,0.1652,-0.19838486416135237,0.20815768924918623
1003_ITH_SAD_XX.mp4,0.0861,0.0861,-0.14495886042364356,0.1643034881701043
1065_TIE_ANG_XX.mp4,-0.6063,0.6929,-0.5625429637005387,0.6721835739427612
1070_TIE_ANG_XX.mp4,-0.595,0.68,-0.5101374377818643,0.5407583911936065
1027_TIE_NEU_XX.mp4,0.0926,0.0926,-0.01783597987351373,0.10682353651461486
1080_DFA_SAD_XX.mp4,-0.5409,0.3091,-0.12440457837685963,0.14423562029878598
1032_TIE_NEU_XX.mp4,0.0803,0.0803,0.01643071703477165,0.09200644987608325
1001_DFA_DIS_XX.mp4,-0.5044,0.2882,-0.026202182166137098,0.19987647459613492
1030_ITH_HAP_XX.mp4,0.65,0.4875,0.06561223901867529,0.41954808756085166
1025_ITH_HAP_XX.mp4,0.6444,0.4833,0.13310358938848968,0.19950542558843273
1014_DFA_DIS_XX.mp4,0.0752,0.0752,-0.03211270572357831,0.14166316738229368
1011_ITH_FEA_XX.mp4,0.0765,0.0765,-0.0206572626154571,0.12490041585191232
1004_ITH_FEA_XX.mp4,-0.4464,0.5208,-0.3088236667638697,0.3293458908593259
1059_IWW_ANG_XX.mp4,-0.5807,0.3318,-0.550081217106555,0.5339815829618717
1014_WSI_DIS_XX.mp4,0.0798,0.0798,-0.12905300571734904,0.1568033061836519
1005_TIE_SAD_XX.mp4,0.0704,0.0704,-0.07741027031339534,0.1211192472927814
1001_WSI_DIS_XX.mp4,0.0781,0.0781,-0.12545271613687078,0.1477829096222217
1010_TIE_SAD_XX.mp4,-0.438,0.146,-0.1804185847736216,0.14715986759794925
1039_IWW_SAD_XX.mp4,0.0695,0.0695,-0.016494619009311554,0.10619915373903543
1084_TIE_DIS_XX.mp4,0.0764,0.0764,0.012297737189200821,0.10052948212000624
1091_TIE_DIS_XX.mp4,0.0787,0.0787,-0.1559923634841874,0.1931726839927243
1080_WSI_SAD_XX.mp4,0.0,0.0,-0.1718525768421939,0.17552132203575496
1002_TIE_FEA_XX.mp4,-0.5007,0.5841,-0.546700196694786,0.5800499404698648
1017_TIE_FEA_XX.mp4,0.0788,0.0788,-0.09350883281280666,0.13575597463007597
1023_TIE_HAP_XX.mp4,0.5938,0.4453,0.2807980874151193,0.4075366374144046
1036_TIE_HAP_XX.mp4,0.0787,0.0787,0.014370458797312306,0.09333108185077457
1050_IEO_DIS_LO.mp4,0.0,0.0,0.09880008953725138,0.08682452716323459
1045_IEO_DIS_LO.mp4,0.0758,0.0758,-0.003247964834422678,0.07101305945374319
1076_ITH_ANG_XX.mp4,-0.5698,0.3256,-0.2498864195087436,0.32102766311463193
1063_ITH_ANG_XX.mp4,-0.5363,0.6129,-0.2712044419783618,0.43253682831952406
1034_ITH_NEU_XX.mp4,0.0815,0.0815,0.04909501966938004,0.07291541140428005
1021_ITH_NEU_XX.mp4,0.0921,0.0921,-0.061498100308028346,0.1367024661955443
1087_WSI_FEA_XX.mp4,0.0789,0.0789,0.003823901680219198,0.12415852106038452
1086_IEO_ANG_HI.mp4,-0.6424,0.7342,-0.6270337784177966,0.7488238379348842
1081_IWL_NEU_XX.mp4,0.088,0.088,0.010032785009397876,0.09030195255770601
1082_IEO_ANG_MD.mp4,0.0841,0.0841,0.12070798722441606,0.19436537202736157
1018_ITS_DIS_XX.mp4,0.0831,0.0831,-0.10569795923149239,0.1752050931326383
1049_IOM_ANG_XX.mp4,0.0,0.0,-0.2451042668089329,0.26670881214354597
1028_MTI_HAP_XX.mp4,0.0,0.0,-0.03814296963790757,0.3082722598432343
1080_TAI_ANG_XX.mp4,-0.6343,0.7249,-0.5593363956657241,0.6530162008589092
1029_IOM_SAD_XX.mp4,0.081,0.081,0.02087095750000005,0.10242597392715116
1061_TAI_DIS_XX.mp4,-0.5409,0.3091,-0.1924842729088005,0.15530215272831022
1074_TAI_DIS_XX.mp4,-0.5775,0.33,-0.3077842952924867,0.384876912411595
1090_IWL_HAP_XX.mp4,0.0719,0.0719,0.011894693228395758,0.10489674365338197
1050_TSI_DIS_XX.mp4,-0.541,0.3091,-0.18240165664219737,0.20886035047699153
1045_TSI_DIS_XX.mp4,0.0798,0.0798,-0.13956142882924558,0.1474965666178744
1085_IWL_HAP_XX.mp4,0.0862,0.0862,0.013293156415914748,0.2429134184008975
1063_IEO_DIS_MD.mp4,0.0,0.0,0.04364844494913569,0.12241972260294268
1076_IEO_DIS_MD.mp4,0.0812,0.0812,-0.3825323290387999,0.27486775688324805
1037_IWL_DIS_XX.mp4,0.0795,0.0795,-0.11090931592929724,0.14450739783836822
1022_IWL_DIS_XX.mp4,-0.5911,0.6756,-0.3048473786218632,0.4529881963125454
1072_IEO_DIS_HI.mp4,0.072,0.072,-0.0691404584216594,0.2072931351183267
1067_IEO_DIS_HI.mp4,-0.5367,0.1789,-0.325650235952712,0.28045472695130075
1039_MTI_NEU_XX.mp4,0.0796,0.0796,0.060587225014431534,0.08078563256465755
1049_MTI_NEU_XX.mp4,0.0863,0.0863,0.02067158111272546,0.11041111905564274
1002_IEO_DIS_HI.mp4,0.0746,0.0746,-0.032757366136312825,0.15645379806859042
1017_IEO_DIS_HI.mp4,-0.468,0.156,-0.2672980902094491,0.09164614824192423
1082_TAI_FEA_XX.mp4,0.0864,0.0864,-0.10235388819412054,0.17516025403651175
1087_IEO_SAD_MD.mp4,-0.4734,0.1578,-0.05669498064630647,0.12794145992534017
1013_IEO_DIS_MD.mp4,0.0831,0.0831,0.12278746830328166,0.2225722905184716
1006_IEO_DIS_MD.mp4,-0.5604,0.3202,-0.19644566211314038,0.22491017467116411
1047_IWL_DIS_XX.mp4,0.0774,0.0774,-0.03776570030216176,0.1301172532494678
1083_IEO_SAD_HI.mp4,-0.4938,0.5761,-0.09345637429414248,0.277739274545168
1087_TSI_HAP_XX.mp4,0.0809,0.0809,-0.045851953373480026,0.20174174849808285
1052_IWL_DIS_XX.mp4,0.0895,0.0895,-0.03016139094830181,0.12363903334189452
1090_TAI_SAD_XX.mp4,0.0791,0.0791,-0.0017318459188195633,0.08743704478932345
1085_TAI_SAD_XX.mp4,0.0774,0.0774,-0.03513062066822434,0.10679587515532737
1020_TSI_DIS_XX.mp4,0.0786,0.0786,-0.12914429835911445,0.15062376669838384
1035_TSI_DIS_XX.mp4,-0.5533,0.3162,-0.3313396254846058,0.21578105927924338
1080_IEO_FEA_MD.mp4,0.0808,0.0808,0.005055967398321456,0.07112127335993043
1089_ITS_ANG_XX.mp4,-0.5429,0.6204,-0.5961165255004703,0.6160021593248483
1059_IOM_SAD_XX.mp4,-0.5073,0.1691,0.029935807883599362,0.09581774707231878
1084_IEO_FEA_HI.mp4,-0.4764,0.5558,-0.2699341496073697,0.3659520763460987
1011_TAI_DIS_XX.mp4,0.0711,0.0711,-0.05678446789416079,0.1338369518715308
1091_IEO_FEA_HI.mp4,-0.5096,0.5946,-0.44849740501646485,0.47707822920061443
1004_TAI_DIS_XX.mp4,-0.575,0.3286,-0.2629623298556603,0.2016043236604272
1058_MTI_HAP_XX.mp4,0.0894,0.0894,-0.09297624882531472,0.3428267307472087
1079_MTI_FEA_XX.mp4,-0.477,0.5565,-0.2104035385359915,0.4908441516787713
1039_IOM_ANG_XX.mp4,-0.6058,0.6924,-0.43347354099410984,0.5960453122812656
1068_ITS_DIS_XX.mp4,0.086,0.086,0.03714959980343628,0.13931393124671168
1083_TSI_NEU_XX.mp4,0.0852,0.0852,-0.04908097541929512,0.16500872118944615
1044_ITH_NEU_XX.mp4,0.0861,0.0861,-0.08223612086832473,0.21021939060456185
1051_ITH_NEU_XX.mp4,0.0841,0.0841,0.027702925110208516,0.0881579782580235
1020_IEO_DIS_LO.mp4,-0.5596,0.3198,-0.13361351988553907,0.17867728896621707
1035_IEO_DIS_LO.mp4,-0.5157,0.2947,-0.10731166976677298,0.20363803896590657
1006_ITH_ANG_XX.mp4,-0.5631,0.3218,-0.3433678934787075,0.4232236069824107
1013_ITH_ANG_XX.mp4,-0.6398,0.7312,-0.5262938417423874,0.6318921224454671
1072_TIE_FEA_XX.mp4,0.0,0.0,-0.11491515425158128,0.1978933053205848
1067_TIE_FEA_XX.mp4,0.0785,0.0785,0.01408425042189839,0.18141369815670177
1053_TIE_HAP_XX.mp4,0.0824,0.0824,0.05536790384554411,0.27254188679298136
1046_TIE_HAP_XX.mp4,-0.4773,0.2727,0.12381153323889324,0.2163290367335169
1049_IWW_SAD_XX.mp4,-0.448,0.5227,-0.08592622681482436,0.15667342064914117
1064_WSI_DIS_XX.mp4,-0.5768,0.3296,-0.4405619451206442,0.24744267114545435
1075_TIE_SAD_XX.mp4,0.0787,0.0787,-0.026305511079394828,0.1002796831972284
1071_WSI_DIS_XX.mp4,0.0746,0.0746,-0.038648473162330776,0.13026597503954138
1060_TIE_SAD_XX.mp4,0.0,0.0,-0.02114451972069695,0.07572194841980796
1087_IEO_HAP_LO.mp4,0.0788,0.0788,0.07767619349763781,0.07862729916949812
1090_DFA_ANG_XX.mp4,0.0,0.0,-0.1425792113640715,0.2343951425073546
1085_DFA_ANG_XX.mp4,-0.623,0.712,-0.5550764075795566,0.6805867767515499
1029_IWW_ANG_XX.mp4,-0.5558,0.6352,-0.3461275552335842,0.437693898874931
1085_WSI_ANG_XX.mp4,-0.6443,0.7364,-0.643189889225587,0.6826381232276929
1090_WSI_ANG_XX.mp4,0.0,0.0,-0.2049627160365184,0.2265668125492484
1071_DFA_DIS_XX.mp4,-0.5386,0.3078,0.005493208591613455,0.1292145528131963
1040_ITH_HAP_XX.mp4,0.0839,0.0839,0.09888058428978634,0.09235526626627596
1055_ITH_HAP_XX.mp4,0.0,0.0,-0.054886168930741254,0.17646733320942812
1064_DFA_DIS_XX.mp4,-0.5775,0.33,-0.2402594154230309,0.2951964610956999
1061_ITH_FEA_XX.mp4,0.0734,0.0734,-0.07853122504353112,0.12313426810605385
1074_ITH_FEA_XX.mp4,0.0825,0.0825,-0.046203312140344455,0.250692974944076
1057_TIE_NEU_XX.mp4,0.0801,0.0801,0.024058494577305387,0.09600854931817632
1042_TIE_NEU_XX.mp4,0.0846,0.0846,0.05796916990253593,0.07288186142012822
1015_TIE_ANG_XX.mp4,-0.5483,0.6267,-0.2896889353202075,0.3770471318289824
1066_ITH_SAD_XX.mp4,0.0831,0.0831,0.012053430759808212,0.09958239569757568
1073_ITH_SAD_XX.mp4,0.0846,0.0846,0.01442857296852771,0.07361554765862546
1075_IEO_NEU_XX.mp4,0.0822,0.0822,-0.03441655447227248,0.1234865481177584
1060_IEO_NEU_XX.mp4,0.0867,0.0867,-0.06125128180469914,0.1068923520381149
1028_IEO_FEA_LO.mp4,0.0812,0.0812,-0.040790282521564525,0.09149265700640996
1009_IEO_HAP_LO.mp4,0.628,0.471,-0.13599577169235438,0.2620869473020945
1046_IWW_DIS_XX.mp4,0.0692,0.0692,0.005702345387844457,0.13617799189480612
1053_IWW_DIS_XX.mp4,-0.5172,0.2956,-0.008524477264475774,0.12129164886400295
1049_DFA_NEU_XX.mp4,0.0818,0.0818,0.04391307118687843,0.1160751742253798
1088_ITH_ANG_XX.mp4,0.0782,0.0782,-0.08874495362537337,0.1761392257013114
1079_WSI_FEA_XX.mp4,-0.616,0.704,-0.5281610048716704,0.6486262958408442
1058_WSI_HAP_XX.mp4,-0.579,0.6617,-0.33584180299307115,0.4922353088577647
1079_DFA_FEA_XX.mp4,-0.528,0.616,-0.3868183107190394,0.5954674851054408
1069_ITH_DIS_XX.mp4,-0.5533,0.6324,-0.02121950766136144,0.1828206382765254
1058_DFA_HAP_XX.mp4,0.0746,0.0746,-0.0315147509558473,0.13418392420623515
1049_WSI_NEU_XX.mp4,0.0832,0.0832,-0.03135696815858435,0.1371612280688599
1007_ITS_ANG_XX.mp4,-0.5259,0.3005,-0.49635773718931325,0.5132173284413736
1012_ITS_ANG_XX.mp4,0.0811,0.0811,-0.23692049029295315,0.27235147434454665
1056_IOM_DIS_XX.mp4,-0.5337,0.61,-0.35818269485463916,0.4274123275836114
1043_IOM_DIS_XX.mp4,0.0703,0.0703,-0.015159863085058747,0.1343967992863163
1045_ITS_NEU_XX.mp4,0.0823,0.0823,-0.06904893017938445,0.12604030940628796
1050_ITS_NEU_XX.mp4,0.0769,0.0769,0.066730589302185,0.10750158650344564
1038_TAI_HAP_XX.mp4,0.6471,0.4853,-0.17638068164333048,0.38652797430502206
1090_MTI_ANG_XX.mp4,-0.5651,0.3229,-0.4103321592589237,0.33567987305051034
1085_MTI_ANG_XX.mp4,0.0781,0.0781,-0.012224264002712724,0.19665112950010755
1009_IEO_SAD_MD.mp4,0.0807,0.0807,-0.03851971623283141,0.10347765623209783
1048_IWL_SAD_XX.mp4,0.0795,0.0795,-0.02495682919508252,0.1204074317929332
1019_TAI_FEA_XX.mp4,-0.5216,0.6086,-0.04788908614685365,0.22972652216062156
1009_TSI_HAP_XX.mp4,0.0771,0.0771,-0.20480968746747263,0.3329058271281294
1018_IEO_SAD_HI.mp4,-0.4277,0.1426,-0.19141882854420603,0.16612507201048604
1028_TSI_FEA_XX.mp4,-0.498,0.581,-0.27071876428056885,0.41184746622245205
1088_IEO_DIS_MD.mp4,0.0791,0.0791,0.17263982449569534,0.16497002484514567
1060_ITS_FEA_XX.mp4,0.0786,0.0786,-0.10506405612104902,0.15746145090854607
1075_ITS_FEA_XX.mp4,0.0,0.0,-0.08617632402390989,0.13592854843876784
1041_ITS_HAP_XX.mp4,0.0738,0.0738,0.014676092551897274,0.1543637538907132
1054_ITS_HAP_XX.mp4,0.6929,0.5197,0.2612894583997832,0.4086872206347142
1069_IEO_ANG_MD.mp4,-0.5467,0.6248,-0.5233972888167199,0.4780295395528605
1028_IWL_ANG_XX.mp4,-0.5827,0.333,-0.6011191708794914,0.43563115227365384
1078_IEO_ANG_HI.mp4,-0.6557,0.7493,-0.5154695566259181,0.6329414443483273
1071_MTI_DIS_XX.mp4,0.0737,0.0737,0.06814189525823955,0.09753700065413137
1064_MTI_DIS_XX.mp4,0.0,0.0,-0.2001945048790005,0.14408909473622106
1067_ITS_SAD_XX.mp4,0.0896,0.0896,-0.04565186021710541,0.12952124837562803
1029_TAI_NEU_XX.mp4,0.0908,0.0908,0.0886592040986581,0.11473791280361897
1072_ITS_SAD_XX.mp4,0.0832,0.0832,0.0015252469029025347,0.28296681244421495
1018_TSI_NEU_XX.mp4,0.0861,0.0861,0.016111882272531568,0.12988425159429892
1044_TSI_DIS_XX.mp4,-0.5443,0.311,-0.4302472177137698,0.3853096156553372
1084_IWL_HAP_XX.mp4,0.0792,0.0792,-0.15775232514215004,0.2462076888826671
1091_IWL_HAP_XX.mp4,0.0833,0.0833,0.013403815839598866,0.12615233922898975
1051_TSI_DIS_XX.mp4,0.0,0.0,-0.1333215155026416,0.13558690384344987
1075_TAI_DIS_XX.mp4,0.0776,0.0776,0.03557792958292688,0.08801383716099247
1060_TAI_DIS_XX.mp4,-0.4633,0.1544,-0.11878754891983725,0.12857703790745326
1028_IOM_SAD_XX.mp4,-0.5025,0.1675,-0.15733415929823016,0.20442453953735892
1038_MTI_NEU_XX.mp4,0.0818,0.0818,-0.009228940168175227,0.08449331103845813
1066_IEO_DIS_HI.mp4,-0.4868,0.2782,-0.20807684875416202,0.17385051102977445
1073_IEO_DIS_HI.mp4,0.0749,0.0749,-0.06077579778529649,0.2458465472310357
1023_IWL_DIS_XX.mp4,0.0747,0.0747,-0.02244880312727964,0.1854479376489811
1036_IWL_DIS_XX.mp4,-0.5347,0.6111,-0.3517943190019988,0.320235264230494
1077_IEO_DIS_MD.mp4,0.0749,0.0749,0.05356282701889275,0.13763647797171952
1062_IEO_DIS_MD.mp4,0.0786,0.0786,0.06796408467506719,0.09818894080048085
1083_IEO_ANG_MD.mp4,-0.5161,0.5898,-0.3872672475693261,0.4859025503304283
1080_IWL_NEU_XX.mp4,0.0873,0.0873,-0.021678755943593735,0.11801046291834587
1087_IEO_ANG_HI.mp4,-0.6282,0.718,-0.5900464595312611,0.6857021465733745
1008_MTI_FEA_XX.mp4,0.0747,0.0747,-0.11276668132166688,0.3256984118363776
1029_MTI_HAP_XX.mp4,0.6204,0.4653,0.26562806509265713,0.40969192126251336
1081_TAI_ANG_XX.mp4,-0.5574,0.637,-0.4818563689182774,0.5190304523157071
1048_IOM_ANG_XX.mp4,-0.5868,0.6707,-0.3543399687039242,0.48791490208087546
1019_ITS_DIS_XX.mp4,-0.5262,0.3007,-0.10099091430652102,0.1802689469580928
1090_TIE_DIS_XX.mp4,0.0832,0.0832,-0.14189656514589877,0.15692947941893018
1081_WSI_SAD_XX.mp4,0.0858,0.0858,-0.03925004080989768,0.10099313789051045
1085_TIE_DIS_XX.mp4,0.0821,0.0821,-0.16881939362032253,0.2603259420510989
1038_IWW_SAD_XX.mp4,0.0,0.0,-0.05315005884321746,0.1274885317791707
1011_TIE_SAD_XX.mp4,0.0857,0.0857,-0.04516015502208066,0.10369138043695227
1015_WSI_DIS_XX.mp4,0.0733,0.0733,0.010068724064706377,0.11349923890572255
1004_TIE_SAD_XX.mp4,-0.4555,0.1518,-0.1630117842562681,0.15919892977457187
1086_WSI_FEA_XX.mp4,0.077,0.077,-0.16333589038776547,0.38372134827647675
1020_ITH_NEU_XX.mp4,0.0789,0.0789,-0.05926690159936209,0.11674769958197237
1035_ITH_NEU_XX.mp4,0.0815,0.0815,0.033293732150578674,0.08343595939045757
1062_ITH_ANG_XX.mp4,-0.5689,0.3251,-0.23801404247452676,0.38148012437191514
1077_ITH_ANG_XX.mp4,-0.5806,0.6636,-0.4187399413927753,0.43473733312630736
1044_IEO_DIS_LO.mp4,0.0,0.0,-0.08934536847371982,0.23877084941470175
1051_IEO_DIS_LO.mp4,0.0839,0.0839,-0.021352156516459126,0.13730794036426341
1037_TIE_HAP_XX.mp4,0.5911,0.4433,0.08015529674373555,0.45383622502421156
1022_TIE_HAP_XX.mp4,0.0758,0.0758,-0.17588251212517172,0.2763942864469908
1016_TIE_FEA_XX.mp4,-0.5674,0.6484,-0.27100028143353294,0.3806034534198605
1003_TIE_FEA_XX.mp4,-0.4572,0.5334,-0.4299712119582563,0.5458385835004653
1002_ITH_SAD_XX.mp4,0.0,0.0,-0.16318194040415523,0.15580538976218072
1017_ITH_SAD_XX.mp4,0.0765,0.0765,0.04181995984746497,0.07416838677590487
1011_IEO_NEU_XX.mp4,0.0784,0.0784,0.03150045318429594,0.1022995205500565
1004_IEO_NEU_XX.mp4,0.0781,0.0781,-0.07349905726642822,0.1389943923959979
1086_DFA_FEA_XX.mp4,-0.411,0.4795,-0.1589143431658227,0.3108070073765443
1083_ITH_DIS_XX.mp4,0.0,0.0,-0.12247241234026296,0.13481782919113847
1058_IWW_ANG_XX.mp4,-0.567,0.648,-0.4775902287868057,0.5783448854526114
1005_ITH_FEA_XX.mp4,-0.429,0.5005,-0.25986251777734515,0.36866644709936697
1010_ITH_FEA_XX.mp4,-0.4849,0.5657,-0.4247599496487538,0.5883709357473746
1024_ITH_HAP_XX.mp4,0.0836,0.0836,0.03979490178244204,0.1885919323345131
1015_DFA_DIS_XX.mp4,-0.5005,0.286,-0.09057186161397332,0.24985990669895025
1031_ITH_HAP_XX.mp4,0.0856,0.0856,0.009035400929835232,0.111734174204998
1033_TIE_NEU_XX.mp4,0.0862,0.0862,0.011951226294719714,0.1007927303705463
1026_TIE_NEU_XX.mp4,0.0,0.0,-0.03717420815530374,0.09791541723965062
1081_DFA_SAD_XX.mp4,0.0779,0.0779,0.019799390197507902,0.07364699170410532
1071_TIE_ANG_XX.mp4,-0.574,0.656,-0.2802081250440007,0.3908864313265
1064_TIE_ANG_XX.mp4,-0.6678,0.7632,-0.6096057056456845,0.6742753491880104
1029_WSI_HAP_XX.mp4,0.0,0.0,-0.005253297210564711,0.3060218229446665
1085_IWW_HAP_XX.mp4,0.0,0.0,0.013713913455527495,0.12748023288535187
1090_IWW_HAP_XX.mp4,0.0781,0.0781,0.08078784110540882,0.09544397245841285
1078_IEO_HAP_LO.mp4,0.0838,0.0838,-0.007721518599753437,0.07808802748810974
1059_IEO_FEA_LO.mp4,0.0732,0.0732,-0.07111530163735225,0.12179891112959236
1038_DFA_NEU_XX.mp4,0.0722,0.0722,0.01853605618653747,0.13048927586098769
1022_IWW_DIS_XX.mp4,-0.5757,0.658,-0.2815865372033191,0.29995751149887384
1037_IWW_DIS_XX.mp4,-0.4054,0.4729,-0.2615635869462979,0.2459402044982413
1038_WSI_NEU_XX.mp4,0.0773,0.0773,-0.23299654592503893,0.18585019575044137
1081_IWW_NEU_XX.mp4,0.0818,0.0818,0.0041168919230943355,0.10480795093327168
1018_ITH_DIS_XX.mp4,0.0765,0.0765,-0.05151906372755522,0.11702825674224042
1029_DFA_HAP_XX.mp4,0.658,0.4935,0.3639880809152138,0.45396670930818256
1008_DFA_FEA_XX.mp4,-0.5033,0.5872,-0.32792277485588617,0.5091908148338391
1039_IWL_SAD_XX.mp4,-0.4833,0.1611,0.020273572154916406,0.07339624668051135
1068_TAI_FEA_XX.mp4,0.0698,0.0698,-0.06765243806569371,0.11636988445786521
1078_IEO_SAD_MD.mp4,0.0,0.0,0.001974553971987049,0.09179009180523699
1049_TAI_HAP_XX.mp4,-0.4479,0.5225,-0.25456175230384387,0.48050646295783456
1059_TSI_FEA_XX.mp4,-0.5228,0.6099,-0.4241967766443321,0.5747692294630539
1069_IEO_SAD_HI.mp4,0.0791,0.0791,-0.08547316133547411,0.21870216020646926
1078_TSI_HAP_XX.mp4,0.6496,0.4872,0.07864628343936768,0.4706147750577841
1080_IOM_HAP_XX.mp4,0.0784,0.0784,-0.008089511518755726,0.18742917065642697
1063_ITS_ANG_XX.mp4,0.0817,0.0817,-0.06572814514389042,0.2041474568390026
1076_ITS_ANG_XX.mp4,-0.5132,0.2933,-0.34521305186573026,0.2457824082907253
1021_ITS_NEU_XX.mp4,0.0736,0.0736,-0.15677425222278718,0.1839619320588155
1034_ITS_NEU_XX.mp4,0.0787,0.0787,0.006856026484368966,0.0974342055044389
1032_IOM_DIS_XX.mp4,0.0742,0.0742,-0.0029777652824310055,0.10900340801927909
1027_IOM_DIS_XX.mp4,0.0765,0.0765,0.020249602260056197,0.2049240897464433
1086_MTI_FEA_XX.mp4,0.0735,0.0735,0.047706658440663414,0.1508963750435963
1058_TAI_NEU_XX.mp4,0.0875,0.0875,-0.16197910480262856,0.19483326160008607
1003_ITS_SAD_XX.mp4,-0.459,0.153,-0.19957733077713538,0.18425224640351798
1016_ITS_SAD_XX.mp4,0.0803,0.0803,-0.20264221163420332,0.19395492929500574
1082_ITS_DIS_XX.mp4,0.0702,0.0702,-0.08607935759218399,0.14270359308013217
1069_TSI_NEU_XX.mp4,0.0797,0.0797,-0.08908037215310724,0.1691046702739528
1091_IOM_NEU_XX.mp4,0.0823,0.0823,0.12371386968126279,0.07521121353346495
1084_IOM_NEU_XX.mp4,0.0857,0.0857,0.10928218993566256,0.14058349591107897
1025_ITS_HAP_XX.mp4,0.077,0.077,-0.03780282324222228,0.2122400878578985
1030_ITS_HAP_XX.mp4,0.0786,0.0786,0.015360979478474606,0.25771878646829166
1004_ITS_FEA_XX.mp4,-0.4716,0.5502,-0.1912451916550677,0.27557425761734344
1011_ITS_FEA_XX.mp4,0.0778,0.0778,-0.03892675273397649,0.13958785556014003
1059_IWL_ANG_XX.mp4,-0.6121,0.6996,-0.5414266516870645,0.6479218736063205
1018_IEO_ANG_MD.mp4,-0.5194,0.2968,-0.27233052275161584,0.30851502187169766
1081_MTI_SAD_XX.mp4,0.0,0.0,-0.027450081445488855,0.08189375676582582
1015_MTI_DIS_XX.mp4,-0.558,0.6377,-0.04748058560140725,0.11033532628957708
1009_IEO_ANG_HI.mp4,-0.6398,0.7312,-0.6347800353828357,0.7211094297711145
1007_TAI_ANG_XX.mp4,-0.5491,0.6276,-0.3405203834234293,0.44561622069618556
1012_TAI_ANG_XX.mp4,0.0824,0.0824,-0.0824749428377962,0.2687972138079332
1045_TAI_NEU_XX.mp4,0.0837,0.0837,0.03332402697345236,0.11798894388759201
1050_TAI_NEU_XX.mp4,0.085,0.085,0.09511321716002151,0.11103246163599499
1074_TSI_NEU_XX.mp4,0.0861,0.0861,-0.07906457044637007,0.13430787614928993
1061_TSI_NEU_XX.mp4,0.0862,0.0862,-0.08271245580415622,0.14249770009269355
1036_TSI_ANG_XX.mp4,0.0,0.0,-0.5239205152811618,0.47915433172089894
1023_TSI_ANG_XX.mp4,0.0,0.0,-0.5440043038687297,0.5735047143414295
1013_IWL_NEU_XX.mp4,0.0821,0.0821,0.06441356978193015,0.10582113277487022
1019_ITS_FEA_XX.mp4,-0.517,0.6032,-0.1523577831802102,0.2170883854778529
1006_IWL_NEU_XX.mp4,0.0843,0.0843,-0.043658421546131074,0.11325421956177348
1038_ITS_HAP_XX.mp4,0.6132,0.4599,-0.06623452971284907,0.3717217516711271
1089_MTI_SAD_XX.mp4,-0.4843,0.1614,-0.10805517036939583,0.19451176350322802
1005_IEO_ANG_MD.mp4,0.0,0.0,-0.19107376342812046,0.2440333659542934
1010_IEO_ANG_MD.mp4,-0.5645,0.3226,-0.5009207550821297,0.48744746304339515
1051_IWL_ANG_XX.mp4,0.0,0.0,-0.44598818657375644,0.3629298683088637
1044_IWL_ANG_XX.mp4,-0.6051,0.3458,-0.5661035333475023,0.5399231983022601
1014_IEO_ANG_HI.mp4,-0.644,0.736,-0.6965122686095688,0.7500094862782053
1001_IEO_ANG_HI.mp4,-0.6071,0.3469,-0.4222231141883762,0.37594655113543113
1008_MTI_DIS_XX.mp4,0.0,0.0,-0.1748225121354587,0.2775811504736649
1041_TAI_HAP_XX.mp4,0.0814,0.0814,-0.03434314595860565,0.11873818875529465
1065_IEO_SAD_MD.mp4,0.0803,0.0803,0.0051459344672205,0.0912805028232168
1070_IEO_SAD_MD.mp4,0.0852,0.0852,-0.07834495382745527,0.11112145575283978
1054_TAI_HAP_XX.mp4,0.6232,0.4674,0.14666561864340785,0.27949633055583417
1031_IWL_SAD_XX.mp4,0.0873,0.0873,-0.02190847776903615,0.08354189358784155
1060_TAI_FEA_XX.mp4,-0.4883,0.1628,-0.14789397615259617,0.17023406047942344
1075_TAI_FEA_XX.mp4,0.0781,0.0781,-0.020407129853815625,0.10998229892778116
1024_IWL_SAD_XX.mp4,0.0755,0.0755,-0.009784379811891042,0.0803484593024986
1070_TSI_HAP_XX.mp4,0.5896,0.4422,-0.043060713128308795,0.25762662093095273
1088_IOM_HAP_XX.mp4,0.0732,0.0732,0.08667502400747883,0.06654620346731784
1074_IEO_SAD_HI.mp4,-0.5064,0.1688,-0.0863053732993782,0.17811612237556676
1061_IEO_SAD_HI.mp4,0.0771,0.0771,0.10682704257979453,0.08131279913153143
1065_TSI_HAP_XX.mp4,-0.4691,0.5473,-0.05812450053009039,0.2541314704406844
1051_TSI_FEA_XX.mp4,-0.4836,0.5642,-0.4194387298085413,0.5005771974214585
1044_TSI_FEA_XX.mp4,-0.4923,0.5743,-0.48810540744706465,0.5414794914201186
1017_IWL_HAP_XX.mp4,0.0828,0.0828,-0.016528461343785474,0.1980548646975214
1062_IEO_FEA_MD.mp4,-0.4673,0.1558,-0.06820424198188253,0.10054261282790283
1077_IEO_FEA_MD.mp4,0.0796,0.0796,0.03346839395249997,0.09089181053034415
1002_IWL_HAP_XX.mp4,0.0793,0.0793,-0.09126663566885237,0.18535054526431563
1043_IEO_HAP_MD.mp4,0.6228,0.4671,0.21739689479018565,0.3403450270620798
1067_TAI_SAD_XX.mp4,0.0749,0.0749,-0.0815707636158751,0.0944531898283662
1036_IWL_FEA_XX.mp4,0.0,0.0,-0.19191415322913669,0.14223098795469077
1023_IWL_FEA_XX.mp4,0.0767,0.0767,-0.2231608775544374,0.3337686580524905
1072_TAI_SAD_XX.mp4,0.0764,0.0764,-0.0833330492421895,0.1674285331767839
1029_ITS_NEU_XX.mp4,0.0774,0.0774,-0.007753271869594284,0.18722335492290482
1056_IEO_HAP_MD.mp4,0.6489,0.4867,0.20961757048148724,0.1184058098453596
1073_IEO_FEA_HI.mp4,-0.4277,0.499,-0.3548132382594791,0.426926375863009
1066_IEO_FEA_HI.mp4,-0.5481,0.6264,-0.3792457684071919,0.3640647562577474
1052_IEO_HAP_HI.mp4,0.612,0.459,0.05371026478665836,0.51215622294518
1056_TSI_SAD_XX.mp4,0.0745,0.0745,0.03763978019208336,0.14921483109445796
1043_TSI_SAD_XX.mp4,0.0874,0.0874,0.0012372596046047112,0.11801593611521734
1047_IEO_HAP_HI.mp4,-0.5621,0.6424,-0.07172140594404829,0.23382781084025173
1083_ITH_FEA_XX.mp4,0.0756,0.0756,-0.07624159738520297,0.13403760694762187
1089_IWW_NEU_XX.mp4,-0.47,0.5483,-0.08900794061467998,0.17434491258794874
1030_WSI_NEU_XX.mp4,0.0828,0.0828,-0.07857635265187475,0.12027898354228068
1086_DFA_DIS_XX.mp4,-0.5635,0.322,0.0039522780984008275,0.2038425392815197
1025_WSI_NEU_XX.mp4,0.0781,0.0781,-0.16541708903957986,0.2014025984944545
1072_WSI_ANG_XX.mp4,-0.5195,0.5937,-0.34114687644446645,0.4880471846805282
1067_WSI_ANG_XX.mp4,-0.6433,0.7352,-0.5391629822070825,0.5733856106907785
1007_DFA_SAD_XX.mp4,0.0819,0.0819,0.056418274002811006,0.10073650440522616
1012_DFA_SAD_XX.mp4,0.0709,0.0709,-0.08832843578532061,0.15467393928119877
1082_IEO_NEU_XX.mp4,0.0854,0.0854,0.026664342930467863,0.08306455290038024
1091_ITH_SAD_XX.mp4,0.0,0.0,-0.06049130150467655,0.12120898750544998
1084_ITH_SAD_XX.mp4,0.0822,0.0822,-0.056609344857430244,0.1534816093556512
1036_IEO_ANG_LO.mp4,-0.4854,0.2774,-0.16067657282888226,0.28712905581200765
1015_DFA_FEA_XX.mp4,0.0,0.0,-0.01183207977793792,0.16386040258519227
1023_IEO_ANG_LO.mp4,0.0844,0.0844,-0.1572868862677388,0.19786776054321725
1010_ITH_DIS_XX.mp4,-0.5464,0.3122,-0.2665696641833683,0.2505006068418693
1021_DFA_HAP_XX.mp4,0.0839,0.0839,-0.029140171979445427,0.11617068969065389
1034_DFA_HAP_XX.mp4,0.0734,0.0734,0.10378050243470857,0.21192352459535727
1005_ITH_DIS_XX.mp4,0.0668,0.0668,-0.13959433482578612,0.28229855957963046
1015_WSI_FEA_XX.mp4,0.0,0.0,-0.08303454272512653,0.20509046699478242
1034_WSI_HAP_XX.mp4,0.0,0.0,-0.1428215191913189,0.23595084403374647
1021_WSI_HAP_XX.mp4,0.074,0.074,-0.11214702554022313,0.1430669174247625
1085_TIE_FEA_XX.mp4,0.0736,0.0736,-0.048738445005890044,0.11466933712251437
1090_TIE_FEA_XX.mp4,0.0809,0.0809,-0.004693739810543628,0.07311514908949626
1056_IEO_SAD_LO.mp4,0.084,0.084,0.058224248964822235,0.06339856291531049
1043_IEO_SAD_LO.mp4,0.0856,0.0856,0.01914039607272827,0.10078954938290238
1012_WSI_SAD_XX.mp4,0.0731,0.0731,-0.16953691377643754,0.1542523727584801
1003_TIE_DIS_XX.mp4,-0.5285,0.604,-0.34732444926583383,0.32840995406586715
1007_WSI_SAD_XX.mp4,-0.4536,0.1512,-0.07875395512407225,0.10419938715488325
1016_TIE_DIS_XX.mp4,0.0,0.0,-0.28164841140985797,0.30908355481594735
1051_IEO_FEA_LO.mp4,0.0736,0.0736,0.030014747943659877,0.08794761819553153
1067_DFA_ANG_XX.mp4,0.0851,0.0851,-0.043561153646361,0.22561363661149234
1072_DFA_ANG_XX.mp4,-0.5141,0.5876,-0.22016042476978842,0.3505363446595435
1044_IEO_FEA_LO.mp4,0.0824,0.0824,-0.03562463150889657,0.12745908352056595
1070_IEO_HAP_LO.mp4,0.0858,0.0858,0.07876180335465548,0.10995351657739906
1065_IEO_HAP_LO.mp4,0.0821,0.0821,0.07293027581021091,0.06577100108202447
1082_TIE_SAD_XX.mp4,-0.4346,0.1449,-0.2492464294701061,0.24952672620538524
1025_DFA_NEU_XX.mp4,0.0796,0.0796,-0.08010156816661891,0.14380066972362684
1030_DFA_NEU_XX.mp4,0.0754,0.0754,0.05567879804100678,0.07823653573250032
1086_WSI_DIS_XX.mp4,0.0,0.0,-0.13993722333363462,0.17559296037449687
1019_IEO_NEU_XX.mp4,0.0811,0.0811,0.029008487351835307,0.08671642202840903
1050_IWW_ANG_XX.mp4,0.0,0.0,-0.18053163893693644,0.27484351830441894
1045_IWW_ANG_XX.mp4,0.076,0.076,-0.03326166361015365,0.16259303236184916
1008_DFA_DIS_XX.mp4,-0.5215,0.596,-0.28278194300359855,0.3681071189721701
1039_ITH_HAP_XX.mp4,0.6102,0.4577,-0.13320178604751115,0.4869384256280177
1012_IWW_NEU_XX.mp4,0.0702,0.0702,-0.05264478085099207,0.13219430652472244
1018_ITH_FEA_XX.mp4,0.0928,0.0928,-0.08552818954586269,0.2786143433199382
1007_IWW_NEU_XX.mp4,0.076,0.076,-0.06237982372728629,0.10678742503079251
1089_DFA_SAD_XX.mp4,0.0757,0.0757,0.010962557366395176,0.15394466914368293
1079_TIE_ANG_XX.mp4,-0.6422,0.734,-0.6396544127000153,0.6791501763448937
1030_IWW_SAD_XX.mp4,-0.4371,0.51,-0.07485940612622685,0.14614642048637455
1025_IWW_SAD_XX.mp4,-0.457,0.5332,-0.06573081849202839,0.15661418354087775
1089_WSI_SAD_XX.mp4,-0.4686,0.1562,-0.16445573105691105,0.15570412840773193
1019_TIE_SAD_XX.mp4,-0.4311,0.503,-0.06032381438739717,0.20456948467524388
1037_IWW_FEA_XX.mp4,-0.4451,0.5193,-0.15950034116190123,0.20373888781333094
1022_IWW_FEA_XX.mp4,-0.4313,0.5032,-0.0073006679643557925,0.13267001754206184
1028_ITH_NEU_XX.mp4,0.075,0.075,-0.08539107793686702,0.11643409719448514
1016_IWW_HAP_XX.mp4,0.0879,0.0879,-0.07368657821666481,0.2138934793562221
1003_IWW_HAP_XX.mp4,0.7244,0.5433,0.08185285251837425,0.3620560778796453
1059_IEO_DIS_LO.mp4,-0.5722,0.327,-0.25984130415563844,0.22315941791337984
1007_MTI_SAD_XX.mp4,0.077,0.077,-0.023429607252524864,0.09768063703017701
1012_MTI_SAD_XX.mp4,-0.5187,0.1729,-0.07896324949131973,0.1267630149545155
1082_ITS_FEA_XX.mp4,0.0758,0.0758,-0.166961275624354,0.25037542037239885
1088_IWL_NEU_XX.mp4,0.0799,0.0799,0.06360746221528314,0.11084180455159354
1086_MTI_DIS_XX.mp4,0.077,0.077,0.060394300310821054,0.11599594905419008
1090_ITS_SAD_XX.mp4,0.0,0.0,-0.10489226305655512,0.17023160157679088
1085_ITS_SAD_XX.mp4,0.0717,0.0717,0.0077198280342327605,0.10484847932336999
1021_MTI_HAP_XX.mp4,0.076,0.076,-0.07003138843458966,0.13064038902842542
1089_TAI_ANG_XX.mp4,-0.5864,0.6702,-0.6378707227696518,0.6922683854091345
1034_MTI_HAP_XX.mp4,0.0,0.0,0.029886489193969336,0.1737647487004577
1015_MTI_FEA_XX.mp4,0.076,0.076,-0.07738564536127505,0.1522223396480712
1040_IOM_ANG_XX.mp4,0.0804,0.0804,-0.06848055592306428,0.2433958505745116
1055_IOM_ANG_XX.mp4,0.0,0.0,-0.018894400279984146,0.14299075127134644
1011_ITS_DIS_XX.mp4,0.0874,0.0874,-0.06237165606516936,0.15827375576188227
1004_ITS_DIS_XX.mp4,-0.5386,0.3078,-0.20595465450026654,0.2111091952144905
1002_IOM_NEU_XX.mp4,0.0793,0.0793,0.02193091847120588,0.08226304635797055
1017_IOM_NEU_XX.mp4,0.0791,0.0791,0.026502154833495915,0.08208447670998002
1059_TSI_DIS_XX.mp4,0.0744,0.0744,-0.14157452572032775,0.20937540069262933
1020_IOM_SAD_XX.mp4,0.0,0.0,-0.01783911842827887,0.10119855375387093
1035_IOM_SAD_XX.mp4,0.0708,0.0708,0.01467985338973987,0.11403033436556416
1068_TAI_DIS_XX.mp4,0.0,0.0,-0.12024632240116587,0.126928991905616
1025_MTI_NEU_XX.mp4,0.0753,0.0753,-0.08272306321656375,0.11970198215617224
1030_MTI_NEU_XX.mp4,0.0808,0.0808,-0.00041228503857645824,0.09939816829672607
1067_MTI_ANG_XX.mp4,0.0828,0.0828,-0.21302870415611472,0.34475512241199985
1072_MTI_ANG_XX.mp4,0.0781,0.0781,-0.14356467799243539,0.2498261406699581
1027_IOM_FEA_XX.mp4,0.0869,0.0869,-0.010199779599284007,0.12296895393519358
1032_IOM_FEA_XX.mp4,0.0791,0.0791,-0.05763173322533266,0.10644270699049248
1006_IOM_HAP_XX.mp4,0.6032,0.4524,0.29245880439125416,0.24166441325945157
1013_IOM_HAP_XX.mp4,0.6693,0.502,0.09340121830657223,0.3596059361099956
1049_ITS_HAP_XX.mp4,0.712,0.534,-0.07989468994512679,0.5292406247989251
1077_IWL_NEU_XX.mp4,0.0859,0.0859,-0.008977989571234636,0.14375834472805785
1062_IWL_NEU_XX.mp4,0.0826,0.0826,0.009567809511849023,0.11323406077363171
1068_ITS_FEA_XX.mp4,0.0753,0.0753,-0.03672214502287035,0.12174520855005201
1035_IWL_ANG_XX.mp4,-0.504,0.288,-0.5189758565993289,0.4861715370346292
1020_IWL_ANG_XX.mp4,-0.5191,0.5932,-0.3104384035225135,0.3911628899189752
1061_IEO_ANG_MD.mp4,-0.5748,0.6569,-0.49092123506422647,0.4451440221167073
1074_IEO_ANG_MD.mp4,0.6935,0.5201,0.24263776809173834,0.48964711144665496
1079_MTI_DIS_XX.mp4,0.0738,0.0738,-0.07683535281752178,0.17926457933776824
1070_IEO_ANG_HI.mp4,-0.553,0.632,-0.5979211511658155,0.6735148515004712
1065_IEO_ANG_HI.mp4,-0.6426,0.7344,-0.5320548239927883,0.7125236039164349
1063_TAI_ANG_XX.mp4,-0.5705,0.326,0.06129844503635721,0.48845155982716343
1076_TAI_ANG_XX.mp4,-0.5273,0.6027,-0.29079562023510996,0.31306381597238114
1021_TAI_NEU_XX.mp4,0.08,0.08,-0.07942881514350071,0.16986974106619365
1034_TAI_NEU_XX.mp4,0.0816,0.0816,0.05182839421277323,0.08707443514312938
1010_TSI_NEU_XX.mp4,0.0774,0.0774,-0.09014752446017102,0.15537947857682713
1005_TSI_NEU_XX.mp4,0.0878,0.0878,-0.06081064648908325,0.14818523146473267
1052_TSI_ANG_XX.mp4,-0.488,0.5693,-0.576489989615303,0.6377337836140115
1047_TSI_ANG_XX.mp4,-0.5719,0.6536,-0.45535013421563436,0.6135300525522043
1027_IEO_HAP_MD.mp4,0.0877,0.0877,0.06309202254448891,0.14415801788295457
1052_IWL_FEA_XX.mp4,0.0767,0.0767,-0.07732463537789487,0.18204131691634473
1003_TAI_SAD_XX.mp4,-0.4815,0.1605,-0.141048679884581,0.15906679669004062
1058_ITS_NEU_XX.mp4,0.0843,0.0843,-0.11406020536180696,0.1712696436880203
1016_TAI_SAD_XX.mp4,-0.5443,0.311,-0.11212139073015935,0.14315671052333967
1047_IWL_FEA_XX.mp4,0.0774,0.0774,0.012865624202066113,0.22482887564128573
1032_IEO_HAP_MD.mp4,0.0799,0.0799,0.1040865215429288,0.1849457061892094
1073_IWL_HAP_XX.mp4,0.0778,0.0778,-0.019321617818207525,0.13693281498123153
1006_IEO_FEA_MD.mp4,0.0828,0.0828,0.0005248793264972433,0.09532877945289335
1013_IEO_FEA_MD.mp4,0.0817,0.0817,-0.052556360418143724,0.13291303668627993
1066_IWL_HAP_XX.mp4,0.0827,0.0827,0.04387193238894109,0.09672740066215636
1036_IEO_HAP_HI.mp4,-0.4406,0.5141,-0.48017455712700036,0.44167506500592313
1032_TSI_SAD_XX.mp4,0.0,0.0,0.028665287381308115,0.07259463349147849
1027_TSI_SAD_XX.mp4,0.0,0.0,-0.08460924919305063,0.14394797813952262
1023_IEO_HAP_HI.mp4,0.6976,0.5232,0.0999333099271712,0.2897360368789724
1082_TAI_DIS_XX.mp4,0.0836,0.0836,-0.12916768790183525,0.16331586305318632
1017_IEO_FEA_HI.mp4,-0.4533,0.1511,-0.11691269165475783,0.17484588320536226
1002_IEO_FEA_HI.mp4,-0.5175,0.6038,-0.40100827056887245,0.4778081498711954
1004_TAI_FEA_XX.mp4,0.0756,0.0756,-0.17349919150850537,0.1475906518193865
1091_IEO_DIS_HI.mp4,-0.5201,0.5944,-0.45920008763727377,0.5456634278303921
1055_IWL_SAD_XX.mp4,0.0773,0.0773,-0.00818525874224205,0.09726700883233742
1040_IWL_SAD_XX.mp4,0.0777,0.0777,-0.023228336774303172,0.09028736303737092
1011_TAI_FEA_XX.mp4,0.0,0.0,-0.05573915903449835,0.14647625413497228
1084_IEO_DIS_HI.mp4,0.0726,0.0726,-0.09313280780021704,0.18684280241790557
1025_TAI_HAP_XX.mp4,0.598,0.4485,-0.025768905205246394,0.26860546731985546
1001_IEO_SAD_MD.mp4,0.0702,0.0702,0.08434488156464222,0.08613046303065602
1014_IEO_SAD_MD.mp4,0.0816,0.0816,0.020578824063864957,0.1044345809123328
1030_TAI_HAP_XX.mp4,0.0,0.0,0.11567727336616128,0.12055941982644602
1080_IEO_DIS_MD.mp4,-0.5162,0.295,-0.21348008674027913,0.20400428761773948
1035_TSI_FEA_XX.mp4,0.0746,0.0746,-0.2532465189007069,0.33278441731524083
1020_TSI_FEA_XX.mp4,-0.4416,0.5152,-0.2383303247085209,0.3642887522753348
1014_TSI_HAP_XX.mp4,-0.4385,0.5116,-0.2054080595819432,0.4128723860885816
1010_IEO_SAD_HI.mp4,-0.5285,0.302,-0.19827643116345584,0.20335002751284909
1005_IEO_SAD_HI.mp4,0.0811,0.0811,0.011178149341379857,0.10167665847022152
1001_TSI_HAP_XX.mp4,-0.4747,0.5538,-0.22279839829901835,0.4663264445668859
1045_DFA_HAP_XX.mp4,0.0809,0.0809,0.057327698361042234,0.10780816488846531
1074_ITH_DIS_XX.mp4,0.0764,0.0764,-0.011530496010288514,0.2880243793509464
1061_ITH_DIS_XX.mp4,0.0736,0.0736,0.008012338062713594,0.12313042565678828
1050_DFA_HAP_XX.mp4,0.0,0.0,0.048575429211453046,0.18767423683816356
1064_DFA_FEA_XX.mp4,-0.5287,0.6169,-0.34853959997234707,0.506393211394201
1052_IEO_ANG_LO.mp4,-0.6104,0.6976,-0.20560570610155934,0.37749800074913853
1047_IEO_ANG_LO.mp4,-0.527,0.6023,-0.2936728660325361,0.45108728348032867
1071_DFA_FEA_XX.mp4,0.0802,0.0802,0.0696727961207232,0.08766828614536906
1054_WSI_NEU_XX.mp4,0.076,0.076,-0.08682812935603373,0.13165268229928043
1041_WSI_NEU_XX.mp4,0.0732,0.0732,0.012310599719427273,0.09294733060963968
1016_WSI_ANG_XX.mp4,-0.6272,0.7168,-0.6162237276532301,0.6711448180894372
1003_WSI_ANG_XX.mp4,-0.6603,0.7547,-0.6281568856824334,0.6540926613684245
1086_TIE_ANG_XX.mp4,-0.581,0.664,-0.4944126069292423,0.6388786988156582
1063_DFA_SAD_XX.mp4,0.0,0.0,0.03956366433953596,0.07007878494759445
1076_DFA_SAD_XX.mp4,0.0828,0.0828,0.008796899302304451,0.09852767908767625
1076_WSI_SAD_XX.mp4,0.0736,0.0736,-0.11689740948990672,0.1442150653739946
1067_TIE_DIS_XX.mp4,-0.4512,0.1504,-0.01315106110849829,0.08532375010020278
1063_WSI_SAD_XX.mp4,0.0759,0.0759,-0.05703457718728824,0.08905731314812727
1072_TIE_DIS_XX.mp4,0.0733,0.0733,0.06919199718491703,0.14075307182000654
1014_IEO_HAP_LO.mp4,0.0795,0.0795,0.016513145392208876,0.18601640870229716
1001_IEO_HAP_LO.mp4,0.081,0.081,0.15662453714533553,0.07246025133178025
1003_DFA_ANG_XX.mp4,-0.6191,0.7075,-0.6204779086987053,0.6433948812933348
1035_IEO_FEA_LO.mp4,0.0808,0.0808,0.018081585559474336,0.09626555654857638
1020_IEO_FEA_LO.mp4,-0.4547,0.1516,0.012557563103562357,0.1103250665817599
1016_DFA_ANG_XX.mp4,-0.6141,0.7018,-0.5572850649547404,0.6730204370763958
1041_DFA_NEU_XX.mp4,0.0831,0.0831,0.1178855338948646,0.05007715097763407
1054_DFA_NEU_XX.mp4,0.0861,0.0861,0.01880272033955639,0.11694384937681007
1080_ITH_ANG_XX.mp4,-0.568,0.6492,-0.5674362953959149,0.573776235087918
1050_WSI_HAP_XX.mp4,-0.5347,0.6111,-0.3234319523407946,0.4312316706563539
1045_WSI_HAP_XX.mp4,0.0789,0.0789,-0.10263638377166773,0.18036954164164382
1071_WSI_FEA_XX.mp4,0.5845,0.4384,-0.1592402184315425,0.39604080986424617
1064_WSI_FEA_XX.mp4,-0.4875,0.5687,-0.44067201692197133,0.41196942083592325
1032_IEO_SAD_LO.mp4,0.0774,0.0774,0.02407049623798842,0.08729828873790099
1027_IEO_SAD_LO.mp4,0.0833,0.0833,0.004211317118284663,0.11676808241636431
1034_IWW_ANG_XX.mp4,-0.441,0.5145,0.00821969107209269,0.15220762899239504
1021_IWW_ANG_XX.mp4,-0.5614,0.6416,-0.23649027444359158,0.37796579722575907
1076_IWW_NEU_XX.mp4,0.0753,0.0753,-0.03094087129875419,0.18781875446970958
1063_IWW_NEU_XX.mp4,0.0856,0.0856,-0.02781348464393408,0.12256141419292911
1069_ITH_FEA_XX.mp4,-0.443,0.5168,-0.15076296919313456,0.17975234940928816
1079_DFA_DIS_XX.mp4,0.0819,0.0819,-0.03231819008691129,0.2027703180803193
1048_ITH_HAP_XX.mp4,0.0857,0.0857,-0.009461899747695594,0.1219406506423979
1008_TIE_ANG_XX.mp4,-0.6258,0.7152,-0.5731474230129087,0.61997330844035
1068_IEO_NEU_XX.mp4,0.0834,0.0834,0.028016072679031796,0.09681456111942197
1072_IWW_HAP_XX.mp4,0.6138,0.4603,0.32536934760195124,0.43862667962230323
1067_IWW_HAP_XX.mp4,0.0871,0.0871,0.024775501887893008,0.1369690749593401
1053_IWW_FEA_XX.mp4,-0.483,0.5635,-0.20066423574691444,0.4142034506895122
1059_ITH_NEU_XX.mp4,0.0795,0.0795,-0.03867018710875031,0.19237665298197976
1046_IWW_FEA_XX.mp4,0.0747,0.0747,0.003940853922327504,0.08602002616452381
1028_IEO_DIS_LO.mp4,0.0719,0.0719,0.011140662712916622,0.08163772359860537
1054_IWW_SAD_XX.mp4,0.0,0.0,-0.02715384726938207,0.1622661960860024
1041_IWW_SAD_XX.mp4,0.0709,0.0709,-0.04678944456645786,0.10393010008614395
1079_WSI_DIS_XX.mp4,-0.4557,0.1519,-0.18925621923057134,0.2861644201410536
1068_TIE_SAD_XX.mp4,0.0811,0.0811,-0.03074544642101528,0.08439701119409437
1064_MTI_FEA_XX.mp4,-0.4347,0.5071,-0.18902372487291466,0.3033948101737369
1071_MTI_FEA_XX.mp4,0.0806,0.0806,0.020309296727201675,0.12599392090127515
1045_MTI_HAP_XX.mp4,0.0837,0.0837,-0.05096437885031467,0.21371685561966355
1050_MTI_HAP_XX.mp4,0.0874,0.0874,0.07108153257127685,0.09971486528411262
1024_IOM_ANG_XX.mp4,-0.4816,0.2752,-0.006027611941162931,0.17880837272145836
1031_IOM_ANG_XX.mp4,0.0801,0.0801,-0.006655838902602356,0.1257549108479908
1066_IOM_NEU_XX.mp4,0.0782,0.0782,0.07321760683469586,0.0898548068701659
1073_IOM_NEU_XX.mp4,0.0808,0.0808,-0.004915467029460283,0.09060766572656025
1075_ITS_DIS_XX.mp4,0.0778,0.0778,-0.016850308430062695,0.11014590374599685
1060_ITS_DIS_XX.mp4,0.0799,0.0799,-0.05574759567738794,0.1363416680228037
1063_MTI_SAD_XX.mp4,0.0737,0.0737,-0.027282090453785077,0.10828554815896224
1076_MTI_SAD_XX.mp4,0.0759,0.0759,-0.10536087807185578,0.15244140249323768
1041_MTI_NEU_XX.mp4,0.0821,0.0821,0.01542270886773328,0.07896357006696922
1054_MTI_NEU_XX.mp4,0.0765,0.0765,0.011326698324596334,0.10481166452438882
1003_MTI_ANG_XX.mp4,-0.5894,0.6736,-0.6460869401404907,0.6543570794169626
1016_MTI_ANG_XX.mp4,-0.6069,0.6936,-0.39795993877381397,0.5769464550980479
1062_IOM_HAP_XX.mp4,0.0804,0.0804,0.27830532655193535,0.10681289863490648
1077_IOM_HAP_XX.mp4,0.0761,0.0761,0.013309734753585437,0.11548061881353633
1043_IOM_FEA_XX.mp4,0.0834,0.0834,0.037664636549546084,0.15956498278518547
1056_IOM_FEA_XX.mp4,0.0744,0.0744,0.046645728648872425,0.07314386799340651
1088_IEO_FEA_MD.mp4,0.0739,0.0739,0.039384266869221043,0.0885297238984644
1028_TSI_DIS_XX.mp4,0.0,0.0,-0.04170832046287284,0.09311559394592728
1081_ITS_ANG_XX.mp4,0.0717,0.0717,-0.16423929587647085,0.31030778920355345
1019_TAI_DIS_XX.mp4,-0.5642,0.3224,-0.17965348360173716,0.21711525640983184
1044_IOM_SAD_XX.mp4,0.0763,0.0763,0.03569062094430814,0.08576358423389956
1051_IOM_SAD_XX.mp4,0.0819,0.0819,0.06760298384210837,0.09633791694037223
1048_TSI_ANG_XX.mp4,-0.5475,0.6257,-0.40366824410422436,0.39737999939556146
1079_TAI_ANG_XX.mp4,-0.5499,0.6284,-0.4214342235752758,0.5205223121502337
1075_ITS_SAD_XX.mp4,0.0816,0.0816,0.0119110386107547,0.09008371166295571
1060_ITS_SAD_XX.mp4,-0.457,0.1523,-0.1110007139097199,0.15543441485468312
1063_MTI_DIS_XX.mp4,0.0792,0.0792,-0.04879441706069115,0.13431039321632643
1076_MTI_DIS_XX.mp4,0.0791,0.0791,-0.10405769905257853,0.11507415584082586
1053_ITS_HAP_XX.mp4,0.6465,0.4849,-0.12839787494228233,0.3953400997247654
1046_ITS_HAP_XX.mp4,0.7018,0.5263,0.22841245144752736,0.34226795979315955
1078_IWL_NEU_XX.mp4,0.0889,0.0889,-0.008221134636230774,0.1332807264757105
1072_ITS_FEA_XX.mp4,-0.5467,0.6379,-0.18879566443136683,0.4439093767318057
1067_ITS_FEA_XX.mp4,-0.4616,0.5386,-0.12066749491675156,0.2152546741170147
1082_MTI_ANG_XX.mp4,-0.4875,0.2786,-0.44190070833161926,0.40958375244466977
1039_IEO_HAP_HI.mp4,0.0,0.0,-0.20455376305886974,0.32280628655728794
1028_TSI_SAD_XX.mp4,-0.4653,0.1551,-0.21146720338000405,0.17636733107925207
1018_IEO_FEA_HI.mp4,-0.4968,0.5796,-0.22910683157637904,0.4505117900002273
1015_ITS_ANG_XX.mp4,-0.4698,0.5369,-0.2161223477717691,0.400525757131833
1057_ITS_NEU_XX.mp4,0.0809,0.0809,0.010537602522654049,0.10449481968986132
1028_IEO_HAP_MD.mp4,0.6783,0.5087,0.30181534731939413,0.3195690974940585
1048_IWL_FEA_XX.mp4,0.0677,0.0677,0.06180865965108528,0.09320437616329096
1042_ITS_NEU_XX.mp4,0.081,0.081,0.08748654910635723,0.1297270258460157
1019_TAI_SAD_XX.mp4,0.0791,0.0791,-0.013163313541809205,0.1125344397586638
1009_IEO_FEA_MD.mp4,-0.5628,0.6432,-0.5688644240654283,0.6239488392931184
1044_IOM_DIS_XX.mp4,-0.5402,0.3087,-0.045820381571470545,0.20516052934815243
1069_IWL_HAP_XX.mp4,0.6767,0.5075,0.3374288633263647,0.37214289847896503
1051_IOM_DIS_XX.mp4,0.0749,0.0749,0.014166928393727145,0.10769381451453659
1089_TIE_ANG_XX.mp4,-0.651,0.744,-0.6634307272983965,0.6545507297822732
1079_DFA_SAD_XX.mp4,0.0736,0.0736,0.011509055447090806,0.11529855549061518
1019_WSI_ANG_XX.mp4,-0.5689,0.6502,-0.392401269861393,0.5103018400544481
1048_IEO_ANG_LO.mp4,-0.5088,0.5815,-0.19768526104814807,0.3258690343771383
1028_IEO_SAD_LO.mp4,0.0838,0.0838,0.0687571394227347,0.09328528608415075
1019_DFA_ANG_XX.mp4,-0.5651,0.6458,-0.3491032304320615,0.472139921179982
1054_IWW_DIS_XX.mp4,-0.45,0.525,0.05008921978151497,0.09145455365602792
1041_IWW_DIS_XX.mp4,-0.5556,0.3175,-0.08522825763436277,0.1467918148560033
1068_TIE_DIS_XX.mp4,0.0756,0.0756,-0.0729135346148653,0.1475719949404706
1079_WSI_SAD_XX.mp4,-0.4434,0.1478,-0.19016782470962088,0.2115041606731532
1074_ITH_SAD_XX.mp4,0.0839,0.0839,-0.025158114323553082,0.15606168508202753
1061_ITH_SAD_XX.mp4,0.0789,0.0789,0.02719285976928904,0.0877183460225553
1067_IEO_NEU_XX.mp4,0.0748,0.0748,0.009309911204740484,0.08120093338279037
1072_IEO_NEU_XX.mp4,0.0824,0.0824,-0.05414181028254128,0.1487833340776974
1045_TIE_NEU_XX.mp4,0.087,0.087,0.035026728575628066,0.0866048939376098
1050_TIE_NEU_XX.mp4,0.0838,0.0838,0.010626172874197079,0.10105838034547697
1007_TIE_ANG_XX.mp4,-0.5975,0.6829,-0.2897078352554928,0.31316482957476177
1012_TIE_ANG_XX.mp4,-0.5242,0.5991,-0.28825946012080067,0.4231087955127026
1082_WSI_ANG_XX.mp4,-0.5666,0.6476,-0.42109580145858283,0.47621538099975946
1079_IWW_NEU_XX.mp4,0.0846,0.0846,0.0012712866551617716,0.1337630167248506
1073_ITH_FEA_XX.mp4,0.0811,0.0811,-0.007295410262057202,0.12114940783032109
1066_ITH_FEA_XX.mp4,-0.4763,0.5557,-0.019694578291209013,0.11440605528935517
1063_DFA_DIS_XX.mp4,0.0841,0.0841,0.042646841228717876,0.0962896546548494
1052_ITH_HAP_XX.mp4,0.0791,0.0791,0.018794191904657646,0.21421576486413146
1047_ITH_HAP_XX.mp4,0.0809,0.0809,-0.10116602757461587,0.34820350876001976
1076_DFA_DIS_XX.mp4,0.0706,0.0706,-0.06402660056827725,0.14785760306823645
1067_TIE_SAD_XX.mp4,0.0844,0.0844,-0.01882787152988528,0.10604145276471512
1076_WSI_DIS_XX.mp4,-0.5316,0.3038,-0.24639491318303836,0.2423188446913942
1072_TIE_SAD_XX.mp4,0.0799,0.0799,-0.021916853676925592,0.10332202245698383
1063_WSI_DIS_XX.mp4,-0.5661,0.3235,-0.16680168426627115,0.20637752384453256
1082_DFA_ANG_XX.mp4,-0.5342,0.6105,-0.3916138878442131,0.4993836108426707
1080_IEO_HAP_LO.mp4,0.0821,0.0821,0.07473915065037878,0.10064081848009515
1041_TIE_HAP_XX.mp4,0.0789,0.0789,0.053045057250018054,0.08001626635243868
1054_TIE_HAP_XX.mp4,0.5544,0.4158,0.18799731347187654,0.2462595148453561
1060_TIE_FEA_XX.mp4,0.0786,0.0786,-0.050616236140741525,0.10367571268738761
1075_TIE_FEA_XX.mp4,0.0799,0.0799,-0.015075475337464013,0.09936970180133016
1068_IWW_HAP_XX.mp4,0.6252,0.4689,0.14054069984366882,0.2991613606217411
1056_ITH_NEU_XX.mp4,0.0803,0.0803,0.016425545682474323,0.10652806070460209
1049_IWW_FEA_XX.mp4,-0.4699,0.5482,-0.014078142370885094,0.18944247270110737
1043_ITH_NEU_XX.mp4,0.0852,0.0852,0.04561510035370674,0.12705542031316353
1014_ITH_ANG_XX.mp4,0.0,0.0,-0.31311859569479383,0.28336537911558934
1001_ITH_ANG_XX.mp4,0.0,0.0,-0.06679909166743715,0.20411852479362727
1032_IEO_DIS_LO.mp4,-0.5635,0.322,0.032884307441468884,0.14361029717136134
1027_IEO_DIS_LO.mp4,0.0803,0.0803,-0.05271736542075359,0.10760254844919628
1079_MTI_SAD_XX.mp4,0.0805,0.0805,-0.015987257318968683,0.11876873909551175
1091_TSI_NEU_XX.mp4,0.0806,0.0806,-0.06294269235168481,0.13559615660063618
1069_IOM_NEU_XX.mp4,0.0855,0.0855,-0.015985226051992145,0.12621985079247755
1084_TSI_NEU_XX.mp4,0.0877,0.0877,0.037855400135721744,0.08836289475395397
1003_TAI_DIS_XX.mp4,-0.5499,0.3142,-0.3643537351529244,0.22696697263911586
1016_TAI_DIS_XX.mp4,-0.581,0.332,-0.320207809861349,0.30228093834866887
1083_IEO_FEA_HI.mp4,-0.5014,0.585,-0.22355680834762962,0.42095247267354574
1087_IEO_FEA_MD.mp4,-0.432,0.504,-0.05182582218692162,0.18209636678567587
1032_TSI_DIS_XX.mp4,0.0673,0.0673,-0.01975199960391708,0.1117626577858862
1027_TSI_DIS_XX.mp4,-0.4927,0.2816,-0.37654842761514684,0.26122940795095345
1082_TAI_SAD_XX.mp4,0.0867,0.0867,-0.052501877375235616,0.10198774564997538
1055_IWL_DIS_XX.mp4,-0.5447,0.3113,-0.16685483152300473,0.1645643347851998
1091_IEO_SAD_HI.mp4,0.0821,0.0821,-0.01713703421428431,0.11094892855381601
1080_TSI_HAP_XX.mp4,0.0794,0.0794,-0.07804298474215102,0.21177309690199492
1084_IEO_SAD_HI.mp4,0.0726,0.0726,0.007569779464152592,0.1069675715298916
1078_IOM_HAP_XX.mp4,0.6168,0.4626,0.32261958833145066,0.4107147462192625
1040_IWL_DIS_XX.mp4,0.0786,0.0786,-0.05869019641671573,0.08626003669093185
1001_IEO_DIS_MD.mp4,0.0861,0.0861,0.02954777325082955,0.11770080293519102
1059_IOM_FEA_XX.mp4,-0.4986,0.5817,-0.024485486833974127,0.2032646542555544
1014_IEO_DIS_MD.mp4,-0.5446,0.3112,-0.22716915045767525,0.29060077759859027
1080_IEO_SAD_MD.mp4,-0.481,0.1603,-0.08067092759623978,0.14221339459624752
1019_MTI_ANG_XX.mp4,-0.5281,0.6036,-0.3005955821733339,0.43474242789815143
1085_TAI_FEA_XX.mp4,-0.4751,0.5543,-0.08138529593354943,0.14519397163767828
1010_IEO_DIS_HI.mp4,-0.6156,0.7035,-0.32923829005065774,0.3515455316196412
1090_TAI_FEA_XX.mp4,0.0779,0.0779,-0.028379998073818028,0.13362134425025604
1005_IEO_DIS_HI.mp4,-0.5586,0.3192,-0.24307675229633727,0.31253280967068325
1007_MTI_DIS_XX.mp4,-0.468,0.156,-0.052324855361944256,0.11111035797146106
1012_MTI_DIS_XX.mp4,-0.4545,0.1515,-0.14615119026684387,0.11130528878370646
1016_ITS_FEA_XX.mp4,0.0841,0.0841,-0.13958127042821233,0.19737875941576635
1009_IWL_NEU_XX.mp4,0.0757,0.0757,-0.007038313053369968,0.09564454732634686
1003_ITS_FEA_XX.mp4,-0.4683,0.1561,-0.27647380908810854,0.21194969288301213
1037_ITS_HAP_XX.mp4,-0.4791,0.5589,-0.11580366519744471,0.42205554414675095
1022_ITS_HAP_XX.mp4,-0.5433,0.3104,-0.03621205121536373,0.16401316042800548
1086_MTI_SAD_XX.mp4,0.0748,0.0748,0.057719997397530885,0.09998693577645155
1083_IOM_NEU_XX.mp4,0.0885,0.0885,0.011625548109855681,0.09503726793674214
1090_ITS_DIS_XX.mp4,0.0799,0.0799,-0.09645064720532805,0.14299941039000616
1085_ITS_DIS_XX.mp4,-0.4813,0.5616,-0.237917970264593,0.2638355845266763
1039_TSI_ANG_XX.mp4,-0.5683,0.6495,-0.38789631046982886,0.4868979357501633
1081_MTI_FEA_XX.mp4,0.08,0.08,-0.05709707769245911,0.08913523472449622
1008_TAI_ANG_XX.mp4,-0.6059,0.6924,-0.3342038801046703,0.4785882972804387
1011_ITS_SAD_XX.mp4,0.0718,0.0718,-0.004091361043763683,0.1120097332108545
1004_ITS_SAD_XX.mp4,0.0,0.0,-0.18690278145787917,0.16159032985691132
1069_IEO_FEA_HI.mp4,-0.504,0.588,-0.5479679530521036,0.614440373142061
1059_TSI_SAD_XX.mp4,0.0795,0.0795,-0.029242775465078814,0.14676557572543913
1048_IEO_HAP_HI.mp4,0.0889,0.0889,0.04486622983379571,0.28688948578499845
1071_ITS_ANG_XX.mp4,0.081,0.081,0.04391512776242854,0.11640643430874852
1064_ITS_ANG_XX.mp4,-0.5542,0.6333,-0.39561676961327125,0.523198140574056
1018_IWL_HAP_XX.mp4,0.0,0.0,-0.09932332192532395,0.3319976241898665
1020_IOM_DIS_XX.mp4,-0.4545,0.1515,-0.3083233042715716,0.09236092450042974
1035_IOM_DIS_XX.mp4,0.0746,0.0746,-0.009746549065188499,0.08195246719029009
1078_IEO_FEA_MD.mp4,0.0,0.0,-0.11273014886598937,0.34066502235905455
1039_IWL_FEA_XX.mp4,0.0829,0.0829,0.0334454570194072,0.10454712690661935
1033_ITS_NEU_XX.mp4,0.0913,0.0913,-0.003515367409530821,0.18325618760691795
1068_TAI_SAD_XX.mp4,0.0811,0.0811,-0.054386018915841904,0.11357041389901606
1059_IEO_HAP_MD.mp4,0.6453,0.484,-0.1751813408069688,0.34260215778930725
1026_ITS_NEU_XX.mp4,0.0801,0.0801,-0.05023309338551686,0.11752340605745504
1087_IOM_HAP_XX.mp4,0.0756,0.0756,0.06174382923541904,0.04397111441357061
1039_IEO_ANG_LO.mp4,0.0808,0.0808,0.025691689781309753,0.09732793623324675
1008_DFA_SAD_XX.mp4,0.0702,0.0702,-0.02998821763544994,0.2344817961186308
1086_IWW_NEU_XX.mp4,0.0699,0.0699,0.04561777262701796,0.1359558789523469
1089_DFA_DIS_XX.mp4,0.0763,0.0763,-0.15291058063805502,0.22070228729532967
1068_WSI_ANG_XX.mp4,-0.5584,0.6382,-0.49506432548029633,0.6153609920165507
1068_DFA_ANG_XX.mp4,-0.5973,0.6827,-0.5332362005630538,0.6541498983647396
1030_IWW_DIS_XX.mp4,0.0807,0.0807,0.007155471772218544,0.11569187939590815
1025_IWW_DIS_XX.mp4,-0.414,0.483,-0.07166030939394501,0.16867024174615203
1089_WSI_DIS_XX.mp4,-0.5919,0.3382,-0.3658357567532858,0.2584954154249428
1019_TIE_DIS_XX.mp4,0.0,0.0,-0.15825482602601174,0.24168994342650102
1059_IEO_SAD_LO.mp4,-0.475,0.1583,-0.10790438603300626,0.11537183812675618
1082_IWW_HAP_XX.mp4,0.596,0.447,0.4667847483809635,0.31314182123742135
1086_DFA_SAD_XX.mp4,0.0798,0.0798,0.10163351115060577,0.08320964998983363
1021_TIE_NEU_XX.mp4,0.0849,0.0849,0.03116624775812327,0.10837600234981308
1034_TIE_NEU_XX.mp4,0.0828,0.0828,0.05753282810234751,0.07232035295445316
1063_TIE_ANG_XX.mp4,-0.5407,0.618,-0.3772747847989125,0.5114278416555766
1076_TIE_ANG_XX.mp4,-0.5544,0.6336,-0.2925783290316464,0.3929770350980939
1036_ITH_HAP_XX.mp4,0.0783,0.0783,-0.37734924341439025,0.4654092166905629
1007_DFA_DIS_XX.mp4,0.0778,0.0778,-0.035486733119135666,0.09952399146235436
1012_DFA_DIS_XX.mp4,0.0,0.0,0.017123085394140012,0.16813930414505715
1023_ITH_HAP_XX.mp4,0.0738,0.0738,0.05884680483270503,0.1473498779640199
1017_ITH_FEA_XX.mp4,0.0874,0.0874,-0.0025623443451131215,0.09637875905188988
1008_IWW_NEU_XX.mp4,0.0,0.0,-0.07753706582654168,0.17954749941992854
1002_ITH_FEA_XX.mp4,-0.4419,0.5155,-0.2650940469881336,0.2437739272934088
1091_ITH_DIS_XX.mp4,0.0746,0.0746,-0.11198350019929557,0.14119156439280517
1084_ITH_DIS_XX.mp4,0.0691,0.0691,-0.06403094487417513,0.12759544116772759
1081_DFA_FEA_XX.mp4,0.0837,0.0837,0.022178347561982763,0.09675149855591963
1010_ITH_SAD_XX.mp4,0.0816,0.0816,-0.09051331057054311,0.16357748337443914
1005_ITH_SAD_XX.mp4,0.0787,0.0787,-0.07506383095671615,0.14950323426556833
1003_IEO_NEU_XX.mp4,0.0839,0.0839,-0.04647015914586539,0.11200671101820123
1016_IEO_NEU_XX.mp4,0.0925,0.0925,0.03711322179380526,0.11720988542417236
1004_TIE_FEA_XX.mp4,-0.486,0.567,-0.19680373298071951,0.3293429303365233
1011_TIE_FEA_XX.mp4,0.0805,0.0805,0.034347009013399044,0.11482803117703616
1025_TIE_HAP_XX.mp4,0.0746,0.0746,-0.13270940350276583,0.2023351898980102
1030_TIE_HAP_XX.mp4,0.0771,0.0771,0.0746416883271648,0.10541177409616878
1038_IWW_FEA_XX.mp4,-0.4569,0.5331,-0.11724853498165855,0.2774899146215909
1032_ITH_NEU_XX.mp4,0.0811,0.0811,0.06924678705374339,0.10289438911499521
1027_ITH_NEU_XX.mp4,0.0839,0.0839,0.003707859827487061,0.09094148178577166
1019_IWW_HAP_XX.mp4,0.6533,0.49,-0.005421618285201894,0.13596524571162522
1081_WSI_FEA_XX.mp4,0.0774,0.0774,-0.09669668886560984,0.12419823580273574
1056_IEO_DIS_LO.mp4,-0.5649,0.3228,-0.009992559395351324,0.07849014723069361
1043_IEO_DIS_LO.mp4,0.0753,0.0753,-0.02069901585581215,0.12085035681053556
1070_ITH_ANG_XX.mp4,0.0816,0.0816,-0.3722926342009609,0.4673929282840538
1065_ITH_ANG_XX.mp4,-0.5398,0.6169,-0.4314116060641647,0.5331261371636444
1003_TIE_SAD_XX.mp4,-0.476,0.1587,-0.28283431151936556,0.17063160680368059
1012_WSI_DIS_XX.mp4,-0.5369,0.3068,-0.2990460209036385,0.23863516065134616
1016_TIE_SAD_XX.mp4,0.0706,0.0706,-0.08995971592118118,0.10056970759061022
1007_WSI_DIS_XX.mp4,0.0789,0.0789,-0.10465446802438934,0.15587282579012815
1082_TIE_DIS_XX.mp4,0.0,0.0,-0.07621009842470387,0.1710231694709047
1086_WSI_SAD_XX.mp4,0.0803,0.0803,-0.04950470686084204,0.2155247555599154
1018_IOM_NEU_XX.mp4,0.0775,0.0775,0.015669988033560185,0.12544990671531075
1086_TAI_ANG_XX.mp4,-0.5845,0.668,-0.4028083750908688,0.5205846691311089
1089_MTI_DIS_XX.mp4,0.0844,0.0844,-0.12963672819134356,0.17712621718528127
1080_IEO_ANG_HI.mp4,-0.624,0.7131,-0.53923455618022,0.6921798009099084
1084_IEO_ANG_MD.mp4,0.0,0.0,-0.18362018085467394,0.30197774307964736
1008_MTI_SAD_XX.mp4,-0.4659,0.1553,-0.13908971241178228,0.23319278216907333
1091_IEO_ANG_MD.mp4,-0.531,0.6195,-0.09121921702687488,0.3025108356196595
1087_IWL_NEU_XX.mp4,0.0771,0.0771,-0.00809166148332958,0.09948828574433347
1065_IEO_DIS_MD.mp4,0.0819,0.0819,-0.01318118530002853,0.0849565538653302
1028_IOM_FEA_XX.mp4,-0.5202,0.1734,-0.13901705655440366,0.192393425121928
1070_IEO_DIS_MD.mp4,-0.5001,0.2858,0.04786431298655639,0.21291994986461238
1009_IOM_HAP_XX.mp4,0.6749,0.5061,0.21523783899866156,0.46843649553630373
1031_IWL_DIS_XX.mp4,0.0803,0.0803,-0.014947661328194813,0.10438312889357025
1024_IWL_DIS_XX.mp4,0.0749,0.0749,-0.025084054305126145,0.09065134765021436
1074_IEO_DIS_HI.mp4,-0.4582,0.5346,-0.2651040287797873,0.4941462023946724
1061_IEO_DIS_HI.mp4,-0.5355,0.306,-0.3555800987479838,0.20085767752072126
1068_MTI_ANG_XX.mp4,-0.5448,0.6227,-0.4053375900859496,0.4383572890155549
1067_TAI_DIS_XX.mp4,0.0,0.0,-0.07552501398455715,0.28030493490477826
1072_TAI_DIS_XX.mp4,0.0861,0.0861,-0.06020984527102161,0.142391076748867
1056_TSI_DIS_XX.mp4,0.5543,0.4157,-0.02600521725736367,0.22717116761983283
1083_IWL_HAP_XX.mp4,0.0817,0.0817,0.01023916121103094,0.12283260848410313
1043_TSI_DIS_XX.mp4,0.076,0.076,-0.041786709113984376,0.14953790709432754
1014_IOM_HAP_XX.mp4,0.0768,0.0768,0.13486488284849266,0.2539071392804314
1001_IOM_HAP_XX.mp4,0.0765,0.0765,0.09064089000651822,0.18019356367073125
1039_IWL_DIS_XX.mp4,-0.5262,0.3007,-0.21149840328016903,0.27057396985652094
1035_IOM_FEA_XX.mp4,0.0882,0.0882,-0.038067593951253954,0.1520826099351873
1078_IEO_DIS_MD.mp4,-0.4353,0.5079,-0.15524810652890558,0.36818759017115943
1020_IOM_FEA_XX.mp4,0.0801,0.0801,0.01014996344219164,0.0640906746166139
1037_MTI_NEU_XX.mp4,0.0756,0.0756,-0.04713455545350908,0.11198425206859348
1022_MTI_NEU_XX.mp4,0.0807,0.0807,-0.012481357414658664,0.07963340820260224
1075_MTI_ANG_XX.mp4,0.0734,0.0734,-0.027655829788056974,0.10645723464953163
1060_MTI_ANG_XX.mp4,0.0808,0.0808,-0.12868694568349442,0.20506374893751922
1069_IEO_DIS_HI.mp4,-0.4758,0.5551,-0.4363626081726278,0.5070042809895129
1032_IOM_SAD_XX.mp4,0.0835,0.0835,-0.001982553624257818,0.08796888208506903
1027_IOM_SAD_XX.mp4,-0.4713,0.1571,0.018267167673769086,0.10213723287555407
1052_IOM_ANG_XX.mp4,-0.5386,0.6155,-0.48393377806069376,0.5976983809597984
1047_IOM_ANG_XX.mp4,-0.5705,0.652,-0.5619049381342173,0.609791247222134
1010_IOM_NEU_XX.mp4,0.0848,0.0848,-0.08801457191813705,0.11553555071011712
1005_IOM_NEU_XX.mp4,0.0832,0.0832,0.009160198100277546,0.07355068216136326
1003_ITS_DIS_XX.mp4,-0.4243,0.4951,-0.282961203071733,0.2967499350458239
1016_ITS_DIS_XX.mp4,-0.5313,0.3036,-0.3152573535514581,0.2945914005713049
1082_ITS_SAD_XX.mp4,0.079,0.079,-0.04241798657299896,0.17661154632357498
1012_MTI_FEA_XX.mp4,-0.48,0.56,-0.31124138589662975,0.32236322838780096
1007_MTI_FEA_XX.mp4,0.0714,0.0714,-0.013250308149308157,0.09867477346824462
1033_MTI_HAP_XX.mp4,0.0804,0.0804,0.123828433649485,0.2526082546213492
1026_MTI_HAP_XX.mp4,0.0789,0.0789,-0.10095510379392164,0.161429223240427
1088_IEO_ANG_HI.mp4,-0.6724,0.7684,-0.6428416512870213,0.7238026595774845
1081_MTI_DIS_XX.mp4,0.0729,0.0729,-0.06558533402442965,0.12335714619677784
1015_MTI_SAD_XX.mp4,0.0768,0.0768,0.028769377392568032,0.10333652031470195
1085_ITS_FEA_XX.mp4,0.0807,0.0807,-0.09777693315935578,0.16459870507531416
1090_ITS_FEA_XX.mp4,0.0783,0.0783,-0.06827258850612952,0.12778437234892615
1038_TIE_HAP_XX.mp4,0.662,0.4965,0.04780813934690275,0.31943398251514277
1019_TIE_FEA_XX.mp4,0.0836,0.0836,-0.03790313807094087,0.10041877618051682
1089_WSI_FEA_XX.mp4,0.0762,0.0762,-0.18191657109896647,0.33094393295074903
1004_IWW_HAP_XX.mp4,0.0,0.0,-0.09350167925921239,0.15861199689783254
1011_IWW_HAP_XX.mp4,0.0799,0.0799,0.02499246454060867,0.10232290365141043
1025_IWW_FEA_XX.mp4,-0.408,0.476,-0.09503008458961051,0.15717535261580373
1030_IWW_FEA_XX.mp4,-0.42,0.49,-0.009772292200357685,0.11996890394011633
1078_ITH_ANG_XX.mp4,-0.5713,0.6529,-0.5059811356474442,0.6274214282103081
1022_IWW_SAD_XX.mp4,-0.4068,0.4746,-0.03803249258477897,0.1553355012518943
1037_IWW_SAD_XX.mp4,-0.5064,0.1688,-0.13279090937138477,0.209059970326886
1029_TIE_NEU_XX.mp4,0.0847,0.0847,0.03487707135441627,0.11363954471250334
1042_IWW_ANG_XX.mp4,-0.5616,0.6418,-0.1159959121691164,0.27069522023794
1057_IWW_ANG_XX.mp4,-0.574,0.656,-0.3955878688397451,0.48522129520599144
1015_IWW_NEU_XX.mp4,0.0787,0.0787,0.02917140576752237,0.09276398479210853
1089_DFA_FEA_XX.mp4,0.0747,0.0747,-0.09105930544236768,0.2254768939259467
1018_ITH_SAD_XX.mp4,0.0781,0.0781,-0.04354614636494388,0.11673307227941687
1062_IEO_HAP_LO.mp4,0.0866,0.0866,0.05187654037965917,0.11025046218261424
1077_IEO_HAP_LO.mp4,0.0904,0.0904,0.10450178956221123,0.0983840873416028
1043_IEO_FEA_LO.mp4,0.0856,0.0856,-0.01809728695567128,0.0968776742223297
1075_DFA_ANG_XX.mp4,-0.5792,0.662,-0.34948699293053953,0.35876945541238303
1060_DFA_ANG_XX.mp4,-0.5552,0.3173,-0.08657949544320294,0.3291853392260366
1056_IEO_FEA_LO.mp4,0.0689,0.0689,-0.05063823978598385,0.10118955342240607
1081_WSI_DIS_XX.mp4,-0.5371,0.3069,-0.09954688907872195,0.1449028269870116
1090_TIE_SAD_XX.mp4,0.0729,0.0729,-0.06029422783932231,0.10848343807141132
1037_DFA_NEU_XX.mp4,0.0884,0.0884,0.0504326604295228,0.12999260107714894
1022_DFA_NEU_XX.mp4,0.0754,0.0754,0.052733814150133514,0.11252633825464825
1085_TIE_SAD_XX.mp4,0.083,0.083,-0.04310249990863117,0.10000962246641922
1038_IWW_DIS_XX.mp4,-0.4706,0.5491,-0.5405740015780677,0.4002497317738299
1011_TIE_DIS_XX.mp4,-0.5783,0.6609,-0.3573463152658627,0.3785038197814678
1004_TIE_DIS_XX.mp4,-0.5517,0.3153,-0.19850809251500343,0.20662446783739843
1015_WSI_SAD_XX.mp4,0.0855,0.0855,0.0033276216720316007,0.10862597004108174
1082_TIE_FEA_XX.mp4,-0.581,0.664,-0.3814111740885031,0.42996272270348657
1044_IEO_SAD_LO.mp4,0.0,0.0,-0.02270125901783176,0.09159468228899927
1051_IEO_SAD_LO.mp4,0.0805,0.0805,0.050076733592699395,0.10451824096597796
1026_WSI_HAP_XX.mp4,0.0774,0.0774,-0.2743884787369385,0.3169330793978775
1033_WSI_HAP_XX.mp4,-0.5219,0.5964,-0.4507521454048198,0.5012222703963606
1007_WSI_FEA_XX.mp4,0.0742,0.0742,-0.030665036339372787,0.1117202673364645
1012_WSI_FEA_XX.mp4,-0.4605,0.1535,-0.24041807476576754,0.355518569966682
1002_ITH_DIS_XX.mp4,-0.4294,0.1431,-0.3284322331215235,0.2752154867196496
1033_DFA_HAP_XX.mp4,0.0796,0.0796,-0.08727209106186026,0.2124695495316442
1026_DFA_HAP_XX.mp4,0.0843,0.0843,0.020439092709954886,0.12612087272189593
1017_ITH_DIS_XX.mp4,0.0703,0.0703,-0.026250811225900197,0.08714853618349114
1024_IEO_ANG_LO.mp4,0.0824,0.0824,-0.06388551497642893,0.2248550056826873
1012_DFA_FEA_XX.mp4,0.0784,0.0784,-0.001628610024425612,0.226182965970482
1007_DFA_FEA_XX.mp4,0.0792,0.0792,-0.017121779333078863,0.09200491879523218
1031_IEO_ANG_LO.mp4,0.0837,0.0837,-0.03387053128865818,0.1840241875217319
1090_IEO_NEU_XX.mp4,0.0846,0.0846,0.06794429941981138,0.08797529161496903
1085_IEO_NEU_XX.mp4,0.0855,0.0855,0.04035748218387076,0.09884219425476959
1083_ITH_SAD_XX.mp4,0.0764,0.0764,-0.023373687374262722,0.1017744190920066
1015_DFA_SAD_XX.mp4,0.0792,0.0792,0.06843881195407481,0.11696645924982602
1022_WSI_NEU_XX.mp4,0.0853,0.0853,-0.11561831218520369,0.17278448175248917
1081_DFA_DIS_XX.mp4,0.083,0.083,0.07156098354100256,0.05219254864882612
1037_WSI_NEU_XX.mp4,0.0919,0.0919,-0.0929074231050389,0.19766862769337984
1084_ITH_FEA_XX.mp4,0.0,0.0,-0.09444160429402026,0.15022949754781686
1091_ITH_FEA_XX.mp4,-0.4427,0.5164,-0.15606222227301753,0.2149888464195972
1060_WSI_ANG_XX.mp4,0.0783,0.0783,-0.23961778851636062,0.3767139521593305
1075_WSI_ANG_XX.mp4,-0.5897,0.674,-0.48731375000175553,0.579531250254735
1040_IEO_HAP_HI.mp4,-0.4452,0.1484,-0.03836662230684887,0.22523530585646545
1044_TSI_SAD_XX.mp4,-0.4248,0.4956,-0.11381600439170622,0.22602982852420306
1051_TSI_SAD_XX.mp4,0.0789,0.0789,0.035435085338263686,0.15041655925255618
1055_IEO_HAP_HI.mp4,-0.5457,0.6366,-0.08805324658205346,0.35097188614782515
1061_IEO_FEA_HI.mp4,-0.4796,0.5596,-0.5573128491877428,0.672800112727351
1074_IEO_FEA_HI.mp4,-0.5117,0.5969,-0.49631119521365513,0.5349439135458685
1079_ITS_ANG_XX.mp4,-0.5219,0.5964,-0.19676059244408503,0.463751211078754
1051_IEO_HAP_MD.mp4,0.0856,0.0856,0.09526489827146013,0.1479734109999026
1075_TAI_SAD_XX.mp4,-0.414,0.138,-0.08801844520331534,0.08966039836960477
1024_IWL_FEA_XX.mp4,-0.4925,0.2814,-0.09969562613830424,0.15210058310760424
1031_IWL_FEA_XX.mp4,0.0814,0.0814,0.013131566588074052,0.09926280965441582
1060_TAI_SAD_XX.mp4,-0.4425,0.1475,-0.05667858632774134,0.08277857755229946
1044_IEO_HAP_MD.mp4,0.0752,0.0752,-0.05099703528729589,0.15285287077133589
1005_IWL_HAP_XX.mp4,0.0798,0.0798,-0.008908607776872812,0.20975999413802612
1070_IEO_FEA_MD.mp4,0.5964,0.4473,0.005217081033752533,0.3136812360077501
1065_IEO_FEA_MD.mp4,0.0796,0.0796,0.010992385117341234,0.10601331596170681
1010_IWL_HAP_XX.mp4,0.668,0.501,0.3101090763316112,0.3343298859532539
1028_IOM_DIS_XX.mp4,0.0,0.0,-0.004266719566431025,0.1929172842031558
1043_TSI_FEA_XX.mp4,-0.4704,0.5488,-0.10266385998510337,0.4095724402405375
1056_TSI_FEA_XX.mp4,-0.4653,0.5429,-0.3759707584636704,0.49469157394756785
1062_TSI_HAP_XX.mp4,0.08,0.08,0.020388282189052143,0.096021338470578
1066_IEO_SAD_HI.mp4,0.0826,0.0826,-0.04059252290298099,0.107184887776037
1073_IEO_SAD_HI.mp4,0.0786,0.0786,-0.043607996269300904,0.11139180005199184
1077_TSI_HAP_XX.mp4,0.0794,0.0794,0.04947745895059934,0.2129334243262369
1023_IWL_SAD_XX.mp4,0.0826,0.0826,0.03223663416684727,0.09727137423978745
1072_TAI_FEA_XX.mp4,0.0,0.0,-0.17199424982921707,0.2617299566056814
1067_TAI_FEA_XX.mp4,-0.4197,0.4896,-0.05936070998627102,0.2598103219677854
1036_IWL_SAD_XX.mp4,-0.492,0.164,-0.10384748430901308,0.15312596729290034
1053_TAI_HAP_XX.mp4,0.0792,0.0792,-0.12979188072105552,0.3680749233001846
1077_IEO_SAD_MD.mp4,0.0769,0.0769,0.007058732879049115,0.0961720366065951
1062_IEO_SAD_MD.mp4,0.0776,0.0776,-0.03412473754655906,0.08968882411780368
1046_TAI_HAP_XX.mp4,0.0,0.0,0.1413646220612083,0.14361300680750572
1006_IEO_ANG_HI.mp4,-0.6191,0.7076,-0.5352907253936908,0.6718675216639354
1013_IEO_ANG_HI.mp4,-0.6478,0.7404,-0.569622264955927,0.6675082981799901
1001_IWL_NEU_XX.mp4,0.0759,0.0759,-0.002192548928883684,0.2013017095063698
1014_IWL_NEU_XX.mp4,0.0818,0.0818,-0.022060315938421622,0.1204032044878212
1043_IWL_ANG_XX.mp4,-0.6008,0.6867,-0.23575962625835645,0.4718579212540482
1056_IWL_ANG_XX.mp4,-0.568,0.6492,-0.5058117189646657,0.5329967827953731
1017_IEO_ANG_MD.mp4,0.0,0.0,-0.17075340719281965,0.2538479670503077
1002_IEO_ANG_MD.mp4,-0.5614,0.6416,-0.5081305695927225,0.527678259511883
1066_TSI_NEU_XX.mp4,0.0811,0.0811,0.004996479904733944,0.13619298176722616
1073_TSI_NEU_XX.mp4,0.0843,0.0843,0.046071929804368576,0.14627033679997195
1024_TSI_ANG_XX.mp4,0.0787,0.0787,-0.3235878778656396,0.3608718684233287
1031_TSI_ANG_XX.mp4,0.0782,0.0782,0.016531829400250175,0.11700055062706134
1015_TAI_ANG_XX.mp4,-0.5345,0.6109,-0.4522733559902143,0.5963058779954218
1089_MTI_FEA_XX.mp4,-0.4758,0.1586,-0.1639861161945073,0.1656716748737697
1057_TAI_NEU_XX.mp4,0.0835,0.0835,0.021535927411723877,0.08089045429215946
1019_ITS_SAD_XX.mp4,-0.4884,0.5698,-0.04065612863710435,0.12668183306851957
1042_TAI_NEU_XX.mp4,0.0834,0.0834,0.050945096433878574,0.12517644348449794
1056_IOM_SAD_XX.mp4,0.0846,0.0846,0.0312943463060097,0.06996747934199393
1043_IOM_SAD_XX.mp4,-0.486,0.162,-0.15573494552377284,0.13549987549055328
1086_ITS_ANG_XX.mp4,0.0,0.0,-0.2928419048161172,0.4724880214799139
1051_IOM_FEA_XX.mp4,0.0788,0.0788,-0.002333973228996478,0.24197873280082596
1009_IEO_DIS_MD.mp4,-0.517,0.2955,-0.2698946900816217,0.3813524679642071
1044_IOM_FEA_XX.mp4,0.0844,0.0844,0.05621639856882124,0.14450767241308501
1088_TSI_HAP_XX.mp4,0.0786,0.0786,-0.06675553456958684,0.19548281126320707
1070_IOM_HAP_XX.mp4,0.0846,0.0846,0.23490758969917,0.2779423401337364
1048_IWL_DIS_XX.mp4,0.0727,0.0727,-0.07292000158425668,0.2304897764114107
1065_IOM_HAP_XX.mp4,0.0874,0.0874,0.1448288710129984,0.09325468081984975
1053_MTI_NEU_XX.mp4,0.0871,0.0871,-0.038488203422906875,0.12547543253339943
1046_MTI_NEU_XX.mp4,0.0829,0.0829,0.032672651255805436,0.10303536941835299
1018_IEO_DIS_HI.mp4,-0.539,0.616,-0.23599892626895938,0.22718272327736933
1011_MTI_ANG_XX.mp4,-0.5639,0.6444,-0.4853169440050356,0.5947159006610293
1088_IEO_SAD_MD.mp4,0.0776,0.0776,0.02337028183450068,0.07025746435355903
1004_MTI_ANG_XX.mp4,-0.541,0.3091,-0.29312191543542704,0.3530885219307239
1071_MTI_SAD_XX.mp4,0.0845,0.0845,0.08700687125131017,0.07459071952322147
1064_MTI_SAD_XX.mp4,0.0809,0.0809,-0.0435797535080938,0.12009089980171633
1036_IOM_ANG_XX.mp4,-0.5341,0.6104,-0.08450188787588998,0.225688325530111
1023_IOM_ANG_XX.mp4,-0.5573,0.6369,-0.5766446044488422,0.6535908373295228
1067_ITS_DIS_XX.mp4,0.0703,0.0703,-0.07101220967611215,0.16293803115284428
1072_ITS_DIS_XX.mp4,0.6231,0.4673,0.09783775563439154,0.24247529129120327
1074_IOM_NEU_XX.mp4,0.0845,0.0845,0.015589455271267339,0.10133556716120144
1061_IOM_NEU_XX.mp4,0.0853,0.0853,0.03808730227040812,0.11148084707480282
1057_MTI_HAP_XX.mp4,0.0717,0.0717,0.020612437075201585,0.15441283928972974
1042_MTI_HAP_XX.mp4,0.0773,0.0773,-0.029860114308895062,0.22718107155298964
1076_MTI_FEA_XX.mp4,0.0789,0.0789,-0.08497356621174937,0.13979852367310971
1063_MTI_FEA_XX.mp4,0.0,0.0,-0.11286756588800836,0.17263118557906548
1088_IEO_HAP_LO.mp4,0.0785,0.0785,0.0632818040003942,0.08523413966688924
1046_IWW_SAD_XX.mp4,0.0783,0.0783,-0.011817336626781041,0.09199532701713237
1053_IWW_SAD_XX.mp4,-0.4548,0.1516,-0.021058613893065674,0.10954889045608315
1068_TIE_FEA_XX.mp4,0.0,0.0,0.000777920864666364,0.11261312205625917
1049_TIE_HAP_XX.mp4,0.6164,0.4623,0.3958616075254901,0.41576521571275665
1041_IWW_FEA_XX.mp4,-0.453,0.5285,-0.035622366635310605,0.11750591891172815
1054_IWW_FEA_XX.mp4,-0.4546,0.5304,-0.20477446167544033,0.2553948604108556
1060_IWW_HAP_XX.mp4,0.0772,0.0772,-0.056468624857581036,0.12351223160594735
1075_IWW_HAP_XX.mp4,0.0754,0.0754,0.14809881876287673,0.14342355492179007
1009_ITH_ANG_XX.mp4,-0.4635,0.5407,-0.5462490407771411,0.6550347074426933
1069_ITH_SAD_XX.mp4,-0.4521,0.5275,-0.04492810781713694,0.15686105869433756
1058_TIE_NEU_XX.mp4,0.0775,0.0775,-0.06115300584963593,0.1327993609432297
1026_IWW_ANG_XX.mp4,-0.5626,0.643,-0.41094642142074617,0.5519579402913076
1033_IWW_ANG_XX.mp4,-0.5654,0.6462,-0.4878007738482509,0.5606597737883228
1064_IWW_NEU_XX.mp4,0.0787,0.0787,-0.030128579324935473,0.13348264264077828
1071_IWW_NEU_XX.mp4,-0.444,0.518,-0.01714318671458076,0.12653315611104604
1020_IEO_SAD_LO.mp4,0.0794,0.0794,-0.06685537806650882,0.15334126001542744
1035_IEO_SAD_LO.mp4,0.079,0.079,0.022273538315882788,0.11230117818449166
1087_ITH_ANG_XX.mp4,0.0806,0.0806,0.009063846441279274,0.11935277817186336
1063_WSI_FEA_XX.mp4,0.0727,0.0727,-0.07208886846196817,0.27267392502022364
1076_WSI_FEA_XX.mp4,-0.525,0.3,-0.32357536761375466,0.24874824393992956
1042_WSI_HAP_XX.mp4,-0.5343,0.6107,-0.22991093345264083,0.3473198403718679
1057_WSI_HAP_XX.mp4,-0.4512,0.5264,-0.2962819834894144,0.3273759653998308
1011_DFA_ANG_XX.mp4,-0.5964,0.6816,-0.46205235601240985,0.4679386603881183
1027_IEO_FEA_LO.mp4,0.0825,0.0825,-0.04604333256151133,0.0913944259614189
1032_IEO_FEA_LO.mp4,0.0769,0.0769,0.02264962049770779,0.09473036321640668
1004_DFA_ANG_XX.mp4,-0.6008,0.6867,-0.3770178287963932,0.5048294022161691
1006_IEO_HAP_LO.mp4,0.0784,0.0784,0.06992794633560462,0.14207657764255796
1013_IEO_HAP_LO.mp4,0.0869,0.0869,-0.007556751916148639,0.13723151271631612
1049_IWW_DIS_XX.mp4,-0.4181,0.1394,-0.12785594648543375,0.25947439987371296
1053_DFA_NEU_XX.mp4,0.0845,0.0845,0.09632836452107162,0.13714238706647452
1046_DFA_NEU_XX.mp4,0.0814,0.0814,0.11197863636844994,0.0792291401557039
1075_TIE_DIS_XX.mp4,0.0806,0.0806,-0.03509914867135289,0.11315854199869892
1064_WSI_SAD_XX.mp4,0.0837,0.0837,0.06839368729027881,0.1300912330498401
1060_TIE_DIS_XX.mp4,0.0807,0.0807,0.009975215631907007,0.0901370056034312
1071_WSI_SAD_XX.mp4,0.0779,0.0779,-0.04296704691538964,0.12216771263988754
1081_TIE_ANG_XX.mp4,-0.5376,0.6144,-0.25839763375667546,0.4134398737189778
1071_DFA_SAD_XX.mp4,0.0824,0.0824,0.011354444699734826,0.08919510916616544
1064_DFA_SAD_XX.mp4,-0.5062,0.1688,-0.09160191200071055,0.125282209511929
1046_WSI_NEU_XX.mp4,0.0775,0.0775,-0.04396931161076437,0.15593165481692126
1053_WSI_NEU_XX.mp4,0.0834,0.0834,-0.04086293778263244,0.13306485984695163
1004_WSI_ANG_XX.mp4,-0.574,0.656,-0.4845012260548752,0.5198888207950443
1011_WSI_ANG_XX.mp4,-0.6153,0.7032,-0.5715371900539701,0.5838607898331013
1076_DFA_FEA_XX.mp4,0.0688,0.0688,0.030135796288318764,0.20614194081164708
1040_IEO_ANG_LO.mp4,0.0825,0.0825,0.028844597154435377,0.09717137056771416
1055_IEO_ANG_LO.mp4,0.0757,0.0757,-0.05187823608886397,0.18604126832783022
1063_DFA_FEA_XX.mp4,0.0762,0.0762,0.0016792535383205562,0.19726267119044677
1057_DFA_HAP_XX.mp4,0.0811,0.0811,0.03109179000248738,0.08347480514515375
1066_ITH_DIS_XX.mp4,0.0,0.0,-0.0695005459322468,0.12655885146493417
1073_ITH_DIS_XX.mp4,0.0766,0.0766,-0.007993822154052053,0.1107909246398392
1042_DFA_HAP_XX.mp4,0.0724,0.0724,0.19105677178460884,0.1947407668608146
1006_TSI_HAP_XX.mp4,0.0805,0.0805,-0.09391219992635813,0.4754328467420374
1002_IEO_SAD_HI.mp4,0.0816,0.0816,0.0006832167079620894,0.09764460694110776
1017_IEO_SAD_HI.mp4,0.073,0.073,0.023377781083872076,0.11494993472128891
1013_TSI_HAP_XX.mp4,-0.5512,0.63,-0.2611127388828021,0.49128257914551887
1027_TSI_FEA_XX.mp4,0.0756,0.0756,-0.13063074685561193,0.17770310052180247
1032_TSI_FEA_XX.mp4,0.0,0.0,0.03063702660965525,0.16496676663604415
1087_IEO_DIS_MD.mp4,0.0778,0.0778,-0.028592006151845963,0.12280105295458464
1037_TAI_HAP_XX.mp4,0.6964,0.5223,0.10765551269253855,0.3355664588176575
1013_IEO_SAD_MD.mp4,-0.4947,0.1649,-0.06279604141658159,0.086952713423522
1006_IEO_SAD_MD.mp4,-0.4299,0.1433,-0.06396985476200798,0.13158544635178207
1022_TAI_HAP_XX.mp4,0.6148,0.4611,-0.02025106270076434,0.3618221381497466
1083_IEO_DIS_HI.mp4,-0.5631,0.3218,-0.16419444787475165,0.12895940853419333
1016_TAI_FEA_XX.mp4,-0.4726,0.5514,-0.2123742642204381,0.20381769559620136
1047_IWL_SAD_XX.mp4,0.0797,0.0797,5.40127065346002e-05,0.11279065139233083
1052_IWL_SAD_XX.mp4,0.0773,0.0773,0.03598534041074857,0.08719960031634665
1003_TAI_FEA_XX.mp4,-0.4356,0.1452,-0.3099199989890914,0.2626069455999765
1005_IEO_FEA_HI.mp4,-0.4613,0.5382,-0.3817661596556502,0.4659122188996079
1090_TAI_DIS_XX.mp4,-0.4434,0.5173,-0.27676193764315815,0.3107377397527031
1010_IEO_FEA_HI.mp4,-0.5142,0.5999,-0.5423950514316175,0.6378208333983708
1085_TAI_DIS_XX.mp4,-0.5677,0.3244,-0.2640781769100452,0.22938231144458215
1024_IEO_HAP_HI.mp4,0.0791,0.0791,-0.04589932750643687,0.12516046655901236
1020_TSI_SAD_XX.mp4,0.0764,0.0764,-0.11262409946769114,0.1603244048406967
1035_TSI_SAD_XX.mp4,-0.539,0.308,-0.19826805580015286,0.23303564290814766
1031_IEO_HAP_HI.mp4,0.0,0.0,0.025245413240512105,0.2153577659209014
1008_ITS_ANG_XX.mp4,-0.5716,0.6532,-0.35473411737613897,0.48228507027207745
1061_IWL_HAP_XX.mp4,0.0762,0.0762,0.004953812055600934,0.09911680674473546
1059_IOM_DIS_XX.mp4,-0.5371,0.3069,-0.07126718416078383,0.13467441180052797
1014_IEO_FEA_MD.mp4,0.0799,0.0799,-0.05294893324588414,0.14436641018360788
1001_IEO_FEA_MD.mp4,-0.471,0.5495,-0.10718786915178255,0.3016745671356889
1074_IWL_HAP_XX.mp4,-0.5845,0.668,-0.4029477976542233,0.5173519279297104
1035_IEO_HAP_MD.mp4,0.0,0.0,-0.18562625004184782,0.39746614975153277
1040_IWL_FEA_XX.mp4,-0.4343,0.1448,-0.014985511237810348,0.12756914642047532
1011_TAI_SAD_XX.mp4,0.0751,0.0751,-0.009303173606995547,0.10277947638448046
1004_TAI_SAD_XX.mp4,-0.4794,0.5593,-0.25822748170458837,0.23529805711237015
1055_IWL_FEA_XX.mp4,-0.5199,0.5942,-0.4293590405148169,0.556397543999339
1020_IEO_HAP_MD.mp4,0.655,0.4912,0.07448005094949546,0.2601375331538451
1002_TSI_NEU_XX.mp4,0.0844,0.0844,-0.10858397569174984,0.21015808304479508
1017_TSI_NEU_XX.mp4,0.0766,0.0766,-0.14019574034334548,0.16113379676845965
1040_TSI_ANG_XX.mp4,0.0777,0.0777,-0.15577719228984116,0.18503234636466775
1055_TSI_ANG_XX.mp4,-0.4518,0.5271,-0.3329698527160858,0.5524461044451485
1071_TAI_ANG_XX.mp4,0.0,0.0,-0.02394737843865914,0.11407724811784195
1064_TAI_ANG_XX.mp4,-0.6296,0.7196,-0.4807168475824231,0.5647741227359945
1068_ITS_SAD_XX.mp4,0.0774,0.0774,-0.0016621250861826899,0.07166534431443086
1033_TAI_NEU_XX.mp4,0.085,0.085,0.10032622907089045,0.07257172763740362
1026_TAI_NEU_XX.mp4,0.0855,0.0855,-0.03188661465687906,0.14204550772178892
1062_IEO_ANG_HI.mp4,-0.5647,0.6453,-0.43489174850782886,0.647936909367733
1077_IEO_ANG_HI.mp4,-0.6537,0.7471,-0.675975336321664,0.6831337484837281
1065_IWL_NEU_XX.mp4,0.0906,0.0906,0.061637859867504974,0.10812417025985366
1070_IWL_NEU_XX.mp4,0.0837,0.0837,0.06811057608249188,0.10245457499675259
1073_IEO_ANG_MD.mp4,-0.5604,0.6405,-0.47256702185528193,0.539815725895633
1066_IEO_ANG_MD.mp4,0.0,0.0,0.015551011141238634,0.14305360329023636
1027_IWL_ANG_XX.mp4,-0.5928,0.6775,-0.6167780197360272,0.6915429725642515
1032_IWL_ANG_XX.mp4,0.0787,0.0787,-0.0918542078186183,0.1944432917739891
1090_IWL_NEU_XX.mp4,-0.5355,0.306,-0.05324592739424949,0.12123888240005745
1085_IWL_NEU_XX.mp4,0.0797,0.0797,-0.011212021529216616,0.1810255842952272
1086_IEO_ANG_MD.mp4,-0.5829,0.6662,-0.4526846523232176,0.5992820785932944
1082_IEO_ANG_HI.mp4,-0.6066,0.6932,-0.5604324111993915,0.6622798240954058
1018_MTI_FEA_XX.mp4,-0.4811,0.5613,-0.2559221000270298,0.3316391274607621
1084_TAI_ANG_XX.mp4,-0.5149,0.2942,-0.1681998438530322,0.2930021402295761
1091_TAI_ANG_XX.mp4,-0.5336,0.6098,-0.1283588153798298,0.3494951568484644
1039_MTI_HAP_XX.mp4,0.6315,0.4736,0.6021674750817007,0.4112662818750054
1088_ITS_SAD_XX.mp4,0.0763,0.0763,-0.030344978202649264,0.11771447790955895
1009_ITS_DIS_XX.mp4,0.0815,0.0815,-0.0859337166738723,0.15411568201493261
1058_IOM_ANG_XX.mp4,-0.5733,0.6552,-0.10772432350088057,0.4422468140012347
1054_TSI_DIS_XX.mp4,0.0788,0.0788,-0.07803381374832864,0.13886644392732225
1081_IWL_HAP_XX.mp4,0.0772,0.0772,-0.17964285588370302,0.24876150504970307
1041_TSI_DIS_XX.mp4,-0.5724,0.3271,-0.18318239822644006,0.20005754324280836
1065_TAI_DIS_XX.mp4,0.0722,0.0722,-0.024739935544200536,0.15029873463107618
1070_TAI_DIS_XX.mp4,-0.5355,0.306,-0.23326381157871168,0.31048101357666064
1038_IOM_SAD_XX.mp4,0.0,0.0,-0.004416228937217771,0.0869672588691076
1076_IEO_DIS_HI.mp4,0.0808,0.0808,-0.04443559763806542,0.12832713319025074
1063_IEO_DIS_HI.mp4,0.0735,0.0735,-0.030260872138236295,0.12753735901133992
1028_MTI_NEU_XX.mp4,-0.4287,0.1429,-0.13693302258856585,0.1090985242614534
1033_IWL_DIS_XX.mp4,0.0,0.0,-0.004368753900223467,0.10991706961179096
1026_IWL_DIS_XX.mp4,0.0801,0.0801,0.09870080018228314,0.10605591732852714
1067_IEO_DIS_MD.mp4,0.0,0.0,0.014714807862457527,0.16005600364729772
1072_IEO_DIS_MD.mp4,-0.6191,0.7076,-0.526245060620896,0.5522852322196593
1001_IEO_NEU_XX.mp4,0.0859,0.0859,0.037576921661277574,0.14422969500067548
1014_IEO_NEU_XX.mp4,0.0845,0.0845,0.01661585164660069,0.11969994034871394
1012_ITH_SAD_XX.mp4,-0.4197,0.1399,-0.052569738447089474,0.11000962019894267
1007_ITH_SAD_XX.mp4,0.0738,0.0738,-0.025138769902525716,0.11397301484325253
1083_DFA_FEA_XX.mp4,0.0,0.0,-0.02594745938605862,0.11096602372188069
1086_ITH_DIS_XX.mp4,-0.4873,0.2784,-0.14408814309090845,0.18902171946751076
1015_ITH_FEA_XX.mp4,0.0825,0.0825,-0.04615939754525407,0.10377532196399335
1034_ITH_HAP_XX.mp4,0.6067,0.455,0.06754784276242023,0.270683681326099
1005_DFA_DIS_XX.mp4,-0.5648,0.3228,-0.20962379696731667,0.3109596661891848
1010_DFA_DIS_XX.mp4,0.0804,0.0804,-0.011610919539382886,0.12177475837081549
1021_ITH_HAP_XX.mp4,0.0777,0.0777,-0.0852576901702046,0.15599630654390303
1048_IWW_ANG_XX.mp4,-0.4563,0.5323,-0.4376417970427026,0.5321830398838788
1061_TIE_ANG_XX.mp4,-0.5281,0.6036,-0.1894208569795864,0.27459767137180574
1074_TIE_ANG_XX.mp4,-0.6237,0.7128,-0.6161456602032738,0.6277049452455781
1084_DFA_SAD_XX.mp4,0.0817,0.0817,0.012279070803988212,0.11106930329316966
1023_TIE_NEU_XX.mp4,0.0815,0.0815,-0.009093762489758498,0.10459903356963274
1036_TIE_NEU_XX.mp4,0.077,0.077,0.06279736213076796,0.06479486884964614
1091_DFA_SAD_XX.mp4,0.0756,0.0756,0.05891198195159907,0.09667564208836807
1080_TIE_DIS_XX.mp4,0.0,0.0,-0.15194552072118514,0.18425871518728446
1091_WSI_SAD_XX.mp4,0.0737,0.0737,-0.12043657633228431,0.16552784110048954
1084_WSI_SAD_XX.mp4,0.0,0.0,-0.11650989055523851,0.13073744855687058
1028_IWW_SAD_XX.mp4,-0.5079,0.1693,-0.10631936116493403,0.23803503698402637
1010_WSI_DIS_XX.mp4,0.0738,0.0738,-0.2232602390934459,0.18404919326135138
1001_TIE_SAD_XX.mp4,0.0796,0.0796,-0.053101510126500606,0.12584337618219843
1005_WSI_DIS_XX.mp4,-0.525,0.3,-0.32897958356122753,0.22848580630999152
1014_TIE_SAD_XX.mp4,0.0738,0.0738,-0.09028725305745817,0.16696785320954294
1072_ITH_ANG_XX.mp4,-0.5643,0.3224,-0.19952828231711592,0.3566745484334332
1067_ITH_ANG_XX.mp4,0.0,0.0,-0.12872000960833105,0.2255942797000421
1054_IEO_DIS_LO.mp4,-0.4537,0.1512,-0.03693439151728579,0.08908491995818708
1041_IEO_DIS_LO.mp4,0.0,0.0,-0.037074822562022935,0.08279088499944463
1083_WSI_FEA_XX.mp4,0.0769,0.0769,-0.08614252983110895,0.14493107339868683
1030_ITH_NEU_XX.mp4,0.0848,0.0848,0.01982485760959502,0.11713287570459562
1025_ITH_NEU_XX.mp4,0.0802,0.0802,-0.0979702409497423,0.14698572078381159
1027_TIE_HAP_XX.mp4,0.0798,0.0798,-0.024085913066858262,0.09867812213076067
1032_TIE_HAP_XX.mp4,0.0842,0.0842,-0.031869078260138684,0.20460017456524981
1006_TIE_FEA_XX.mp4,-0.477,0.5565,-0.17770491916493628,0.4433766449539765
1013_TIE_FEA_XX.mp4,-0.4567,0.5328,-0.1387211694234772,0.28929615594031055
1028_WSI_NEU_XX.mp4,0.0785,0.0785,-0.06362309190310962,0.15072746622464975
1091_IWW_NEU_XX.mp4,0.0816,0.0816,-0.09140423554134872,0.12311735272017331
1084_IWW_NEU_XX.mp4,0.0753,0.0753,-0.004622696561824756,0.14980686624431339
1089_ITH_SAD_XX.mp4,-0.4445,0.1482,-0.20431904475837648,0.12203955093908599
1008_ITH_DIS_XX.mp4,0.0759,0.0759,-0.023838354023677837,0.1687009613041433
1039_DFA_HAP_XX.mp4,0.0774,0.0774,-0.17257585095314415,0.3221209828797984
1018_DFA_FEA_XX.mp4,0.0862,0.0862,0.00825432646309258,0.2257789365575399
1039_WSI_HAP_XX.mp4,0.676,0.507,0.23624352097911636,0.4713484875185847
1018_WSI_FEA_XX.mp4,0.0816,0.0816,-0.16093427470147822,0.26076328424160944
1080_IWW_HAP_XX.mp4,0.0801,0.0801,0.04187624429435661,0.15797550664425672
1088_TIE_FEA_XX.mp4,-0.5407,0.618,-0.32335217329307675,0.41219145346380487
1028_DFA_NEU_XX.mp4,-0.5587,0.3193,0.0073646114776097695,0.13328518320281216
1032_IWW_DIS_XX.mp4,0.0801,0.0801,0.030815717266421374,0.13116668898836784
1027_IWW_DIS_XX.mp4,0.0773,0.0773,-0.0743444754743755,0.11850419130846661
1068_IEO_HAP_LO.mp4,0.0767,0.0767,0.027090285255261682,0.10067958835909621
1049_IEO_FEA_LO.mp4,0.0783,0.0783,0.03237937590964362,0.08229821077656238
1013_ITS_SAD_XX.mp4,0.0,0.0,-0.04794406187559002,0.10451344689249424
1048_TAI_NEU_XX.mp4,0.0747,0.0747,-0.09516018278529563,0.1866083679907205
1006_ITS_SAD_XX.mp4,0.0,0.0,-0.09872940104087496,0.13578030248267764
1083_MTI_FEA_XX.mp4,0.0778,0.0778,-0.050184957876645946,0.1179577360250365
1087_ITS_DIS_XX.mp4,0.0744,0.0744,-0.15286603205891575,0.19822248188974456
1079_TSI_NEU_XX.mp4,0.079,0.079,-0.044402789575058166,0.16789322294807013
1081_IOM_NEU_XX.mp4,0.0,0.0,0.014715528925934137,0.08198265904412988
1049_IWL_ANG_XX.mp4,0.0,0.0,-0.3052874877648092,0.3800074132721669
1008_IEO_ANG_MD.mp4,-0.5642,0.3224,-0.5600088398432936,0.5538807837417395
1084_MTI_SAD_XX.mp4,0.0788,0.0788,-0.03591405306839704,0.09278319477035284
1091_MTI_SAD_XX.mp4,0.0736,0.0736,-0.03416131589176516,0.11299685507712577
1035_ITS_HAP_XX.mp4,0.6071,0.4553,0.15622611995384486,0.2943988090751307
1020_ITS_HAP_XX.mp4,0.5709,0.4281,0.2939656565935819,0.4174792109213035
1014_ITS_FEA_XX.mp4,0.0762,0.0762,-0.036761719908007674,0.12075416265866545
1001_ITS_FEA_XX.mp4,0.0,0.0,-0.3272469046241275,0.29342427040584873
1005_MTI_DIS_XX.mp4,0.082,0.082,-0.01149534076849189,0.13372187456644336
1010_MTI_DIS_XX.mp4,0.0791,0.0791,-0.0635370729259949,0.16211618658690352
1019_IEO_ANG_HI.mp4,-0.6318,0.722,-0.6726922634655925,0.7137437849394337
1029_IWL_SAD_XX.mp4,0.0765,0.0765,-0.016201972643028858,0.11514817203677734
1078_TAI_FEA_XX.mp4,-0.4684,0.5464,-0.2778580499470354,0.4109611617247052
1068_IEO_SAD_MD.mp4,0.0848,0.0848,0.019158794296629502,0.09029440839759433
1059_TAI_HAP_XX.mp4,0.6685,0.5014,-0.015421627463499886,0.475050933430821
1049_TSI_FEA_XX.mp4,0.0,0.0,-0.14525500125198,0.26766746679125186
1079_IEO_SAD_HI.mp4,0.0803,0.0803,-0.035090801267164025,0.14693736484862255
1085_IOM_HAP_XX.mp4,0.0787,0.0787,0.10933748046534643,0.15005944039479718
1068_TSI_HAP_XX.mp4,0.0732,0.0732,-0.147603640606359,0.26498607218628617
1090_IOM_HAP_XX.mp4,0.0757,0.0757,0.0842845753276047,0.08538615092165856
1031_ITS_NEU_XX.mp4,0.0829,0.0829,0.002275328782078534,0.10469606864415616
1024_ITS_NEU_XX.mp4,0.0713,0.0713,-0.029383091223880428,0.15237900148624656
1022_IOM_DIS_XX.mp4,-0.5079,0.2902,-0.2521652917037453,0.12041254746760968
1037_IOM_DIS_XX.mp4,0.0776,0.0776,-0.17671719964326849,0.10879248930412883
1073_ITS_ANG_XX.mp4,0.0804,0.0804,-0.04909834962049889,0.1889434627386314
1066_ITS_ANG_XX.mp4,-0.4886,0.2792,-0.06292251594555905,0.17747382864432606
1048_MTI_HAP_XX.mp4,0.6088,0.4566,0.08053193847564401,0.1402692956823068
1069_MTI_FEA_XX.mp4,0.0,0.0,0.0705783144539613,0.13688206953155402
1078_ITS_DIS_XX.mp4,-0.5604,0.3202,-0.09734270019391947,0.22045460164670386
1086_TSI_NEU_XX.mp4,0.0771,0.0771,-0.004266077788747939,0.15249749865169943
1029_IOM_ANG_XX.mp4,-0.5351,0.6116,-0.4968577770769066,0.6485571210846156
1087_TAI_FEA_XX.mp4,0.0749,0.0749,0.1867479443673451,0.14561423215452823
1012_IEO_DIS_HI.mp4,-0.5779,0.6604,-0.45815940162593566,0.42629165921275997
1007_IEO_DIS_HI.mp4,0.0,0.0,-0.18594656928867576,0.17492676295406992
1082_IEO_SAD_MD.mp4,-0.4787,0.1596,-0.12599861825444855,0.14248413221149625
1059_MTI_NEU_XX.mp4,0.0901,0.0901,-0.059712325351637216,0.15777051652150503
1003_IEO_DIS_MD.mp4,0.0748,0.0748,-0.04368399950274176,0.1187633516608682
1016_IEO_DIS_MD.mp4,-0.5856,0.3346,-0.2753572762373761,0.33310476960717444
1057_IWL_DIS_XX.mp4,0.0,0.0,-0.08057764467712639,0.24981976901888017
1082_TSI_HAP_XX.mp4,0.0854,0.0854,-0.012386124259314018,0.15834764461825918
1086_IEO_SAD_HI.mp4,0.0796,0.0796,0.014372471607475403,0.09756296051300756
1042_IWL_DIS_XX.mp4,-0.5351,0.6116,-0.1008315912995448,0.3296659655734128
1080_TAI_SAD_XX.mp4,-0.4173,0.4868,-0.1268629304860236,0.18993423582164906
1085_IEO_FEA_MD.mp4,0.0837,0.0837,0.03824905310215361,0.08317881652520193
1030_TSI_DIS_XX.mp4,0.0725,0.0725,-0.03787504327560822,0.08824947413428837
1090_IEO_FEA_MD.mp4,0.0813,0.0813,0.028143110026353772,0.07695656500480175
1025_TSI_DIS_XX.mp4,0.0811,0.0811,-0.04869823252376456,0.11301004282397377
1049_IOM_SAD_XX.mp4,0.0797,0.0797,-0.011941997324858528,0.1054470528460608
1001_TAI_DIS_XX.mp4,0.0742,0.0742,-0.1138761096234352,0.13905459267809425
1014_TAI_DIS_XX.mp4,-0.5205,0.2974,-0.21166453240394684,0.17608711371357097
1081_IEO_FEA_HI.mp4,-0.4941,0.5765,-0.18841466351965816,0.33822596638520186
1061_DFA_DIS_XX.mp4,-0.5554,0.3174,-0.11089768271097791,0.22848821446177434
1050_ITH_HAP_XX.mp4,0.0738,0.0738,-0.06466368711578631,0.23727966488458146
1045_ITH_HAP_XX.mp4,0.0844,0.0844,0.04156042710412682,0.13371069064620061
1074_DFA_DIS_XX.mp4,0.075,0.075,-0.027841016842129813,0.20801188007580795
1071_ITH_FEA_XX.mp4,-0.51,0.595,-0.1497668346920146,0.23675169937288304
1064_ITH_FEA_XX.mp4,-0.477,0.5565,-0.3013460024689897,0.40335631438119113
1039_IWW_ANG_XX.mp4,-0.6338,0.7244,-0.4337125316583245,0.582787209898204
1080_WSI_ANG_XX.mp4,-0.6506,0.7436,-0.5623329817574081,0.6702032130591395
1005_TIE_ANG_XX.mp4,-0.5573,0.6369,-0.39449732813981236,0.5559546471214362
1010_TIE_ANG_XX.mp4,-0.4962,0.5671,-0.3397924168046698,0.35118122522214434
1047_TIE_NEU_XX.mp4,0.0786,0.0786,0.008133783336249874,0.12191841093030562
1052_TIE_NEU_XX.mp4,0.0766,0.0766,-0.07304452497741007,0.11374690562497494
1065_IEO_NEU_XX.mp4,0.0853,0.0853,0.057270051486242514,0.1165315864535398
1070_IEO_NEU_XX.mp4,0.0845,0.0845,0.000278984333006422,0.09102106642516199
1076_ITH_SAD_XX.mp4,-0.4723,0.5511,-0.005373059772391346,0.10632513144613284
1063_ITH_SAD_XX.mp4,0.0658,0.0658,0.043744008275928226,0.10714764574540893
1030_IEO_DIS_LO.mp4,0.0824,0.0824,0.046802084546292214,0.11915952245628417
1025_IEO_DIS_LO.mp4,-0.472,0.1573,-0.07249821122777114,0.13437464726999865
1016_ITH_ANG_XX.mp4,-0.6281,0.7178,-0.4850049720749491,0.5645643845977572
1003_ITH_ANG_XX.mp4,-0.5932,0.678,-0.6113228790472682,0.6071909091967612
1054_ITH_NEU_XX.mp4,0.0778,0.0778,0.007742980621063444,0.08835938439964515
1041_ITH_NEU_XX.mp4,0.0833,0.0833,0.03410477471768329,0.07393725988989032
1062_TIE_FEA_XX.mp4,0.0,0.0,-0.02019894472545658,0.09551313754655322
1077_TIE_FEA_XX.mp4,-0.5533,0.6324,-0.03896473928247156,0.17999265339611886
1043_TIE_HAP_XX.mp4,-0.5342,0.6105,-0.039763490603116985,0.31786439463665417
1056_TIE_HAP_XX.mp4,0.0758,0.0758,0.09630818998454134,0.08483109334699722
1059_IWW_SAD_XX.mp4,-0.4314,0.5033,-0.1275159992543303,0.12723171280811868
1082_IEO_HAP_LO.mp4,0.6528,0.4896,0.3390158337620098,0.27870623759903934
1080_DFA_ANG_XX.mp4,-0.5491,0.6275,-0.5259040665340047,0.6187933038180283
1074_WSI_DIS_XX.mp4,-0.5722,0.654,-0.3400500615544385,0.4540923835071318
1065_TIE_SAD_XX.mp4,0.0734,0.0734,0.08599871753960811,0.08110720896216515
1061_WSI_DIS_XX.mp4,-0.5323,0.3042,-0.298544416996734,0.26080521755146935
1070_TIE_SAD_XX.mp4,0.0749,0.0749,-0.08297045497372228,0.1584415670914961
1069_DFA_FEA_XX.mp4,-0.438,0.511,0.04595800241466573,0.12553933020796706
1079_ITH_DIS_XX.mp4,-0.568,0.3246,-0.002400627680415224,0.13121668725270022
1048_DFA_HAP_XX.mp4,0.6671,0.5003,0.04857684967199124,0.31219535723062486
1059_WSI_NEU_XX.mp4,-0.518,0.296,-0.38817247492352336,0.3267626585423456
1056_IWW_DIS_XX.mp4,-0.5573,0.3184,-0.028247585338145437,0.22868340933880246
1043_IWW_DIS_XX.mp4,0.0766,0.0766,-0.0389834053532994,0.14307771154790788
1059_DFA_NEU_XX.mp4,-0.5342,0.6105,-0.1294248804780415,0.3248829937517035
1038_IEO_FEA_LO.mp4,0.0736,0.0736,0.026030512553935466,0.09358241347097507
1019_IEO_HAP_LO.mp4,0.0839,0.0839,0.013546499303015908,0.13095431084625103
1069_WSI_FEA_XX.mp4,-0.475,0.5542,-0.48386694698648486,0.5303151663227745
1048_WSI_HAP_XX.mp4,0.0759,0.0759,-0.06992125252040667,0.19146033823762287
1079_IEO_ANG_MD.mp4,-0.5678,0.6489,-0.5034972045863224,0.6566438366271555
1038_IWL_ANG_XX.mp4,-0.5017,0.5733,-0.3964347567531721,0.4950814341859429
1070_ITS_FEA_XX.mp4,0.0871,0.0871,0.050178491242042586,0.14838114265162305
1065_ITS_FEA_XX.mp4,0.0722,0.0722,-0.045364919883160035,0.130615409662563
1051_ITS_HAP_XX.mp4,0.0799,0.0799,-0.032107635672329826,0.2940398787266139
1044_ITS_HAP_XX.mp4,0.6166,0.4624,-0.11996420860204793,0.33328797588655645
1068_IEO_ANG_HI.mp4,-0.6522,0.7453,-0.5554641093366078,0.6961044619345448
1061_MTI_DIS_XX.mp4,-0.5658,0.3233,-0.2665577956983196,0.16611682219941176
1074_MTI_DIS_XX.mp4,0.0788,0.0788,-0.008937246411634405,0.30167008179969257
1077_ITS_SAD_XX.mp4,0.0894,0.0894,0.029292637764743234,0.12532328258494274
1062_ITS_SAD_XX.mp4,0.0749,0.0749,0.008051295612344758,0.1128117115201761
1039_TAI_NEU_XX.mp4,0.0794,0.0794,0.025654197884519156,0.11762202991057877
1008_TSI_NEU_XX.mp4,0.0927,0.0927,-0.11529233893064153,0.14237303049757913
1046_IOM_DIS_XX.mp4,0.0806,0.0806,0.008700727839383221,0.0977697222788304
1053_IOM_DIS_XX.mp4,0.0742,0.0742,0.041400782180754395,0.11118778174319911
1055_ITS_NEU_XX.mp4,0.0869,0.0869,-0.10772497641307542,0.1912243376844122
1040_ITS_NEU_XX.mp4,0.0722,0.0722,0.02012338232158521,0.11184570530295596
1017_ITS_ANG_XX.mp4,0.0692,0.0692,-0.033094858380817146,0.12242919296234038
1002_ITS_ANG_XX.mp4,0.0781,0.0781,-0.11404984743242859,0.3220363201978546
1080_MTI_ANG_XX.mp4,-0.5748,0.6569,-0.47460603033716936,0.5106691467013244
1028_TAI_HAP_XX.mp4,-0.4925,0.5746,-0.20523281940576998,0.5210701782141952
1019_IEO_SAD_MD.mp4,0.0822,0.0822,-0.011280304183065462,0.09483468783962594
1058_IWL_SAD_XX.mp4,0.0,0.0,-0.002675553028233624,0.08903003758191545
1009_TAI_FEA_XX.mp4,-0.4537,0.5294,-0.4717815685180463,0.609824651325708
1089_IEO_DIS_HI.mp4,-0.437,0.1457,-0.196237765644551,0.34908301782683154
1019_TSI_HAP_XX.mp4,0.0,0.0,-0.061110981505501975,0.19230541080495164
1008_IEO_SAD_HI.mp4,-0.459,0.153,-0.08777187604586303,0.17008382964619
1038_TSI_FEA_XX.mp4,-0.5213,0.6082,-0.42219535815105386,0.6095915650961453
1037_IEO_HAP_MD.mp4,0.0741,0.0741,0.010710443459631321,0.10491151308858766
1042_IWL_FEA_XX.mp4,-0.561,0.6411,-0.27648673249570277,0.41556752009011905
1048_ITS_NEU_XX.mp4,0.0804,0.0804,-0.018294551063282687,0.1449997575958677
1013_TAI_SAD_XX.mp4,0.0794,0.0794,-0.04646097745664431,0.1148420736893724
1006_TAI_SAD_XX.mp4,-0.4812,0.1604,-0.22675420036731997,0.17163585115115393
1057_IWL_FEA_XX.mp4,0.078,0.078,0.02624091011086776,0.0836624382268651
1022_IEO_HAP_MD.mp4,0.0,0.0,0.04180876540284836,0.14976936348806225
1063_IWL_HAP_XX.mp4,0.5493,0.412,0.12784864435296572,0.2561042919440688
1016_IEO_FEA_MD.mp4,0.074,0.074,-0.0527457088293718,0.10494358303199594
1003_IEO_FEA_MD.mp4,0.0771,0.0771,-0.07287551370943103,0.11913345124394344
1076_IWL_HAP_XX.mp4,-0.4699,0.537,-0.0760829663712198,0.348694710082112
1026_IEO_HAP_HI.mp4,0.0788,0.0788,-0.09428246011041475,0.29106081143167684
1022_TSI_SAD_XX.mp4,0.0,0.0,-0.04277569666514267,0.160173701330698
1037_TSI_SAD_XX.mp4,-0.5193,0.1731,-0.13865805624667885,0.17884003133439177
1033_IEO_HAP_HI.mp4,0.5985,0.4489,-0.1292791186109845,0.511122100226215
1007_IEO_FEA_HI.mp4,-0.4857,0.5666,-0.4659610192386246,0.49049053044287816
1012_IEO_FEA_HI.mp4,-0.5022,0.5859,-0.49760283675598305,0.5320345606075224
1087_TAI_DIS_XX.mp4,0.0866,0.0866,0.044523570185098726,0.09234613306989721
1081_IEO_DIS_HI.mp4,-0.5814,0.3322,-0.11438370032206774,0.14232265175370637
1014_TAI_FEA_XX.mp4,0.0699,0.0699,-0.022722279171974735,0.12442664620485507
1045_IWL_SAD_XX.mp4,0.0798,0.0798,-0.05863210825190943,0.08850480138501042
1050_IWL_SAD_XX.mp4,0.0735,0.0735,0.025925880657336826,0.08544571904832972
1001_TAI_FEA_XX.mp4,-0.5456,0.6236,-0.3770529426544031,0.4049432500238529
1035_TAI_HAP_XX.mp4,-0.5867,0.3353,-0.3587357258720975,0.51789215264364
1011_IEO_SAD_MD.mp4,0.0806,0.0806,-0.06743371648497411,0.10361414233528866
1004_IEO_SAD_MD.mp4,0.0805,0.0805,-0.09637712232401968,0.14076887810625655
1088_MTI_ANG_XX.mp4,0.0764,0.0764,-0.19255176581678138,0.32924105221040756
1020_TAI_HAP_XX.mp4,0.0,0.0,-0.005157585438219975,0.1648414281456541
1025_TSI_FEA_XX.mp4,0.0831,0.0831,-0.10795190872497878,0.15501478338271504
1090_IEO_DIS_MD.mp4,-0.5084,0.2905,-0.10771285134813749,0.1424040734037349
1030_TSI_FEA_XX.mp4,0.0787,0.0787,-0.05326163456888189,0.20640490935868008
1085_IEO_DIS_MD.mp4,-0.5479,0.3131,-0.22507364988740644,0.24028217642821056
1004_TSI_HAP_XX.mp4,0.0733,0.0733,-0.07650363487777656,0.1631094562323276
1015_IEO_SAD_HI.mp4,0.0799,0.0799,0.06784279987462773,0.07992381415096564
1011_TSI_HAP_XX.mp4,0.0791,0.0791,-0.04311263208449268,0.1916619652741703
1025_IWL_ANG_XX.mp4,-0.504,0.576,-0.08369893603982621,0.2610623001759775
1030_IWL_ANG_XX.mp4,-0.5719,0.6536,-0.5184645026733194,0.5771547228692144
1071_IEO_ANG_MD.mp4,0.0742,0.0742,0.03207270163215804,0.13287764649228337
1064_IEO_ANG_MD.mp4,-0.6148,0.7027,-0.5700574447577171,0.65324308548026
1059_ITS_HAP_XX.mp4,0.0,0.0,-0.3753021073203208,0.5074166608113406
1067_IWL_NEU_XX.mp4,0.0908,0.0908,0.029439332582122068,0.10579655805569678
1072_IWL_NEU_XX.mp4,0.0823,0.0823,-0.03574846061184125,0.11049218803814813
1078_ITS_FEA_XX.mp4,-0.4838,0.5645,-0.2155641198645539,0.36804875517292046
1069_MTI_DIS_XX.mp4,0.0776,0.0776,0.06898403862164511,0.0891242928981582
1060_IEO_ANG_HI.mp4,-0.554,0.6332,-0.4922086677383893,0.6120717240952727
1075_IEO_ANG_HI.mp4,-0.6167,0.7048,-0.5410045359853295,0.6934846349898799
1031_TAI_NEU_XX.mp4,0.0772,0.0772,0.026989798081925455,0.10141800161036955
1024_TAI_NEU_XX.mp4,0.0831,0.0831,0.036498844911048385,0.10060996778592839
1073_TAI_ANG_XX.mp4,0.0794,0.0794,-0.24443303275225092,0.3303422270393415
1066_TAI_ANG_XX.mp4,-0.5059,0.2891,-0.34736202507710856,0.39887462281310704
1042_TSI_ANG_XX.mp4,-0.5724,0.3271,-0.009154578294531772,0.13066960497600907
1057_TSI_ANG_XX.mp4,-0.5906,0.675,-0.566147339824921,0.5782675378754478
1015_TSI_NEU_XX.mp4,0.0781,0.0781,0.007408521930684574,0.14821387982785064
1066_WSI_SAD_XX.mp4,0.0746,0.0746,-0.06477543774942153,0.11799777881176023
1077_TIE_DIS_XX.mp4,0.0735,0.0735,-0.054582755996201444,0.1265401625930308
1073_WSI_SAD_XX.mp4,0.0822,0.0822,-0.00560056599156114,0.13355767581022407
1062_TIE_DIS_XX.mp4,0.0808,0.0808,0.014341926005685523,0.10203775299737915
1051_DFA_NEU_XX.mp4,0.0801,0.0801,0.11263873880075105,0.08520672784952202
1044_DFA_NEU_XX.mp4,0.0781,0.0781,0.007700564301456363,0.16209730943369544
1004_IEO_HAP_LO.mp4,0.0751,0.0751,-0.026664865297310988,0.13723230395686747
1011_IEO_HAP_LO.mp4,0.0783,0.0783,0.023156995373915825,0.09587107169561694
1013_DFA_ANG_XX.mp4,-0.6338,0.7244,-0.6494540894523626,0.6825268697260465
1025_IEO_FEA_LO.mp4,0.0806,0.0806,-0.06244175619887946,0.08931890892666461
1030_IEO_FEA_LO.mp4,0.0821,0.0821,0.035558300282214475,0.1184229271534747
1006_DFA_ANG_XX.mp4,-0.6116,0.699,-0.6097306600212875,0.6673394281735259
1040_WSI_HAP_XX.mp4,0.0719,0.0719,-0.027951194651926088,0.1619047047292907
1055_WSI_HAP_XX.mp4,0.0,0.0,-0.04976363168956417,0.30565772937245195
1061_WSI_FEA_XX.mp4,0.0752,0.0752,-0.10430302913005561,0.31228550464919785
1074_WSI_FEA_XX.mp4,-0.5342,0.3053,-0.2897863805862606,0.3476781434863802
1085_ITH_ANG_XX.mp4,-0.5684,0.6496,-0.4437558210630329,0.5846869345741403
1090_ITH_ANG_XX.mp4,-0.5553,0.3173,-0.3705826298426807,0.40702040003835327
1022_IEO_SAD_LO.mp4,0.0815,0.0815,0.026963562587651136,0.10647298416088367
1037_IEO_SAD_LO.mp4,0.0847,0.0847,0.011399379763211252,0.09604295988880504
1055_DFA_HAP_XX.mp4,0.0824,0.0824,0.03870496869888668,0.38635368770180534
1064_ITH_DIS_XX.mp4,0.0766,0.0766,-0.1310059705623185,0.14863321872478022
1071_ITH_DIS_XX.mp4,0.0849,0.0849,0.013196745762710889,0.08936197926319715
1040_DFA_HAP_XX.mp4,0.0,0.0,0.18474494126346117,0.12489377667474891
1074_DFA_FEA_XX.mp4,0.0804,0.0804,-0.12823446243671785,0.39074430968215146
1042_IEO_ANG_LO.mp4,-0.5083,0.5809,-0.2891684069932728,0.4757336935912455
1057_IEO_ANG_LO.mp4,-0.5307,0.6065,-0.37134707776859344,0.43734449582857804
1061_DFA_FEA_XX.mp4,0.0674,0.0674,0.015674878699163182,0.09362074326257681
1006_WSI_ANG_XX.mp4,-0.5614,0.6416,-0.2599684127889079,0.48463162081962463
1013_WSI_ANG_XX.mp4,-0.6386,0.7298,-0.6484646050607028,0.7279773269099505
1044_WSI_NEU_XX.mp4,0.073,0.073,-0.08706141764478265,0.1679961648536839
1051_WSI_NEU_XX.mp4,0.0886,0.0886,-0.0025701091627339644,0.11233987770749981
1073_DFA_SAD_XX.mp4,0.0818,0.0818,0.08527816057694229,0.09158856242455399
1066_DFA_SAD_XX.mp4,0.0765,0.0765,0.06077546891120331,0.08024137265163393
1083_TIE_ANG_XX.mp4,0.0769,0.0769,-0.09379988588971307,0.1661684243817607
1038_IEO_DIS_LO.mp4,0.0776,0.0776,-0.12989024865068466,0.15814190202183004
1062_IWW_HAP_XX.mp4,0.0798,0.0798,0.029487363620651467,0.08830556613807967
1077_IWW_HAP_XX.mp4,0.0802,0.0802,0.04512353561096209,0.09039038924348242
1043_IWW_FEA_XX.mp4,-0.4868,0.5679,0.009844561201409998,0.1504564811776391
1049_ITH_NEU_XX.mp4,0.0,0.0,0.013669218047390585,0.147209993716625
1056_IWW_FEA_XX.mp4,-0.5079,0.2903,-0.09170768969498821,0.14765871733356306
1044_IWW_SAD_XX.mp4,-0.5171,0.6033,-0.04014941759335629,0.14229067821474367
1051_IWW_SAD_XX.mp4,-0.4543,0.5301,-0.04020168670006914,0.13968225939355422
1088_DFA_ANG_XX.mp4,-0.5157,0.5893,-0.2753033448081447,0.4463573742169524
1069_WSI_DIS_XX.mp4,0.0773,0.0773,-0.08200052400761212,0.16973026892135212
1078_TIE_SAD_XX.mp4,0.0783,0.0783,-0.08037057713408582,0.1170502366768247
1066_IWW_NEU_XX.mp4,0.0789,0.0789,0.020068829579460348,0.10048666119254006
1073_IWW_NEU_XX.mp4,0.0817,0.0817,0.02769285843735403,0.1119767456888672
1079_ITH_FEA_XX.mp4,-0.4803,0.5603,-0.4409772688201764,0.6069500039324881
1069_DFA_DIS_XX.mp4,-0.5596,0.3198,-0.17446468260004028,0.21282588121175172
1058_ITH_HAP_XX.mp4,0.0714,0.0714,-0.00389205100013683,0.1166873218997739
1088_WSI_ANG_XX.mp4,-0.602,0.688,-0.5465346154431557,0.6143223533889359
1024_IWW_ANG_XX.mp4,0.078,0.078,-0.044823708365574644,0.21207413733078867
1031_IWW_ANG_XX.mp4,0.0,0.0,0.05118098161674142,0.11237519561868252
1018_TIE_ANG_XX.mp4,-0.5876,0.6715,-0.4378869843040994,0.5349644047141011
1078_IEO_NEU_XX.mp4,0.0774,0.0774,-0.031118980122014465,0.09964412352430169
1013_MTI_ANG_XX.mp4,-0.5964,0.6816,-0.5685044271640861,0.6970882291115549
1006_MTI_ANG_XX.mp4,-0.5827,0.666,-0.5144276585005803,0.5791690345175735
1051_MTI_NEU_XX.mp4,0.0912,0.0912,-0.009063009550861824,0.09812262617316185
1044_MTI_NEU_XX.mp4,0.0793,0.0793,-0.006597677897764056,0.1170863541889077
1072_IOM_HAP_XX.mp4,0.0,0.0,-0.011187586610731413,0.22480630068973534
1067_IOM_HAP_XX.mp4,0.0,0.0,0.054144128708170876,0.07740353810265917
1053_IOM_FEA_XX.mp4,0.0,0.0,0.032997650838949094,0.15418056109310138
1046_IOM_FEA_XX.mp4,-0.418,0.1393,0.010856060516989058,0.10282086625024901
1084_ITS_ANG_XX.mp4,-0.546,0.312,-0.20959982286250783,0.2211132869503749
1091_ITS_ANG_XX.mp4,0.0789,0.0789,-0.21931809733860697,0.2362642427574493
1038_TSI_DIS_XX.mp4,-0.5405,0.3089,-0.4266984222903202,0.33076661811096675
1088_TAI_SAD_XX.mp4,0.0,0.0,0.012547870816276297,0.07443107305392309
1089_IEO_FEA_HI.mp4,0.0,0.0,-0.3816235637088823,0.3153121966723778
1009_TAI_DIS_XX.mp4,-0.4667,0.5444,-0.1542895464521178,0.2202845809994273
1054_IOM_SAD_XX.mp4,0.0,0.0,0.0560820028752395,0.10312147045315076
1041_IOM_SAD_XX.mp4,0.08,0.08,0.030442673285614282,0.0681243410206982
1074_MTI_FEA_XX.mp4,-0.5526,0.6316,-0.23185214606334162,0.4354484400304909
1061_MTI_FEA_XX.mp4,0.0778,0.0778,-0.11894089948930407,0.1747242229244467
1055_MTI_HAP_XX.mp4,0.0681,0.0681,-0.050782872251106705,0.14071673618064634
1040_MTI_HAP_XX.mp4,-0.4263,0.1421,-0.03246739666815022,0.09218095723000536
1076_IOM_NEU_XX.mp4,0.0883,0.0883,-0.044445276676976196,0.13741232100933487
1063_IOM_NEU_XX.mp4,0.0767,0.0767,0.008810790410094079,0.09244717004854833
1065_ITS_DIS_XX.mp4,0.0772,0.0772,-0.07038566202393093,0.1495511478645701
1070_ITS_DIS_XX.mp4,0.0928,0.0928,-0.1906635829866713,0.23075288929320104
1034_IOM_ANG_XX.mp4,-0.6041,0.3452,-0.381858830556191,0.42184858172747836
1021_IOM_ANG_XX.mp4,-0.5488,0.6272,-0.22518197034056864,0.3503106375212595
1073_MTI_SAD_XX.mp4,0.081,0.081,-0.05079733696393477,0.10169529554478163
1066_MTI_SAD_XX.mp4,0.0735,0.0735,-0.0255037379761216,0.09327932100821199
1051_TAI_HAP_XX.mp4,0.0763,0.0763,-0.20965753126467687,0.30294119943997116
1075_IEO_SAD_MD.mp4,0.0763,0.0763,0.03784812982445179,0.07804783394836302
1060_IEO_SAD_MD.mp4,0.0771,0.0771,0.006668898460263731,0.10089048252881769
1044_TAI_HAP_XX.mp4,0.6225,0.4669,0.07947773146861377,0.33044990778479316
1021_IWL_SAD_XX.mp4,0.0776,0.0776,-0.07107244973827546,0.12530456008794758
1070_TAI_FEA_XX.mp4,0.0771,0.0771,0.07380602825944879,0.254898043451691
1065_TAI_FEA_XX.mp4,0.0739,0.0739,0.011109878543291823,0.11654311774506623
1034_IWL_SAD_XX.mp4,0.0836,0.0836,0.0058477795690137285,0.09328472390055523
1060_TSI_HAP_XX.mp4,0.0,0.0,0.05425917609863117,0.1784249562717476
1064_IEO_SAD_HI.mp4,-0.5133,0.1711,-0.13619364152902896,0.14969326065901514
1071_IEO_SAD_HI.mp4,0.0797,0.0797,0.03743064580767721,0.09271527362188943
1075_TSI_HAP_XX.mp4,0.0789,0.0789,0.23111399995087817,0.3087659615955781
1041_TSI_FEA_XX.mp4,0.0,0.0,-0.06652029246529612,0.14515968565991821
1054_TSI_FEA_XX.mp4,-0.4967,0.5794,-0.15526375220526445,0.3008580397871783
1007_IWL_HAP_XX.mp4,0.0,0.0,-0.03229390735248311,0.10480380783224297
1072_IEO_FEA_MD.mp4,0.0731,0.0731,-0.01458181759716474,0.1164047704634884
1067_IEO_FEA_MD.mp4,0.0,0.0,-0.06842477716661895,0.14458193835833985
1012_IWL_HAP_XX.mp4,0.0808,0.0808,-0.10777101124834916,0.20662666121241718
1053_IEO_HAP_MD.mp4,0.0738,0.0738,0.03737349392829888,0.1835615568116091
1077_TAI_SAD_XX.mp4,0.0784,0.0784,0.06372735169104929,0.06740199502895
1026_IWL_FEA_XX.mp4,-0.4691,0.5473,-0.4559668385826625,0.5113813378995574
1033_IWL_FEA_XX.mp4,0.0684,0.0684,-0.02233167821587073,0.11085131227531514
1039_ITS_NEU_XX.mp4,0.0863,0.0863,0.045505812118250465,0.10729233250686863
1062_TAI_SAD_XX.mp4,0.0756,0.0756,0.020917986773849862,0.06874605730438597
1046_IEO_HAP_MD.mp4,0.0794,0.0794,0.0054625074184197035,0.1153252277430395
1063_IEO_FEA_HI.mp4,-0.4895,0.5711,-0.44750298517772547,0.5612306333750232
1076_IEO_FEA_HI.mp4,-0.4946,0.5771,-0.4116668339471859,0.5473498265155652
1042_IEO_HAP_HI.mp4,0.6296,0.4722,0.17031828880461275,0.29416228176239984
1046_TSI_SAD_XX.mp4,0.0734,0.0734,0.010075446467713467,0.09575259167567378
1053_TSI_SAD_XX.mp4,0.0739,0.0739,0.007218512817732574,0.0872841427575772
1057_IEO_HAP_HI.mp4,-0.4908,0.5726,-0.37226037022747455,0.507333658123645
1055_TAI_NEU_XX.mp4,0.0882,0.0882,-0.030461456457161567,0.12008153357310182
1040_TAI_NEU_XX.mp4,0.0809,0.0809,-0.011730694082444051,0.11088588692773613
1017_TAI_ANG_XX.mp4,0.0809,0.0809,-0.022869491430410643,0.1877554540891379
1002_TAI_ANG_XX.mp4,-0.5682,0.3247,-0.35401190426814483,0.3652920009555908
1026_TSI_ANG_XX.mp4,-0.6118,0.6992,-0.4864293373571394,0.5793642126816445
1033_TSI_ANG_XX.mp4,-0.5294,0.605,-0.44274593034770104,0.5782567173918752
1064_TSI_NEU_XX.mp4,0.0896,0.0896,0.031110962815679554,0.12866297653912054
1071_TSI_NEU_XX.mp4,0.0853,0.0853,-0.043073336479557266,0.12834686557649086
1089_IOM_NEU_XX.mp4,0.0794,0.0794,-0.08887778284133425,0.15422021292373175
1015_IEO_ANG_MD.mp4,0.0,0.0,-0.15867882393741117,0.21376609503927682
1041_IWL_ANG_XX.mp4,-0.5923,0.6769,-0.616369248433157,0.612059689683083
1054_IWL_ANG_XX.mp4,0.0813,0.0813,-0.13936590403949484,0.34608667094754036
1003_IWL_NEU_XX.mp4,0.0773,0.0773,-0.11624152500846822,0.2122755346107212
1009_ITS_FEA_XX.mp4,-0.494,0.5763,-0.4970114857653891,0.6259375024100186
1016_IWL_NEU_XX.mp4,0.0785,0.0785,-0.03320814441646402,0.12038216933539286
1028_ITS_HAP_XX.mp4,0.5989,0.4492,0.009011898861252853,0.3209208709103169
1004_IEO_ANG_HI.mp4,-0.6478,0.7404,-0.6953340703424947,0.6951787644867581
1011_IEO_ANG_HI.mp4,-0.6181,0.7064,-0.6376076562290255,0.7444669878582479
1018_MTI_DIS_XX.mp4,-0.4536,0.1512,-0.10429335284300646,0.11400737823628732
1005_WSI_FEA_XX.mp4,0.0,0.0,-0.19648484112414724,0.25249634033528434
1088_IWW_HAP_XX.mp4,-0.4614,0.5383,0.029289339977982474,0.13306310566510973
1010_WSI_FEA_XX.mp4,-0.5635,0.644,-0.41060313264766335,0.5234270192928068
1024_WSI_HAP_XX.mp4,0.0789,0.0789,0.08978405953476502,0.17464778663159708
1031_WSI_HAP_XX.mp4,0.0764,0.0764,-0.02188788061456541,0.13294566316808032
1046_IEO_SAD_LO.mp4,0.0781,0.0781,0.0022911626783537163,0.08095377643520822
1053_IEO_SAD_LO.mp4,0.0782,0.0782,0.03553201075498669,0.08700552236872817
1080_TIE_FEA_XX.mp4,-0.4672,0.5451,-0.2405624042882862,0.2584090232721358
1002_WSI_SAD_XX.mp4,0.0817,0.0817,-0.1477317639495633,0.18784033597224659
1013_TIE_DIS_XX.mp4,-0.5253,0.3002,-0.11568588693592155,0.20158745912301013
1017_WSI_SAD_XX.mp4,-0.473,0.2703,-0.07592983352325365,0.12903591577565832
1006_TIE_DIS_XX.mp4,-0.5293,0.3024,-0.19885219533319276,0.2589858740363955
1083_WSI_DIS_XX.mp4,-0.5512,0.315,-0.16956242272860658,0.20413718729067765
1035_DFA_NEU_XX.mp4,0.0822,0.0822,0.056014880970678096,0.11226078181020095
1020_DFA_NEU_XX.mp4,0.0806,0.0806,0.10013443442446905,0.09137047907533506
1087_TIE_SAD_XX.mp4,0.0763,0.0763,0.049457891317744765,0.050524483395189675
1041_IEO_FEA_LO.mp4,0.0753,0.0753,-0.009625356370833935,0.09197301414666018
1077_DFA_ANG_XX.mp4,0.0,0.0,-0.2820206181763015,0.2862247239262836
1062_DFA_ANG_XX.mp4,-0.5692,0.6505,-0.3623243641418834,0.5172926951614878
1054_IEO_FEA_LO.mp4,0.0738,0.0738,0.022157867828317662,0.09589904893369379
1060_IEO_HAP_LO.mp4,0.0,0.0,0.17582999297621535,0.17020870201276755
1075_IEO_HAP_LO.mp4,0.0813,0.0813,0.1244482391860957,0.1458031957980975
1062_WSI_ANG_XX.mp4,-0.5344,0.6108,-0.24807604820055465,0.45782580543583784
1077_WSI_ANG_XX.mp4,0.0,0.0,-0.49614173569191566,0.24346415107925262
1086_ITH_FEA_XX.mp4,-0.473,0.5518,-0.1098734793997782,0.2936048174731762
1020_WSI_NEU_XX.mp4,0.077,0.077,0.007103457164271709,0.11388439213540225
1083_DFA_DIS_XX.mp4,0.0766,0.0766,-0.12532821873388264,0.17717447246333065
1035_WSI_NEU_XX.mp4,0.0738,0.0738,-0.021567214068473978,0.12820580303318135
1017_DFA_SAD_XX.mp4,0.0792,0.0792,0.07120061058779308,0.07439515938082462
1002_DFA_SAD_XX.mp4,0.0776,0.0776,-0.06779995576715117,0.1489658266843149
1081_ITH_SAD_XX.mp4,-0.448,0.1493,-0.07810502483273529,0.0895037703345338
1087_IEO_NEU_XX.mp4,0.079,0.079,0.07766777363049558,0.08237925938541985
1026_IEO_ANG_LO.mp4,-0.5096,0.2912,-0.1446181511346585,0.23091259105762788
1010_DFA_FEA_XX.mp4,-0.4571,0.5333,-0.1996644315129781,0.42094029560256996
1005_DFA_FEA_XX.mp4,-0.4583,0.5347,-0.36288592151759536,0.5380268216161336
1033_IEO_ANG_LO.mp4,0.0782,0.0782,0.042269146172252005,0.2092760797215889
1031_DFA_HAP_XX.mp4,0.0756,0.0756,0.044056596019320285,0.0909561063275408
1024_DFA_HAP_XX.mp4,0.0761,0.0761,0.019190795612859895,0.21855900821485405
1015_ITH_DIS_XX.mp4,-0.438,0.146,-0.09836240457487683,0.1034800270790962
1020_IWW_SAD_XX.mp4,0.0,0.0,-0.07620243865417398,0.11608091537266216
1035_IWW_SAD_XX.mp4,0.0,0.0,-0.025771365919599235,0.13230947405008242
1088_TIE_DIS_XX.mp4,0.0757,0.0757,-0.008587677733068469,0.13821075629474106
1018_WSI_DIS_XX.mp4,-0.5236,0.2992,-0.3529582462228227,0.2739568706931787
1009_TIE_SAD_XX.mp4,0.0746,0.0746,-0.05420766377293821,0.12248215451163329
1049_IEO_DIS_LO.mp4,-0.4908,0.2804,-0.14929125749723546,0.1769513582583918
1027_IWW_FEA_XX.mp4,0.0745,0.0745,-0.04049838298978804,0.1536925239184162
1032_IWW_FEA_XX.mp4,0.0814,0.0814,-0.008634737594110794,0.10827172073117768
1038_ITH_NEU_XX.mp4,0.0845,0.0845,-0.010882311156557578,0.10328772999548892
1006_IWW_HAP_XX.mp4,0.5851,0.4389,-0.009498760102925174,0.27469030555618257
1013_IWW_HAP_XX.mp4,0.0786,0.0786,0.10079443423064939,0.2704385874365259
1009_IEO_NEU_XX.mp4,0.0875,0.0875,-0.0073806551052013345,0.09428150697763507
1018_DFA_DIS_XX.mp4,0.0783,0.0783,-0.0628688572929268,0.13140761864393036
1029_ITH_HAP_XX.mp4,0.6684,0.5013,0.20502621808123228,0.4824387657744822
1002_IWW_NEU_XX.mp4,0.0,0.0,-0.0806241803119989,0.16564155653663776
1008_ITH_FEA_XX.mp4,-0.4863,0.5674,-0.18206199108636043,0.3679344586913893
1017_IWW_NEU_XX.mp4,0.0733,0.0733,0.01996588103758979,0.09579265782290683
1040_IWW_ANG_XX.mp4,0.0813,0.0813,-0.06414305727502403,0.21699867216539445
1055_IWW_ANG_XX.mp4,-0.5838,0.3336,-0.19096688229589007,0.2594678515639919
1069_TIE_ANG_XX.mp4,-0.6236,0.7127,-0.5349791590048762,0.5972753779187389
1089_IWL_HAP_XX.mp4,0.6084,0.4563,0.09238098861951066,0.34903648607815535
1049_TSI_DIS_XX.mp4,-0.5735,0.6554,-0.2664320583478862,0.3425885749223344
1030_IOM_SAD_XX.mp4,0.0771,0.0771,-0.11354816325324095,0.14390278509941265
1025_IOM_SAD_XX.mp4,0.0,0.0,0.003571360580675633,0.10756682416613457
1078_TAI_DIS_XX.mp4,0.0,0.0,-0.11291795307182731,0.17499226343228613
1077_MTI_ANG_XX.mp4,0.0827,0.0827,-0.010664176328737594,0.18194342061970453
1062_MTI_ANG_XX.mp4,0.0841,0.0841,-0.1870950069808064,0.27049164596134695
1035_MTI_NEU_XX.mp4,0.0938,0.0938,-0.004813459393363529,0.10483845028454054
1020_MTI_NEU_XX.mp4,0.0801,0.0801,-0.005621338411923392,0.09971558518932769
1037_IOM_FEA_XX.mp4,0.0815,0.0815,-0.08244873561606685,0.15012266688099096
1022_IOM_FEA_XX.mp4,0.0879,0.0879,0.07158396221064317,0.10870499466796445
1016_IOM_HAP_XX.mp4,0.0762,0.0762,0.04631665181528982,0.14083974335967092
1003_IOM_HAP_XX.mp4,0.684,0.513,0.14179135278000343,0.21436045625734446
1087_ITS_FEA_XX.mp4,0.0788,0.0788,-0.022007966323014702,0.10455240529048342
1017_MTI_SAD_XX.mp4,0.0802,0.0802,0.038468650362496457,0.08065903942976536
1002_MTI_SAD_XX.mp4,-0.4377,0.5107,-0.15292361360879364,0.21792465047189172
1083_MTI_DIS_XX.mp4,0.0756,0.0756,-0.12941686105366157,0.17535861051060903
1031_MTI_HAP_XX.mp4,0.0751,0.0751,-0.006806990393639848,0.0938291067384513
1024_MTI_HAP_XX.mp4,0.63,0.4725,0.15454320579608533,0.28338718857359907
1010_MTI_FEA_XX.mp4,-0.4695,0.1565,-0.13657015215737067,0.17894588378178866
1005_MTI_FEA_XX.mp4,-0.453,0.5285,-0.13040168922383566,0.17965099272767923
1080_ITS_SAD_XX.mp4,0.0881,0.0881,-0.1650799329216367,0.19329082460801797
1001_ITS_DIS_XX.mp4,0.0728,0.0728,-0.07397401547213085,0.14693617062849185
1014_ITS_DIS_XX.mp4,0.0734,0.0734,-0.1807659176547748,0.17350617869095955
1012_IOM_NEU_XX.mp4,0.0723,0.0723,0.03200422980577736,0.12519575616352857
1007_IOM_NEU_XX.mp4,0.0814,0.0814,-0.059472974655931245,0.11528699131821751
1050_IOM_ANG_XX.mp4,-0.5509,0.6296,-0.18957796333007612,0.3820116022128739
1045_IOM_ANG_XX.mp4,0.0771,0.0771,-0.07622463824167564,0.22140925411707593
1079_IEO_FEA_HI.mp4,0.7389,0.5541,0.39875881252031375,0.6077345750599881
1049_TSI_SAD_XX.mp4,0.0742,0.0742,-0.07198739378496984,0.12749347994852694
1058_IEO_HAP_HI.mp4,-0.51,0.595,-0.38055457141187177,0.5759274898885697
1008_IWL_HAP_XX.mp4,0.6631,0.4973,0.17167332267419608,0.3605680319476436
1030_IOM_DIS_XX.mp4,-0.5429,0.3102,-0.12066251311696002,0.19199645118616976
1025_IOM_DIS_XX.mp4,0.0744,0.0744,-0.03183567461035857,0.10950474831145764
1068_IEO_FEA_MD.mp4,-0.4569,0.5331,-0.07560408130252938,0.1459473669996938
1029_IWL_FEA_XX.mp4,0.0762,0.0762,-0.3696964982937369,0.41823556860873284
1078_TAI_SAD_XX.mp4,0.0723,0.0723,-0.06512617526683782,0.1250515614345193
1023_ITS_NEU_XX.mp4,0.0774,0.0774,-0.09201484309800358,0.21851108870031075
1049_IEO_HAP_MD.mp4,0.6849,0.5137,-0.06681730309137372,0.4118852133557214
1036_ITS_NEU_XX.mp4,0.0775,0.0775,-0.08195401673538695,0.1943684433528341
1061_ITS_ANG_XX.mp4,-0.5795,0.3311,-0.24970030094211013,0.33916061258331537
1074_ITS_ANG_XX.mp4,-0.6253,0.3573,-0.5236487650865199,0.5530033072491447
1082_IOM_HAP_XX.mp4,0.5671,0.4253,0.30397898791598804,0.3127139458625509
1017_MTI_DIS_XX.mp4,-0.563,0.6434,-0.1296010301097303,0.14411907426535167
1002_MTI_DIS_XX.mp4,-0.4833,0.1611,-0.457954223776066,0.2876606623854906
1083_MTI_SAD_XX.mp4,0.0,0.0,0.04100216682601715,0.08469579669813171
1006_ITS_FEA_XX.mp4,-0.463,0.5402,-0.22992998460698863,0.24748259671104444
1019_IWL_NEU_XX.mp4,0.0857,0.0857,0.020269024397678376,0.07815415839385237
1013_ITS_FEA_XX.mp4,0.0819,0.0819,-0.044026151283119264,0.15720404210678357
1027_ITS_HAP_XX.mp4,0.6396,0.4797,0.014946799290722476,0.25566137319320076
1032_ITS_HAP_XX.mp4,0.0761,0.0761,0.06159442175501218,0.2526688507576587
1029_TSI_ANG_XX.mp4,-0.5639,0.6444,-0.5083469720918168,0.5759552589840348
1086_IOM_NEU_XX.mp4,0.0816,0.0816,0.19946356804566354,0.14567000537996339
1080_ITS_DIS_XX.mp4,-0.5435,0.3106,-0.2858254119927841,0.2329559002343449
1001_ITS_SAD_XX.mp4,0.0791,0.0791,0.014407227567375298,0.1262358123765212
1014_ITS_SAD_XX.mp4,-0.4947,0.5771,-0.08384587963183474,0.16217033324579175
1091_MTI_FEA_XX.mp4,0.0778,0.0778,-0.1531660870204048,0.31522078626193756
1084_MTI_FEA_XX.mp4,-0.4815,0.1605,-0.11516063571153651,0.1343682861918127
1018_TAI_ANG_XX.mp4,0.0,0.0,-0.33649639074315113,0.31543782901442186
1020_IWW_DIS_XX.mp4,0.0727,0.0727,-0.02407544661706639,0.12563540584279762
1035_IWW_DIS_XX.mp4,-0.5177,0.6039,-0.5152931364851873,0.5761502617136675
1088_TIE_SAD_XX.mp4,0.0795,0.0795,0.008612796840503648,0.11406848945117078
1078_DFA_ANG_XX.mp4,-0.6152,0.7031,-0.47561722439802506,0.5666735276446622
1009_TIE_DIS_XX.mp4,-0.5696,0.3255,-0.35934458015694115,0.31900779662482665
1018_WSI_SAD_XX.mp4,0.0811,0.0811,-0.051541100488952274,0.1350747297011229
1049_IEO_SAD_LO.mp4,0.0822,0.0822,0.09495667878506059,0.07218092542119361
1087_IWW_HAP_XX.mp4,0.0761,0.0761,0.2608654886087716,0.09642102369487669
1029_IEO_ANG_LO.mp4,0.0,0.0,-0.18182017614744594,0.2277888533838205
1088_IEO_NEU_XX.mp4,0.0766,0.0766,0.025023865918790033,0.14701815317165093
1018_DFA_SAD_XX.mp4,0.0772,0.0772,0.033638394626228536,0.08942360484737098
1078_WSI_ANG_XX.mp4,-0.61,0.6971,-0.6037380987493822,0.6173297273869985
1089_ITH_FEA_XX.mp4,0.0836,0.0836,-0.09055099268914636,0.15440908597157924
1083_IWW_NEU_XX.mp4,0.0828,0.0828,0.023804071887057018,0.09147037054513454
1014_TIE_FEA_XX.mp4,-0.4494,0.5243,-0.20814428426389214,0.2830903090362376
1001_TIE_FEA_XX.mp4,-0.4983,0.5695,-0.06950893675033011,0.2036191390223009
1035_TIE_HAP_XX.mp4,0.0,0.0,-0.445356378251012,0.45510870017264343
1020_TIE_HAP_XX.mp4,0.6498,0.4873,-0.004271748430774427,0.3277947448967738
1046_IEO_DIS_LO.mp4,0.0843,0.0843,0.08327926600512117,0.07726121510106675
1053_IEO_DIS_LO.mp4,0.0756,0.0756,0.010187187032393864,0.10694248999461603
1060_ITH_ANG_XX.mp4,0.0826,0.0826,-0.28972022845729734,0.38895096845096344
1075_ITH_ANG_XX.mp4,-0.5973,0.3413,-0.07021699067714031,0.19687335924523386
1028_IWW_FEA_XX.mp4,-0.5565,0.1855,-0.22572801072189602,0.13911114304240188
1022_ITH_NEU_XX.mp4,0.0851,0.0851,-0.12386939658779147,0.21528684456965153
1037_ITH_NEU_XX.mp4,0.082,0.082,-0.044095601402157916,0.12024687255142771
1009_IWW_HAP_XX.mp4,0.0,0.0,0.03060254564460508,0.16468190804282418
1084_WSI_FEA_XX.mp4,0.0771,0.0771,-0.15106371170362828,0.20132945213278447
1091_WSI_FEA_XX.mp4,-0.4387,0.1462,-0.17577731392198753,0.21093168437265586
1013_TIE_SAD_XX.mp4,0.0751,0.0751,-0.07594505068709739,0.1279680090013523
1002_WSI_DIS_XX.mp4,-0.5432,0.6208,-0.5118236708683104,0.5763554565862555
1006_TIE_SAD_XX.mp4,-0.4667,0.1556,-0.144676394870667,0.18449925262893785
1017_WSI_DIS_XX.mp4,-0.4589,0.5244,-0.22180503059740073,0.225238546816497
1083_WSI_SAD_XX.mp4,0.0707,0.0707,-0.005299171116670633,0.11570398592443616
1087_TIE_DIS_XX.mp4,0.0789,0.0789,-0.045187964083797806,0.11399602423662253
1073_TIE_ANG_XX.mp4,-0.5375,0.6143,-0.46252868389393886,0.5248843577599448
1066_TIE_ANG_XX.mp4,0.0817,0.0817,-0.05579311964711951,0.2749116194696716
1031_TIE_NEU_XX.mp4,0.0788,0.0788,0.01879879969391259,0.0880377494143975
1024_TIE_NEU_XX.mp4,0.0797,0.0797,-0.036407830066684334,0.10807433088695424
1083_DFA_SAD_XX.mp4,-0.4677,0.1559,0.0020547917598747376,0.09004173217606225
1026_ITH_HAP_XX.mp4,0.0784,0.0784,0.012229074617273112,0.1724636616795246
1017_DFA_DIS_XX.mp4,0.0705,0.0705,0.048655157232150116,0.08138319416349821
1002_DFA_DIS_XX.mp4,-0.5631,0.3218,-0.24655035306474815,0.3448528718298968
1033_ITH_HAP_XX.mp4,0.0745,0.0745,-0.24540112505655617,0.3714969647353073
1007_ITH_FEA_XX.mp4,0.0891,0.0891,-0.005658057621002255,0.12230495177835064
1018_IWW_NEU_XX.mp4,0.0,0.0,-0.04259465992783418,0.140706111224619
1012_ITH_FEA_XX.mp4,-0.494,0.5763,-0.1957939705728427,0.22800540479297338
1081_ITH_DIS_XX.mp4,-0.5029,0.1676,-0.03867624621329069,0.10474075244628452
1091_DFA_FEA_XX.mp4,0.0839,0.0839,0.003512998941009927,0.13840872491280126
1084_DFA_FEA_XX.mp4,0.0,0.0,0.01514677093222737,0.12600359610447975
1013_IEO_NEU_XX.mp4,0.0885,0.0885,0.0317650628485045,0.10193686772114537
1006_IEO_NEU_XX.mp4,0.074,0.074,0.03451597005107367,0.10982323476870037
1015_ITH_SAD_XX.mp4,0.0,0.0,0.02592313257410134,0.0854169718177662
1075_IEO_DIS_MD.mp4,0.0788,0.0788,0.034497124823052734,0.0975986257978558
1038_IOM_FEA_XX.mp4,0.0,0.0,0.15308726650611335,0.19351798889791474
1060_IEO_DIS_MD.mp4,0.0717,0.0717,-0.03714212613143185,0.12623959160060455
1019_IOM_HAP_XX.mp4,0.0805,0.0805,0.025886441704598237,0.09115350714062119
1021_IWL_DIS_XX.mp4,0.0,0.0,-0.02869201103820113,0.09674025014882995
1034_IWL_DIS_XX.mp4,-0.5177,0.2958,-0.10975697352245252,0.16472481333640374
1064_IEO_DIS_HI.mp4,-0.5827,0.333,-0.5870064172376207,0.5044677477072089
1071_IEO_DIS_HI.mp4,0.0828,0.0828,0.03286413978849391,0.1453295888628055
1078_MTI_ANG_XX.mp4,-0.5542,0.6333,-0.0963405456941858,0.40775704081057224
1077_TAI_DIS_XX.mp4,-0.532,0.304,-0.029444195160416686,0.11627795717307199
1062_TAI_DIS_XX.mp4,0.0872,0.0872,0.09436206805251142,0.034143383459213084
1046_TSI_DIS_XX.mp4,0.0831,0.0831,0.011853205332594189,0.09033838897948064
1086_IWL_HAP_XX.mp4,0.6556,0.4917,0.42861892805356633,0.3027678107111398
1053_TSI_DIS_XX.mp4,0.081,0.081,-0.05600513488024499,0.2673095344573697
1008_IOM_NEU_XX.mp4,0.0699,0.0699,0.009509796514857052,0.11217174050977735
1083_TAI_ANG_XX.mp4,0.0784,0.0784,-0.14989364078001366,0.25822968988893297
1085_IEO_ANG_HI.mp4,-0.6426,0.7344,-0.436571109629666,0.6392014261914094
1090_IEO_ANG_HI.mp4,-0.5786,0.6612,-0.620990057447798,0.6946496982300605
1088_ITS_FEA_XX.mp4,-0.5152,0.6011,-0.22993066078427113,0.38689996881367544
1082_IWL_NEU_XX.mp4,0.0817,0.0817,0.07174122219549565,0.1532859124584093
1018_MTI_SAD_XX.mp4,0.0778,0.0778,-0.03113680487278809,0.1002022534557482
1081_IEO_ANG_MD.mp4,-0.6076,0.6944,-0.25707251953188703,0.44500607633869166
1087_MTI_ANG_XX.mp4,0.0861,0.0861,0.21193123607448855,0.11936820800290511
1029_IEO_HAP_HI.mp4,0.618,0.4635,0.10616764561678935,0.6540660605636068
1038_TSI_SAD_XX.mp4,0.0877,0.0877,-0.022858179196614457,0.10259193962990591
1008_IEO_FEA_HI.mp4,-0.5235,0.1745,-0.5621493962042191,0.5139480096155539
1088_TAI_DIS_XX.mp4,0.0764,0.0764,0.034409127043145395,0.08858343239694315
1047_ITS_NEU_XX.mp4,0.0806,0.0806,-0.08712258910062709,0.1879111298212253
1038_IEO_HAP_MD.mp4,0.6189,0.4642,0.24358034112672614,0.33138736582340345
1058_IWL_FEA_XX.mp4,-0.4778,0.1593,-0.2940361171419564,0.485798027116108
1009_TAI_SAD_XX.mp4,0.0773,0.0773,-0.061167020290411406,0.1913004093478463
1052_ITS_NEU_XX.mp4,0.0809,0.0809,-0.001982949931107276,0.11760232986470667
1019_IEO_FEA_MD.mp4,0.0,0.0,-0.0734131230734324,0.15485979707802747
1054_IOM_DIS_XX.mp4,-0.575,0.3286,-0.032820379199127635,0.25874398475262916
1079_IWL_HAP_XX.mp4,0.6804,0.5103,0.051868075249947916,0.42462932988446217
1041_IOM_DIS_XX.mp4,0.0853,0.0853,0.013260209217464507,0.10591820143190939
1005_ITS_ANG_XX.mp4,0.0,0.0,-0.30349925578781306,0.42581888405786245
1010_ITS_ANG_XX.mp4,0.0,0.0,-0.14238303430826288,0.3608045343300015
1058_TSI_ANG_XX.mp4,-0.5705,0.652,-0.4486083955354873,0.5615890475465756
1065_ITS_SAD_XX.mp4,0.081,0.081,-0.07952123369317023,0.12944218891379636
1070_ITS_SAD_XX.mp4,0.0804,0.0804,-0.11204740792175001,0.15307357040586658
1069_TAI_ANG_XX.mp4,-0.5736,0.6556,-0.3309141172994689,0.38077579116329985
1073_MTI_DIS_XX.mp4,0.0734,0.0734,-0.08361366073423591,0.128886196397881
1066_MTI_DIS_XX.mp4,-0.5137,0.2936,-0.021498479925519103,0.12243748461189684
1043_ITS_HAP_XX.mp4,0.0,0.0,0.16858875989334077,0.15609166955484244
1056_ITS_HAP_XX.mp4,0.603,0.4522,0.2882557503779451,0.3727756250980977
1068_IWL_NEU_XX.mp4,0.0839,0.0839,0.015042532504246883,0.09251833600790206
1062_ITS_FEA_XX.mp4,0.0679,0.0679,-0.04748486803585487,0.0954946488446132
1077_ITS_FEA_XX.mp4,0.0743,0.0743,0.07513416052619666,0.1538550916068485
1038_IEO_SAD_LO.mp4,0.0821,0.0821,0.0038749609609845014,0.08081305734799535
1044_IWW_DIS_XX.mp4,-0.4317,0.5036,-0.2826407392346456,0.3584868120975647
1051_IWW_DIS_XX.mp4,-0.465,0.5425,-0.36142188921961627,0.3506442616820041
1009_DFA_ANG_XX.mp4,-0.5311,0.607,-0.48966319968115873,0.5762336458852022
1078_TIE_DIS_XX.mp4,-0.4633,0.1544,-0.2825960664718083,0.262801540885093
1069_WSI_SAD_XX.mp4,-0.5205,0.1735,-0.09535907691256142,0.15375011787777956
1069_DFA_SAD_XX.mp4,0.0785,0.0785,0.04351506300919981,0.15544275911399139
1009_WSI_ANG_XX.mp4,-0.6323,0.7227,-0.677261566836667,0.751891345595242
1058_IEO_ANG_LO.mp4,0.0,0.0,-0.07106002863620892,0.11091575162608161
1087_DFA_ANG_XX.mp4,-0.5627,0.6431,-0.12021346340920898,0.33520555590720086
1085_IEO_HAP_LO.mp4,0.0843,0.0843,0.04399631161999521,0.12870342943630445
1090_IEO_HAP_LO.mp4,0.078,0.078,0.12785859843050604,0.07846735393764852
1077_TIE_SAD_XX.mp4,0.0792,0.0792,-0.02126088121903256,0.09700102890213169
1066_WSI_DIS_XX.mp4,-0.5237,0.5985,-0.4141918144652613,0.3063175087719967
1062_TIE_SAD_XX.mp4,-0.4938,0.1646,-0.044038731518888874,0.09160972919931255
1073_WSI_DIS_XX.mp4,0.0785,0.0785,-0.08950230606425033,0.15484545764594768
1051_TIE_HAP_XX.mp4,0.0809,0.0809,-0.028546633543362506,0.15812265775137657
1044_TIE_HAP_XX.mp4,0.0771,0.0771,-0.010568805692127457,0.15114865789681853
1070_TIE_FEA_XX.mp4,-0.5487,0.6271,-0.07520650272715663,0.4704616398789835
1065_TIE_FEA_XX.mp4,0.0813,0.0813,0.043051257580729266,0.09880632668698001
1004_ITH_ANG_XX.mp4,-0.6419,0.7336,-0.540797977448755,0.5613627079325207
1011_ITH_ANG_XX.mp4,0.0822,0.0822,-0.3150562895362485,0.3825384015616251
1022_IEO_DIS_LO.mp4,0.0786,0.0786,-0.0884547457341025,0.1617518211317845
1037_IEO_DIS_LO.mp4,-0.4547,0.1516,-0.0020023268529774448,0.11358992464849481
1078_IWW_HAP_XX.mp4,0.0753,0.0753,0.07488195499082706,0.23476900337799236
1046_ITH_NEU_XX.mp4,0.0837,0.0837,0.01711082304326435,0.10035238325570232
1059_IWW_FEA_XX.mp4,-0.522,0.609,-0.35988336677248,0.5425587989948423
1053_ITH_NEU_XX.mp4,0.0903,0.0903,-0.00852655284421787,0.17677709578149917
1077_IEO_NEU_XX.mp4,0.0842,0.0842,0.017689893934099504,0.07238905204466042
1062_IEO_NEU_XX.mp4,0.0861,0.0861,0.03848767558247696,0.10709719853764811
1064_ITH_SAD_XX.mp4,0.0778,0.0778,-0.03189360302221293,0.11063548969134282
1071_ITH_SAD_XX.mp4,0.075,0.075,0.009697327829099113,0.08295661195764739
1017_TIE_ANG_XX.mp4,-0.5183,0.2962,-0.24767053187649235,0.1584935986317968
1002_TIE_ANG_XX.mp4,-0.6308,0.7209,-0.5334467464218728,0.6198958364870188
1055_TIE_NEU_XX.mp4,0.0757,0.0757,-0.0020892344880754214,0.12064583904705468
1040_TIE_NEU_XX.mp4,0.0796,0.0796,0.006537658898294921,0.09918760987449227
1069_IWW_NEU_XX.mp4,0.0808,0.0808,0.05581768235082157,0.12349389250956053
1063_ITH_FEA_XX.mp4,-0.4731,0.5519,-0.15674109608298756,0.26258345471196765
1076_ITH_FEA_XX.mp4,0.0731,0.0731,-0.03294117372081294,0.17460125346688457
1073_DFA_DIS_XX.mp4,0.0784,0.0784,-0.0016005232573448258,0.09113017566170306
1042_ITH_HAP_XX.mp4,0.0,0.0,0.0602125552051101,0.28803142207810606
1057_ITH_HAP_XX.mp4,0.0873,0.0873,0.019347210118985672,0.09221777441673813
1066_DFA_DIS_XX.mp4,0.0766,0.0766,0.010367500312783736,0.11520529816013769
1087_WSI_ANG_XX.mp4,-0.5569,0.6364,-0.32886865514204644,0.435090565476913
1086_IEO_FEA_HI.mp4,-0.4766,0.5561,-0.3967087934076838,0.6051388478322686
1013_TAI_DIS_XX.mp4,-0.5365,0.3065,-0.10651302636422555,0.17059283431917985
1006_TAI_DIS_XX.mp4,-0.5523,0.3156,-0.19518056895363953,0.19134676928260316
1022_TSI_DIS_XX.mp4,-0.5126,0.2929,-0.34737291845697577,0.23884751462847761
1037_TSI_DIS_XX.mp4,0.0762,0.0762,-0.17264814483775387,0.15478999621086362
1082_IEO_FEA_MD.mp4,0.0791,0.0791,-0.12413395684903271,0.18391320605046718
1087_TAI_SAD_XX.mp4,0.0838,0.0838,0.005772736818991646,0.09359757077210448
1045_IWL_DIS_XX.mp4,0.0778,0.0778,-0.08504015445922801,0.12946841191267475
1081_IEO_SAD_HI.mp4,0.0689,0.0689,0.10875163430815624,0.08240596265206761
1085_TSI_HAP_XX.mp4,0.0803,0.0803,0.03219140831229029,0.1712705183565997
1090_TSI_HAP_XX.mp4,-0.4701,0.5484,-0.11510679534593618,0.22756344484487614
1068_IOM_HAP_XX.mp4,0.0763,0.0763,0.17700076344841903,0.17229503470880275
1050_IWL_DIS_XX.mp4,-0.5331,0.6092,-0.45108756747655854,0.4616972334084824
1011_IEO_DIS_MD.mp4,-0.5616,0.3209,-0.26744996533268334,0.349345040979662
1049_IOM_FEA_XX.mp4,-0.4497,0.5247,-0.017390278802450674,0.14494452561478574
1004_IEO_DIS_MD.mp4,-0.5562,0.3178,-0.22272593395507675,0.18995680552841449
1090_IEO_SAD_MD.mp4,0.0823,0.0823,0.07107688956744768,0.07380476630390083
1085_IEO_SAD_MD.mp4,0.0729,0.0729,0.023629691139005905,0.08849808263211735
1015_IEO_DIS_HI.mp4,0.0826,0.0826,-0.017550529582771524,0.12004650549554682
1080_TAI_FEA_XX.mp4,-0.452,0.5273,-0.13569541924582115,0.31882522181572237
1069_MTI_SAD_XX.mp4,0.0,0.0,0.034557511575261324,0.06825758349921807
1081_TSI_NEU_XX.mp4,0.0854,0.0854,-0.0007586426355299338,0.09218333523005318
1079_IOM_NEU_XX.mp4,0.0871,0.0871,0.02415917420955989,0.12228811916050693
1061_MTI_SAD_XX.mp4,0.0719,0.0719,-0.015112366065210466,0.11294937870929646
1074_MTI_SAD_XX.mp4,0.0811,0.0811,-0.12217068461326668,0.18089885708699763
1077_ITS_DIS_XX.mp4,0.0,0.0,-0.03159354843043419,0.11186076404552665
1062_ITS_DIS_XX.mp4,0.0756,0.0756,0.009574247521123524,0.08167785150750921
1064_IOM_NEU_XX.mp4,0.086,0.086,0.05312608269332479,0.12080462170269064
1089_TSI_NEU_XX.mp4,0.0782,0.0782,-0.014029964237284509,0.11370697129215498
1071_IOM_NEU_XX.mp4,0.0784,0.0784,0.01654477563081702,0.09203974748887311
1026_IOM_ANG_XX.mp4,-0.6137,0.7013,-0.39032774291287226,0.5972065610103942
1033_IOM_ANG_XX.mp4,0.0,0.0,-0.06242511748385433,0.26445798881360544
1047_MTI_HAP_XX.mp4,0.0761,0.0761,-0.0039630718482066484,0.32935704216280276
1052_MTI_HAP_XX.mp4,0.6507,0.488,0.08918244235338758,0.3416428307612013
1066_MTI_FEA_XX.mp4,0.078,0.078,-0.001680920756415627,0.10940057043396352
1073_MTI_FEA_XX.mp4,0.0803,0.0803,-0.02023808798344456,0.14091979732977108
1046_IOM_SAD_XX.mp4,0.0761,0.0761,-0.007564404228707878,0.0827729626256166
1053_IOM_SAD_XX.mp4,0.0842,0.0842,0.030388928429924435,0.09639371391233251
1083_ITS_ANG_XX.mp4,-0.5047,0.2884,-0.4142176098929417,0.3948977665434669
1041_IOM_FEA_XX.mp4,0.0854,0.0854,0.05171540644129809,0.07690557668369223
1019_IEO_DIS_MD.mp4,-0.4935,0.282,-0.2014443775453695,0.3044325501203626
1054_IOM_FEA_XX.mp4,0.0779,0.0779,-0.021078823333815833,0.1862015122890088
1060_IOM_HAP_XX.mp4,0.074,0.074,0.06446890327652272,0.15507990627904242
1058_IWL_DIS_XX.mp4,-0.5301,0.3029,-0.09368859082585215,0.11965554948206182
1075_IOM_HAP_XX.mp4,0.628,0.471,0.30648115928166775,0.23078255751564178
1089_IEO_SAD_HI.mp4,0.0873,0.0873,0.011826911630151048,0.15629990388534942
1088_TAI_FEA_XX.mp4,0.0733,0.0733,-0.028879516662553253,0.11610346304343139
1008_IEO_DIS_HI.mp4,-0.5608,0.3204,-0.3625091732785444,0.3590600477619668
1001_MTI_ANG_XX.mp4,0.0837,0.0837,-0.10831817675053393,0.19085375358326137
1014_MTI_ANG_XX.mp4,0.0809,0.0809,-0.43262929498031566,0.3216255690103357
1043_MTI_NEU_XX.mp4,0.0766,0.0766,0.022125646305070676,0.13188884754409258
1056_MTI_NEU_XX.mp4,0.0875,0.0875,0.06482341058356325,0.062042282549445396
1079_ITH_SAD_XX.mp4,-0.4748,0.1583,-0.03663175000552995,0.10436678587149543
1048_TIE_NEU_XX.mp4,0.0731,0.0731,-0.06764303536487086,0.107519774032371
1074_IWW_NEU_XX.mp4,0.0806,0.0806,-0.04224075584632821,0.13322798674171588
1061_IWW_NEU_XX.mp4,-0.5147,0.6004,-0.12390504459664976,0.2172690716293733
1036_IWW_ANG_XX.mp4,-0.5905,0.6748,-0.39237241538119205,0.414638484982697
1023_IWW_ANG_XX.mp4,-0.4643,0.5417,-0.44352244382639816,0.5852004862947117
1056_IWW_SAD_XX.mp4,0.0755,0.0755,0.02287671179166024,0.0713507817204782
1043_IWW_SAD_XX.mp4,-0.4413,0.5149,0.011292426305505875,0.2115014152905682
1078_TIE_FEA_XX.mp4,-0.4421,0.5158,-0.14004869884424098,0.278866255662584
1059_TIE_HAP_XX.mp4,-0.6055,0.692,-0.32579687867558543,0.5621314847987733
1051_IWW_FEA_XX.mp4,-0.5364,0.6258,-0.25136083780469576,0.339779110736422
1044_IWW_FEA_XX.mp4,-0.4657,0.5434,-0.127828127762528,0.25012023336013844
1070_IWW_HAP_XX.mp4,0.0714,0.0714,-0.04398219192345391,0.13676007393510256
1065_IWW_HAP_XX.mp4,0.5862,0.4396,0.038335953710356814,0.2655848616089345
1061_DFA_SAD_XX.mp4,0.0883,0.0883,0.08666683487256585,0.07207493721211153
1074_DFA_SAD_XX.mp4,0.0875,0.0875,-0.0459208034247175,0.2452769468494893
1084_TIE_ANG_XX.mp4,0.0815,0.0815,-0.25103105865465664,0.2719737133813423
1091_TIE_ANG_XX.mp4,-0.5701,0.6516,-0.46660393175770704,0.6076672031075623
1014_WSI_ANG_XX.mp4,-0.5912,0.6756,-0.6241511890761144,0.6086973077121823
1001_WSI_ANG_XX.mp4,-0.5393,0.6164,-0.2803678423855711,0.40323259676170414
1056_WSI_NEU_XX.mp4,0.0801,0.0801,0.058282731055209654,0.09550795086026914
1043_WSI_NEU_XX.mp4,0.0773,0.0773,-0.0781855199523948,0.14693462577616553
1066_DFA_FEA_XX.mp4,0.0845,0.0845,0.030893168866035176,0.10843976535474546
1050_IEO_ANG_LO.mp4,-0.5092,0.582,-0.2939892708981602,0.5116705900872305
1045_IEO_ANG_LO.mp4,0.0822,0.0822,-0.048177025641366035,0.14638980359043333
1073_DFA_FEA_XX.mp4,0.0819,0.0819,0.01970499692673143,0.16956067835649707
1047_DFA_HAP_XX.mp4,0.6489,0.4867,0.12755922367235134,0.4761766226535639
1076_ITH_DIS_XX.mp4,0.0774,0.0774,0.004648853974610265,0.1310315391289074
1063_ITH_DIS_XX.mp4,0.0703,0.0703,-0.047553650823591774,0.10278098011247527
1052_DFA_HAP_XX.mp4,0.0826,0.0826,-0.12869286806062386,0.38878887175043136
1030_IEO_SAD_LO.mp4,0.0713,0.0713,0.04391733880298524,0.08127170646637438
1025_IEO_SAD_LO.mp4,-0.5374,0.1791,-0.11052515222340387,0.1017672102705206
1073_WSI_FEA_XX.mp4,0.0804,0.0804,-0.052712156870619725,0.1512881023689412
1066_WSI_FEA_XX.mp4,0.0709,0.0709,-0.04649523646867628,0.1161368764929593
1052_WSI_HAP_XX.mp4,0.0,0.0,-0.07509894550717817,0.18887735348160511
1047_WSI_HAP_XX.mp4,0.5853,0.439,0.14482553997642988,0.4422019263918969
1082_ITH_ANG_XX.mp4,0.074,0.074,-0.19879027921042478,0.29062143283571934
1059_IWW_DIS_XX.mp4,-0.4236,0.4942,-0.26746631052427494,0.3518414021898189
1043_DFA_NEU_XX.mp4,0.0814,0.0814,0.04249392007706728,0.12037957503692606
1056_DFA_NEU_XX.mp4,0.0804,0.0804,0.07053417165634933,0.07452032678356584
1001_DFA_ANG_XX.mp4,-0.5413,0.6187,-0.2999108760469032,0.39274237446667604
1037_IEO_FEA_LO.mp4,0.0831,0.0831,-0.012475510591312142,0.119932827348816
1022_IEO_FEA_LO.mp4,0.0768,0.0768,0.012075865384481847,0.1119119763232212
1014_DFA_ANG_XX.mp4,-0.5791,0.6618,-0.5770960447340867,0.6634170325340042
1016_IEO_HAP_LO.mp4,0.5912,0.4434,0.05619138395256381,0.14657212425840377
1003_IEO_HAP_LO.mp4,0.0809,0.0809,-0.01816945547991206,0.14750064233470092
1065_TIE_DIS_XX.mp4,0.0842,0.0842,-0.028038930863562146,0.1383948620765761
1074_WSI_SAD_XX.mp4,0.0765,0.0765,-0.17765975237662204,0.23380085336466036
1070_TIE_DIS_XX.mp4,-0.4856,0.2775,-0.3580736794150093,0.36809742320841177
1061_WSI_SAD_XX.mp4,0.076,0.076,-0.08380664901098024,0.15468719839622125
1050_TSI_ANG_XX.mp4,-0.6366,0.7276,-0.2999177578241822,0.6248870822819648
1045_TSI_ANG_XX.mp4,0.0787,0.0787,-0.10485114522539582,0.1626728634230328
1012_TSI_NEU_XX.mp4,0.0837,0.0837,-0.016725236019039,0.2423359704641884
1007_TSI_NEU_XX.mp4,0.0797,0.0797,-0.13918770845877118,0.18000862366702086
1023_TAI_NEU_XX.mp4,0.0857,0.0857,0.08981101326778478,0.0876849114575089
1078_ITS_SAD_XX.mp4,0.0,0.0,-0.09422203939728763,0.15046114514242256
1036_TAI_NEU_XX.mp4,0.0912,0.0912,0.06599507692649227,0.11025408380252602
1061_TAI_ANG_XX.mp4,-0.574,0.328,-0.27377870239577046,0.44757805854856786
1074_TAI_ANG_XX.mp4,-0.582,0.6652,-0.5493558145238959,0.6644729913032009
1072_IEO_ANG_HI.mp4,-0.5989,0.6844,-0.553619322945251,0.698144710328169
1067_IEO_ANG_HI.mp4,0.0,0.0,-0.2782661545355171,0.3008257575899656
1063_IEO_ANG_MD.mp4,-0.4805,0.5492,-0.18412840834532107,0.3016269535868137
1076_IEO_ANG_MD.mp4,-0.5542,0.3167,-0.315703253222576,0.43335495106714017
1037_IWL_ANG_XX.mp4,0.0,0.0,-0.22362363947571234,0.23997937428645086
1022_IWL_ANG_XX.mp4,-0.5819,0.665,-0.4066591873153825,0.6270006170274541
1075_IWL_NEU_XX.mp4,0.0807,0.0807,-0.005594878025399696,0.09830142726757694
1060_IWL_NEU_XX.mp4,0.0767,0.0767,0.01203444391209769,0.11799656520733716
1016_TSI_HAP_XX.mp4,0.0,0.0,-0.11023498553857301,0.19926476299612259
1012_IEO_SAD_HI.mp4,-0.4842,0.5649,-0.07062567123072148,0.15984868730786014
1007_IEO_SAD_HI.mp4,0.0795,0.0795,0.005254910239859982,0.09859455506601568
1003_TSI_HAP_XX.mp4,0.0,0.0,-0.07825147089693328,0.19101222526687006
1082_IEO_DIS_MD.mp4,-0.5743,0.3282,-0.09627130534305124,0.21289698782214023
1037_TSI_FEA_XX.mp4,-0.5094,0.5943,-0.267785188242822,0.3505495738424017
1022_TSI_FEA_XX.mp4,0.0769,0.0769,-0.020404662170631686,0.16330062906962517
1027_TAI_HAP_XX.mp4,0.0754,0.0754,-0.049246843593293274,0.24480572811592582
1003_IEO_SAD_MD.mp4,0.0768,0.0768,0.010271969991929007,0.1024787548659684
1016_IEO_SAD_MD.mp4,0.0726,0.0726,-0.03433725193495308,0.11785250241779684
1032_TAI_HAP_XX.mp4,0.0742,0.0742,-0.02087526369590542,0.1309457382885684
1006_TAI_FEA_XX.mp4,-0.4987,0.1662,-0.229319622080349,0.15018447859229092
1057_IWL_SAD_XX.mp4,0.0829,0.0829,0.018288625125782897,0.0656485588458841
1042_IWL_SAD_XX.mp4,0.086,0.086,0.013510454398670727,0.14578076449319521
1013_TAI_FEA_XX.mp4,-0.4415,0.5151,-0.1511833680550148,0.20211049706678672
1086_IEO_DIS_HI.mp4,0.0,0.0,-0.003881370258267182,0.17216129894091825
1080_TAI_DIS_XX.mp4,0.0812,0.0812,-0.17010893504033364,0.21872130606100704
1015_IEO_FEA_HI.mp4,-0.5053,0.5896,-0.35347492307431494,0.5129245893481374
1034_IEO_HAP_HI.mp4,-0.5722,0.327,-0.47431972532490635,0.4147027209771764
1030_TSI_SAD_XX.mp4,0.0771,0.0771,-0.026501812406244947,0.10718715439335944
1025_TSI_SAD_XX.mp4,0.0798,0.0798,-0.07700062035074619,0.1257825004216638
1021_IEO_HAP_HI.mp4,-0.5079,0.2902,-0.0978998455304883,0.17813310357816975
1071_IWL_HAP_XX.mp4,0.0891,0.0891,-0.03428627082605017,0.12753537443466245
1049_IOM_DIS_XX.mp4,0.0819,0.0819,0.11213821497087241,0.13472953539875052
1004_IEO_FEA_MD.mp4,0.0,0.0,-0.1441207506062408,0.1864363880892753
1011_IEO_FEA_MD.mp4,0.0863,0.0863,-0.016877537232563994,0.11936744250944431
1064_IWL_HAP_XX.mp4,0.0834,0.0834,0.022018048103744085,0.09383901961383002
1025_IEO_HAP_MD.mp4,0.0801,0.0801,0.04305550136231977,0.2301080547772216
1050_IWL_FEA_XX.mp4,-0.507,0.5915,-0.02834754378722259,0.18724093173069223
1001_TAI_SAD_XX.mp4,0.0735,0.0735,-0.00541789539994225,0.10392147906416607
1014_TAI_SAD_XX.mp4,-0.493,0.1643,-0.1887657971066208,0.1011224669597966
1045_IWL_FEA_XX.mp4,0.0796,0.0796,-0.03677121082153832,0.09379756544382317
1030_IEO_HAP_MD.mp4,0.0764,0.0764,0.03507663777445574,0.24031135821386151
1018_ITS_ANG_XX.mp4,0.0,0.0,-0.22832069570505117,0.278324464808206
1015_IOM_NEU_XX.mp4,0.0807,0.0807,0.036732003050004645,0.09700169896488282
1013_ITS_DIS_XX.mp4,-0.5044,0.2882,-0.08246221827136571,0.19408616604793738
1006_ITS_DIS_XX.mp4,0.0,0.0,-0.15134702676915712,0.15634112055788338
1042_IOM_ANG_XX.mp4,-0.5331,0.6092,-0.014770025697330541,0.24809623130744982
1057_IOM_ANG_XX.mp4,-0.5507,0.6293,-0.3223618883906406,0.4695156139296051
1002_MTI_FEA_XX.mp4,0.0786,0.0786,-0.1779145379136912,0.23166175505888734
1017_MTI_FEA_XX.mp4,0.0801,0.0801,-0.0067700450894518024,0.08333354774256653
1023_MTI_HAP_XX.mp4,0.0,0.0,0.10357755315322666,0.06564228142156694
1036_MTI_HAP_XX.mp4,0.0,0.0,-0.13799790107237855,0.24093455513775056
1087_ITS_SAD_XX.mp4,0.0807,0.0807,0.00796907204106329,0.13237792342870466
1084_MTI_DIS_XX.mp4,0.0751,0.0751,0.01826453793911278,0.1042840153692882
1091_MTI_DIS_XX.mp4,0.0795,0.0795,-0.07965411486631543,0.1295725565162672
1080_ITS_FEA_XX.mp4,-0.4567,0.5328,-0.17571585522659025,0.25546629501633494
1005_MTI_SAD_XX.mp4,0.0803,0.0803,0.05259251352474692,0.1237886012820891
1089_IEO_ANG_MD.mp4,-0.5009,0.5724,-0.48138792537441605,0.5536799670495306
1010_MTI_SAD_XX.mp4,0.077,0.077,-0.07973988572269647,0.11566602006844358
1004_IOM_HAP_XX.mp4,0.6898,0.5174,0.2803591416903076,0.2639148287590065
1011_IOM_HAP_XX.mp4,0.0643,0.0643,-0.011604393328008049,0.1040548449900053
1029_IWL_DIS_XX.mp4,-0.5973,0.6827,-0.31029390676114715,0.49461758382291404
1025_IOM_FEA_XX.mp4,0.079,0.079,-0.04636157490701756,0.11331534406555284
1068_IEO_DIS_MD.mp4,0.0817,0.0817,-0.06608067681662927,0.14871397425994298
1030_IOM_FEA_XX.mp4,0.0856,0.0856,-0.015845577611900714,0.0809706057575838
1065_MTI_ANG_XX.mp4,-0.5379,0.6148,-0.4433921416160415,0.5186060319640755
1070_MTI_ANG_XX.mp4,-0.6016,0.3438,-0.20331941930630096,0.4833938383846827
1079_IEO_DIS_HI.mp4,-0.5525,0.6314,-0.4721330542133618,0.6107424015767353
1027_MTI_NEU_XX.mp4,0.0761,0.0761,0.055636574348126196,0.11571546482657744
1032_MTI_NEU_XX.mp4,0.0758,0.0758,0.05903840522897888,0.09215162738130432
1022_IOM_SAD_XX.mp4,0.0766,0.0766,-0.03874158345914811,0.1090855273978781
1037_IOM_SAD_XX.mp4,0.0761,0.0761,-0.03396875721700996,0.11300635215815134
1039_TIE_NEU_XX.mp4,0.0827,0.0827,0.06541581265051956,0.08753852568673812
1010_IWW_NEU_XX.mp4,0.0662,0.0662,-0.045230676092222054,0.10115127121127822
1005_IWW_NEU_XX.mp4,0.0792,0.0792,-0.03720620970173057,0.10405520081084152
1052_IWW_ANG_XX.mp4,-0.6093,0.6964,-0.5068396845155066,0.5194997282184782
1047_IWW_ANG_XX.mp4,-0.5254,0.6004,0.019288246393052922,0.16935238360535626
1089_ITH_DIS_XX.mp4,0.0,0.0,-0.09600961112012153,0.1571067206963896
1008_ITH_SAD_XX.mp4,0.0789,0.0789,-0.12335138203889547,0.16561133627164332
1028_TIE_HAP_XX.mp4,0.0819,0.0819,-0.09510821498419895,0.1875258566792972
1009_TIE_FEA_XX.mp4,-0.5076,0.5922,-0.2633429003853758,0.5461342027257744
1068_ITH_ANG_XX.mp4,-0.5547,0.634,-0.47862766715326827,0.5242207781238881
1014_IWW_HAP_XX.mp4,0.0,0.0,0.0560249226004737,0.16358583231078266
1001_IWW_HAP_XX.mp4,0.0799,0.0799,0.11449700797658943,0.1608493181066769
1035_IWW_FEA_XX.mp4,-0.4632,0.5404,-0.0266040113398876,0.1526278655763669
1020_IWW_FEA_XX.mp4,-0.4602,0.5369,-0.04927801679818156,0.1425422518913247
1032_IWW_SAD_XX.mp4,0.0803,0.0803,-0.0019779571338000273,0.11503990845997071
1027_IWW_SAD_XX.mp4,-0.4635,0.5407,-0.06566958633349236,0.22540051107452144
1012_ITH_DIS_XX.mp4,0.0,0.0,-0.11332157195835772,0.1250553943742104
1023_DFA_HAP_XX.mp4,0.6289,0.4717,0.2000752503595732,0.15381568143685945
1036_DFA_HAP_XX.mp4,0.0824,0.0824,0.12712173485529998,0.33412431707439033
1007_ITH_DIS_XX.mp4,-0.5568,0.3182,-0.19839687090572455,0.12690331584354128
1034_IEO_ANG_LO.mp4,0.0776,0.0776,0.005383558385925546,0.10836021640541217
1002_DFA_FEA_XX.mp4,-0.4593,0.5359,-0.21003402165506355,0.36709913283382034
1017_DFA_FEA_XX.mp4,0.0775,0.0775,0.10406039673998556,0.05020346009461978
1021_IEO_ANG_LO.mp4,0.082,0.082,-0.05600269390356852,0.2254176395412715
1086_ITH_SAD_XX.mp4,0.0801,0.0801,0.005551284624722063,0.12685937645321763
1080_IEO_NEU_XX.mp4,0.0829,0.0829,-0.01857457034129545,0.0870716721451249
1005_DFA_SAD_XX.mp4,0.0862,0.0862,-0.027303261360456955,0.14231099738270403
1010_DFA_SAD_XX.mp4,0.0744,0.0744,-0.046020343268972794,0.10403317584116342
1070_WSI_ANG_XX.mp4,-0.5958,0.6809,-0.46413619262614686,0.5654405440545697
1065_WSI_ANG_XX.mp4,-0.5861,0.6698,-0.5399246087655853,0.599759759774622
1032_WSI_NEU_XX.mp4,0.0731,0.0731,-0.08505118277427548,0.15290578121871584
1084_DFA_DIS_XX.mp4,0.0811,0.0811,-0.03775973359841004,0.15887188356394896
1091_DFA_DIS_XX.mp4,0.0802,0.0802,-0.08989504120782252,0.14544042679511518
1027_WSI_NEU_XX.mp4,0.0748,0.0748,0.017193982840138313,0.13540408268986517
1081_ITH_FEA_XX.mp4,-0.4607,0.5374,-0.017663338644404784,0.13477299985440822
1091_WSI_DIS_XX.mp4,0.0771,0.0771,-0.15056710965838116,0.15000045467782763
1080_TIE_SAD_XX.mp4,-0.4521,0.1507,-0.19897992861451655,0.1547190225426709
1027_DFA_NEU_XX.mp4,0.0894,0.0894,0.06715974629178788,0.09777036134802072
1032_DFA_NEU_XX.mp4,0.0763,0.0763,0.11704627389484505,0.06495391124445409
1084_WSI_DIS_XX.mp4,0.0822,0.0822,-0.15909467287486326,0.19400581646171558
1028_IWW_DIS_XX.mp4,-0.5896,0.3369,-0.071908830055728,0.11647480835364771
1072_IEO_HAP_LO.mp4,0.0792,0.0792,0.04382277876584003,0.15835465178691313
1067_IEO_HAP_LO.mp4,0.0731,0.0731,0.008805403740919442,0.10746473661860549
1053_IEO_FEA_LO.mp4,0.0758,0.0758,0.010512988632043531,0.09626047800723088
1065_DFA_ANG_XX.mp4,-0.5691,0.6504,-0.4461829879786955,0.5185775936494156
1070_DFA_ANG_XX.mp4,-0.5709,0.6524,-0.4333789867586493,0.49513760430065934
1046_IEO_FEA_LO.mp4,0.0816,0.0816,-0.041122219514831415,0.09969435134648953
1001_TIE_DIS_XX.mp4,-0.5184,0.2962,-0.21022812003189775,0.2549706495639149
1010_WSI_SAD_XX.mp4,0.0806,0.0806,-0.10791231265554381,0.1339330642545564
1014_TIE_DIS_XX.mp4,-0.5627,0.6431,-0.37534659085727384,0.37180563745374984
1005_WSI_SAD_XX.mp4,0.0,0.0,-0.07816356325545984,0.1157093114709453
1054_IEO_SAD_LO.mp4,0.0761,0.0761,-0.02196134380961946,0.08743334009593355
1041_IEO_SAD_LO.mp4,0.0829,0.0829,0.02070654693161452,0.09120491155822281
1087_TIE_FEA_XX.mp4,-0.4511,0.1504,-0.18020232761059518,0.24661804315092528
1036_WSI_HAP_XX.mp4,-0.5705,0.652,-0.4671411887155791,0.5825373260796305
1023_WSI_HAP_XX.mp4,0.0738,0.0738,-0.0779282484183269,0.29724995188261316
1017_WSI_FEA_XX.mp4,-0.4956,0.5664,-0.1433475981524068,0.21322324804583823
1002_WSI_FEA_XX.mp4,0.0,0.0,-0.28715867070714407,0.2984883817872608
1016_IEO_ANG_HI.mp4,-0.6361,0.727,-0.7206512282892852,0.7527868538640075
1003_IEO_ANG_HI.mp4,-0.6222,0.7111,-0.6124657535404636,0.6600050588132265
1053_IWL_ANG_XX.mp4,0.0,0.0,-0.3178297776032957,0.30883232590589577
1046_IWL_ANG_XX.mp4,-0.5106,0.5836,-0.17463055818713547,0.4624800476146285
1007_IEO_ANG_MD.mp4,0.0827,0.0827,-0.013612531886699038,0.10865883924019377
1012_IEO_ANG_MD.mp4,-0.5211,0.5956,-0.22420786804752202,0.35670417617543504
1011_IWL_NEU_XX.mp4,0.0784,0.0784,0.03476595966556927,0.08792818646896454
1004_IWL_NEU_XX.mp4,0.0781,0.0781,-0.10342024337700827,0.13286348906381698
1034_TSI_ANG_XX.mp4,0.0822,0.0822,0.022782481387047766,0.1298893045998101
1021_TSI_ANG_XX.mp4,-0.5572,0.6368,-0.2647120505874319,0.3159738173586544
1088_ITS_DIS_XX.mp4,0.0793,0.0793,0.044463110053677944,0.07713083374882203
1076_TSI_NEU_XX.mp4,0.0821,0.0821,-0.022053327134108073,0.1047141690770649
1063_TSI_NEU_XX.mp4,0.0834,0.0834,0.019518667705943665,0.07143873318191216
1047_TAI_NEU_XX.mp4,0.087,0.087,-0.14356322081213116,0.17235538522636165
1052_TAI_NEU_XX.mp4,0.0872,0.0872,-0.10969713915645568,0.21277602986391358
1009_ITS_SAD_XX.mp4,0.0,0.0,-0.14867068886338516,0.1658917957741489
1005_TAI_ANG_XX.mp4,-0.5558,0.3176,-0.3147839988281411,0.393969438627513
1010_TAI_ANG_XX.mp4,-0.5845,0.668,-0.5566295317501059,0.6034442180661203
1050_IEO_HAP_HI.mp4,-0.5645,0.6452,-0.44439998624073623,0.5915793821292001
1054_TSI_SAD_XX.mp4,-0.4387,0.5119,-0.18585864375254546,0.3280328548741236
1041_TSI_SAD_XX.mp4,0.0827,0.0827,0.050302129620899354,0.08381126876103918
1045_IEO_HAP_HI.mp4,0.0811,0.0811,0.01053034305414429,0.13041353360216615
1071_IEO_FEA_HI.mp4,0.0,0.0,-0.15037122746232254,0.30138699221497384
1064_IEO_FEA_HI.mp4,-0.5636,0.6575,-0.5492221603320264,0.6237199801023964
1041_IEO_HAP_MD.mp4,0.0808,0.0808,0.0327036271932641,0.09900409929757407
1065_TAI_SAD_XX.mp4,0.0822,0.0822,-0.02563328375079853,0.12454991493828847
1034_IWL_FEA_XX.mp4,0.0847,0.0847,0.013993148532352593,0.10433555495375894
1021_IWL_FEA_XX.mp4,0.0819,0.0819,-0.1231289637670059,0.11756367003076394
1070_TAI_SAD_XX.mp4,0.0,0.0,-0.008438508517915937,0.170082768581174
1054_IEO_HAP_MD.mp4,-0.5311,0.3035,-0.17330397173973905,0.20142688531690928
1015_IWL_HAP_XX.mp4,0.0804,0.0804,-0.0891124220836339,0.19824286658856763
1060_IEO_FEA_MD.mp4,0.0817,0.0817,-0.05566507625638088,0.08895683293563422
1075_IEO_FEA_MD.mp4,0.0779,0.0779,-0.054412816600537046,0.0968602817096449
1038_IOM_DIS_XX.mp4,-0.4987,0.285,-0.22652864282261656,0.2187679148505003
1069_ITS_ANG_XX.mp4,-0.5911,0.6756,-0.5106839150265958,0.5729513149833321
1053_TSI_FEA_XX.mp4,-0.5037,0.5877,-0.32605927183323175,0.5372307930915194
1046_TSI_FEA_XX.mp4,-0.4467,0.5211,0.061548592919699434,0.29596206849173357
1072_TSI_HAP_XX.mp4,0.637,0.4778,-0.0065156274235782,0.3639962272200029
1076_IEO_SAD_HI.mp4,-0.5077,0.1692,-0.026825806385307835,0.13571519129097193
1063_IEO_SAD_HI.mp4,-0.503,0.5868,-0.15899167984556517,0.19458243910076853
1067_TSI_HAP_XX.mp4,0.0803,0.0803,-0.09851421419292515,0.17464755422212702
1033_IWL_SAD_XX.mp4,0.0862,0.0862,-0.007057642495588313,0.094292336563205
1062_TAI_FEA_XX.mp4,-0.4263,0.1421,-0.03148276830446599,0.09280675979134344
1077_TAI_FEA_XX.mp4,0.0,0.0,-0.03296245430816673,0.13158270341390338
1026_IWL_SAD_XX.mp4,-0.4956,0.5664,-0.027064606813566962,0.10160636441040542
1043_TAI_HAP_XX.mp4,0.0,0.0,0.06492323969911885,0.20084764146802425
1067_IEO_SAD_MD.mp4,0.0734,0.0734,-0.04806633362956484,0.11696910289252355
1072_IEO_SAD_MD.mp4,-0.4428,0.5166,-0.033403308808033653,0.11176629459519893
1056_TAI_HAP_XX.mp4,0.0833,0.0833,0.08196084246321719,0.11370708305779585
1043_IWL_SAD_XX.mp4,-0.5006,0.1669,-0.129738841355248,0.11810152149062769
1012_TAI_FEA_XX.mp4,-0.4612,0.5381,-0.16770145642188256,0.2268588181406177
1087_IEO_DIS_HI.mp4,-0.5407,0.309,-0.07302935330635014,0.13282883815659383
1007_TAI_FEA_XX.mp4,0.0759,0.0759,-0.11761496045243566,0.11229230883082096
1056_IWL_SAD_XX.mp4,0.0824,0.0824,0.05040146393584759,0.07196528686701802
1017_IEO_SAD_MD.mp4,0.0753,0.0753,0.02777889482916913,0.11214491184982192
1033_TAI_HAP_XX.mp4,0.0756,0.0756,0.06354723477326793,0.2488816452517651
1026_TAI_HAP_XX.mp4,0.0777,0.0777,-0.048675425984267856,0.2258805449053069
1002_IEO_SAD_MD.mp4,0.0741,0.0741,0.03424832262180986,0.10569180927866478
1023_TSI_FEA_XX.mp4,-0.4779,0.5575,-0.40340818500237596,0.5539103760555096
1083_IEO_DIS_MD.mp4,0.079,0.079,0.04271816887008708,0.09275310720509224
1036_TSI_FEA_XX.mp4,-0.5673,0.6619,-0.4847889165253702,0.5995175362424457
1006_IEO_SAD_HI.mp4,0.0765,0.0765,-0.03914876979693985,0.12110198992367774
1002_TSI_HAP_XX.mp4,-0.4253,0.4962,-0.32237571519437397,0.4336033458590749
1017_TSI_HAP_XX.mp4,0.0794,0.0794,0.037804924207176266,0.15987371606577233
1013_IEO_SAD_HI.mp4,-0.5137,0.1712,-0.12125629251434061,0.10759414039411637
1019_ITS_ANG_XX.mp4,-0.4481,0.5228,-0.16832035988307562,0.258650449010927
1015_TAI_SAD_XX.mp4,0.0834,0.0834,-0.0027130757727302276,0.0943654108944347
1044_IWL_FEA_XX.mp4,0.0,0.0,-0.1714778783847418,0.29106915105836606
1031_IEO_HAP_MD.mp4,0.0864,0.0864,0.025067262428625687,0.1281647466540511
1024_IEO_HAP_MD.mp4,0.0874,0.0874,0.08715222012616296,0.19754521348938606
1051_IWL_FEA_XX.mp4,0.0822,0.0822,0.010022248918203578,0.1370992583578968
1010_IEO_FEA_MD.mp4,0.0,0.0,-0.12313880083082429,0.16627058572498848
1065_IWL_HAP_XX.mp4,0.5604,0.4203,0.06142544335424616,0.17971897137487286
1070_IWL_HAP_XX.mp4,0.0792,0.0792,0.02566637261281042,0.2548067841353642
1048_IOM_DIS_XX.mp4,-0.5367,0.6133,-0.032466066471443476,0.27286191092471196
1005_IEO_FEA_MD.mp4,0.0812,0.0812,-0.15725542969653517,0.242706296113448
1024_TSI_SAD_XX.mp4,0.0723,0.0723,-0.21766775237223826,0.2635555176223233
1020_IEO_HAP_HI.mp4,-0.5028,0.1676,0.06266603184481322,0.3771715086798046
1035_IEO_HAP_HI.mp4,-0.5701,0.6515,-0.5084201072868891,0.6592362930434826
1031_TSI_SAD_XX.mp4,0.0772,0.0772,0.017365990511870894,0.07930000150770794
1001_IEO_FEA_HI.mp4,0.0,0.0,-0.3763076521048418,0.4612009603652011
1081_TAI_DIS_XX.mp4,0.0732,0.0732,-0.08419309766609526,0.11111442062346728
1014_IEO_FEA_HI.mp4,-0.5097,0.5947,-0.39746433144498994,0.49690754536832304
1075_TAI_ANG_XX.mp4,-0.4891,0.559,-0.07230492830107066,0.26878828970212854
1060_TAI_ANG_XX.mp4,-0.5975,0.6828,-0.46638375720028347,0.5937119732325505
1037_TAI_NEU_XX.mp4,0.08,0.08,-0.055543092497928805,0.1409170513510333
1022_TAI_NEU_XX.mp4,0.0819,0.0819,0.024442479622271078,0.15268372425043356
1079_ITS_SAD_XX.mp4,0.0761,0.0761,-0.0966168799087878,0.1306932677195445
1006_TSI_NEU_XX.mp4,0.0829,0.0829,0.010300902430459665,0.0980051329939296
1013_TSI_NEU_XX.mp4,0.0802,0.0802,-0.029154602542518986,0.15348598248161816
1044_TSI_ANG_XX.mp4,-0.4473,0.5219,-0.5172234554670709,0.5576059073575987
1051_TSI_ANG_XX.mp4,-0.4264,0.4975,-0.4906528450519017,0.48435379347459
1061_IWL_NEU_XX.mp4,0.0765,0.0765,-0.047163876301416295,0.09730372073313266
1074_IWL_NEU_XX.mp4,0.0771,0.0771,0.04982210728710406,0.10334164896756488
1023_IWL_ANG_XX.mp4,-0.5386,0.6156,-0.5327180022110529,0.622386732895287
1036_IWL_ANG_XX.mp4,-0.6444,0.7364,-0.33490075090104326,0.4729043051221757
1077_IEO_ANG_MD.mp4,-0.5845,0.668,-0.5209614232522904,0.4852183353010529
1062_IEO_ANG_MD.mp4,0.641,0.4808,-0.19537725375391893,0.22441764578149698
1066_IEO_ANG_HI.mp4,-0.5931,0.6778,-0.663576876802069,0.6801878091073571
1073_IEO_ANG_HI.mp4,-0.5695,0.6508,-0.6064566576335307,0.6491002104510231
1083_ITH_ANG_XX.mp4,-0.5537,0.6328,-0.2468289928685385,0.3193733571141339
1046_WSI_HAP_XX.mp4,-0.5172,0.5911,-0.193118829836356,0.3869685522423386
1053_WSI_HAP_XX.mp4,-0.476,0.544,-0.13623936370668252,0.3108925426574287
1067_WSI_FEA_XX.mp4,0.0788,0.0788,-0.06469253725819321,0.20635155767714514
1072_WSI_FEA_XX.mp4,-0.5186,0.6051,-0.33834048124709565,0.4801930987032096
1024_IEO_SAD_LO.mp4,0.0787,0.0787,-0.02693071784167637,0.11948020891462494
1031_IEO_SAD_LO.mp4,0.0793,0.0793,0.03665931496864724,0.08327269338491901
1071_TIE_DIS_XX.mp4,0.0798,0.0798,-0.025503279329403113,0.12408757376660119
1060_WSI_SAD_XX.mp4,0.0773,0.0773,-0.04733724170031452,0.09403990542075324
1064_TIE_DIS_XX.mp4,-0.4713,0.5387,-0.3172227601407655,0.36645177361622444
1075_WSI_SAD_XX.mp4,0.0842,0.0842,0.10592618286184137,0.11455734471102728
1002_IEO_HAP_LO.mp4,-0.4776,0.5572,-0.2641637411338581,0.31751190996878415
1017_IEO_HAP_LO.mp4,0.082,0.082,0.11720970411482005,0.08390324502242999
1023_IEO_FEA_LO.mp4,0.0869,0.0869,0.021943889907053763,0.09413252257694223
1015_DFA_ANG_XX.mp4,-0.517,0.5908,-0.2071047108123459,0.3802091953170642
1036_IEO_FEA_LO.mp4,-0.4766,0.5561,-0.08657179921569229,0.23726099388369207
1057_DFA_NEU_XX.mp4,0.0799,0.0799,0.054981176317438256,0.0866258411126179
1042_DFA_NEU_XX.mp4,0.0835,0.0835,0.006215954829204439,0.12106906132081115
1058_IWW_DIS_XX.mp4,-0.4709,0.2691,-0.1636041857747885,0.1396137170437786
1042_WSI_NEU_XX.mp4,0.0851,0.0851,0.045394097472945275,0.1608614012614721
1057_WSI_NEU_XX.mp4,0.0799,0.0799,0.00557758555994436,0.12921744798095836
1015_WSI_ANG_XX.mp4,-0.5281,0.6036,-0.4447293667542508,0.42543660335485844
1090_TIE_ANG_XX.mp4,-0.5721,0.6538,-0.5452169150730041,0.6803413991281012
1085_TIE_ANG_XX.mp4,-0.6002,0.686,-0.2753097041737715,0.6068261471425787
1075_DFA_SAD_XX.mp4,0.0754,0.0754,0.06263947107799109,0.09035186140012334
1060_DFA_SAD_XX.mp4,0.0775,0.0775,0.016875626464431775,0.12409422519571486
1062_ITH_DIS_XX.mp4,-0.5168,0.2953,0.0009009042948173014,0.08770940408392758
1053_DFA_HAP_XX.mp4,0.074,0.074,-0.1375534209457983,0.36561712617261416
1046_DFA_HAP_XX.mp4,0.0,0.0,0.13306149505592724,0.17619064935969184
1077_ITH_DIS_XX.mp4,0.082,0.082,-0.03535049712674925,0.1521229866630196
1044_IEO_ANG_LO.mp4,-0.568,0.6492,-0.15244544433351628,0.22194667990170674
1072_DFA_FEA_XX.mp4,0.0,0.0,-0.01783680838181399,0.23404032303820058
1067_DFA_FEA_XX.mp4,0.0756,0.0756,0.0973595220500813,0.10922624975929171
1051_IEO_ANG_LO.mp4,-0.5137,0.2936,-0.17683029839061576,0.20025315326064974
1042_IWW_SAD_XX.mp4,-0.4273,0.4986,0.04000705263681277,0.14989414067468967
1057_IWW_SAD_XX.mp4,-0.4796,0.5596,-0.04588586084500498,0.12763485931269866
1064_IWW_HAP_XX.mp4,0.0723,0.0723,-0.10646009146539907,0.11170781577329816
1071_IWW_HAP_XX.mp4,0.0837,0.0837,0.005150818761707933,0.10478676898629283
1045_IWW_FEA_XX.mp4,0.0719,0.0719,-0.0417221152197087,0.10874863020277536
1050_IWW_FEA_XX.mp4,0.0722,0.0722,-0.055497217933876006,0.10090103589741631
1018_ITH_ANG_XX.mp4,-0.5155,0.5892,-0.3013313840087716,0.43026060149569406
1058_TIE_HAP_XX.mp4,-0.532,0.608,-0.09141684953015573,0.2862549020876237
1079_TIE_FEA_XX.mp4,-0.5673,0.6484,-0.33420898721467374,0.4576880019544262
1078_ITH_SAD_XX.mp4,-0.478,0.1593,-0.058436363677750534,0.1250904920841635
1022_IWW_ANG_XX.mp4,0.0,0.0,-0.31689994439022534,0.35859899738361534
1037_IWW_ANG_XX.mp4,-0.624,0.7131,-0.5061182756764101,0.5919816236009786
1060_IWW_NEU_XX.mp4,0.0727,0.0727,0.0008229933628640431,0.10016035952147033
1075_IWW_NEU_XX.mp4,0.0857,0.0857,-0.054008439721403775,0.11298380602677358
1049_TIE_NEU_XX.mp4,0.0834,0.0834,-0.02381178673301906,0.12474949106702288
1082_ITS_ANG_XX.mp4,0.0828,0.0828,-0.05912542420646789,0.26735512690421864
1052_IOM_SAD_XX.mp4,0.0825,0.0825,-0.022416209832886475,0.09456886973507282
1047_IOM_SAD_XX.mp4,0.0764,0.0764,0.04149826311612609,0.09482357309581842
1057_MTI_NEU_XX.mp4,0.0826,0.0826,-0.04585549712361808,0.11028653924772515
1042_MTI_NEU_XX.mp4,0.0866,0.0866,0.09051498010072773,0.1174155869150085
1015_MTI_ANG_XX.mp4,0.0,0.0,-0.08386642658179909,0.16378550727036537
1009_IEO_DIS_HI.mp4,-0.6111,0.6984,-0.45563827217246267,0.5792913577125645
1089_TAI_FEA_XX.mp4,-0.51,0.17,-0.3313423580923037,0.2863650027103527
1074_IOM_HAP_XX.mp4,0.0796,0.0796,-0.027168528566263363,0.3568088480210542
1088_IEO_SAD_HI.mp4,0.0772,0.0772,0.005696949655515511,0.07051031800338259
1061_IOM_HAP_XX.mp4,0.0815,0.0815,0.09293523612236951,0.08808961748376562
1059_IWL_DIS_XX.mp4,0.0,0.0,-0.059492791214316706,0.22975551040149136
1018_IEO_DIS_MD.mp4,-0.5432,0.3104,-0.18331624783249414,0.19594173686717525
1055_IOM_FEA_XX.mp4,-0.455,0.5308,-0.2370761399717263,0.479559907248033
1040_IOM_FEA_XX.mp4,0.0713,0.0713,0.0013310438528170267,0.07472121617640312
1075_MTI_SAD_XX.mp4,-0.4524,0.1508,-0.09750961226162055,0.0838783012393734
1060_MTI_SAD_XX.mp4,-0.4986,0.1662,-0.16550685756770175,0.11428892058498379
1072_MTI_FEA_XX.mp4,0.0,0.0,-0.1254726056253348,0.18795871521444985
1067_MTI_FEA_XX.mp4,0.0749,0.0749,0.03146476129598434,0.15279852349075757
1053_MTI_HAP_XX.mp4,0.0827,0.0827,-0.018994725000954234,0.21849990724741256
1046_MTI_HAP_XX.mp4,0.073,0.073,0.06501896312943593,0.1772345164557746
1032_IOM_ANG_XX.mp4,-0.5094,0.2911,-0.172817280691437,0.25203594721174555
1027_IOM_ANG_XX.mp4,-0.6082,0.6951,-0.5741517376084088,0.6595138480018987
1088_TSI_NEU_XX.mp4,0.0829,0.0829,0.05776209698084918,0.11123834983967876
1070_IOM_NEU_XX.mp4,0.0879,0.0879,0.015027329366058466,0.10316535840474861
1065_IOM_NEU_XX.mp4,0.0825,0.0825,0.08232823807975728,0.08065166742685287
1063_ITS_DIS_XX.mp4,0.0,0.0,-0.06199961098279883,0.12052907474064534
1076_ITS_DIS_XX.mp4,0.0736,0.0736,-0.15633163808649003,0.18947098637966003
1068_ITS_ANG_XX.mp4,0.079,0.079,-0.33035287983424905,0.41014201225046865
1074_IEO_FEA_MD.mp4,0.0783,0.0783,0.14365408992567996,0.19986171434748054
1001_IWL_HAP_XX.mp4,0.0734,0.0734,0.009546495671476196,0.20652498243157857
1039_IOM_DIS_XX.mp4,0.0778,0.0778,-0.08722050596178976,0.11134828774348184
1014_IWL_HAP_XX.mp4,0.0761,0.0761,-0.17488041338491625,0.3147620480395625
1061_IEO_FEA_MD.mp4,0.0788,0.0788,0.041556398844278225,0.08628107685357811
1020_IWL_FEA_XX.mp4,-0.4354,0.1451,-0.18248686802116398,0.20360440691014034
1071_TAI_SAD_XX.mp4,0.0807,0.0807,0.03579385797319227,0.08857820271643535
1055_IEO_HAP_MD.mp4,0.0806,0.0806,0.1561993915302414,0.12770198286957696
1040_IEO_HAP_MD.mp4,0.6556,0.4917,0.07149379236821546,0.14265729852434872
1064_TAI_SAD_XX.mp4,0.0763,0.0763,-0.09056227317935252,0.13867125385725773
1035_IWL_FEA_XX.mp4,0.0801,0.0801,-0.04972960685724634,0.12053681131788434
1065_IEO_FEA_HI.mp4,0.084,0.084,0.04323599524988806,0.15299774948265815
1070_IEO_FEA_HI.mp4,0.5969,0.4477,0.1899728078976226,0.3725415540220277
1040_TSI_SAD_XX.mp4,0.0763,0.0763,0.061813865146111806,0.10358054587060708
1044_IEO_HAP_HI.mp4,0.0758,0.0758,-0.28419242556328184,0.27367359473668484
1051_IEO_HAP_HI.mp4,0.0748,0.0748,-0.022655538726223806,0.24097410359525553
1055_TSI_SAD_XX.mp4,0.0819,0.0819,-0.07766822685212427,0.14152965088776503
1073_IEO_SAD_MD.mp4,0.0809,0.0809,0.05839929107795812,0.083985126860629
1057_TAI_HAP_XX.mp4,-0.4487,0.5234,0.01340029716703506,0.21495641064715054
1042_TAI_HAP_XX.mp4,0.6209,0.4657,0.22554236416011506,0.3471146858644693
1066_IEO_SAD_MD.mp4,0.0737,0.0737,0.006834114198786465,0.0975131730709159
1076_TAI_FEA_XX.mp4,-0.4556,0.5316,-0.2759989935049539,0.4495961616752809
1027_IWL_SAD_XX.mp4,0.0744,0.0744,0.050080349503615215,0.08547646747436313
1032_IWL_SAD_XX.mp4,0.078,0.078,-0.012142042517264477,0.11854216383734478
1063_TAI_FEA_XX.mp4,-0.4943,0.5767,-0.19425216506207532,0.24088587085802435
1062_IEO_SAD_HI.mp4,0.0842,0.0842,0.011011927013263876,0.08153565785641533
1066_TSI_HAP_XX.mp4,0.0828,0.0828,-0.17853610305030346,0.35276984851991927
1073_TSI_HAP_XX.mp4,0.0751,0.0751,-0.07849570678570761,0.32094166645831157
1077_IEO_SAD_HI.mp4,0.0781,0.0781,-0.015171982584767787,0.10817593306914737
1047_TSI_FEA_XX.mp4,-0.452,0.5273,-0.320047085427693,0.5123207884092913
1052_TSI_FEA_XX.mp4,-0.4839,0.5645,-0.2670770074291883,0.4870724874425611
1005_IWL_NEU_XX.mp4,0.0834,0.0834,-0.030063453201626508,0.1417527137608861
1010_IWL_NEU_XX.mp4,0.0776,0.0776,-0.11094162555142982,0.12479942923655218
1013_IEO_ANG_MD.mp4,-0.5696,0.651,-0.40338805641085823,0.5387432377388975
1006_IEO_ANG_MD.mp4,0.0,0.0,0.050676449205588135,0.16017767251107143
1047_IWL_ANG_XX.mp4,0.0803,0.0803,-0.051372747180433526,0.31068745367190276
1052_IWL_ANG_XX.mp4,0.0,0.0,-0.39643566967996846,0.421182736396526
1002_IEO_ANG_HI.mp4,-0.5441,0.3109,-0.3756832505800882,0.3275945799998638
1017_IEO_ANG_HI.mp4,-0.5993,0.3424,-0.5237077287530928,0.42678036926183166
1011_TAI_ANG_XX.mp4,-0.5657,0.6465,-0.5734062603592415,0.6289568103214157
1004_TAI_ANG_XX.mp4,0.0,0.0,-0.37403803848678513,0.3553483055321577
1053_TAI_NEU_XX.mp4,0.0893,0.0893,0.002182427018172009,0.12304410582173456
1008_ITS_SAD_XX.mp4,-0.441,0.5145,-0.15343460747051524,0.24096525478406722
1046_TAI_NEU_XX.mp4,0.0824,0.0824,0.007442414668567435,0.11420590815529022
1062_TSI_NEU_XX.mp4,0.0844,0.0844,0.01163609126820272,0.12347571791559389
1077_TSI_NEU_XX.mp4,0.0795,0.0795,-0.004531971082203591,0.099694646121253
1089_ITS_DIS_XX.mp4,-0.4575,0.5337,-0.3349065302748904,0.4434779314608267
1020_TSI_ANG_XX.mp4,0.0,0.0,-0.3754834055820797,0.4190359319101588
1035_TSI_ANG_XX.mp4,-0.5211,0.608,-0.5503877970522291,0.5985137524834138
1015_TIE_DIS_XX.mp4,0.0705,0.0705,-0.11343750330774338,0.1357628345461506
1004_WSI_SAD_XX.mp4,0.0736,0.0736,-0.16661379872084342,0.1552769387567841
1011_WSI_SAD_XX.mp4,0.0803,0.0803,-0.027092644795834238,0.11404489114329633
1071_DFA_ANG_XX.mp4,0.0764,0.0764,0.019098664815195864,0.1242596185564621
1047_IEO_FEA_LO.mp4,0.0828,0.0828,-0.03280332213278615,0.12405930207071696
1052_IEO_FEA_LO.mp4,0.0853,0.0853,-0.030162783565885826,0.10741280992753156
1064_DFA_ANG_XX.mp4,-0.6191,0.7075,-0.5151858689225884,0.6518134604338907
1066_IEO_HAP_LO.mp4,0.0765,0.0765,0.06678807569511266,0.08613407593569783
1073_IEO_HAP_LO.mp4,0.0855,0.0855,0.016383526985476852,0.13409761693964933
1029_IWW_DIS_XX.mp4,0.075,0.075,0.02040406373770806,0.18488075992952904
1033_DFA_NEU_XX.mp4,0.0845,0.0845,0.04759729045374881,0.12886816626137101
1085_WSI_DIS_XX.mp4,-0.5627,0.3216,-0.3742092016914695,0.323052229322499
1090_WSI_DIS_XX.mp4,-0.5866,0.6704,-0.28911222268904596,0.34759764639641527
1081_TIE_SAD_XX.mp4,0.0773,0.0773,-0.025973651769158366,0.08854330620688333
1026_DFA_NEU_XX.mp4,0.0766,0.0766,0.1106152385362888,0.07637632827731806
1003_WSI_FEA_XX.mp4,-0.4965,0.1655,-0.2115015394954417,0.19713375803832453
1016_WSI_FEA_XX.mp4,-0.4586,0.1529,-0.10186048956469243,0.15267162751535632
1022_WSI_HAP_XX.mp4,0.602,0.4515,-0.12352781124352305,0.3106945017643717
1037_WSI_HAP_XX.mp4,0.5893,0.442,0.08203078741010597,0.2427866550852342
1086_TIE_FEA_XX.mp4,-0.5553,0.6347,-0.301784281248248,0.4400549702983934
1040_IEO_SAD_LO.mp4,0.0718,0.0718,0.007226188601589685,0.08511498727081718
1055_IEO_SAD_LO.mp4,0.0688,0.0688,-0.0004980325429009221,0.09490929968079792
1081_IEO_NEU_XX.mp4,0.0936,0.0936,0.003984883771389653,0.104114963852145
1087_ITH_SAD_XX.mp4,0.0803,0.0803,-0.01548372967050701,0.09864286251850994
1016_DFA_FEA_XX.mp4,0.0,0.0,-0.1251801719595448,0.19561778213941916
1020_IEO_ANG_LO.mp4,-0.4732,0.5408,-0.21793301451414882,0.24523386626106827
1035_IEO_ANG_LO.mp4,0.0733,0.0733,-0.3804920032796328,0.472636766243453
1003_DFA_FEA_XX.mp4,0.0,0.0,-0.11564018192410326,0.179555391969428
1037_DFA_HAP_XX.mp4,0.0,0.0,0.18213222474814153,0.06204392854484952
1006_ITH_DIS_XX.mp4,-0.4935,0.282,-0.2644848684260177,0.1417545843993742
1013_ITH_DIS_XX.mp4,-0.553,0.316,-0.0813001781200237,0.1825559300935854
1022_DFA_HAP_XX.mp4,0.6349,0.4762,0.16146236338729028,0.18998881361332046
1080_ITH_FEA_XX.mp4,-0.456,0.532,-0.12323329697551566,0.21625885868001074
1090_DFA_DIS_XX.mp4,-0.5614,0.3208,-0.05959245519787691,0.221446580418705
1026_WSI_NEU_XX.mp4,0.082,0.082,-0.04967655252121322,0.12670161534325128
1033_WSI_NEU_XX.mp4,0.0813,0.0813,-0.12230978409012859,0.20748347981486484
1085_DFA_DIS_XX.mp4,-0.5203,0.5947,-0.22761812462176367,0.30574944584573344
1064_WSI_ANG_XX.mp4,-0.6087,0.6956,-0.6181410567029758,0.6963577475672967
1071_WSI_ANG_XX.mp4,-0.5484,0.6268,-0.14933421688719395,0.21773032279102533
1011_DFA_SAD_XX.mp4,0.0776,0.0776,0.024222052259517433,0.08369968293050577
1004_DFA_SAD_XX.mp4,0.0782,0.0782,-0.09932879087355892,0.16630015489461936
1021_IWW_FEA_XX.mp4,0.0812,0.0812,-0.13924110315024188,0.13666680622436767
1034_IWW_FEA_XX.mp4,0.072,0.072,0.028751360145583257,0.11057604041798487
1015_IWW_HAP_XX.mp4,0.5836,0.4377,-0.005127145329677843,0.3876273145885421
1069_ITH_ANG_XX.mp4,-0.5946,0.6796,-0.47831346837254324,0.4904407630050142
1008_TIE_FEA_XX.mp4,-0.4466,0.1489,-0.45308181937086817,0.4137856920229703
1029_TIE_HAP_XX.mp4,0.075,0.075,-0.021439023565145383,0.2124672760046113
1026_IWW_SAD_XX.mp4,0.0826,0.0826,0.02913037944119515,0.09191911214722089
1033_IWW_SAD_XX.mp4,0.0,0.0,-0.08568044851742024,0.14917587825454906
1046_IWW_ANG_XX.mp4,0.0,0.0,-0.09325133721948553,0.2620818225588016
1053_IWW_ANG_XX.mp4,-0.5384,0.6153,-0.3868773732212167,0.49741028507102275
1004_IWW_NEU_XX.mp4,0.0767,0.0767,-0.16085522107621378,0.16312555786063512
1011_IWW_NEU_XX.mp4,0.0819,0.0819,0.006791062336901302,0.10701510130262097
1038_TIE_NEU_XX.mp4,0.0808,0.0808,0.02893626183966641,0.11098526065554132
1009_ITH_SAD_XX.mp4,0.0762,0.0762,-0.07467996953013031,0.12123502513706971
1088_ITH_DIS_XX.mp4,0.0832,0.0832,-0.007437426681987501,0.11294807883071666
1033_MTI_NEU_XX.mp4,0.0793,0.0793,0.11237351055408716,0.0698970250159565
1026_MTI_NEU_XX.mp4,-0.4639,0.1546,-0.027096870256741047,0.0840501895598534
1078_IEO_DIS_HI.mp4,-0.4977,0.1659,-0.07197380068657705,0.1906576340475737
1071_MTI_ANG_XX.mp4,0.0746,0.0746,-0.0977237044616474,0.08797727734270293
1064_MTI_ANG_XX.mp4,-0.5716,0.3266,-0.29396143747866177,0.3264216407138107
1031_IOM_FEA_XX.mp4,0.0734,0.0734,0.040376218908067904,0.09197529225704695
1024_IOM_FEA_XX.mp4,0.0722,0.0722,0.07473461410591947,0.0795614180505604
1069_IEO_DIS_MD.mp4,-0.5612,0.3207,-0.4105356510065243,0.3734929344508819
1010_IOM_HAP_XX.mp4,0.0845,0.0845,0.06140755060321507,0.15287481952829332
1028_IWL_DIS_XX.mp4,0.0752,0.0752,-0.06593624377382212,0.10578543267471334
1005_IOM_HAP_XX.mp4,0.6873,0.5155,0.06417409761907573,0.4662327063006731
1036_IOM_SAD_XX.mp4,0.0,0.0,-0.030177095604345124,0.11694826558762605
1023_IOM_SAD_XX.mp4,0.0901,0.0901,0.08253942098671026,0.08156802790960511
1086_ITS_SAD_XX.mp4,-0.436,0.5087,0.03090615496517739,0.12700070153580367
1037_MTI_HAP_XX.mp4,-0.5109,0.596,-0.18585156168307282,0.35213810861927536
1022_MTI_HAP_XX.mp4,0.084,0.084,0.02343465005217667,0.09723510390079958
1016_MTI_FEA_XX.mp4,-0.4451,0.5193,-0.17926249186818563,0.27664409802746087
1003_MTI_FEA_XX.mp4,0.0856,0.0856,-0.23305237095259038,0.1895701475870486
1056_IOM_ANG_XX.mp4,-0.455,0.52,-0.2959202346025138,0.3795064475519652
1043_IOM_ANG_XX.mp4,-0.5158,0.5895,-0.15392291313799097,0.45285801327634984
1007_ITS_DIS_XX.mp4,-0.4749,0.1583,-0.2403703649323351,0.10821224327820986
1012_ITS_DIS_XX.mp4,-0.5141,0.2938,-0.19816531495577522,0.2087545111497774
1014_IOM_NEU_XX.mp4,0.0796,0.0796,0.028295783132613668,0.1274536304665836
1001_IOM_NEU_XX.mp4,0.0783,0.0783,0.012351394543251688,0.07597461351378006
1011_MTI_SAD_XX.mp4,0.0,0.0,-0.0004909699386369026,0.07951249421754189
1004_MTI_SAD_XX.mp4,-0.4587,0.1529,-0.11751739371549476,0.0997782394422125
1088_IEO_ANG_MD.mp4,-0.5347,0.6111,-0.5430958951649097,0.650235524249871
1081_ITS_FEA_XX.mp4,0.0,0.0,-0.12130353559248117,0.13313658161712652
1090_MTI_DIS_XX.mp4,0.0739,0.0739,-0.06564510201421815,0.11523843688378946
1085_MTI_DIS_XX.mp4,0.0746,0.0746,-0.052190597295998536,0.18735252092365995
1082_TAI_ANG_XX.mp4,-0.462,0.539,-0.48408893915212237,0.5606929273713497
1009_IOM_NEU_XX.mp4,0.0823,0.0823,0.005229983773894062,0.16232931452533592
1080_IEO_ANG_MD.mp4,-0.5211,0.2978,-0.3534832617393069,0.35679273871048794
1019_MTI_SAD_XX.mp4,0.0832,0.0832,0.02316608634982173,0.10129464824886016
1089_ITS_FEA_XX.mp4,-0.4917,0.5736,-0.32686091915354437,0.33597212075873484
1083_IWL_NEU_XX.mp4,0.0906,0.0906,0.0012262519325802038,0.1163860610919486
1091_IEO_ANG_HI.mp4,-0.6456,0.7378,-0.6638219156338278,0.5753166919381679
1084_IEO_ANG_HI.mp4,-0.6104,0.6976,-0.5683771097475762,0.6519445731145231
1079_MTI_ANG_XX.mp4,-0.5696,0.3255,-0.127829189689091,0.34463960085967577
1070_IEO_DIS_HI.mp4,-0.5399,0.3085,-0.28569596313463835,0.19324331169516354
1065_IEO_DIS_HI.mp4,0.0732,0.0732,-0.027387192220947713,0.13363670103380737
1035_IWL_DIS_XX.mp4,-0.5373,0.307,-0.17504231390467223,0.2882829999527906
1018_IOM_HAP_XX.mp4,0.0815,0.0815,-0.07164862464114893,0.1733377322638372
1020_IWL_DIS_XX.mp4,0.0796,0.0796,-0.14239583079223375,0.14969977768041562
1061_IEO_DIS_MD.mp4,-0.567,0.324,-0.4379281070341642,0.16483492322555196
1074_IEO_DIS_MD.mp4,0.0,0.0,0.09090947862589133,0.20563969297605397
1039_IOM_FEA_XX.mp4,0.0746,0.0746,-0.013168187419599374,0.11954147563159497
1052_TSI_DIS_XX.mp4,0.0821,0.0821,-0.08220683976925804,0.1715617190750278
1047_TSI_DIS_XX.mp4,0.0766,0.0766,-0.08558963694201221,0.18433002483652353
1087_IWL_HAP_XX.mp4,0.0823,0.0823,0.036977249310791674,0.09610951713670081
1063_TAI_DIS_XX.mp4,-0.4406,0.5141,-0.11843995721586907,0.16637876513816338
1076_TAI_DIS_XX.mp4,0.0783,0.0783,-0.03506467841521913,0.1154314224536157
1019_IWW_NEU_XX.mp4,0.0793,0.0793,0.09077423903474006,0.09854264570800977
1013_ITH_FEA_XX.mp4,-0.47,0.5483,-0.14998768180766942,0.20051494454820729
1006_ITH_FEA_XX.mp4,0.0774,0.0774,-0.10473513018026942,0.12961376875686748
1003_DFA_DIS_XX.mp4,0.0811,0.0811,-0.1443059037523333,0.14473663406586448
1032_ITH_HAP_XX.mp4,0.0846,0.0846,-0.09896701073383982,0.24442614080854838
1027_ITH_HAP_XX.mp4,0.0673,0.0673,0.03172512771364594,0.17123669282522325
1016_DFA_DIS_XX.mp4,-0.5223,0.5969,-0.38593878928553954,0.5256881373562563
1025_TIE_NEU_XX.mp4,0.0795,0.0795,-0.06439134971767038,0.12648239479475376
1082_DFA_SAD_XX.mp4,0.0756,0.0756,-0.0023603921575528677,0.2480292245120762
1030_TIE_NEU_XX.mp4,0.0813,0.0813,0.05621971223646032,0.09219130502301974
1067_TIE_ANG_XX.mp4,-0.5503,0.6289,-0.18555556457098102,0.27217539573273614
1072_TIE_ANG_XX.mp4,-0.6066,0.6932,-0.4252546138566096,0.613987837361785
1014_ITH_SAD_XX.mp4,0.0776,0.0776,-0.11548719095817221,0.1643713609323265
1001_ITH_SAD_XX.mp4,0.0804,0.0804,0.011700700018030245,0.09592719638871237
1007_IEO_NEU_XX.mp4,0.0831,0.0831,0.037668114681683684,0.05978641800121273
1012_IEO_NEU_XX.mp4,0.0822,0.0822,-0.009457869368578942,0.16291318633818502
1085_DFA_FEA_XX.mp4,0.0835,0.0835,-0.049377374965340254,0.1648657093881585
1090_DFA_FEA_XX.mp4,0.0771,0.0771,0.029877906397621296,0.10548786001610966
1080_ITH_DIS_XX.mp4,-0.5561,0.3178,-0.10853364760395538,0.23617496766595253
1090_WSI_FEA_XX.mp4,0.0766,0.0766,0.010109715036397349,0.13082737005459558
1008_IWW_HAP_XX.mp4,0.5698,0.4273,0.029838461334391046,0.40482538002969776
1085_WSI_FEA_XX.mp4,0.0833,0.0833,-0.1419858439273813,0.17279732861565913
1036_ITH_NEU_XX.mp4,0.0862,0.0862,0.0036222181879623913,0.10796808048345517
1029_IWW_FEA_XX.mp4,-0.4506,0.5257,-0.18015729811520634,0.4113201082354899
1023_ITH_NEU_XX.mp4,0.083,0.083,0.0639938458881621,0.10945253526577087
1074_ITH_ANG_XX.mp4,0.087,0.087,-0.5227030180414549,0.5824952357955678
1061_ITH_ANG_XX.mp4,-0.5827,0.333,-0.2827160576440001,0.3331242680434988
1052_IEO_DIS_LO.mp4,0.0808,0.0808,0.024705663133148256,0.08443763685209285
1047_IEO_DIS_LO.mp4,0.0,0.0,-0.03669893981331131,0.1135559161604978
1021_TIE_HAP_XX.mp4,0.0837,0.0837,-0.04737901971219548,0.16918722226848354
1034_TIE_HAP_XX.mp4,0.0,0.0,0.06956159193934419,0.09086585878777863
1015_TIE_FEA_XX.mp4,-0.4654,0.5429,-0.10262825221681482,0.2961821023055655
1086_TIE_DIS_XX.mp4,0.0767,0.0767,-0.12036375181324144,0.19940852217664254
1082_WSI_SAD_XX.mp4,0.0752,0.0752,-0.20199857035258417,0.20432618328907062
1007_TIE_SAD_XX.mp4,0.0821,0.0821,-0.016931287212183725,0.12680272832025827
1016_WSI_DIS_XX.mp4,-0.602,0.688,-0.49035840365186834,0.4419699651396534
1012_TIE_SAD_XX.mp4,0.0708,0.0708,-0.13110112731335372,0.10908905022801828
1003_WSI_DIS_XX.mp4,0.0,0.0,-0.2281817669585573,0.17797105892346796
1089_IEO_NEU_XX.mp4,0.0798,0.0798,-0.10902453646099912,0.1804904460649825
1028_IEO_ANG_LO.mp4,0.0838,0.0838,-0.005993627851453766,0.2915665364318085
1088_ITH_FEA_XX.mp4,-0.4827,0.5631,-0.05033074536327345,0.11546239732085535
1082_IWW_NEU_XX.mp4,0.0751,0.0751,0.02230235102865598,0.13761768158398713
1079_WSI_ANG_XX.mp4,-0.6121,0.6996,-0.44798251960509433,0.6067440225805529
1019_DFA_SAD_XX.mp4,0.078,0.078,-0.0031834551699384504,0.08740363707761215
1008_TIE_DIS_XX.mp4,-0.5197,0.1732,-0.44236235715866745,0.3106491917680077
1019_WSI_SAD_XX.mp4,-0.4933,0.1644,-0.15503775782533405,0.15829985817270267
1079_DFA_ANG_XX.mp4,-0.5596,0.6396,-0.4252832403629309,0.5586374796835236
1089_TIE_SAD_XX.mp4,-0.486,0.162,-0.21396677670450268,0.23484665419997117
1034_IWW_DIS_XX.mp4,0.0,0.0,-0.01903409074001774,0.09758236478711707
1021_IWW_DIS_XX.mp4,0.072,0.072,-0.03407784874597846,0.12546016877204533
1086_IWW_HAP_XX.mp4,0.0791,0.0791,0.016037734759571903,0.1698010903846783
1048_IEO_SAD_LO.mp4,0.0756,0.0756,-0.038800395923122497,0.11071513686995657
1033_ITS_HAP_XX.mp4,-0.4506,0.5257,-0.21474070133599596,0.41471256626794456
1026_ITS_HAP_XX.mp4,0.0,0.0,0.06018021890350855,0.16856584857629556
1018_IWL_NEU_XX.mp4,0.0841,0.0841,0.07752985020066307,0.10762757376728
1012_ITS_FEA_XX.mp4,-0.5197,0.6063,-0.28155694262629044,0.3168979708953985
1007_ITS_FEA_XX.mp4,0.0735,0.0735,-0.12625027419760615,0.19731262363996316
1082_MTI_SAD_XX.mp4,0.0793,0.0793,0.02529432464021173,0.10155255317462322
1003_MTI_DIS_XX.mp4,-0.4813,0.1604,-0.28545875392384873,0.1430011669234036
1016_MTI_DIS_XX.mp4,0.6622,0.4967,-0.14463673343199318,0.256809740428145
1019_TAI_ANG_XX.mp4,-0.5622,0.6425,-0.3549005360960529,0.46001640034060637
1085_MTI_FEA_XX.mp4,0.0,0.0,-0.01845550020607345,0.11452213197289789
1090_MTI_FEA_XX.mp4,0.0756,0.0756,-0.030243768863538772,0.09247500168022978
1015_ITS_SAD_XX.mp4,0.0844,0.0844,-0.059460271758164186,0.1211798853859975
1081_ITS_DIS_XX.mp4,0.0,0.0,-0.057699106599709275,0.11566078046720218
1087_IOM_NEU_XX.mp4,0.078,0.078,0.0073309267451918455,0.11955924508321504
1028_TSI_ANG_XX.mp4,-0.6173,0.7055,-0.5826074432885491,0.5921546683920886
1075_ITS_ANG_XX.mp4,-0.5888,0.6729,-0.2867478354353713,0.45012702182219944
1060_ITS_ANG_XX.mp4,0.0776,0.0776,-0.28150645911581923,0.45032268694116484
1048_IEO_HAP_MD.mp4,0.0751,0.0751,-0.04853437607703303,0.10531879231969417
1037_ITS_NEU_XX.mp4,0.0819,0.0819,-0.03983833331497275,0.11605030009188429
1028_IWL_FEA_XX.mp4,-0.514,0.1713,-0.25798987651177047,0.19902293023792647
1079_TAI_SAD_XX.mp4,0.0,0.0,-0.056974747304334106,0.11004480456438771
1022_ITS_NEU_XX.mp4,0.083,0.083,-0.09655369926181251,0.14008709425817661
1024_IOM_DIS_XX.mp4,-0.5092,0.291,-0.05846856142184307,0.14129687721414258
1069_IEO_FEA_MD.mp4,0.0824,0.0824,0.04483987166116951,0.16236451858759585
1009_IWL_HAP_XX.mp4,0.652,0.489,0.37618252513276773,0.34210284634428845
1031_IOM_DIS_XX.mp4,0.0789,0.0789,0.05261094883166758,0.09376989478731648
1059_IEO_HAP_HI.mp4,0.6415,0.4811,-0.18032496627934236,0.5820050801237304
1048_TSI_SAD_XX.mp4,0.0715,0.0715,0.053835804431798015,0.047758893957940265
1078_IEO_FEA_HI.mp4,-0.5166,0.6027,-0.4750883617768573,0.5688864778523635
1083_IOM_HAP_XX.mp4,0.0814,0.0814,0.09595658811580533,0.0883395116064711
1068_MTI_SAD_XX.mp4,0.0771,0.0771,0.013538944529257104,0.09372854457152345
1080_TSI_NEU_XX.mp4,0.0896,0.0896,-0.02518187003723574,0.14706496960918056
1078_IOM_NEU_XX.mp4,0.082,0.082,-0.03497137282104869,0.14534458430589603
1086_TAI_SAD_XX.mp4,0.0,0.0,-0.07014129015094944,0.1648055503356451
1036_TSI_DIS_XX.mp4,-0.5571,0.3183,-0.352751833787692,0.43496569403368435
1083_IEO_FEA_MD.mp4,0.0774,0.0774,0.02407447366624509,0.08367779819123912
1023_TSI_DIS_XX.mp4,0.0762,0.0762,-0.06146925761087925,0.23263406135867412
1007_TAI_DIS_XX.mp4,-0.4485,0.1495,-0.04364053509156313,0.11691417619905496
1087_IEO_FEA_HI.mp4,-0.4782,0.5579,-0.43497977944424737,0.47031614595421306
1012_TAI_DIS_XX.mp4,-0.5355,0.306,-0.1385690864272054,0.13073721123694165
1014_IEO_DIS_HI.mp4,-0.5469,0.625,-0.6206795778307899,0.5009303780048523
1081_TAI_FEA_XX.mp4,0.0782,0.0782,-0.05898059652231196,0.14385211445073434
1001_IEO_DIS_HI.mp4,-0.5371,0.6138,-0.32436094555928624,0.3329894941136172
1008_MTI_ANG_XX.mp4,0.0767,0.0767,-0.3096373771244898,0.4201339217917122
1084_IEO_SAD_MD.mp4,0.0,0.0,-0.009856912681062228,0.10218171995698241
1091_IEO_SAD_MD.mp4,0.0852,0.0852,-0.009568846230857145,0.09711752716257349
1048_IOM_FEA_XX.mp4,0.0827,0.0827,-0.0440641321249925,0.10476862527121615
1005_IEO_DIS_MD.mp4,0.0839,0.0839,-0.05959900003667491,0.16816771786879448
1010_IEO_DIS_MD.mp4,-0.5652,0.323,-0.20707035198654117,0.2591580913896852
1091_TSI_HAP_XX.mp4,0.088,0.088,-0.10480822894641116,0.19130263403830725
1069_IOM_HAP_XX.mp4,0.0811,0.0811,0.04422257752340706,0.1478192731900646
1051_IWL_DIS_XX.mp4,0.0795,0.0795,-0.03475396231649245,0.10939240821778208
1044_IWL_DIS_XX.mp4,-0.5903,0.6747,-0.5730004625827744,0.6308445173241906
1080_IEO_SAD_HI.mp4,0.0,0.0,-0.1690237954816061,0.21317354635831898
1084_TSI_HAP_XX.mp4,0.0744,0.0744,-0.09879809405997778,0.13522759205295407
1070_ITH_SAD_XX.mp4,0.0718,0.0718,-0.08256368631006815,0.19901680855354037
1065_ITH_SAD_XX.mp4,0.0792,0.0792,0.01606507948884065,0.1005106041309858
1063_IEO_NEU_XX.mp4,0.0796,0.0796,-0.016431760811817308,0.08936821191041455
1076_IEO_NEU_XX.mp4,0.0797,0.0797,-0.005681472985743519,0.12834707547610782
1086_WSI_ANG_XX.mp4,-0.6531,0.7464,-0.625353953375443,0.7111740357573827
1056_ITH_HAP_XX.mp4,0.0769,0.0769,0.02474405952815565,0.10098842654221607
1067_DFA_DIS_XX.mp4,0.0816,0.0816,0.06684721348345292,0.09942560937451503
1072_DFA_DIS_XX.mp4,0.0726,0.0726,-0.06951990664040475,0.13454512135045213
1043_ITH_HAP_XX.mp4,0.0797,0.0797,0.033719960310275555,0.22524215645085835
1077_ITH_FEA_XX.mp4,0.0807,0.0807,0.023562440983940808,0.11850721565318624
1068_IWW_NEU_XX.mp4,0.0797,0.0797,0.030646345416909897,0.1301664037377024
1062_ITH_FEA_XX.mp4,0.0762,0.0762,-0.028335781518554547,0.09034450044264654
1041_TIE_NEU_XX.mp4,0.0813,0.0813,0.029874130013961903,0.08263458455282645
1054_TIE_NEU_XX.mp4,0.0816,0.0816,-0.01672256497741978,0.10388180379205561
1003_TIE_ANG_XX.mp4,-0.554,0.6332,-0.583855821352,0.6067457821980774
1016_TIE_ANG_XX.mp4,-0.5796,0.6624,-0.6023725087129873,0.6238188706411701
1063_TIE_SAD_XX.mp4,0.0791,0.0791,-0.01594411142895367,0.11861181325999212
1072_WSI_DIS_XX.mp4,-0.5736,0.3278,-0.25554450304642756,0.2689901389748453
1076_TIE_SAD_XX.mp4,0.0781,0.0781,-0.047217937728338294,0.11621523679044563
1067_WSI_DIS_XX.mp4,0.0733,0.0733,-0.06418164675150943,0.14722556504183515
1091_IEO_HAP_LO.mp4,0.0838,0.0838,-0.046217014521167374,0.12818349056928233
1084_IEO_HAP_LO.mp4,0.0883,0.0883,0.09015164655211559,0.17095166181969043
1086_DFA_ANG_XX.mp4,-0.5355,0.612,-0.5697180573694977,0.6774147594223876
1058_IWW_FEA_XX.mp4,-0.4946,0.5771,-0.2470435369144996,0.4273713258334677
1052_ITH_NEU_XX.mp4,0.0818,0.0818,-0.09413342786076516,0.1551683856093517
1047_ITH_NEU_XX.mp4,0.0781,0.0781,-0.07315409557372668,0.18046697489906435
1079_IWW_HAP_XX.mp4,0.6668,0.5001,0.01624467065435639,0.3499175122868741
1036_IEO_DIS_LO.mp4,-0.5701,0.3258,-0.17940572488874726,0.18921368375591324
1023_IEO_DIS_LO.mp4,0.0819,0.0819,0.018218316416589442,0.09405293773875956
1010_ITH_ANG_XX.mp4,-0.5444,0.6222,-0.3491777329110623,0.46879684272872024
1005_ITH_ANG_XX.mp4,-0.5176,0.5915,-0.36922402200262133,0.4520716173790481
1064_TIE_FEA_XX.mp4,-0.5132,0.5865,-0.24154086308903455,0.39075967607507817
1071_TIE_FEA_XX.mp4,0.082,0.082,-0.015414600039417782,0.08715058188077074
1045_TIE_HAP_XX.mp4,0.0816,0.0816,0.0222933640768129,0.1154749625192969
1050_TIE_HAP_XX.mp4,0.0769,0.0769,0.015621912352561908,0.14408055919355073
1068_DFA_SAD_XX.mp4,0.0759,0.0759,0.007816465628154594,0.09859533059429523
1059_IEO_ANG_LO.mp4,0.0813,0.0813,-0.2875166164299243,0.3533038213050177
1039_IEO_SAD_LO.mp4,0.0823,0.0823,0.044170677841667005,0.10636424216539318
1079_TIE_DIS_XX.mp4,0.0,0.0,-0.30887402038794176,0.36607530141735634
1068_WSI_SAD_XX.mp4,0.0735,0.0735,-0.06874679289727556,0.10685952717465515
1008_DFA_ANG_XX.mp4,-0.5509,0.6296,-0.4591043211147433,0.5817305429523058
1050_IWW_DIS_XX.mp4,-0.5433,0.3104,-0.13238402486872122,0.16580769392213837
1045_IWW_DIS_XX.mp4,0.0801,0.0801,-0.01883360461871877,0.09412084692493282
1068_TAI_ANG_XX.mp4,-0.5568,0.6364,-0.39036787165861964,0.41431005563170553
1071_ITS_SAD_XX.mp4,0.0,0.0,-0.033531269728142396,0.12870413059289948
1064_ITS_SAD_XX.mp4,-0.4811,0.1604,-0.06754854674374754,0.10896706141387645
1059_TSI_ANG_XX.mp4,-0.6339,0.7244,-0.6596310960927724,0.6436601737727209
1076_ITS_FEA_XX.mp4,0.0,0.0,-0.15631444968755173,0.18382764756632136
1069_IWL_NEU_XX.mp4,0.0829,0.0829,-0.11054246993541386,0.17295529359623635
1063_ITS_FEA_XX.mp4,-0.4596,0.5362,-0.1428175626438748,0.3768284557905908
1057_ITS_HAP_XX.mp4,0.081,0.081,-0.05407254917872696,0.21252328336333778
1042_ITS_HAP_XX.mp4,0.0,0.0,-0.0013274285187004089,0.2341890304705076
1067_MTI_DIS_XX.mp4,0.0839,0.0839,0.022905977441006517,0.16872148584731997
1072_MTI_DIS_XX.mp4,0.0807,0.0807,-0.056211364145564116,0.11015560992051993
1086_MTI_ANG_XX.mp4,0.0787,0.0787,-0.014476717764258415,0.19190561760378103
1011_ITS_ANG_XX.mp4,-0.5981,0.3418,-0.22233686193516358,0.3504332785997612
1004_ITS_ANG_XX.mp4,0.0,0.0,-0.3259731937213304,0.2781114122929626
1078_IWL_HAP_XX.mp4,0.0819,0.0819,0.030385422284325492,0.31944570945916184
1040_IOM_DIS_XX.mp4,0.0701,0.0701,-0.031808795142853466,0.08018442841234191
1018_IEO_FEA_MD.mp4,-0.4893,0.1631,-0.15666563922388832,0.13413322075686587
1055_IOM_DIS_XX.mp4,-0.4931,0.2818,-0.02025257281604319,0.10381999731295023
1059_IWL_FEA_XX.mp4,0.0875,0.0875,-0.015396794754091303,0.27269338777700425
1008_TAI_SAD_XX.mp4,0.0,0.0,-0.16937649774477231,0.3373591697610808
1053_ITS_NEU_XX.mp4,0.0802,0.0802,-0.04319139581917378,0.20528623449199476
1046_ITS_NEU_XX.mp4,0.076,0.076,0.00923859048918108,0.10642728501464023
1039_IEO_HAP_MD.mp4,0.5956,0.4467,0.16083547384354008,0.28442399392664863
1089_TAI_DIS_XX.mp4,-0.4951,0.2829,-0.48585668217720984,0.326352996902648
1009_IEO_FEA_HI.mp4,-0.537,0.6265,-0.6109637794415649,0.6697447295646664
1039_TSI_SAD_XX.mp4,0.0795,0.0795,-0.03053996840740955,0.12150127094372126
1028_IEO_HAP_HI.mp4,0.0714,0.0714,-0.12899851673531681,0.21002098969990243
1020_IOM_ANG_XX.mp4,0.0,0.0,-0.08693206765181874,0.20499815334713645
1035_IOM_ANG_XX.mp4,-0.595,0.68,-0.36905748893669155,0.5414273080731796
1071_ITS_DIS_XX.mp4,0.0796,0.0796,-0.009172118281409224,0.08108470680815218
1064_ITS_DIS_XX.mp4,-0.5845,0.334,-0.31616440809082424,0.2959018480497115
1062_IOM_NEU_XX.mp4,0.0838,0.0838,0.027277103189807937,0.07916793678966605
1077_IOM_NEU_XX.mp4,0.0894,0.0894,0.034612383286363124,0.1047230147210019
1041_MTI_HAP_XX.mp4,0.0821,0.0821,0.08103788941427113,0.11136956859493657
1054_MTI_HAP_XX.mp4,-0.4482,0.1494,-0.16606067932731353,0.17692153100415656
1060_MTI_FEA_XX.mp4,-0.4251,0.1417,-0.10030920534152182,0.13665555856281214
1075_MTI_FEA_XX.mp4,0.0876,0.0876,-0.04633301398201993,0.1343031075047703
1067_MTI_SAD_XX.mp4,0.0816,0.0816,-0.015098262140022297,0.10102838158800129
1072_MTI_SAD_XX.mp4,0.0,0.0,-0.09558709442681285,0.10712043426687459
1047_IOM_FEA_XX.mp4,0.079,0.079,0.03601268616881599,0.2206799917434656
1052_IOM_FEA_XX.mp4,0.0803,0.0803,-0.009267096548473484,0.09995317056215715
1066_IOM_HAP_XX.mp4,0.0828,0.0828,0.23976137397248617,0.0674009511392677
1073_IOM_HAP_XX.mp4,0.0752,0.0752,0.06033064527177632,0.07190039932779589
1045_MTI_NEU_XX.mp4,0.088,0.088,0.033043567347148625,0.09832343006131115
1050_MTI_NEU_XX.mp4,0.0814,0.0814,-0.008369422578123188,0.10547030346957723
1007_MTI_ANG_XX.mp4,0.0,0.0,-0.2361346967013061,0.14877873505375416
1012_MTI_ANG_XX.mp4,0.0795,0.0795,-0.0012840600878129293,0.1684017848222933
1040_IOM_SAD_XX.mp4,-0.45,0.15,-0.022593193692634416,0.08607233974237209
1055_IOM_SAD_XX.mp4,0.084,0.084,0.023626401206358824,0.07237858358175286
1008_TAI_DIS_XX.mp4,-0.5293,0.6049,-0.24994131999539285,0.3478586470761514
1088_IEO_FEA_HI.mp4,-0.4843,0.5651,-0.01685234443654055,0.33243818120552626
1089_TAI_SAD_XX.mp4,-0.5217,0.1739,-0.24642974995037703,0.209581849014149
1039_TSI_DIS_XX.mp4,0.0767,0.0767,-0.11960423247301852,0.1708486103608091
1090_ITS_ANG_XX.mp4,-0.5407,0.309,-0.20320655973073476,0.20388080178897117
1085_ITS_ANG_XX.mp4,-0.5682,0.6493,-0.5178885630445275,0.6405913745875687
1019_TIE_ANG_XX.mp4,-0.6133,0.7009,-0.3817799435098576,0.4285997738672991
1030_IWW_ANG_XX.mp4,-0.5278,0.3016,-0.33943687053096394,0.333119054947633
1025_IWW_ANG_XX.mp4,-0.6116,0.699,-0.5367966150182523,0.6214773945171386
1089_WSI_ANG_XX.mp4,-0.5518,0.6307,-0.5960927107229451,0.5944693624958471
1068_DFA_DIS_XX.mp4,0.0791,0.0791,0.1446632321257763,0.08306929799199761
1059_ITH_HAP_XX.mp4,0.0,0.0,-0.2948827027468918,0.3733793848235284
1072_IWW_NEU_XX.mp4,0.0765,0.0765,0.012917542696648986,0.09724034515138903
1078_ITH_FEA_XX.mp4,-0.4786,0.5584,-0.19031699807432642,0.18550617135977615
1067_IWW_NEU_XX.mp4,-0.455,0.5308,-0.068393184155365,0.15632673829272611
1079_IEO_NEU_XX.mp4,0.0906,0.0906,0.04689371282008295,0.07951854730258105
1057_IWW_FEA_XX.mp4,-0.4807,0.5608,-0.10012871083295838,0.1574487036244989
1042_IWW_FEA_XX.mp4,-0.4818,0.5621,-0.2343008322013966,0.31415303882167606
1048_ITH_NEU_XX.mp4,0.0819,0.0819,0.03960837748098643,0.126618566154593
1076_IWW_HAP_XX.mp4,-0.5631,0.6436,-0.1764221401758187,0.33241962106046674
1063_IWW_HAP_XX.mp4,0.6395,0.4796,0.26573117272832947,0.3721841315028755
1039_IEO_DIS_LO.mp4,0.0,0.0,-0.0011847015589676803,0.0989070828867741
1068_WSI_DIS_XX.mp4,-0.5369,0.6136,-0.2891868187117266,0.3655109116324209
1079_TIE_SAD_XX.mp4,-0.439,0.1463,-0.1260335706526218,0.1559368454948098
1089_DFA_ANG_XX.mp4,0.0846,0.0846,-0.6169465644256579,0.6204701320051045
1050_IWW_SAD_XX.mp4,0.074,0.074,-0.01761118267889164,0.10512675535172554
1045_IWW_SAD_XX.mp4,-0.4496,0.5246,-0.18062474262754089,0.17644260862037758
1056_IEO_ANG_LO.mp4,-0.5802,0.6631,-0.3285021003483513,0.4915468289093391
1060_DFA_FEA_XX.mp4,0.075,0.075,-0.05594676283174105,0.12676896184032296
1075_DFA_FEA_XX.mp4,0.0768,0.0768,-0.007651936355825627,0.10292723714104843
1043_IEO_ANG_LO.mp4,0.0769,0.0769,0.03575202477568201,0.09904988062192906
1070_ITH_DIS_XX.mp4,0.0735,0.0735,-0.22820950334705054,0.2552365146054955
1041_DFA_HAP_XX.mp4,0.6116,0.4587,0.1408565073091405,0.14151298655732114
1054_DFA_HAP_XX.mp4,0.6464,0.4848,0.1531589047172471,0.28226757526941765
1065_ITH_DIS_XX.mp4,0.0718,0.0718,0.13265443956422793,0.09216864200941952
1082_TIE_ANG_XX.mp4,-0.5557,0.6351,-0.47945882488499236,0.5688350006756817
1067_DFA_SAD_XX.mp4,0.0782,0.0782,0.07528948176245319,0.08017509344074276
1072_DFA_SAD_XX.mp4,0.0801,0.0801,-0.001000243246760356,0.09581706196711297
1050_WSI_NEU_XX.mp4,0.077,0.077,-0.062263836990515416,0.17374923816637594
1045_WSI_NEU_XX.mp4,0.0885,0.0885,-0.08673001508352542,0.17847608350573085
1012_WSI_ANG_XX.mp4,-0.5533,0.6324,-0.4239769747021869,0.5314660120858844
1007_WSI_ANG_XX.mp4,-0.6038,0.69,-0.6979219629991854,0.723485162360492
1031_IEO_FEA_LO.mp4,0.0853,0.0853,0.006029086955013691,0.12339442152415707
1007_DFA_ANG_XX.mp4,-0.476,0.544,-0.6054752441109662,0.6251433694156768
1012_DFA_ANG_XX.mp4,-0.5771,0.6596,-0.40919285835607255,0.4537571573974879
1024_IEO_FEA_LO.mp4,-0.4533,0.1511,-0.11613294224776637,0.161565492734254
1010_IEO_HAP_LO.mp4,0.0842,0.0842,-0.050659934402364576,0.11780928700144377
1005_IEO_HAP_LO.mp4,0.0854,0.0854,0.017968057366690923,0.12074436831858786
1045_DFA_NEU_XX.mp4,0.0892,0.0892,0.05628147151853333,0.08662977584851686
1050_DFA_NEU_XX.mp4,0.0811,0.0811,0.1333796593219752,0.0963565161709421
1072_WSI_SAD_XX.mp4,0.0766,0.0766,-0.1298407666681576,0.1933041763178054
1063_TIE_DIS_XX.mp4,0.0765,0.0765,0.05332094756154219,0.12362028821311886
1067_WSI_SAD_XX.mp4,0.0799,0.0799,0.010152212669417926,0.12471736842789388
1076_TIE_DIS_XX.mp4,0.0,0.0,-0.17457891842955017,0.15127953451062393
1036_IEO_SAD_LO.mp4,0.0721,0.0721,-0.0370102058720991,0.13902852791452935
1023_IEO_SAD_LO.mp4,0.078,0.078,0.06510914405522528,0.09820944872002078
1091_ITH_ANG_XX.mp4,0.0843,0.0843,-0.11385670124871748,0.2640589733250762
1084_ITH_ANG_XX.mp4,0.0726,0.0726,-0.06554502814917955,0.17383908123097366
1075_WSI_FEA_XX.mp4,0.0787,0.0787,-0.057745601999277064,0.133720147632896
1060_WSI_FEA_XX.mp4,-0.4436,0.1479,-0.09240154415306803,0.1360775361956036
1054_WSI_HAP_XX.mp4,0.0749,0.0749,0.047847492379739,0.2832963423394619
1041_WSI_HAP_XX.mp4,0.0823,0.0823,0.08064104464784232,0.197469493249952
1074_IEO_ANG_HI.mp4,-0.6492,0.742,-0.6040964613746215,0.7193813838244074
1061_IEO_ANG_HI.mp4,-0.6522,0.7453,-0.3804469199731735,0.6533697999839415
1068_MTI_DIS_XX.mp4,0.0817,0.0817,-0.03516611155544462,0.12544170347679592
1073_IWL_NEU_XX.mp4,0.0827,0.0827,0.0005836969729617415,0.08272222517505527
1079_ITS_FEA_XX.mp4,-0.5117,0.5969,-0.458416767110049,0.5978575369585262
1066_IWL_NEU_XX.mp4,0.0879,0.0879,0.05501629318942185,0.08381833381373013
1058_ITS_HAP_XX.mp4,0.5966,0.4474,0.30729281962800065,0.46737330393154275
1065_IEO_ANG_MD.mp4,-0.4951,0.5658,-0.3430280915431496,0.5032810907398256
1070_IEO_ANG_MD.mp4,-0.563,0.6434,-0.1300069184485099,0.44405628260922675
1031_IWL_ANG_XX.mp4,0.074,0.074,-0.005558440609743124,0.11910865506786085
1024_IWL_ANG_XX.mp4,0.0,0.0,0.03363230236326984,0.09953518857200577
1014_TSI_NEU_XX.mp4,0.0799,0.0799,-0.053181872153486735,0.1979731629135015
1001_TSI_NEU_XX.mp4,0.0853,0.0853,-0.014814987031819746,0.12157396226431468
1056_TSI_ANG_XX.mp4,-0.5724,0.6542,-0.4319742579479604,0.5255844315348579
1043_TSI_ANG_XX.mp4,-0.4555,0.5314,-0.13992213811759877,0.4414343715119524
1067_TAI_ANG_XX.mp4,-0.5483,0.3133,-0.18340716014733405,0.36273715260880546
1072_TAI_ANG_XX.mp4,-0.5997,0.6853,-0.4692860066045056,0.6070089778987684
1025_TAI_NEU_XX.mp4,0.0871,0.0871,-0.0561763174595218,0.15877805622856192
1030_TAI_NEU_XX.mp4,0.0757,0.0757,-0.0010739991076403534,0.11198247033012748
1013_IEO_FEA_HI.mp4,-0.5026,0.5864,-0.34896788747001334,0.5456022630769362
1086_TAI_DIS_XX.mp4,0.0776,0.0776,0.022261344410080288,0.14177864121344474
1006_IEO_FEA_HI.mp4,-0.4637,0.1546,-0.169109979607837,0.17547172300769695
1036_TSI_SAD_XX.mp4,-0.4847,0.5654,-0.4190119578831357,0.4908560492225965
1032_IEO_HAP_HI.mp4,0.085,0.085,-0.15562335065188737,0.2521843297400947
1027_IEO_HAP_HI.mp4,-0.4797,0.5596,-0.2130966153077199,0.4003455699972712
1023_TSI_SAD_XX.mp4,0.0751,0.0751,0.017084969701936185,0.11877515576850436
1002_IEO_FEA_MD.mp4,-0.5188,0.2964,-0.17046810283121233,0.22107653460156748
1077_IWL_HAP_XX.mp4,0.076,0.076,0.024803055945051295,0.12145488538633147
1062_IWL_HAP_XX.mp4,0.0862,0.0862,0.03761287510992113,0.10202032569660986
1017_IEO_FEA_MD.mp4,0.0889,0.0889,-0.04240583000653909,0.10502537918998271
1007_TAI_SAD_XX.mp4,-0.54,0.18,-0.11574728658162252,0.13352941125545004
1056_IWL_FEA_XX.mp4,0.0783,0.0783,0.0005281189932263268,0.11650817472280332
1023_IEO_HAP_MD.mp4,0.076,0.076,0.13227399367963327,0.09412142567747232
1036_IEO_HAP_MD.mp4,0.0783,0.0783,-0.08048093834730095,0.217062181596207
1043_IWL_FEA_XX.mp4,0.0831,0.0831,-0.10805804373091475,0.19998422159781473
1049_ITS_NEU_XX.mp4,0.0826,0.0826,0.033370690505332964,0.1344688530196844
1012_TAI_SAD_XX.mp4,0.0,0.0,-0.07160423702385287,0.0946536047474518
1014_IEO_SAD_HI.mp4,0.0759,0.0759,0.026345468086107923,0.07959216623892595
1010_TSI_HAP_XX.mp4,-0.4912,0.5731,-0.1918687191784657,0.48921830887135004
1005_TSI_HAP_XX.mp4,0.6822,0.5117,0.2498182771480137,0.5057457764730139
1001_IEO_SAD_HI.mp4,0.0759,0.0759,0.1085724173377525,0.07091760474407643
1031_TSI_FEA_XX.mp4,0.0798,0.0798,0.0005782113726057669,0.13191285197276348
1084_IEO_DIS_MD.mp4,-0.5313,0.3036,-0.1253841432195275,0.19300474904670062
1024_TSI_FEA_XX.mp4,-0.4977,0.5806,-0.313271617981483,0.4262276173699621
1091_IEO_DIS_MD.mp4,-0.48,0.16,-0.16122406850253365,0.23736333551901212
1005_IEO_SAD_MD.mp4,0.0755,0.0755,-0.030067635943888057,0.09038859546561656
1089_MTI_ANG_XX.mp4,-0.5355,0.306,-0.49069213633312253,0.4981311997422934
1021_TAI_HAP_XX.mp4,0.6316,0.4737,0.026501861460004765,0.227050508745788
1034_TAI_HAP_XX.mp4,0.0771,0.0771,0.029089644818426377,0.12122918462853591
1010_IEO_SAD_MD.mp4,0.0774,0.0774,-0.014326325707446583,0.10827707526230618
1051_IWL_SAD_XX.mp4,0.0843,0.0843,-0.03511039937327883,0.1072043962747151
1080_IEO_DIS_HI.mp4,-0.5561,0.3178,-0.29717637877436937,0.24858816047695448
1015_TAI_FEA_XX.mp4,-0.4189,0.4887,-0.18404592770416867,0.3095389679842462
1044_IWL_SAD_XX.mp4,0.0776,0.0776,-0.011899618699640072,0.09798498584222028
1082_MTI_DIS_XX.mp4,0.0881,0.0881,-0.07760621169875113,0.1826029990113474
1003_MTI_SAD_XX.mp4,0.0849,0.0849,-0.1023226260766165,0.1333747679608147
1016_MTI_SAD_XX.mp4,0.0726,0.0726,-0.06941986025526414,0.11773803405439841
1086_ITS_FEA_XX.mp4,-0.4542,0.5299,-0.026330392613497546,0.27566414346605705
1044_IOM_ANG_XX.mp4,0.0821,0.0821,-0.06416512978869802,0.1932044196475736
1051_IOM_ANG_XX.mp4,-0.5409,0.6182,-0.24107558719738312,0.4358511335858855
1006_IOM_NEU_XX.mp4,0.0917,0.0917,-0.042440052063606556,0.11607386253847567
1013_IOM_NEU_XX.mp4,0.0878,0.0878,-0.04453532709241527,0.1243540492999252
1015_ITS_DIS_XX.mp4,0.0661,0.0661,-0.11953731742877152,0.1350052275449019
1081_ITS_SAD_XX.mp4,0.0728,0.0728,-0.05750460086593818,0.10603927577463747
1004_MTI_FEA_XX.mp4,0.0,0.0,-0.1758271442492488,0.1317427319086444
1011_MTI_FEA_XX.mp4,-0.4127,0.1376,-0.014866422301929208,0.09698454388406984
1025_MTI_HAP_XX.mp4,0.0,0.0,0.022983915891262852,0.10897555844277937
1030_MTI_HAP_XX.mp4,0.0798,0.0798,-0.08448783321395581,0.15404131113900732
1079_TAI_DIS_XX.mp4,0.0,0.0,-0.16470018535619466,0.26243295798586785
1024_IOM_SAD_XX.mp4,0.0779,0.0779,0.037736880924066254,0.08680907132070062
1031_IOM_SAD_XX.mp4,0.0784,0.0784,-0.002779389385833345,0.0902665676538974
1088_IWL_HAP_XX.mp4,0.074,0.074,0.08451589591148141,0.15349632516382655
1048_TSI_DIS_XX.mp4,-0.4956,0.2832,-0.12656721880446836,0.1950989649269266
1002_IOM_HAP_XX.mp4,0.0831,0.0831,-0.02291659021135777,0.22658819184008958
1017_IOM_HAP_XX.mp4,0.0796,0.0796,0.10496329281930261,0.09314249012761013
1023_IOM_FEA_XX.mp4,0.0777,0.0777,0.022171079306157204,0.16542563293429152
1036_IOM_FEA_XX.mp4,-0.5181,0.1727,-0.24530172321060809,0.2163007849212333
1021_MTI_NEU_XX.mp4,0.0851,0.0851,-0.055495846152039494,0.12264309992882144
1034_MTI_NEU_XX.mp4,0.0911,0.0911,0.007332501348027453,0.07081608702197612
1063_MTI_ANG_XX.mp4,-0.5395,0.6166,-0.1565564116362415,0.34739579656017106
1076_MTI_ANG_XX.mp4,0.0,0.0,-0.03491602764106623,0.14566921780466466
1008_IEO_NEU_XX.mp4,0.0805,0.0805,0.08323271431052068,0.11974267109970596
1068_TIE_ANG_XX.mp4,-0.5365,0.6132,-0.2786873690632073,0.4591352830944261
1054_IWW_ANG_XX.mp4,-0.5975,0.6829,-0.40445421410474897,0.5279172299850038
1041_IWW_ANG_XX.mp4,-0.6163,0.7044,-0.6065971820234507,0.6744680544775438
1016_IWW_NEU_XX.mp4,0.0695,0.0695,0.04515337172805042,0.10446194890869923
1003_IWW_NEU_XX.mp4,0.0799,0.0799,-0.11713801767579234,0.15780271736932738
1009_ITH_FEA_XX.mp4,-0.4697,0.5479,-0.4662897513058973,0.5856132331970204
1019_DFA_DIS_XX.mp4,-0.5145,0.294,-0.09968293538166338,0.1576761605203101
1028_ITH_HAP_XX.mp4,0.0789,0.0789,-0.07254871600619826,0.33697166171381115
1019_WSI_DIS_XX.mp4,0.0,0.0,-0.19441909384490255,0.16834066435208267
1008_TIE_SAD_XX.mp4,-0.54,0.18,-0.2749079579385926,0.2533794764544952
1089_TIE_DIS_XX.mp4,-0.581,0.332,-0.44665635768694567,0.2949732898231145
1034_IWW_SAD_XX.mp4,0.075,0.075,0.028870780582326575,0.09449607597474141
1021_IWW_SAD_XX.mp4,0.0825,0.0825,-0.11677771689744361,0.1523512017980248
1012_IWW_HAP_XX.mp4,-0.4953,0.5778,-0.09419658555605574,0.15410122956787736
1007_IWW_HAP_XX.mp4,0.0756,0.0756,-0.07232718660011153,0.11604396665944232
1033_IWW_FEA_XX.mp4,-0.4507,0.5259,-0.178353426288887,0.2126423690203259
1039_ITH_NEU_XX.mp4,0.0807,0.0807,0.013024504779791323,0.10473554962419361
1026_IWW_FEA_XX.mp4,0.0801,0.0801,0.000555625822690986,0.12812536896924226
1048_IEO_DIS_LO.mp4,0.0847,0.0847,0.010917011355136444,0.09797582649942914
1003_DFA_SAD_XX.mp4,0.0,0.0,-0.09083576373219106,0.1189524067487364
1016_DFA_SAD_XX.mp4,-0.477,0.159,-0.013598839094036618,0.1392675165555819
1082_DFA_DIS_XX.mp4,-0.5122,0.5853,-0.22299964424228436,0.3026877028843332
1034_WSI_NEU_XX.mp4,0.0829,0.0829,0.02450546484745379,0.09681334376588359
1021_WSI_NEU_XX.mp4,0.0817,0.0817,-0.04023656220027567,0.11822432240185522
1087_ITH_FEA_XX.mp4,0.0726,0.0726,-0.020201968920282167,0.10377681175164019
1076_WSI_ANG_XX.mp4,-0.6112,0.6985,-0.344732590700476,0.47392505561316123
1063_WSI_ANG_XX.mp4,-0.6248,0.714,-0.5549426648948584,0.6461861611669066
1025_DFA_HAP_XX.mp4,0.6384,0.4788,0.5439857157113261,0.2769433999116466
1014_ITH_DIS_XX.mp4,-0.4393,0.5126,-0.21662884687787085,0.2479182892013356
1001_ITH_DIS_XX.mp4,0.0777,0.0777,-0.01675402015297453,0.132918436619444
1030_DFA_HAP_XX.mp4,0.6851,0.5139,-0.025196035242551484,0.37270065989858037
1004_DFA_FEA_XX.mp4,-0.5899,0.3371,-0.18762318064823544,0.16887091021367304
1032_IEO_ANG_LO.mp4,0.0,0.0,-0.3687579586187023,0.2692866848156874
1027_IEO_ANG_LO.mp4,0.085,0.085,-0.04009445768498825,0.10555714358181457
1011_DFA_FEA_XX.mp4,0.0806,0.0806,0.012291730078870073,0.07863478590514025
1086_IEO_NEU_XX.mp4,0.0843,0.0843,0.013888651905449316,0.09482991354224267
1080_ITH_SAD_XX.mp4,0.0,0.0,-0.07329653327527418,0.15433925016340697
1081_TIE_FEA_XX.mp4,0.079,0.079,-0.09923523640339138,0.11459780280135587
1052_IEO_SAD_LO.mp4,0.0818,0.0818,-0.0630110012786745,0.1029824317419857
1047_IEO_SAD_LO.mp4,0.078,0.078,0.08221332549664584,0.07163455843936235
1030_WSI_HAP_XX.mp4,-0.5411,0.6184,-0.1689489341423642,0.3431804439736665
1025_WSI_HAP_XX.mp4,-0.4765,0.5446,-0.14089335669988143,0.31141144271588367
1011_WSI_FEA_XX.mp4,0.0794,0.0794,-0.06740350795935923,0.1516193971235657
1004_WSI_FEA_XX.mp4,-0.4517,0.1506,-0.19031850373255263,0.21919213955896494
1089_IWW_HAP_XX.mp4,0.0,0.0,0.1933248249062502,0.14420084735386918
1074_IEO_HAP_LO.mp4,0.6036,0.4527,0.4377621357468502,0.3175647105940533
1061_IEO_HAP_LO.mp4,0.0816,0.0816,0.05288378594220587,0.1176196441800009
1063_DFA_ANG_XX.mp4,0.0781,0.0781,-0.07509769324079534,0.2335558697505341
1055_IEO_FEA_LO.mp4,0.0878,0.0878,0.055744075742716004,0.10220560120562287
1040_IEO_FEA_LO.mp4,0.0678,0.0678,-0.007918807399757163,0.08705137625941799
1076_DFA_ANG_XX.mp4,-0.5242,0.5991,-0.13120095330252496,0.3637406979752866
1021_DFA_NEU_XX.mp4,0.0779,0.0779,0.028312136927025666,0.09615478365019287
1086_TIE_SAD_XX.mp4,0.0811,0.0811,-0.031781846790497476,0.14799074956600744
1082_WSI_DIS_XX.mp4,0.0,0.0,-0.14992284635236913,0.23926323489352197
1034_DFA_NEU_XX.mp4,0.0687,0.0687,0.11881687228651035,0.04940521262825917
1016_WSI_SAD_XX.mp4,0.0764,0.0764,-0.15598248517299337,0.16792373273126768
1007_TIE_DIS_XX.mp4,-0.4672,0.1557,-0.2206122648302098,0.12996289968779065
1003_WSI_SAD_XX.mp4,-0.4917,0.1639,-0.1843273356980041,0.21000937586231047
1012_TIE_DIS_XX.mp4,-0.5522,0.3156,-0.10575382112138924,0.162496386014281
1070_TSI_NEU_XX.mp4,0.0865,0.0865,0.061617644799005146,0.1456951849261567
1088_IOM_NEU_XX.mp4,0.0772,0.0772,0.16712297940288648,0.11635458746858188
1065_TSI_NEU_XX.mp4,0.0857,0.0857,0.09822367876105481,0.09980073715978245
1032_TSI_ANG_XX.mp4,-0.5183,0.2962,-0.14057910238268906,0.304195898364911
1027_TSI_ANG_XX.mp4,-0.6401,0.7316,-0.5763442889665149,0.6893493590425974
1003_TAI_ANG_XX.mp4,-0.494,0.5763,-0.3884289865276079,0.6012379908074607
1016_TAI_ANG_XX.mp4,-0.4433,0.5172,-0.486073824730028,0.5173808563392034
1041_TAI_NEU_XX.mp4,0.0799,0.0799,0.04001937086218435,0.08511560408456778
1054_TAI_NEU_XX.mp4,0.0804,0.0804,-0.047717857707885586,0.12946754899660728
1019_MTI_DIS_XX.mp4,0.0774,0.0774,0.01220672123992465,0.11048844164985325
1010_IEO_ANG_HI.mp4,-0.6526,0.7458,-0.41173416753952824,0.6130226534275308
1005_IEO_ANG_HI.mp4,-0.6377,0.7288,-0.5975894226863215,0.634397564103465
1029_ITS_HAP_XX.mp4,0.632,0.474,0.022606705338710554,0.44374225936420864
1017_IWL_NEU_XX.mp4,0.0799,0.0799,0.011783326582383964,0.09269566750092995
1002_IWL_NEU_XX.mp4,0.0817,0.0817,0.037367755722106974,0.12577761646143792
1008_ITS_FEA_XX.mp4,-0.492,0.164,-0.09075019615372339,0.40666549097462207
1055_IWL_ANG_XX.mp4,-0.6093,0.6964,-0.4785218069725668,0.5291861413321395
1040_IWL_ANG_XX.mp4,-0.5829,0.6662,-0.2701531127126513,0.4475106584108576
1001_IEO_ANG_MD.mp4,0.0,0.0,-0.07789978775477965,0.10840804044830189
1014_IEO_ANG_MD.mp4,-0.5767,0.6591,-0.5557748771621027,0.5783567001958261
1055_TSI_FEA_XX.mp4,-0.5233,0.6105,-0.09585334764105634,0.4888356001775625
1040_TSI_FEA_XX.mp4,-0.4608,0.5376,-0.16348683684155196,0.3209744485959105
1070_IEO_SAD_HI.mp4,0.0862,0.0862,0.004721270008871088,0.10169755486295871
1074_TSI_HAP_XX.mp4,-0.5814,0.6645,-0.2178646765778111,0.49423881774037126
1061_TSI_HAP_XX.mp4,0.5888,0.4416,0.07923780533092296,0.23866211720786118
1065_IEO_SAD_HI.mp4,0.0705,0.0705,-0.009851338997005969,0.10945202406078183
1064_TAI_FEA_XX.mp4,-0.6125,0.35,-0.3952228102618115,0.4276920250556284
1035_IWL_SAD_XX.mp4,0.0778,0.0778,-0.06262098206510336,0.11415156667145497
1020_IWL_SAD_XX.mp4,-0.4647,0.1549,-0.21442331626828626,0.14247092293631683
1071_TAI_FEA_XX.mp4,0.0772,0.0772,0.014020354113513224,0.09211350802593973
1061_IEO_SAD_MD.mp4,0.0704,0.0704,0.09018851978253879,0.0833987380997929
1045_TAI_HAP_XX.mp4,0.084,0.084,-0.05875572697881401,0.2126114906081667
1050_TAI_HAP_XX.mp4,0.0911,0.0911,-0.038104492884198246,0.2642080459191902
1074_IEO_SAD_MD.mp4,0.0826,0.0826,-0.06387768231436536,0.12462099656607933
1052_TSI_SAD_XX.mp4,0.0826,0.0826,-0.055394167481573824,0.14408620366091762
1056_IEO_HAP_HI.mp4,0.6565,0.4924,0.2680960339989072,0.4870359681261087
1043_IEO_HAP_HI.mp4,-0.4611,0.5379,-0.18192015645694185,0.3300819469294785
1047_TSI_SAD_XX.mp4,0.0777,0.0777,-0.015808265315796866,0.1572174798578596
1077_IEO_FEA_HI.mp4,0.0821,0.0821,-0.2914835396532648,0.3594850718424064
1062_IEO_FEA_HI.mp4,0.0,0.0,-0.04293266953099979,0.264460964759713
1032_IWL_FEA_XX.mp4,-0.436,0.1453,-0.09312247499579927,0.1549101308315456
1038_ITS_NEU_XX.mp4,0.0749,0.0749,-0.08143195425381547,0.14327025184426037
1063_TAI_SAD_XX.mp4,0.0819,0.0819,-0.045663780926510134,0.11706319307333111
1047_IEO_HAP_MD.mp4,0.0757,0.0757,0.11156422144282616,0.16753407741970705
1052_IEO_HAP_MD.mp4,0.0778,0.0778,0.04052840081669494,0.1250584424980141
1076_TAI_SAD_XX.mp4,0.0754,0.0754,-0.05181859406243962,0.13324262646385543
1027_IWL_FEA_XX.mp4,0.0759,0.0759,-0.025430764699630043,0.09485134929949737
1066_IEO_FEA_MD.mp4,0.0796,0.0796,0.028921745329769714,0.07614274852738902
1013_IWL_HAP_XX.mp4,0.6124,0.4593,0.011744638466729894,0.29425902906364876
1006_IWL_HAP_XX.mp4,0.7345,0.5509,0.1994951232007346,0.30705892583158734
1073_IEO_FEA_MD.mp4,0.079,0.079,0.03842866027162641,0.10364775771048478
1069_TSI_HAP_XX.mp4,-0.5009,0.2862,-0.36376606550080504,0.40399975742681066
1091_IOM_HAP_XX.mp4,0.616,0.462,0.05808044707495763,0.15916092504600887
1078_IEO_SAD_HI.mp4,-0.4908,0.1636,-0.05527872336189965,0.18115266498960364
1084_IOM_HAP_XX.mp4,0.0775,0.0775,0.07468938075393819,0.12289160637052189
1048_TSI_FEA_XX.mp4,0.0743,0.0743,0.009081419638726322,0.10765303119551094
1058_TAI_HAP_XX.mp4,0.0,0.0,-0.1458746677040782,0.21056612994239227
1069_IEO_SAD_MD.mp4,0.0771,0.0771,-0.0025951749829245144,0.11399643348452171
1028_IWL_SAD_XX.mp4,-0.504,0.168,-0.19235838296183502,0.18482067945676958
1079_TAI_FEA_XX.mp4,-0.5067,0.5911,-0.06944196371333519,0.5209777607694265
1067_ITS_ANG_XX.mp4,0.0798,0.0798,-0.09679705071637391,0.23097913502805764
1072_ITS_ANG_XX.mp4,0.0804,0.0804,-0.2643029194493676,0.3096436213489345
1036_IOM_DIS_XX.mp4,0.0741,0.0741,-0.019350465335314704,0.16636784542974511
1023_IOM_DIS_XX.mp4,-0.4894,0.5709,-0.12517014680718072,0.286657137938783
1025_ITS_NEU_XX.mp4,0.0818,0.0818,-0.13647143565798983,0.17618052854411026
1030_ITS_NEU_XX.mp4,0.0821,0.0821,-0.003692711529723897,0.12244983899119483
1078_TSI_NEU_XX.mp4,0.0833,0.0833,-0.014999428871796618,0.2003837538491985
1080_IOM_NEU_XX.mp4,0.0763,0.0763,-0.05617157974210239,0.13684330718712437
1086_ITS_DIS_XX.mp4,0.0777,0.0777,0.03698227167418908,0.13774018463264687
1082_MTI_FEA_XX.mp4,0.0756,0.0756,-0.08545316351058418,0.19278153790040056
1007_ITS_SAD_XX.mp4,0.0,0.0,-0.06602392503869971,0.11847614741033735
1012_ITS_SAD_XX.mp4,-0.485,0.1617,-0.15313854915004405,0.14042974552172266
1049_TAI_NEU_XX.mp4,0.0849,0.0849,0.014522362433667854,0.1336740704176422
1018_IEO_ANG_HI.mp4,-0.6216,0.7104,-0.5421650060227372,0.6541709687481051
1011_MTI_DIS_XX.mp4,0.0819,0.0819,-0.0188632333531121,0.11639567526560768
1004_MTI_DIS_XX.mp4,0.0826,0.0826,-0.05856891656770587,0.13470000511249924
1015_ITS_FEA_XX.mp4,0.0823,0.0823,0.0023206413047683703,0.14403298740012765
1021_ITS_HAP_XX.mp4,0.0831,0.0831,-0.03210394464905517,0.2345006907521799
1034_ITS_HAP_XX.mp4,0.0,0.0,-0.039433755045207235,0.16678284380716557
1090_MTI_SAD_XX.mp4,0.0769,0.0769,0.0595301275820338,0.0829899714474135
1009_IEO_ANG_MD.mp4,-0.6012,0.6871,-0.5210863149740409,0.6268957583839663
1085_MTI_SAD_XX.mp4,-0.4551,0.1517,-0.05196817720094233,0.10211640623066369
1048_IWL_ANG_XX.mp4,-0.5625,0.6429,-0.3769859642413853,0.5421378782834333
1089_TIE_FEA_XX.mp4,-0.4647,0.5421,-0.25090130203735334,0.3729342016177889
1081_IWW_HAP_XX.mp4,0.0741,0.0741,0.024932497169238982,0.1324998003348328
1019_WSI_FEA_XX.mp4,-0.4848,0.1616,-0.14353589106586181,0.1846962286277018
1038_WSI_HAP_XX.mp4,0.6018,0.4513,-0.21792957009304625,0.413058781766367
1048_IEO_FEA_LO.mp4,-0.4797,0.5596,-0.13877193617160863,0.2542144890297773
1069_IEO_HAP_LO.mp4,0.0771,0.0771,0.0759195782515485,0.1385470189701768
1026_IWW_DIS_XX.mp4,-0.5784,0.3305,-0.1582799197591478,0.13105682933494556
1033_IWW_DIS_XX.mp4,0.0,0.0,-0.10620823024996279,0.13426461515458957
1029_DFA_NEU_XX.mp4,0.0791,0.0791,-0.0345724568765733,0.2584584568114246
1085_IWW_NEU_XX.mp4,0.0769,0.0769,-0.02158792136327835,0.15477642292337424
1090_IWW_NEU_XX.mp4,0.0775,0.0775,0.01980073525742343,0.10714853646808842
1029_WSI_NEU_XX.mp4,0.0742,0.0742,-0.07529614762919586,0.2972150475651644
1019_DFA_FEA_XX.mp4,-0.4419,0.5155,0.017080451111122205,0.10882455973388168
1009_ITH_DIS_XX.mp4,0.0752,0.0752,-0.1118707095998394,0.15586565782780967
1038_DFA_HAP_XX.mp4,0.0778,0.0778,0.06782028547357453,0.3672306313743518
1088_ITH_SAD_XX.mp4,0.074,0.074,0.004983830474276451,0.09609217654689174
1004_WSI_DIS_XX.mp4,-0.5373,0.307,-0.3154275594170679,0.22874371719653877
1015_TIE_SAD_XX.mp4,0.079,0.079,-0.07168424495457361,0.12685445179402918
1011_WSI_DIS_XX.mp4,-0.5383,0.3076,-0.10082211659981058,0.15454366101519143
1029_IWW_SAD_XX.mp4,-0.4359,0.5085,-0.063660387426721,0.23289271658514532
1085_WSI_SAD_XX.mp4,0.0764,0.0764,-0.07613153869540062,0.1382138375588213
1081_TIE_DIS_XX.mp4,0.0788,0.0788,-0.04368249456552505,0.12896287907385007
1090_WSI_SAD_XX.mp4,0.0772,0.0772,-0.07782886540347271,0.16010180625806167
1012_TIE_FEA_XX.mp4,-0.465,0.5425,-0.2543156923066612,0.44120597067729406
1007_TIE_FEA_XX.mp4,-0.4827,0.1609,-0.07629903587385702,0.12924620933149933
1033_TIE_HAP_XX.mp4,-0.458,0.5234,-0.293176958294262,0.44045271743525855
1026_TIE_HAP_XX.mp4,0.0,0.0,-0.07841656286797748,0.28574914101085724
1024_ITH_NEU_XX.mp4,0.0,0.0,0.014178196604538812,0.09672846328149219
1031_ITH_NEU_XX.mp4,0.0856,0.0856,0.07559519622167277,0.06088811911790137
1082_WSI_FEA_XX.mp4,0.079,0.079,-0.1575410555989219,0.22120695998572645
1040_IEO_DIS_LO.mp4,0.0757,0.0757,-0.0002539270870432063,0.07676938644396651
1055_IEO_DIS_LO.mp4,0.0727,0.0727,0.029811430789106527,0.10119916548559461
1066_ITH_ANG_XX.mp4,0.0829,0.0829,0.006647571794318721,0.11600933563763012
1073_ITH_ANG_XX.mp4,0.0776,0.0776,-0.05688549618942647,0.21869756104935592
1087_ITH_DIS_XX.mp4,0.0831,0.0831,-0.043293350553685814,0.13283998917873144
1082_DFA_FEA_XX.mp4,-0.5487,0.6271,-0.3965926908411293,0.44825682200261907
1006_ITH_SAD_XX.mp4,-0.4659,0.1553,-0.1204731623469683,0.12088787299566546
1013_ITH_SAD_XX.mp4,-0.4685,0.1562,-0.08478242438252839,0.10258896477407749
1015_IEO_NEU_XX.mp4,0.0807,0.0807,0.08802150816669857,0.09109135517381857
1037_TIE_NEU_XX.mp4,0.0,0.0,-0.03867479014065875,0.10531439811088758
1090_DFA_SAD_XX.mp4,0.0789,0.0789,0.07221323894003327,0.09083562547071604
1085_DFA_SAD_XX.mp4,0.0846,0.0846,0.0157537225991136,0.09310613198749863
1022_TIE_NEU_XX.mp4,0.0876,0.0876,-0.10839553264683141,0.22448330633213814
1075_TIE_ANG_XX.mp4,-0.5507,0.6293,-0.3166749155519988,0.4157478129251497
1060_TIE_ANG_XX.mp4,-0.5267,0.602,-0.27008019241109854,0.45482742713509666
1049_IWW_ANG_XX.mp4,0.0,0.0,-0.46811743593299815,0.5700561896947389
1011_DFA_DIS_XX.mp4,0.0805,0.0805,-0.00018601200450332506,0.07972880893062614
1020_ITH_HAP_XX.mp4,0.0876,0.0876,0.09836593364300791,0.25174953182800663
1035_ITH_HAP_XX.mp4,0.0,0.0,0.0652729823120859,0.19678005709911048
1004_DFA_DIS_XX.mp4,-0.5792,0.331,-0.09277366814554501,0.1490262339249229
1001_ITH_FEA_XX.mp4,-0.4617,0.5386,-0.31784932089852175,0.46023512298727115
1014_ITH_FEA_XX.mp4,-0.4743,0.5534,-0.27106901374439557,0.4033356578919239
1039_IOM_SAD_XX.mp4,0.0818,0.0818,-0.009070731469570489,0.09186354135516679
1071_TAI_DIS_XX.mp4,0.0726,0.0726,-0.07824413353448488,0.11854445325898434
1064_TAI_DIS_XX.mp4,0.0802,0.0802,-0.21299945689722274,0.31719787015094814
1080_IWL_HAP_XX.mp4,0.0807,0.0807,-0.012702094467212962,0.13002293870833154
1040_TSI_DIS_XX.mp4,-0.5581,0.3189,-0.09626132756144826,0.17481038172027089
1055_TSI_DIS_XX.mp4,-0.5631,0.3218,-0.18682441370006067,0.2438446784099608
1073_IEO_DIS_MD.mp4,0.0736,0.0736,-0.0915203799708191,0.20061973519017626
1066_IEO_DIS_MD.mp4,-0.5534,0.3163,-0.18582710718654738,0.3029107582551291
1027_IWL_DIS_XX.mp4,0.0816,0.0816,-0.021948476075529768,0.09638371234751643
1032_IWL_DIS_XX.mp4,-0.5635,0.644,-0.16975098999952123,0.20231009842119813
1029_MTI_NEU_XX.mp4,0.082,0.082,0.04226155222849265,0.11331601557490628
1062_IEO_DIS_HI.mp4,0.0,0.0,0.03700886350021754,0.10157325366282952
1077_IEO_DIS_HI.mp4,0.0803,0.0803,0.023786258100617103,0.09843880281512302
1083_IEO_ANG_HI.mp4,-0.553,0.632,-0.2683303119700492,0.4462466160673932
1087_IEO_ANG_MD.mp4,-0.5367,0.3067,-0.08529619036314182,0.2076108427453325
1084_IWL_NEU_XX.mp4,0.0703,0.0703,0.03959966673513559,0.14656797145184294
1091_IWL_NEU_XX.mp4,0.0791,0.0791,0.018029707706409975,0.0747624107451633
1059_IOM_ANG_XX.mp4,-0.6261,0.7156,-0.5174719716160641,0.7006457701641867
1008_ITS_DIS_XX.mp4,-0.4527,0.1509,-0.20999021841270735,0.23462015780510748
1089_ITS_SAD_XX.mp4,-0.4654,0.5429,-0.22690067350663928,0.23860206422665722
1090_TAI_ANG_XX.mp4,0.0765,0.0765,-0.28431700369088375,0.32396200173664236
1038_MTI_HAP_XX.mp4,0.0757,0.0757,-0.07938441177495455,0.1807953306913344
1085_TAI_ANG_XX.mp4,-0.5473,0.6255,-0.34843316325062496,0.5039168109793323
1019_MTI_FEA_XX.mp4,-0.498,0.166,-0.03239843296553777,0.10176354340542283
1003_ITS_ANG_XX.mp4,-0.5721,0.6538,-0.5341763937679396,0.574056919297182
1016_ITS_ANG_XX.mp4,-0.5743,0.6564,-0.626076375012533,0.6150907500233592
1041_ITS_NEU_XX.mp4,0.0819,0.0819,0.010079928668364286,0.08638580707632333
1054_ITS_NEU_XX.mp4,0.0828,0.0828,-0.029078505738058494,0.13942544000790114
1052_IOM_DIS_XX.mp4,0.0831,0.0831,0.05682909373712584,0.08929809363355533
1047_IOM_DIS_XX.mp4,0.0802,0.0802,0.09698547935828047,0.15084854113464397
1039_TSI_FEA_XX.mp4,-0.464,0.5413,-0.1272867117229114,0.2777374708081423
1009_IEO_SAD_HI.mp4,0.076,0.076,-0.051127680716213944,0.12726447917140393
1018_TSI_HAP_XX.mp4,0.0811,0.0811,-0.04331247861220564,0.33061916548697423
1088_IEO_DIS_HI.mp4,0.0812,0.0812,0.08822577805093815,0.08105415882674871
1059_IWL_SAD_XX.mp4,-0.4452,0.1484,-0.046147932942010285,0.11872464556924855
1008_TAI_FEA_XX.mp4,-0.5231,0.6103,-0.22136544574865866,0.38440422875983943
1018_IEO_SAD_MD.mp4,-0.4572,0.1524,-0.1801042889955658,0.1294486283552946
1081_MTI_ANG_XX.mp4,-0.5397,0.6168,-0.4428005423569568,0.4961920641377949
1029_TAI_HAP_XX.mp4,0.0821,0.0821,-0.19529674018561835,0.42763330392288085
1075_MTI_DIS_XX.mp4,0.0709,0.0709,-0.04668321161608133,0.10262414208783585
1060_MTI_DIS_XX.mp4,0.0864,0.0864,-0.11793047889242121,0.1334507109519591
1069_IEO_ANG_HI.mp4,-0.6172,0.7053,-0.5725403113160505,0.6785747127985742
1045_ITS_HAP_XX.mp4,0.0813,0.0813,0.062241436912049176,0.18061267488853294
1050_ITS_HAP_XX.mp4,0.5985,0.4489,-0.18064662325142403,0.47898744625073053
1064_ITS_FEA_XX.mp4,-0.5223,0.6093,-0.40130253376197683,0.5571631532319913
1071_ITS_FEA_XX.mp4,-0.463,0.5402,-0.15337736277206757,0.23552373121413472
1039_IWL_ANG_XX.mp4,-0.5619,0.6422,-0.47668239905468,0.5656738692859787
1078_IEO_ANG_MD.mp4,-0.5499,0.6284,-0.4734121724154356,0.5873505039408327
1009_TSI_NEU_XX.mp4,0.0828,0.0828,-0.02593123942027832,0.1225526701398954
1063_ITS_SAD_XX.mp4,-0.4853,0.1618,-0.19181800692852216,0.11318077220103222
1038_TAI_NEU_XX.mp4,0.082,0.082,-0.001770742263787052,0.10279511767586681
1076_ITS_SAD_XX.mp4,0.0777,0.0777,-0.04198248186836755,0.13664051466279264
1018_IEO_HAP_LO.mp4,0.0805,0.0805,0.06330037817747895,0.08914593745694582
1039_IEO_FEA_LO.mp4,0.0771,0.0771,0.1278774155392402,0.08028256187905806
1058_DFA_NEU_XX.mp4,0.0,0.0,-0.03122696966409965,0.11467943401070956
1042_IWW_DIS_XX.mp4,-0.411,0.4795,0.025083892585905355,0.11344383802349356
1057_IWW_DIS_XX.mp4,0.0782,0.0782,-0.055105370473709156,0.1830048847777735
1049_WSI_HAP_XX.mp4,0.64,0.48,0.08135485106065582,0.4675156759795966
1068_WSI_FEA_XX.mp4,-0.5351,0.3058,-0.13249428811946729,0.23017480105188862
1078_ITH_DIS_XX.mp4,-0.5616,0.3209,-0.04625445544133849,0.1162714721605147
1049_DFA_HAP_XX.mp4,0.6375,0.4781,0.431221240579815,0.39371817707811474
1068_DFA_FEA_XX.mp4,0.0759,0.0759,0.07453505940740328,0.08468705260543419
1058_WSI_NEU_XX.mp4,0.0744,0.0744,-0.15002162429824034,0.19282383842302087
1057_TIE_HAP_XX.mp4,-0.5398,0.6169,-0.40409758394916767,0.5381790408004496
1042_TIE_HAP_XX.mp4,-0.5166,0.5904,-0.1202485209341527,0.3150505945700912
1076_TIE_FEA_XX.mp4,0.0705,0.0705,0.055834154434272365,0.1364051364528688
1063_TIE_FEA_XX.mp4,0.0801,0.0801,-0.06374903732248621,0.12086414586809292
1040_ITH_NEU_XX.mp4,0.0818,0.0818,-0.00539752693352234,0.09651311369276784
1055_ITH_NEU_XX.mp4,0.0782,0.0782,-0.09494963901941134,0.1497762722654475
1002_ITH_ANG_XX.mp4,-0.4893,0.2796,-0.47134868942019015,0.3796301928274909
1017_ITH_ANG_XX.mp4,-0.4952,0.283,-0.13863939196792371,0.14707078819451933
1024_IEO_DIS_LO.mp4,0.0758,0.0758,-0.06564907380303017,0.13167646770676855
1031_IEO_DIS_LO.mp4,0.0828,0.0828,-0.0021599417507133976,0.09138964235910867
1060_WSI_DIS_XX.mp4,0.0771,0.0771,-0.06741887257870069,0.13114545667505917
1071_TIE_SAD_XX.mp4,0.0769,0.0769,-0.013721988290035425,0.10023745991459175
1075_WSI_DIS_XX.mp4,0.0,0.0,-0.029798175858913766,0.10912604393897234
1064_TIE_SAD_XX.mp4,0.0788,0.0788,-0.044793268019760225,0.10830560615041772
1081_DFA_ANG_XX.mp4,-0.5845,0.668,-0.46212230660069636,0.5021045779816249
1083_IEO_HAP_LO.mp4,0.5868,0.4401,0.09424578482778997,0.22369680357114774
1058_IWW_SAD_XX.mp4,0.0763,0.0763,-0.03118455803674481,0.10183563311897671
1053_TIE_NEU_XX.mp4,0.0797,0.0797,0.007605858212444857,0.12788222151510847
1046_TIE_NEU_XX.mp4,0.0822,0.0822,0.04669295286281394,0.08955031720358893
1011_TIE_ANG_XX.mp4,-0.5393,0.3082,-0.34008911869544234,0.351015216566343
1004_TIE_ANG_XX.mp4,-0.6576,0.7516,-0.6496615918258182,0.6872328563081724
1081_WSI_ANG_XX.mp4,0.0,0.0,-0.04319190870165202,0.10576186256125895
1038_IWW_ANG_XX.mp4,-0.459,0.5355,-0.423942558776445,0.5192342186770644
1065_ITH_FEA_XX.mp4,0.0808,0.0808,0.03693927481889596,0.11126247942781967
1070_ITH_FEA_XX.mp4,0.0766,0.0766,-0.027858153294225647,0.12464889077328228
1044_ITH_HAP_XX.mp4,0.0724,0.0724,0.02937738136876059,0.14679887903543012
1075_DFA_DIS_XX.mp4,0.0,0.0,0.06844790634044198,0.10334270794863634
1060_DFA_DIS_XX.mp4,0.0754,0.0754,-0.01558286273909831,0.12436615885079425
1051_ITH_HAP_XX.mp4,0.0786,0.0786,0.07820608195843944,0.22966685893632738
1062_ITH_SAD_XX.mp4,0.0786,0.0786,-0.0709812026281839,0.09355045043223187
1077_ITH_SAD_XX.mp4,0.0849,0.0849,0.05593006445464365,0.0656069210502188
1071_IEO_NEU_XX.mp4,0.0808,0.0808,0.05238766728935832,0.0968740002930702
1064_IEO_NEU_XX.mp4,0.0863,0.0863,-0.0175131924966722,0.10356786076719755
1083_TSI_HAP_XX.mp4,0.0839,0.0839,-0.07467960945254246,0.12586917992635793
1087_IEO_SAD_HI.mp4,-0.524,0.1747,-0.2589502574175014,0.21414271345563843
1043_IWL_DIS_XX.mp4,0.0789,0.0789,-0.010505491226696534,0.10389966794358821
1056_IWL_DIS_XX.mp4,-0.5114,0.5844,-0.4454300121594609,0.47227958488081734
1017_IEO_DIS_MD.mp4,0.0725,0.0725,0.009229650638393894,0.10588177969561123
1002_IEO_DIS_MD.mp4,-0.4872,0.5684,-0.32384510902605923,0.4176312254273238
1058_MTI_NEU_XX.mp4,0.0804,0.0804,-0.05710227740707445,0.15228801162626823
1083_IEO_SAD_MD.mp4,0.0755,0.0755,-0.04210887044980101,0.09666651922152843
1006_IEO_DIS_HI.mp4,-0.5801,0.3315,-0.4174465966382255,0.34528988702567837
1086_TAI_FEA_XX.mp4,-0.4611,0.5379,-0.10742786262272074,0.25138558792240306
1013_IEO_DIS_HI.mp4,-0.4623,0.1541,-0.07888573230523595,0.12167813220941726
1015_TAI_DIS_XX.mp4,-0.4553,0.5312,-0.2327225471777053,0.19408553950990715
1080_IEO_FEA_HI.mp4,-0.5406,0.6307,-0.4925080718970103,0.6500651885927379
1048_IOM_SAD_XX.mp4,0.0815,0.0815,0.02338978362471627,0.09121732563686358
1091_IEO_FEA_MD.mp4,0.0,0.0,-0.08031643629863769,0.1386472685536086
1024_TSI_DIS_XX.mp4,-0.5162,0.295,-0.3035638460061846,0.2531396542123612
1084_IEO_FEA_MD.mp4,0.0829,0.0829,0.023296592515546666,0.11227536579725704
1031_TSI_DIS_XX.mp4,0.084,0.084,-0.006306549397157704,0.08500390257888778
1081_TAI_SAD_XX.mp4,0.0,0.0,-0.045731641463711566,0.10615692426824612
1028_IOM_ANG_XX.mp4,-0.6012,0.6871,-0.5454767767285953,0.6332953613439556
1087_TSI_NEU_XX.mp4,0.0881,0.0881,0.04395878587488023,0.10000851971592783
1079_ITS_DIS_XX.mp4,0.0,0.0,-0.2723534515065825,0.4938925583291162
1068_MTI_FEA_XX.mp4,-0.4461,0.5204,-0.09325744077663765,0.15041958078195716
1049_MTI_HAP_XX.mp4,0.6472,0.4854,0.4058819345224768,0.4985972943956605
1071_DFA_NEU_XX.mp4,-0.5406,0.3089,0.03730599347342549,0.08924958006662391
1064_DFA_NEU_XX.mp4,0.0845,0.0845,0.08102193752258004,0.08182567515407094
1024_IEO_HAP_LO.mp4,0.0776,0.0776,0.051198848633332836,0.1448059815224005
1031_IEO_HAP_LO.mp4,0.0806,0.0806,0.07696582106169067,0.12416239872526137
1005_IEO_FEA_LO.mp4,0.0837,0.0837,0.004777826786450879,0.09903257106015596
1033_DFA_ANG_XX.mp4,-0.5708,0.6524,-0.4952248445217803,0.5153221556946508
1026_DFA_ANG_XX.mp4,-0.6183,0.7067,-0.42342931381932797,0.6093438340197679
1010_IEO_FEA_LO.mp4,0.0,0.0,-0.1250985723265916,0.17074626488762434
1057_TIE_DIS_XX.mp4,0.0,0.0,-0.09501948905963377,0.136750482942016
1046_WSI_SAD_XX.mp4,0.0776,0.0776,0.023068174646910942,0.09254295673427113
1042_TIE_DIS_XX.mp4,-0.5448,0.3113,-0.013795516493994615,0.08907399978060056
1053_WSI_SAD_XX.mp4,0.0774,0.0774,-0.13382384107253945,0.17250549042305066
1002_IEO_SAD_LO.mp4,-0.4626,0.1542,0.0019330099416207417,0.06588600441547811
1017_IEO_SAD_LO.mp4,0.0833,0.0833,0.05506750718485109,0.08365368451315172
1060_WSI_HAP_XX.mp4,0.0708,0.0708,-0.036557519307546846,0.221406597655072
1075_WSI_HAP_XX.mp4,0.0694,0.0694,0.06827970816711842,0.216920450380365
1041_WSI_FEA_XX.mp4,0.0782,0.0782,-0.07172207939712359,0.14571103740316416
1054_WSI_FEA_XX.mp4,-0.4479,0.5225,-0.241640692250235,0.31259132894944874
1083_IEO_DIS_LO.mp4,0.0824,0.0824,-0.10576633389771946,0.14936909177257543
1044_ITH_DIS_XX.mp4,0.0811,0.0811,-0.009457700337352177,0.142144766360362
1075_DFA_HAP_XX.mp4,0.6067,0.455,0.17890726801940965,0.22744910876076882
1060_DFA_HAP_XX.mp4,0.0825,0.0825,-0.050118977455781,0.28247032518630216
1051_ITH_DIS_XX.mp4,0.0804,0.0804,-0.057543758292491795,0.12526977198514289
1062_IEO_ANG_LO.mp4,0.0751,0.0751,0.05436010521120973,0.11160660387601533
1054_DFA_FEA_XX.mp4,0.0795,0.0795,0.019051421381321473,0.1189325731241062
1041_DFA_FEA_XX.mp4,0.0743,0.0743,0.020680197502304654,0.1049285843897824
1077_IEO_ANG_LO.mp4,0.0786,0.0786,-0.35095492778019205,0.39140150440444726
1053_DFA_SAD_XX.mp4,0.0761,0.0761,0.009984563286723246,0.11710264817030223
1046_DFA_SAD_XX.mp4,0.0789,0.0789,0.037745874044090466,0.07539142739832763
1026_WSI_ANG_XX.mp4,-0.5954,0.6804,-0.644655826471653,0.7556360200938106
1033_WSI_ANG_XX.mp4,-0.5883,0.6724,-0.5090379386248581,0.5836742369418203
1064_WSI_NEU_XX.mp4,0.071,0.071,-0.0968409387422711,0.23310445004936503
1071_WSI_NEU_XX.mp4,0.0,0.0,0.004788779588250209,0.12822511132362904
1006_IEO_HAP_HI.mp4,0.5916,0.4437,0.2539987985699916,0.372298693032399
1002_TSI_SAD_XX.mp4,0.0772,0.0772,-0.08982951315135895,0.20281734310594943
1017_TSI_SAD_XX.mp4,0.0824,0.0824,0.035827356626537,0.12790455104222354
1013_IEO_HAP_HI.mp4,-0.5097,0.5946,-0.3972620851280734,0.6054874688962868
1027_IEO_FEA_HI.mp4,0.6311,0.4733,-0.050250453543803884,0.551155513900447
1032_IEO_FEA_HI.mp4,-0.505,0.5892,-0.4827197828747087,0.5286957744313754
1017_IEO_HAP_MD.mp4,0.0779,0.0779,0.09970940833607522,0.08570606173377605
1033_TAI_SAD_XX.mp4,-0.4417,0.5154,-0.0436495952747359,0.17428247539735434
1068_ITS_NEU_XX.mp4,0.0804,0.0804,0.059943996762571825,0.10920735334872689
1062_IWL_FEA_XX.mp4,0.0,0.0,-0.0752620271065704,0.11848658885594283
1077_IWL_FEA_XX.mp4,0.0776,0.0776,-0.0694704582537989,0.17095403609609774
1026_TAI_SAD_XX.mp4,0.0752,0.0752,-0.0782268512104915,0.1016016204926603
1002_IEO_HAP_MD.mp4,0.0809,0.0809,-0.16433597437493855,0.1648774225550562
1043_IWL_HAP_XX.mp4,0.0831,0.0831,0.038230190470730785,0.21582374165891313
1036_IEO_FEA_MD.mp4,0.0873,0.0873,-0.19789617658161424,0.2596152183020069
1083_TSI_DIS_XX.mp4,-0.5823,0.3327,-0.18919461196959989,0.22314403253187376
1023_IEO_FEA_MD.mp4,0.0846,0.0846,0.025611901916887433,0.08764579635618945
1056_IWL_HAP_XX.mp4,0.0,0.0,-0.3754625214096486,0.38131456276135944
1005_TSI_FEA_XX.mp4,-0.466,0.5437,-0.30021643443065626,0.3554123083464022
1010_TSI_FEA_XX.mp4,-0.4723,0.5511,-0.34807003653682433,0.5204019384125046
1024_TSI_HAP_XX.mp4,0.0756,0.0756,0.002165936839695376,0.25333372572350915
1020_IEO_SAD_HI.mp4,-0.5088,0.1696,-0.07154822343539866,0.12003709629729861
1035_IEO_SAD_HI.mp4,0.0,0.0,-0.02826514270508596,0.13183421749618618
1031_TSI_HAP_XX.mp4,0.6076,0.4557,0.0623031193926613,0.18930637528393449
1065_IWL_SAD_XX.mp4,0.0746,0.0746,-0.04043035853253264,0.11061905661909689
1034_TAI_FEA_XX.mp4,0.0852,0.0852,0.027630872554510605,0.10354535364943807
1021_TAI_FEA_XX.mp4,-0.4527,0.1509,-0.16833368681561905,0.13060048787281983
1070_IWL_SAD_XX.mp4,0.0824,0.0824,-0.038641929615075364,0.10258763291888388
1015_TAI_HAP_XX.mp4,0.632,0.474,0.18373253698343556,0.27567813530390756
1031_IEO_SAD_MD.mp4,0.0816,0.0816,0.04150574090060192,0.08227377287324547
1024_IEO_SAD_MD.mp4,0.0789,0.0789,-0.1979115883000431,0.21844082804978585
1049_MTI_DIS_XX.mp4,0.0,0.0,-0.11647380627791551,0.33745823903606753
1040_IEO_ANG_HI.mp4,-0.6517,0.7448,-0.6044058802846187,0.7299979461697588
1055_IEO_ANG_HI.mp4,-0.6685,0.764,-0.6180200645496147,0.6743317179984814
1005_IWL_ANG_XX.mp4,-0.5593,0.6392,-0.37877604264967263,0.4062971410526918
1010_IWL_ANG_XX.mp4,-0.6207,0.7093,-0.5394515763054334,0.6264265317136108
1051_IEO_ANG_MD.mp4,-0.4917,0.562,-0.3517452450650929,0.34904529440632565
1044_IEO_ANG_MD.mp4,-0.5512,0.63,-0.4041842551479597,0.4571656116807762
1079_ITS_HAP_XX.mp4,0.586,0.4395,0.4633482664682175,0.4096594874914345
1047_IWL_NEU_XX.mp4,0.0854,0.0854,-0.029806438621184404,0.13234993993192903
1058_ITS_FEA_XX.mp4,-0.461,0.5378,-0.30060925975746045,0.505186501321709
1052_IWL_NEU_XX.mp4,0.0854,0.0854,-0.0018374456068852736,0.10306585571148388
1062_TSI_ANG_XX.mp4,-0.4563,0.5324,-0.2368398116478651,0.3948650617741063
1077_TSI_ANG_XX.mp4,-0.4954,0.5779,-0.30316185442041177,0.38217768509989647
1020_TSI_NEU_XX.mp4,0.0839,0.0839,-0.03189608244424548,0.09696679499281602
1035_TSI_NEU_XX.mp4,0.0837,0.0837,-0.027548089525748665,0.09680191250898408
1011_TAI_NEU_XX.mp4,0.0855,0.0855,-0.025801519628267086,0.11023817599501688
1004_TAI_NEU_XX.mp4,0.087,0.087,-0.22640504017146074,0.17542651516976102
1053_TAI_ANG_XX.mp4,-0.6234,0.7124,-0.34968863724012855,0.5728401971724048
1046_TAI_ANG_XX.mp4,0.0,0.0,-0.03738537661888339,0.15832316460066043
1052_IOM_HAP_XX.mp4,0.0,0.0,0.21528607499308836,0.24548628818027407
1047_IOM_HAP_XX.mp4,0.6573,0.493,0.26884901809874207,0.37111048732835
1073_IOM_FEA_XX.mp4,0.0825,0.0825,-0.021690928719709096,0.108057800293627
1066_IOM_FEA_XX.mp4,0.0748,0.0748,0.009641847719273245,0.099346549217951
1033_MTI_ANG_XX.mp4,0.0805,0.0805,-0.38600314719007883,0.4337438240380125
1026_MTI_ANG_XX.mp4,-0.6071,0.3469,-0.2919757623434143,0.41361428024597585
1071_MTI_NEU_XX.mp4,0.0808,0.0808,0.008691680479055634,0.08424538699405426
1064_MTI_NEU_XX.mp4,0.0837,0.0837,-0.027823418385265142,0.10257661656949096
1029_TAI_DIS_XX.mp4,-0.5258,0.6009,-0.29401807248831735,0.35304048449467046
1088_IEO_HAP_HI.mp4,0.0,0.0,0.02153794996185676,0.18840887042630486
1074_IOM_SAD_XX.mp4,0.0824,0.0824,-0.012613093748581394,0.17177836187001325
1061_IOM_SAD_XX.mp4,0.0791,0.0791,0.03165198058320308,0.08779178148956873
1018_TSI_DIS_XX.mp4,-0.5269,0.3011,-0.2985720565909669,0.22612930444526147
1056_IOM_NEU_XX.mp4,0.0873,0.0873,0.13775575984369126,0.03988312361217897
1043_IOM_NEU_XX.mp4,0.0887,0.0887,0.0590021004051515,0.119293467265908
1045_ITS_DIS_XX.mp4,0.076,0.076,-0.07015683785493974,0.13160702938504962
1050_ITS_DIS_XX.mp4,-0.487,0.5682,-0.15609707684212726,0.2659330053919129
1014_IOM_ANG_XX.mp4,-0.5606,0.6407,-0.4298296764035725,0.5038347663098671
1001_IOM_ANG_XX.mp4,0.0791,0.0791,0.056060226026872724,0.17787120139792875
1054_MTI_FEA_XX.mp4,0.0815,0.0815,-0.0401408623059942,0.12094201173640523
1041_MTI_FEA_XX.mp4,0.0,0.0,-0.03618728695933399,0.09855148443682435
1075_MTI_HAP_XX.mp4,0.6116,0.4587,0.01407045267271893,0.18073672535939103
1060_MTI_HAP_XX.mp4,0.0844,0.0844,-0.09182590335693602,0.2634784268425346
1053_MTI_SAD_XX.mp4,-0.4404,0.1468,-0.05774124132303948,0.11369658746960654
1046_MTI_SAD_XX.mp4,0.0771,0.0771,-0.029708484014650864,0.11826152744056269
1018_IEO_DIS_LO.mp4,-0.5806,0.3318,-0.06817640442215155,0.11964748831656892
1042_IWW_HAP_XX.mp4,-0.5343,0.6107,-0.18675609094429355,0.3441779093899537
1057_IWW_HAP_XX.mp4,-0.539,0.616,-0.3284187605094055,0.4695187367674926
1069_ITH_NEU_XX.mp4,0.081,0.081,-0.004463541633490377,0.21245261111811628
1063_IWW_FEA_XX.mp4,-0.4838,0.5644,-0.19614333988895608,0.280510578256628
1076_IWW_FEA_XX.mp4,-0.4697,0.5479,-0.0703785589463905,0.1371303532314391
1058_TIE_SAD_XX.mp4,0.0,0.0,-0.04926779561913745,0.13818934389593654
1049_WSI_DIS_XX.mp4,-0.5031,0.2875,-0.1252559065292179,0.20041317904011077
1064_IWW_SAD_XX.mp4,-0.4593,0.5359,-0.10601336044527473,0.1795141170735297
1071_IWW_SAD_XX.mp4,0.0759,0.0759,-0.004596643612597764,0.09102654946077642
1038_TIE_ANG_XX.mp4,0.0,0.0,-0.307193622747123,0.37732941747129983
1046_IWW_NEU_XX.mp4,0.0803,0.0803,-0.012927684371477816,0.1357904791184476
1059_ITH_FEA_XX.mp4,-0.456,0.532,-0.3680861224627923,0.5855217476610444
1053_IWW_NEU_XX.mp4,0.0788,0.0788,-0.023705564012423297,0.11127870615940635
1078_ITH_HAP_XX.mp4,0.666,0.4995,0.22241665405750774,0.3221857545468414
1049_DFA_DIS_XX.mp4,0.0787,0.0787,0.06699189699949219,0.08396294578349488
1004_IWW_ANG_XX.mp4,-0.587,0.3355,-0.1042403131548919,0.2330425180814996
1011_IWW_ANG_XX.mp4,-0.5187,0.2964,-0.25040638713060664,0.3617352387286907
1058_IEO_NEU_XX.mp4,0.0919,0.0919,0.06756333551223931,0.10269050874920548
1066_IEO_SAD_LO.mp4,0.0795,0.0795,0.007626046666984395,0.08601733082613684
1073_IEO_SAD_LO.mp4,0.0869,0.0869,0.05423458715369056,0.09322001975494605
1081_TIE_HAP_XX.mp4,0.0,0.0,0.0074860560081964015,0.11995490232791432
1025_WSI_FEA_XX.mp4,0.0,0.0,-0.04179459649747554,0.13752297145786738
1030_WSI_FEA_XX.mp4,0.0829,0.0829,-0.31847126874957454,0.4407797933778485
1089_IWW_FEA_XX.mp4,-0.4507,0.5258,-0.12100841983262943,0.20320603641942078
1083_ITH_NEU_XX.mp4,0.0828,0.0828,-0.07065512681449243,0.13740346714899682
1004_WSI_HAP_XX.mp4,-0.5162,0.295,-0.3045101164501354,0.3916052246814221
1011_WSI_HAP_XX.mp4,0.0767,0.0767,-0.06969565816401697,0.23882506137357826
1015_DFA_NEU_XX.mp4,0.0691,0.0691,0.05865743355653952,0.0851190067675649
1057_DFA_ANG_XX.mp4,-0.5658,0.6467,-0.5232451740988489,0.5776376831693191
1061_IEO_FEA_LO.mp4,0.0699,0.0699,0.03302582003439881,0.09306339577740895
1074_IEO_FEA_LO.mp4,0.0813,0.0813,-0.03712989232380066,0.1309347183380483
1042_DFA_ANG_XX.mp4,-0.5695,0.6508,0.03451539741700771,0.17420005443850134
1040_IEO_HAP_LO.mp4,0.6769,0.5077,0.1982618164769988,0.14329455370075914
1055_IEO_HAP_LO.mp4,0.616,0.462,0.4731874498475068,0.5967945095212513
1033_TIE_DIS_XX.mp4,0.0735,0.0735,-0.1033126829393436,0.1515619399814562
1022_WSI_SAD_XX.mp4,-0.4492,0.1498,-0.19292472788676823,0.2044331755272891
1026_TIE_DIS_XX.mp4,-0.5876,0.6715,-0.2635454323498802,0.4181184455025817
1037_WSI_SAD_XX.mp4,0.0777,0.0777,-0.0044688280980627135,0.14208962498100935
1090_TIE_NEU_XX.mp4,0.0724,0.0724,0.046141385669090165,0.06871795905717311
1037_DFA_SAD_XX.mp4,-0.4824,0.1608,-0.08381546163032896,0.12348141168665226
1022_DFA_SAD_XX.mp4,0.0775,0.0775,-0.010701319918583042,0.0884650713258984
1085_TIE_NEU_XX.mp4,0.0841,0.0841,0.05820301403600509,0.12922712521756585
1042_WSI_ANG_XX.mp4,-0.5481,0.6264,-0.1895395642795914,0.24087914926649967
1057_WSI_ANG_XX.mp4,-0.5701,0.6516,-0.5904160308237623,0.6351364697570204
1087_ITH_HAP_XX.mp4,0.0816,0.0816,0.06375170552476178,0.13401171668476106
1015_WSI_NEU_XX.mp4,0.0829,0.0829,0.010662074324978968,0.1110359437190817
1030_DFA_FEA_XX.mp4,0.0754,0.0754,-0.044078628387935324,0.17676264269469924
1006_IEO_ANG_LO.mp4,0.0816,0.0816,-0.03109051193550415,0.11447350886301365
1013_IEO_ANG_LO.mp4,-0.5639,0.6444,-0.41255088641838566,0.5150193483009677
1025_DFA_FEA_XX.mp4,0.0837,0.0837,-0.060048484548569724,0.14817815087145303
1011_DFA_HAP_XX.mp4,0.0811,0.0811,0.07593704889755581,0.09544224904347337
1020_ITH_DIS_XX.mp4,0.0738,0.0738,-0.19334352111402858,0.15911976416672402
1035_ITH_DIS_XX.mp4,-0.5176,0.2958,-0.20967237149396803,0.25303422077906845
1004_DFA_HAP_XX.mp4,0.7072,0.5304,0.008789783439934102,0.32532328473417665
1040_TSI_HAP_XX.mp4,-0.4689,0.547,0.04981666335076017,0.1616621660897975
1044_IEO_SAD_HI.mp4,0.0814,0.0814,0.033627038246161374,0.10824738515531829
1080_IWL_DIS_XX.mp4,-0.4655,0.532,-0.12881422796600153,0.1738825829833222
1051_IEO_SAD_HI.mp4,0.0747,0.0747,-0.051925929347363765,0.11699411655127506
1055_TSI_HAP_XX.mp4,0.59,0.4425,0.032068128111677814,0.39059666574804985
1061_TSI_FEA_XX.mp4,0.0751,0.0751,-0.07506301404723276,0.17340498501626114
1074_TSI_FEA_XX.mp4,0.0,0.0,-0.1258141744386901,0.2913217517979972
1071_TAI_HAP_XX.mp4,0.0885,0.0885,-0.07013288063283016,0.1745712167168215
1055_IEO_SAD_MD.mp4,0.0729,0.0729,-0.016762860592095957,0.11825949020814826
1040_IEO_SAD_MD.mp4,0.075,0.075,-0.011419181276928387,0.12042973374586323
1064_TAI_HAP_XX.mp4,0.0771,0.0771,-0.02604825606126363,0.16931650954588345
1050_TAI_FEA_XX.mp4,-0.4572,0.5334,-0.062175184146644136,0.14435474875110801
1001_IWL_SAD_XX.mp4,0.0769,0.0769,-0.025192477314234202,0.0949577738351878
1014_IWL_SAD_XX.mp4,0.0,0.0,-0.1569877939774188,0.12419787563381915
1045_TAI_FEA_XX.mp4,-0.4623,0.5393,-0.06430950384437575,0.11500891178855378
1043_IEO_FEA_HI.mp4,-0.5004,0.5838,-0.2142257015395558,0.4057004598376958
1056_IEO_FEA_HI.mp4,-0.4778,0.5574,-0.5455970993409257,0.5312495874660093
1062_IEO_HAP_HI.mp4,0.0706,0.0706,-0.026951904855984563,0.1344923786228591
1066_TSI_SAD_XX.mp4,0.0721,0.0721,0.006596895550021327,0.10494994271652772
1073_TSI_SAD_XX.mp4,0.0814,0.0814,-0.014074893282027231,0.1376776327140424
1077_IEO_HAP_HI.mp4,0.077,0.077,0.0041199398681027845,0.1825636014013556
1027_IWL_HAP_XX.mp4,0.0768,0.0768,0.013895406893012505,0.10325571082351771
1052_IEO_FEA_MD.mp4,0.0806,0.0806,-0.05555715261087231,0.1323069181507626
1047_IEO_FEA_MD.mp4,-0.5056,0.5899,-0.2140160810122866,0.501084173853815
1032_IWL_HAP_XX.mp4,0.0,0.0,-0.057745428167996944,0.1933527265952385
1073_IEO_HAP_MD.mp4,0.0786,0.0786,0.1005173075850473,0.09550007997198803
1006_IWL_FEA_XX.mp4,0.0806,0.0806,-0.0352721076224436,0.17561621362391358
1057_TAI_SAD_XX.mp4,0.077,0.077,-0.07967197503593032,0.12157680996940158
1042_TAI_SAD_XX.mp4,0.0728,0.0728,0.16443745036155455,0.15810043748070757
1019_ITS_NEU_XX.mp4,0.0848,0.0848,0.02587304371210731,0.13139985247162927
1013_IWL_FEA_XX.mp4,0.0822,0.0822,-0.04047143317737407,0.11552224167474612
1066_IEO_HAP_MD.mp4,0.0892,0.0892,0.08652130383664909,0.10097763828541384
1006_TSI_ANG_XX.mp4,-0.5791,0.6618,-0.24271357287286124,0.5131713313121636
1013_TSI_ANG_XX.mp4,-0.5936,0.6784,-0.5717206307899159,0.6325354062520406
1044_TSI_NEU_XX.mp4,0.0821,0.0821,0.014422616504218631,0.17282888112806277
1051_TSI_NEU_XX.mp4,0.0824,0.0824,0.09046280849474411,0.10197644397845479
1075_TAI_NEU_XX.mp4,0.0782,0.0782,-0.04071269219739598,0.12390370860615545
1060_TAI_NEU_XX.mp4,0.0823,0.0823,-0.0775228837236333,0.10992674237537055
1037_TAI_ANG_XX.mp4,-0.6226,0.7116,-0.5407460190281994,0.6157038436523309
1022_TAI_ANG_XX.mp4,-0.5869,0.6708,-0.5785460158495067,0.6597032393241576
1024_IEO_ANG_HI.mp4,-0.5931,0.6778,-0.540708901287086,0.6692045984867957
1031_IEO_ANG_HI.mp4,-0.6592,0.7533,-0.5258184135035892,0.6800920252040722
1038_MTI_DIS_XX.mp4,0.0696,0.0696,-0.1923350463075893,0.3130229071811379
1035_IEO_ANG_MD.mp4,-0.5775,0.66,-0.4685498045997754,0.650409912162815
1020_IEO_ANG_MD.mp4,-0.5551,0.6344,-0.2519500061256697,0.23240680260353938
1061_IWL_ANG_XX.mp4,-0.5958,0.6809,-0.5651197223800218,0.4809487265033349
1074_IWL_ANG_XX.mp4,-0.5344,0.6108,-0.5300034782393492,0.6136248811800604
1029_ITS_FEA_XX.mp4,-0.5196,0.6062,-0.587820104809336,0.624495034922959
1023_IWL_NEU_XX.mp4,0.0859,0.0859,0.06212164414688906,0.08955347095373453
1036_IWL_NEU_XX.mp4,0.0732,0.0732,-0.027707216679990963,0.13615918497092372
1008_ITS_HAP_XX.mp4,0.6296,0.4722,0.23728159437103172,0.43426747777974817
1010_IOM_SAD_XX.mp4,0.0839,0.0839,-0.032517451763296415,0.08767166579175012
1005_IOM_SAD_XX.mp4,-0.4747,0.1582,-0.039500243869989855,0.09898748447652567
1058_TAI_DIS_XX.mp4,0.0,0.0,-0.08963236949452975,0.13207640085537642
1088_IWL_FEA_XX.mp4,0.0769,0.0769,-0.011398041107891282,0.10260799325047737
1082_ITS_NEU_XX.mp4,0.0804,0.0804,-0.03800995475726381,0.21305654511527222
1091_IOM_DIS_XX.mp4,0.0797,0.0797,-0.05193784805228734,0.12591225202148462
1069_TSI_DIS_XX.mp4,0.0,0.0,-0.0887288017384744,0.13999634820354645
1084_IOM_DIS_XX.mp4,0.0766,0.0766,0.025619814548370253,0.10190615047202438
1017_IOM_FEA_XX.mp4,0.0826,0.0826,0.059325337550877634,0.07971811780574342
1002_IOM_FEA_XX.mp4,0.0805,0.0805,0.0552268836489993,0.13913084707355475
1036_IOM_HAP_XX.mp4,0.0,0.0,0.03711570436662327,0.12738199425518035
1023_IOM_HAP_XX.mp4,0.6049,0.4537,0.1082567974298627,0.20944180158592854
1057_MTI_ANG_XX.mp4,0.0757,0.0757,-0.04187175787793693,0.180134460483952
1042_MTI_ANG_XX.mp4,0.0802,0.0802,-0.04951274954589751,0.33912065508383615
1015_MTI_NEU_XX.mp4,0.0841,0.0841,0.07399124049857521,0.09581659819780756
1086_ITS_HAP_XX.mp4,0.6356,0.4767,0.12217340743231038,0.4026321136092663
1037_MTI_SAD_XX.mp4,-0.5247,0.1749,-0.11205615946701611,0.15654506848698435
1022_MTI_SAD_XX.mp4,0.0,0.0,-0.03628081876270382,0.12127797131844821
1021_ITS_DIS_XX.mp4,0.0,0.0,-0.18203520844883816,0.19512549314279287
1034_ITS_DIS_XX.mp4,0.0787,0.0787,-0.039838549291458976,0.1195443558182647
1032_IOM_NEU_XX.mp4,0.0797,0.0797,0.048091982296295514,0.10012630769238232
1027_IOM_NEU_XX.mp4,0.0834,0.0834,0.018898594309872455,0.10412647462205504
1070_IOM_ANG_XX.mp4,-0.5849,0.6684,-0.5350113295135146,0.6097993776680656
1088_TSI_ANG_XX.mp4,-0.5897,0.674,-0.48431662656981506,0.5711407973232495
1065_IOM_ANG_XX.mp4,-0.5518,0.6307,-0.3639748911380213,0.5419971116651144
1011_MTI_HAP_XX.mp4,0.0842,0.0842,-0.019197863171257556,0.11128649695710703
1004_MTI_HAP_XX.mp4,0.0823,0.0823,-0.06882571042752565,0.14031743504388514
1030_MTI_FEA_XX.mp4,0.0829,0.0829,-0.05990787856572136,0.33530574257218276
1025_MTI_FEA_XX.mp4,0.0784,0.0784,-0.08704619764123342,0.09709984473905597
1029_TIE_SAD_XX.mp4,-0.5154,0.1718,-0.07441394882152783,0.11983672476354162
1038_WSI_DIS_XX.mp4,-0.5289,0.3022,-0.41026336932680557,0.24379513741007702
1081_IWW_DIS_XX.mp4,-0.5894,0.3368,-0.09679098587185893,0.13133733591195063
1015_IWW_SAD_XX.mp4,-0.463,0.5402,-0.1046246460833439,0.13895817825899565
1069_IEO_DIS_LO.mp4,-0.5183,0.2962,-0.1612850507432034,0.3032418540342196
1007_IWW_FEA_XX.mp4,0.0774,0.0774,0.03859402191354095,0.08090213816564641
1018_ITH_NEU_XX.mp4,0.0733,0.0733,-0.03935174474549846,0.14917993709298707
1012_IWW_FEA_XX.mp4,-0.4407,0.5141,-0.09103849359616087,0.20826947984496733
1026_IWW_HAP_XX.mp4,0.0718,0.0718,-0.18954524732774802,0.3638707022124054
1033_IWW_HAP_XX.mp4,0.0822,0.0822,-0.15124100514321262,0.3380993830137709
1088_IEO_ANG_LO.mp4,-0.4989,0.5702,-0.17240533118172013,0.4141277067008844
1029_IEO_NEU_XX.mp4,0.0847,0.0847,-0.005272985105293097,0.09679385002649403
1049_TIE_ANG_XX.mp4,-0.6004,0.6862,-0.5149920805714558,0.5673413655897084
1009_ITH_HAP_XX.mp4,0.6676,0.5007,0.14198371119852599,0.34700609257868853
1038_DFA_DIS_XX.mp4,-0.5382,0.3076,-0.18376418983120282,0.24811854358158342
1028_ITH_FEA_XX.mp4,-0.4869,0.568,-0.3262849846183742,0.23262525066572648
1022_IWW_NEU_XX.mp4,0.0815,0.0815,0.05970708994479232,0.10572967768656674
1037_IWW_NEU_XX.mp4,0.0841,0.0841,-0.021331702647497328,0.11961194813897164
1060_IWW_ANG_XX.mp4,0.0,0.0,-0.18927619894051909,0.3339058088413809
1075_IWW_ANG_XX.mp4,-0.4958,0.5667,-0.10277285964350147,0.3272233198578203
1080_IEO_ANG_LO.mp4,0.0,0.0,-0.01976960590187786,0.16993810587226757
1082_DFA_HAP_XX.mp4,0.0829,0.0829,0.0822927156003126,0.23476753039146186
1021_IEO_NEU_XX.mp4,0.0752,0.0752,0.024758615778380583,0.10215428854610843
1034_IEO_NEU_XX.mp4,0.0903,0.0903,0.054411127930629494,0.08349416688041753
1032_ITH_SAD_XX.mp4,0.0767,0.0767,-0.06358805147181697,0.11621342335671458
1027_ITH_SAD_XX.mp4,-0.4683,0.1561,-0.08430233226823475,0.09203867627921676
1041_TIE_ANG_XX.mp4,-0.5533,0.6324,-0.4737879882614021,0.5476122537312011
1054_TIE_ANG_XX.mp4,-0.5499,0.3142,-0.17024364597063898,0.4749414021357034
1003_TIE_NEU_XX.mp4,0.0817,0.0817,0.0018049766567672808,0.1414894143281956
1016_TIE_NEU_XX.mp4,0.0843,0.0843,-0.051776351440505214,0.12483725097891174
1035_ITH_FEA_XX.mp4,0.0775,0.0775,-0.04119687481509235,0.14164224899749994
1020_ITH_FEA_XX.mp4,0.0784,0.0784,-0.115722837570837,0.17362961226111487
1025_DFA_DIS_XX.mp4,0.0767,0.0767,-0.03828057463507416,0.13347411178737656
1014_ITH_HAP_XX.mp4,0.0771,0.0771,-0.008462102793636338,0.2159621461064929
1086_WSI_NEU_XX.mp4,0.0856,0.0856,0.017337264298937366,0.22004218038772927
1001_ITH_HAP_XX.mp4,0.0,0.0,0.08440291399986669,0.2080000111883312
1030_DFA_DIS_XX.mp4,0.0779,0.0779,0.06696769127384734,0.11103510161965469
1068_IWW_ANG_XX.mp4,-0.5716,0.6532,-0.20445881229519106,0.4468336414379259
1089_IWW_DIS_XX.mp4,-0.4312,0.5031,-0.14891330859496268,0.19231554447648852
1086_DFA_NEU_XX.mp4,0.0787,0.0787,0.03739508226787559,0.16110777543156465
1021_TIE_SAD_XX.mp4,0.0,0.0,-0.07492283038401548,0.10859735111764837
1030_WSI_DIS_XX.mp4,-0.5021,0.5738,-0.32466840717837353,0.42436484894698506
1034_TIE_SAD_XX.mp4,0.0726,0.0726,0.0007902349057117938,0.09967223086437847
1025_WSI_DIS_XX.mp4,-0.4311,0.1437,-0.08709912380821497,0.13658351776355412
1008_IWW_SAD_XX.mp4,0.0,0.0,-0.08568667155302269,0.265154496327757
1007_TIE_HAP_XX.mp4,0.077,0.077,0.06490887356963428,0.12806056350343287
1012_TIE_HAP_XX.mp4,0.0828,0.0828,-0.2140221253397366,0.28160737199099156
1026_TIE_FEA_XX.mp4,-0.5901,0.6744,-0.37965653961676304,0.6092610451557392
1033_TIE_FEA_XX.mp4,-0.4556,0.1519,-0.10565281224581534,0.13664602683074867
1052_ITH_ANG_XX.mp4,-0.6036,0.6898,-0.5292046627312242,0.5990288914852739
1047_ITH_ANG_XX.mp4,-0.559,0.6389,-0.39936635971252055,0.4677256506915592
1074_IEO_DIS_LO.mp4,-0.5343,0.3053,-0.029632329218064316,0.276150846235401
1061_IEO_DIS_LO.mp4,-0.5122,0.2927,-0.2711043344001403,0.17031351019168955
1010_ITH_NEU_XX.mp4,0.0784,0.0784,-0.13004808802096127,0.20139384815233496
1005_ITH_NEU_XX.mp4,0.0812,0.0812,-0.07108393780951244,0.15172905725505553
1082_WSI_HAP_XX.mp4,0.6515,0.4886,0.008988847308040327,0.3139012733515678
1029_ITS_DIS_XX.mp4,-0.5768,0.6592,-0.4119163389815243,0.5066118467106665
1078_IOM_ANG_XX.mp4,-0.6067,0.6933,-0.48998389652219165,0.49883789895372704
1080_TSI_ANG_XX.mp4,-0.5798,0.6627,-0.49200477145611154,0.563952962254849
1038_MTI_FEA_XX.mp4,0.0,0.0,-0.14668276470080555,0.3672647560053148
1019_MTI_HAP_XX.mp4,0.082,0.082,-0.044877746426822275,0.18266439015391125
1045_TAI_DIS_XX.mp4,0.0806,0.0806,-0.05491189858028877,0.12614991225752506
1050_TAI_DIS_XX.mp4,0.0726,0.0726,-0.06940353842898635,0.1992126913726931
1018_IOM_SAD_XX.mp4,-0.5212,0.1738,-0.06220763963688384,0.09134768173259487
1074_TSI_DIS_XX.mp4,0.0,0.0,-0.2524053783671572,0.4454116656958301
1061_TSI_DIS_XX.mp4,-0.5876,0.3358,-0.26999029914793576,0.20967164129063576
1080_IWL_FEA_XX.mp4,0.0795,0.0795,-0.04591347027408489,0.12199211299973087
1013_IWL_DIS_XX.mp4,-0.5265,0.3009,-0.058796437834070195,0.1518230513716048
1006_IWL_DIS_XX.mp4,-0.5573,0.3184,-0.09454494710652345,0.14519401166568383
1047_IEO_DIS_MD.mp4,-0.5565,0.636,-0.2260133302180712,0.2649862100554142
1052_IEO_DIS_MD.mp4,0.0835,0.0835,-0.0315212928916794,0.09261606782350375
1056_IEO_DIS_HI.mp4,0.0786,0.0786,-0.11583060919541992,0.167458949890352
1043_IEO_DIS_HI.mp4,-0.5037,0.2878,-0.019868340744651557,0.29698046633269454
1087_IWL_SAD_XX.mp4,0.077,0.077,0.08929304345461982,0.09203044939646336
1008_MTI_NEU_XX.mp4,0.0833,0.0833,-0.06373918072385024,0.15431308246780648
1059_TSI_NEU_XX.mp4,0.0874,0.0874,-0.18133322699118162,0.2314356404486511
1068_TAI_NEU_XX.mp4,0.0873,0.0873,-0.06740314522341409,0.08773993979713393
1033_ITS_SAD_XX.mp4,0.0762,0.0762,-0.10482894861426517,0.14376226675518236
1026_ITS_SAD_XX.mp4,0.0,0.0,-0.00744896218656758,0.07777187751613202
1082_MTI_HAP_XX.mp4,0.0834,0.0834,0.006540894844347772,0.2116292942108548
1025_MTI_DIS_XX.mp4,0.0799,0.0799,-0.04188990300975637,0.09656161570147816
1030_MTI_DIS_XX.mp4,0.0806,0.0806,-0.0362587248682851,0.11214812991272675
1039_IEO_ANG_HI.mp4,-0.5993,0.6849,-0.5279099887119034,0.6667884172743499
1069_IWL_ANG_XX.mp4,-0.5367,0.3067,-0.05399475588513169,0.23569161029661329
1028_IEO_ANG_MD.mp4,-0.5285,0.604,-0.19020927815266017,0.25746825277296237
1015_ITS_HAP_XX.mp4,0.0,0.0,-0.024655783898471777,0.1776615125063419
1034_ITS_FEA_XX.mp4,0.0784,0.0784,-0.015783042556547545,0.09820126164510172
1021_ITS_FEA_XX.mp4,0.0,0.0,-0.1576126257379667,0.16412877524712888
1084_IOM_FEA_XX.mp4,0.0817,0.0817,0.029681129277225396,0.10012052316075304
1091_IOM_FEA_XX.mp4,0.0773,0.0773,-0.013013664754007856,0.08679052157248011
1069_TSI_FEA_XX.mp4,-0.4893,0.5709,-0.47879016071638647,0.5453633947669934
1059_IEO_SAD_HI.mp4,-0.5051,0.1684,-0.10016991095876786,0.1562459126922951
1048_TSI_HAP_XX.mp4,0.0814,0.0814,0.011262960588104484,0.16597096271660325
1088_IWL_DIS_XX.mp4,-0.4707,0.1569,0.006992307971298635,0.08996794676594722
1086_MTI_NEU_XX.mp4,0.0844,0.0844,0.10455157444688348,0.0871488822957272
1058_TAI_FEA_XX.mp4,-0.4815,0.5617,-0.2835144469674605,0.5353195066986196
1009_IWL_SAD_XX.mp4,0.0703,0.0703,-0.015746568706147736,0.08967520515194205
1048_IEO_SAD_MD.mp4,0.0776,0.0776,0.03158680827333928,0.08925169059458217
1079_TAI_HAP_XX.mp4,0.648,0.486,0.17163929097022176,0.4294256209242275
1083_IOM_SAD_XX.mp4,-0.493,0.1643,-0.07583372863147227,0.10783145183267774
1011_ITS_NEU_XX.mp4,0.0817,0.0817,9.433160371835068e-05,0.11093770353231965
1004_ITS_NEU_XX.mp4,0.0771,0.0771,-0.05070178973624837,0.1400195817917303
1002_IOM_DIS_XX.mp4,-0.4793,0.5591,-0.181339878848511,0.23853864675658024
1017_IOM_DIS_XX.mp4,-0.5281,0.6036,-0.13201338248075453,0.13550862802841504
1053_ITS_ANG_XX.mp4,-0.5022,0.287,-0.2755142998517515,0.41902870148261956
1046_ITS_ANG_XX.mp4,0.0784,0.0784,-0.21712646536820782,0.2941606897031457
1019_DFA_HAP_XX.mp4,0.0755,0.0755,0.07079212507997173,0.0988033720824329
1028_ITH_DIS_XX.mp4,0.0811,0.0811,-0.11478393496058394,0.11347317754649797
1038_DFA_FEA_XX.mp4,-0.4383,0.5114,-0.30142472973563916,0.4674308531222729
1089_TIE_HAP_XX.mp4,0.6316,0.4737,0.17590365204287844,0.4944649131405587
1019_WSI_HAP_XX.mp4,0.0786,0.0786,-0.07322929204837193,0.21505809868869452
1081_IWW_FEA_XX.mp4,0.0805,0.0805,-0.04886107565629951,0.11554131389071494
1038_WSI_FEA_XX.mp4,-0.5149,0.5885,-0.22231320578591846,0.4164028352985099
1008_DFA_NEU_XX.mp4,0.0787,0.0787,-0.04967831411401529,0.1774706974763877
1012_IWW_DIS_XX.mp4,-0.5499,0.3143,-0.0908869073256862,0.14010892834963898
1007_IWW_DIS_XX.mp4,0.0,0.0,-0.0321193225632638,0.09184845793731436
1048_IEO_HAP_LO.mp4,0.0849,0.0849,0.044672331757719085,0.10547091550270088
1069_IEO_FEA_LO.mp4,0.0792,0.0792,0.05011017842558319,0.09963192019194658
1086_IWW_SAD_XX.mp4,-0.4543,0.5301,-0.059943426349462335,0.13268066051579694
1025_TIE_ANG_XX.mp4,-0.5708,0.6524,-0.31968874606409686,0.3682489035101563
1030_TIE_ANG_XX.mp4,-0.5495,0.628,-0.42139048446155725,0.4643291288319735
1067_TIE_NEU_XX.mp4,0.0764,0.0764,-0.025229102279831862,0.08413910822029207
1072_TIE_NEU_XX.mp4,0.0759,0.0759,-0.03746461619375955,0.13101155873404802
1070_ITH_HAP_XX.mp4,0.0797,0.0797,0.015395615941942838,0.2526015803428735
1041_DFA_DIS_XX.mp4,0.0736,0.0736,-0.021736722104674904,0.11858242901669216
1054_DFA_DIS_XX.mp4,0.0754,0.0754,-0.07301799147024131,0.2052513761273404
1065_ITH_HAP_XX.mp4,-0.4605,0.5373,-0.11115588639522651,0.34907232646426317
1051_ITH_FEA_XX.mp4,0.081,0.081,-0.06937907384482084,0.18914179264455958
1044_ITH_FEA_XX.mp4,0.0,0.0,-0.06472776067168269,0.1299110879031782
1019_IWW_ANG_XX.mp4,-0.5406,0.6178,-0.21137313123128662,0.39309800181220345
1045_IEO_NEU_XX.mp4,0.0879,0.0879,0.03854627174766065,0.08918019387339846
1050_IEO_NEU_XX.mp4,0.0816,0.0816,0.10083171736661262,0.0981996858868329
1056_ITH_SAD_XX.mp4,0.0843,0.0843,0.14190300392019886,0.04736455902073977
1043_ITH_SAD_XX.mp4,0.0,0.0,0.016147941770002085,0.1137343422924636
1042_TIE_FEA_XX.mp4,0.0841,0.0841,-0.03674234249188915,0.16946171907235877
1057_TIE_FEA_XX.mp4,0.0795,0.0795,-0.11921928453168384,0.24378389008370172
1063_TIE_HAP_XX.mp4,0.0741,0.0741,0.03965930505786227,0.08693007388161544
1076_TIE_HAP_XX.mp4,0.0,0.0,-0.09915590801465773,0.18405030151758014
1091_IEO_SAD_LO.mp4,0.0822,0.0822,0.008931242800288439,0.09762419778375502
1084_IEO_SAD_LO.mp4,0.0772,0.0772,0.05262421470806939,0.08573156997038571
1010_IEO_DIS_LO.mp4,0.082,0.082,-0.06148110551168278,0.10604797308688096
1005_IEO_DIS_LO.mp4,0.0838,0.0838,-0.04153472320245454,0.11268080751085133
1036_ITH_ANG_XX.mp4,-0.5971,0.3412,-0.5183719127235458,0.475209292163201
1023_ITH_ANG_XX.mp4,-0.4963,0.5672,-0.48140059586952255,0.5948975865003303
1074_ITH_NEU_XX.mp4,0.0831,0.0831,-0.04798847865398448,0.1427568293627838
1061_ITH_NEU_XX.mp4,0.0881,0.0881,-0.06418663114233158,0.135913420670222
1083_IEO_FEA_LO.mp4,0.0871,0.0871,-0.016226529646471238,0.10657219989297564
1045_TIE_SAD_XX.mp4,0.0834,0.0834,-0.044050070469353095,0.09368921468328503
1054_WSI_DIS_XX.mp4,-0.5345,0.3054,-0.2461068511387633,0.28194200097252753
1050_TIE_SAD_XX.mp4,0.0771,0.0771,0.024413796027756306,0.07936386336580466
1041_WSI_DIS_XX.mp4,-0.4872,0.5568,-0.199912564542774,0.23701193060360437
1079_IWW_SAD_XX.mp4,-0.4098,0.4781,-0.0782663514840013,0.15770847447920058
1058_ITS_DIS_XX.mp4,0.071,0.071,-0.08163385718699818,0.16786577532446914
1009_IOM_ANG_XX.mp4,-0.5365,0.6131,-0.5862963712614435,0.6851703361642355
1068_MTI_HAP_XX.mp4,0.0789,0.0789,-0.009314677626245764,0.09709099992093966
1049_MTI_FEA_XX.mp4,-0.4183,0.1394,-0.15706465723823887,0.20962347870926545
1082_TAI_NEU_XX.mp4,0.0876,0.0876,-0.039111092455943866,0.1397788186238396
1083_IWL_ANG_XX.mp4,-0.5565,0.636,-0.2542252528557587,0.3763120362989263
1023_IEO_DIS_MD.mp4,0.0,0.0,-0.1278711967631363,0.16913548892373237
1083_TSI_FEA_XX.mp4,0.0745,0.0745,-0.06176300149170687,0.14726969122897632
1036_IEO_DIS_MD.mp4,-0.5568,0.3182,-0.29374553486014693,0.3000009610569336
1077_IWL_DIS_XX.mp4,0.0,0.0,0.031162862295006647,0.1068839735655819
1062_IWL_DIS_XX.mp4,0.0752,0.0752,0.01876747078703495,0.10856908412310746
1032_IEO_DIS_HI.mp4,-0.5409,0.3091,-0.4070795763608417,0.27245040297949497
1027_IEO_DIS_HI.mp4,-0.5234,0.2991,-0.32913929208121623,0.37281144676783445
1086_TAI_HAP_XX.mp4,0.6264,0.4698,0.2293030063468815,0.31572766264665364
1079_MTI_NEU_XX.mp4,0.0822,0.0822,-0.03629252843935447,0.1383657055420163
1091_TSI_SAD_XX.mp4,0.075,0.075,-0.10459925295496818,0.11806904667091733
1069_IOM_SAD_XX.mp4,0.0754,0.0754,0.001329085350257571,0.09379983487192484
1080_IEO_HAP_HI.mp4,0.6587,0.494,-0.016318045094802204,0.4941218009987784
1084_TSI_SAD_XX.mp4,0.0751,0.0751,-0.05674783613684654,0.13893120639701234
1021_TAI_DIS_XX.mp4,0.0868,0.0868,-0.10156098082691048,0.13271047324421278
1034_TAI_DIS_XX.mp4,-0.5526,0.3158,-0.1422059248624501,0.16205297114874892
1084_IEO_HAP_MD.mp4,0.0799,0.0799,0.0931954020961758,0.1354140037943871
1091_IEO_HAP_MD.mp4,0.0,0.0,-0.10478685896156789,0.15042357707667287
1010_TSI_DIS_XX.mp4,0.0801,0.0801,-0.09666837358821571,0.1830445241477965
1005_TSI_DIS_XX.mp4,-0.5384,0.3076,-0.3679150512124199,0.2629097218743094
1048_IEO_ANG_HI.mp4,-0.6198,0.7084,-0.6329832710933893,0.6434876313637181
1041_MTI_DIS_XX.mp4,0.0786,0.0786,-0.025666182345773492,0.10412312453046034
1054_MTI_DIS_XX.mp4,0.0,0.0,-0.0705770735076456,0.11842598936793004
1059_IEO_ANG_MD.mp4,-0.5993,0.6849,-0.4485412766958028,0.6748813303976163
1018_IWL_ANG_XX.mp4,0.0,0.0,-0.22171169549282901,0.22539355818559453
1050_ITS_FEA_XX.mp4,0.0781,0.0781,-0.1704119457435592,0.19642880007758304
1045_ITS_FEA_XX.mp4,0.0778,0.0778,-0.026334029815189303,0.11872707234708259
1071_ITS_HAP_XX.mp4,0.0,0.0,-0.06824108846852002,0.1465255860365281
1064_ITS_HAP_XX.mp4,0.6108,0.4581,-0.023022662261098944,0.42415107503807065
1087_IOM_ANG_XX.mp4,0.076,0.076,0.0010698251359002927,0.10607946102298908
1028_TSI_NEU_XX.mp4,0.0816,0.0816,-0.06358606903039667,0.18893229667811037
1057_ITS_SAD_XX.mp4,0.0822,0.0822,-0.028749774290164624,0.10662170874087559
1019_TAI_NEU_XX.mp4,0.0827,0.0827,-0.003484166138597505,0.11353323304050554
1042_ITS_SAD_XX.mp4,-0.5232,0.299,-0.020800030273607446,0.11417168556015901
1066_IOM_DIS_XX.mp4,0.0758,0.0758,-0.023154313162828614,0.08265342393564448
1073_IOM_DIS_XX.mp4,-0.5444,0.3111,-0.0734699287384821,0.10456740809252017
1075_ITS_NEU_XX.mp4,0.0829,0.0829,-0.017231832685108424,0.12709680699659723
1060_ITS_NEU_XX.mp4,0.0816,0.0816,-0.025434387811690672,0.10532669591506166
1037_ITS_ANG_XX.mp4,0.0768,0.0768,-0.3503170709507307,0.4080944208813128
1022_ITS_ANG_XX.mp4,0.0,0.0,-0.15964307370062328,0.16731595335378158
1039_TSI_HAP_XX.mp4,0.6337,0.4753,0.016736515782134424,0.4931259196533393
1028_IEO_SAD_HI.mp4,0.0,0.0,0.012397443816321588,0.09025385534174217
1018_TSI_FEA_XX.mp4,-0.5149,0.6007,-0.2607383547825273,0.4507202761335017
1008_TAI_HAP_XX.mp4,0.0846,0.0846,-0.11210287590245213,0.2820653402695628
1039_IEO_SAD_MD.mp4,0.0818,0.0818,0.06032822882154176,0.11014129878071506
1029_TAI_FEA_XX.mp4,-0.481,0.5612,-0.3035661335677938,0.431447301118652
1078_IWL_SAD_XX.mp4,-0.4731,0.1577,-0.08780596026131816,0.12208278158668974
1049_DFA_FEA_XX.mp4,-0.4992,0.1664,0.003383448506792453,0.3130310400182886
1068_DFA_HAP_XX.mp4,0.08,0.08,-0.11402705009790223,0.25833445059094123
1059_ITH_DIS_XX.mp4,-0.5264,0.3008,-0.1751329203756319,0.17136654849037777
1082_IWW_ANG_XX.mp4,0.0,0.0,-0.086961376666145,0.1860855509306616
1079_WSI_NEU_XX.mp4,0.0772,0.0772,-0.2164850104301289,0.18519946635697876
1076_IWW_DIS_XX.mp4,-0.4097,0.4779,-0.1664544743853379,0.21969252972255732
1063_IWW_DIS_XX.mp4,-0.4663,0.5441,-0.11518246574041074,0.17735269068954948
1079_DFA_NEU_XX.mp4,0.0756,0.0756,0.02429836376832685,0.09121912488767364
1018_IEO_FEA_LO.mp4,0.0773,0.0773,0.0009250813870484124,0.11171759483772609
1039_IEO_HAP_LO.mp4,0.082,0.082,0.07790072354094921,0.1027781817077237
1049_WSI_FEA_XX.mp4,-0.4427,0.1476,-0.1641646905997148,0.2113315365243623
1068_WSI_HAP_XX.mp4,0.0753,0.0753,-0.001793399196971757,0.2248240569867784
1059_ITH_SAD_XX.mp4,-0.4617,0.1539,0.03472438562058606,0.15254187129741295
1054_IWW_NEU_XX.mp4,0.0806,0.0806,0.03520821537629257,0.10542349588585093
1041_IWW_NEU_XX.mp4,-0.4196,0.4895,-0.02362083615641542,0.22227839471083294
1016_IWW_ANG_XX.mp4,-0.6004,0.6862,-0.46049802226147385,0.5019799673505269
1003_IWW_ANG_XX.mp4,-0.5919,0.6764,-0.4695550557600039,0.5700430667165137
1068_TIE_NEU_XX.mp4,0.0843,0.0843,0.0380731423483996,0.07560127155734123
1076_IWW_SAD_XX.mp4,-0.4137,0.4826,-0.07663718515552982,0.1767994475128565
1063_IWW_SAD_XX.mp4,0.0816,0.0816,0.010722987015788023,0.09355294136650723
1039_ITH_ANG_XX.mp4,-0.6566,0.7504,-0.5513383944189797,0.6683022277050118
1071_IWW_FEA_XX.mp4,0.0741,0.0741,-0.07085654841137717,0.11987985309191017
1064_IWW_FEA_XX.mp4,-0.5028,0.5866,-0.09364581021072835,0.25976079178588296
1050_IWW_HAP_XX.mp4,-0.4983,0.2848,-0.09460644132008598,0.1348485899764484
1045_IWW_HAP_XX.mp4,0.5255,0.3941,0.0026829109160348467,0.14129541250877303
1058_TIE_FEA_XX.mp4,-0.4806,0.5607,-0.28053945840599004,0.44250173904554735
1079_TIE_HAP_XX.mp4,0.6333,0.475,0.2520182383757179,0.5422386791705243
1041_MTI_SAD_XX.mp4,0.081,0.081,-0.011043611282556716,0.09760375083083336
1054_MTI_SAD_XX.mp4,-0.513,0.171,-0.10545970506006574,0.11673666928883085
1067_MTI_HAP_XX.mp4,0.0799,0.0799,0.001672580113607999,0.11042438569677229
1072_MTI_HAP_XX.mp4,0.6468,0.4851,0.3282022157898424,0.3563205774049175
1046_MTI_FEA_XX.mp4,0.0869,0.0869,0.005029132146729201,0.15963381265463894
1053_MTI_FEA_XX.mp4,-0.4986,0.5817,-0.4683334337944122,0.44868507613480857
1057_ITS_DIS_XX.mp4,0.0755,0.0755,-0.03660441818525818,0.20982383679642044
1042_ITS_DIS_XX.mp4,0.0,0.0,0.012198822366872109,0.14921720982997527
1044_IOM_NEU_XX.mp4,0.08,0.08,-0.014844793756700586,0.10479848424456799
1051_IOM_NEU_XX.mp4,0.0772,0.0772,0.084792103395927,0.07800305799735406
1006_IOM_ANG_XX.mp4,-0.5981,0.6836,-0.4496327815699153,0.6352626644919384
1013_IOM_ANG_XX.mp4,-0.6246,0.7138,-0.5583357990652518,0.6776449596870784
1066_IOM_SAD_XX.mp4,0.0,0.0,0.1270740576996925,0.061522836245079746
1073_IOM_SAD_XX.mp4,0.0799,0.0799,-0.0013738399011742934,0.10656215784218033
1028_IEO_DIS_HI.mp4,-0.4635,0.5407,-0.07476979100981862,0.24510396412142435
1089_TAI_HAP_XX.mp4,0.6276,0.4707,0.28428786086136454,0.45148436270680925
1021_MTI_ANG_XX.mp4,-0.5207,0.2976,-0.1339058394099578,0.16094784593102987
1034_MTI_ANG_XX.mp4,0.0876,0.0876,-0.01879489240514194,0.1566859031008011
1063_MTI_NEU_XX.mp4,0.0845,0.0845,6.425893936730068e-05,0.0994551489194915
1076_MTI_NEU_XX.mp4,0.0758,0.0758,-0.01936517326907276,0.10797167655102931
1061_IOM_FEA_XX.mp4,0.0716,0.0716,0.0347644052204152,0.1174908880574008
1039_IEO_DIS_MD.mp4,0.0875,0.0875,-0.11360329056180893,0.1515098312491465
1074_IOM_FEA_XX.mp4,0.0829,0.0829,-0.03901304775433929,0.12643646222328872
1078_IWL_DIS_XX.mp4,0.081,0.081,0.003186714769248417,0.10907693554524546
1040_IOM_HAP_XX.mp4,0.0815,0.0815,0.03768449661862661,0.07780527004853718
1055_IOM_HAP_XX.mp4,0.584,0.438,0.29030277702799195,0.26989618541817867
1058_ITS_SAD_XX.mp4,-0.4575,0.1525,-0.18287139960352589,0.15112584655682065
1003_TAI_NEU_XX.mp4,0.0788,0.0788,-0.1560989352081764,0.21648364646537205
1016_TAI_NEU_XX.mp4,0.0706,0.0706,-0.1021686637623764,0.12036850840337175
1041_TAI_ANG_XX.mp4,-0.5915,0.676,-0.5061695386167614,0.6189927814363549
1054_TAI_ANG_XX.mp4,-0.5514,0.6302,-0.2151136714733182,0.4683622824655763
1088_IOM_ANG_XX.mp4,-0.5938,0.3393,-0.5186660868686458,0.5417310091680066
1070_TSI_ANG_XX.mp4,-0.518,0.592,-0.36234791918796266,0.50117914716218
1065_TSI_ANG_XX.mp4,-0.5031,0.5869,-0.5017222376862436,0.5542140955933716
1032_TSI_NEU_XX.mp4,0.0784,0.0784,0.0605716936966207,0.12586884878576232
1027_TSI_NEU_XX.mp4,0.0759,0.0759,-0.06589735086466916,0.140321876440452
1043_IEO_ANG_MD.mp4,-0.5131,0.5864,-0.04768125815876936,0.25372153233440686
1056_IEO_ANG_MD.mp4,-0.6117,0.6991,-0.5829587820298506,0.6490090697779326
1017_IWL_ANG_XX.mp4,0.0721,0.0721,0.031215451997915446,0.15990622497090184
1002_IWL_ANG_XX.mp4,-0.5479,0.6262,-0.37835673772113826,0.393944194731915
1055_IWL_NEU_XX.mp4,0.086,0.086,-0.04564231448580219,0.1315224221034164
1040_IWL_NEU_XX.mp4,0.0888,0.0888,-0.008620621052250569,0.09785621953762319
1052_IEO_ANG_HI.mp4,-0.6339,0.7244,-0.6368040971720761,0.7548131477548237
1047_IEO_ANG_HI.mp4,-0.6366,0.7276,-0.6535149012981074,0.7218912377267882
1007_TAI_HAP_XX.mp4,-0.438,0.146,-0.0705155142089806,0.11592588155534311
1023_IEO_SAD_MD.mp4,0.0798,0.0798,-0.020306710826606476,0.0952747933336864
1036_IEO_SAD_MD.mp4,-0.5033,0.1678,-0.09182857630859105,0.12581199877243734
1012_TAI_HAP_XX.mp4,0.077,0.077,-0.03784207529633321,0.24528365762582932
1077_IWL_SAD_XX.mp4,0.0842,0.0842,0.021501482211244302,0.10774185531343938
1026_TAI_FEA_XX.mp4,0.08,0.08,-0.054578136692068825,0.21052248918181282
1033_TAI_FEA_XX.mp4,0.0756,0.0756,-0.15293529478386034,0.3281374796983491
1062_IWL_SAD_XX.mp4,0.0837,0.0837,0.05548749605107736,0.08088636721098336
1036_TSI_HAP_XX.mp4,-0.4507,0.5258,-0.36428516449891746,0.4731035351211511
1032_IEO_SAD_HI.mp4,0.0833,0.0833,0.1168687881406378,0.09957514994874299
1027_IEO_SAD_HI.mp4,0.0683,0.0683,-0.06358492775960577,0.12203864391946405
1023_TSI_HAP_XX.mp4,0.6,0.45,0.10095292484140911,0.3621136359157735
1017_TSI_FEA_XX.mp4,0.0739,0.0739,-0.06464282783048023,0.1954859072048905
1002_TSI_FEA_XX.mp4,0.0816,0.0816,-0.15616002665673714,0.2462728824439445
1069_IOM_DIS_XX.mp4,0.0801,0.0801,0.0901059034133472,0.09223540217924721
1051_IWL_HAP_XX.mp4,0.0874,0.0874,-0.034151755780138814,0.2724705766497861
1091_TSI_DIS_XX.mp4,0.0755,0.0755,-0.09104913988204058,0.12431552249782707
1024_IEO_FEA_MD.mp4,-0.4747,0.1582,-0.14576237702444703,0.11559995721334286
1084_TSI_DIS_XX.mp4,-0.5519,0.3154,-0.10483059421567828,0.12910808176925392
1031_IEO_FEA_MD.mp4,0.0742,0.0742,0.023411820507686126,0.11317748527538411
1044_IWL_HAP_XX.mp4,0.0781,0.0781,0.011659367928764534,0.23479829172704475
1005_IEO_HAP_MD.mp4,0.0817,0.0817,0.04113153556598613,0.11944327103989545
1021_TAI_SAD_XX.mp4,0.0831,0.0831,-0.075949283180945,0.13385986220720164
1070_IWL_FEA_XX.mp4,0.0752,0.0752,0.026023105873360593,0.12274855991804182
1065_IWL_FEA_XX.mp4,0.0877,0.0877,0.03504669939171021,0.0905155503933531
1034_TAI_SAD_XX.mp4,0.0837,0.0837,0.05142994902364019,0.08700513127809797
1010_IEO_HAP_MD.mp4,0.0784,0.0784,-0.11220561007565086,0.1321220600625444
1038_ITS_ANG_XX.mp4,-0.5783,0.6609,-0.5214136648499914,0.5732529329348038
1035_IEO_FEA_HI.mp4,-0.6202,0.7088,-0.47948742696194613,0.7143836740610168
1020_IEO_FEA_HI.mp4,-0.4956,0.5782,-0.23515902762791072,0.46023850769915636
1014_IEO_HAP_HI.mp4,0.69,0.5175,-0.253961056744353,0.5533849891842769
1010_TSI_SAD_XX.mp4,0.0819,0.0819,-0.035555083994920966,0.13698439861672415
1005_TSI_SAD_XX.mp4,0.0,0.0,-0.18515324045464482,0.20541333527647637
1001_IEO_HAP_HI.mp4,0.6304,0.4728,0.42810059796213534,0.4809232583406573
1034_WSI_ANG_XX.mp4,0.0,0.0,-0.14449306685825808,0.1638871128962795
1021_WSI_ANG_XX.mp4,-0.6001,0.6858,-0.35634387861806777,0.43683712653061685
1076_WSI_NEU_XX.mp4,-0.5604,0.3202,-0.17063381026367413,0.2371333342225759
1063_WSI_NEU_XX.mp4,0.0856,0.0856,0.020933164117823134,0.13846194800309616
1041_DFA_SAD_XX.mp4,0.0749,0.0749,0.034076269009556924,0.0710339898796967
1054_DFA_SAD_XX.mp4,0.0811,0.0811,-0.045603621423785434,0.19792594630412755
1070_IEO_ANG_LO.mp4,0.0,0.0,-0.19900712234504028,0.41451910911916856
1046_DFA_FEA_XX.mp4,0.0706,0.0706,0.15032438226360262,0.23416424875231537
1053_DFA_FEA_XX.mp4,0.0789,0.0789,-0.27014563424858345,0.4738823579164114
1065_IEO_ANG_LO.mp4,0.0,0.0,0.08972110251895718,0.1797844409336702
1056_ITH_DIS_XX.mp4,0.0798,0.0798,-0.04518938863969432,0.14012536887419638
1067_DFA_HAP_XX.mp4,0.0854,0.0854,0.045527767137397084,0.10130814901268544
1072_DFA_HAP_XX.mp4,0.0,0.0,-0.06155884614570674,0.40115616592652537
1043_ITH_DIS_XX.mp4,0.0772,0.0772,-0.028731707099101438,0.11380542005332028
1053_WSI_FEA_XX.mp4,-0.4603,0.5371,-0.38114791155190925,0.49332138303596196
1046_WSI_FEA_XX.mp4,-0.5254,0.3003,-0.2177337341035548,0.33431458918962687
1072_WSI_HAP_XX.mp4,0.0778,0.0778,-0.18194571863066009,0.41925017956254845
1067_WSI_HAP_XX.mp4,0.0707,0.0707,-0.013044254458228379,0.13225671964784425
1091_IEO_DIS_LO.mp4,-0.447,0.149,-0.10720203019416011,0.14137777162332024
1084_IEO_DIS_LO.mp4,0.0808,0.0808,0.048598801936705946,0.08905154088607946
1010_IEO_SAD_LO.mp4,0.0,0.0,-0.021710494200051413,0.12624057172764552
1005_IEO_SAD_LO.mp4,0.076,0.076,-0.0013866513874150794,0.07862411917533497
1054_WSI_SAD_XX.mp4,0.0717,0.0717,-0.01256881126608701,0.1069261220354227
1045_TIE_DIS_XX.mp4,0.0761,0.0761,-0.040986614524888235,0.1453299205853178
1041_WSI_SAD_XX.mp4,0.0736,0.0736,-0.060377259052376245,0.10178812720812826
1050_TIE_DIS_XX.mp4,-0.5359,0.3063,-0.11212986824044652,0.14951329666614332
1079_IWW_DIS_XX.mp4,-0.5261,0.3006,-0.12560036582408513,0.22359280118203434
1063_DFA_NEU_XX.mp4,0.0892,0.0892,0.04792358902833711,0.10883182325737915
1076_DFA_NEU_XX.mp4,0.0817,0.0817,0.0036431691864523643,0.08458033136785917
1017_IEO_FEA_LO.mp4,0.0805,0.0805,0.0016028966759602575,0.08946885139613012
1021_DFA_ANG_XX.mp4,-0.5089,0.5816,-0.19331274538645715,0.29538074412192555
1034_DFA_ANG_XX.mp4,-0.4686,0.2678,-0.3393943698554434,0.39676074560410163
1002_IEO_FEA_LO.mp4,-0.4811,0.5613,-0.22398118639219888,0.2930643682299139
1036_IEO_HAP_LO.mp4,0.082,0.082,-0.006130327914202242,0.13107253840161245
1023_IEO_HAP_LO.mp4,0.6644,0.4983,0.19826215536976433,0.17539327582081551
1030_IWW_NEU_XX.mp4,0.0765,0.0765,0.021071718784973027,0.09016705560579044
1025_IWW_NEU_XX.mp4,0.0772,0.0772,-0.07373758184744718,0.1461669688861169
1089_WSI_NEU_XX.mp4,0.086,0.086,-0.1768340141020688,0.20167909783553045
1072_IWW_ANG_XX.mp4,-0.6125,0.7,-0.4237321585177165,0.521985897366907
1067_IWW_ANG_XX.mp4,0.0736,0.0736,0.03703974161535041,0.08961693935954437
1019_TIE_NEU_XX.mp4,0.0828,0.0828,0.026472888647968155,0.09960775448859462
1028_ITH_SAD_XX.mp4,-0.5087,0.1696,-0.2954628618988559,0.2152397044449302
1048_ITH_ANG_XX.mp4,-0.46,0.5257,-0.4182996741695905,0.539179359860308
1034_IWW_HAP_XX.mp4,0.0757,0.0757,0.05767688979348432,0.08279970770010232
1021_IWW_HAP_XX.mp4,0.0713,0.0713,-0.101163127866447,0.17676686746136164
1015_IWW_FEA_XX.mp4,-0.4629,0.54,-0.06331267157135576,0.19974404531954287
1008_TIE_HAP_XX.mp4,0.6293,0.472,-0.23890605524934674,0.34239106970666683
1029_TIE_FEA_XX.mp4,0.0827,0.0827,-0.039222030936357774,0.2744649279588055
1012_IWW_SAD_XX.mp4,-0.4688,0.5469,-0.06436675725372526,0.13770390464864055
1007_IWW_SAD_XX.mp4,0.0,0.0,-0.03580151425579763,0.12398848131702234
1086_IWW_DIS_XX.mp4,0.0775,0.0775,-0.05690904254059432,0.14590038865058083
1089_DFA_NEU_XX.mp4,0.086,0.086,0.06994600213163774,0.15646653508090835
1022_MTI_FEA_XX.mp4,0.0842,0.0842,-0.07706374550118791,0.1478145151259843
1037_MTI_FEA_XX.mp4,-0.4624,0.1541,-0.16140603947740953,0.14270348096835042
1003_MTI_HAP_XX.mp4,0.0796,0.0796,-0.16575901265254833,0.23898491236311722
1016_MTI_HAP_XX.mp4,0.0838,0.0838,0.012930193841661048,0.11806367661763907
1020_IOM_NEU_XX.mp4,0.0855,0.0855,0.046619192808816594,0.09001290400713712
1035_IOM_NEU_XX.mp4,0.0811,0.0811,0.005088167277841802,0.09917133489423588
1033_ITS_DIS_XX.mp4,-0.5464,0.3122,-0.24494674359961457,0.2781797137693456
1026_ITS_DIS_XX.mp4,-0.4303,0.5021,-0.1206966867064626,0.18984473192597426
1062_IOM_ANG_XX.mp4,0.0796,0.0796,0.15246723837878054,0.10969777682742513
1077_IOM_ANG_XX.mp4,0.0829,0.0829,-0.4339627958317831,0.48770036073489587
1081_ITS_HAP_XX.mp4,-0.4693,0.5476,-0.40788726208651893,0.5217701284336826
1025_MTI_SAD_XX.mp4,0.08,0.08,-0.06860817935137896,0.10688930829592262
1030_MTI_SAD_XX.mp4,0.0733,0.0733,-0.013293772237361709,0.10183479327731326
1045_MTI_ANG_XX.mp4,0.0837,0.0837,0.027676877768013433,0.13556983794387908
1050_MTI_ANG_XX.mp4,-0.6489,0.7416,-0.5050418996691429,0.5759096951573608
1059_IEO_DIS_HI.mp4,0.0,0.0,-0.15257348238325005,0.1361423504818123
1088_IWL_SAD_XX.mp4,0.0767,0.0767,-0.034171910677039494,0.10190709635979435
1007_MTI_NEU_XX.mp4,0.0831,0.0831,-0.054287357843759744,0.11554730632277005
1012_MTI_NEU_XX.mp4,0.0863,0.0863,-0.012889244242751608,0.1518811983021075
1024_IOM_HAP_XX.mp4,0.0798,0.0798,0.14108268943706245,0.11137007406119862
1009_IWL_DIS_XX.mp4,-0.4679,0.2674,-0.12565197495511188,0.191066718130494
1031_IOM_HAP_XX.mp4,0.08,0.08,0.06093563705943373,0.08916641925931758
1005_IOM_FEA_XX.mp4,0.0,0.0,-0.07013496268991128,0.1283182285569708
1048_IEO_DIS_MD.mp4,0.0771,0.0771,-0.09109923966128189,0.205664688498505
1010_IOM_FEA_XX.mp4,0.0827,0.0827,0.03403442805822753,0.11010699037590076
1083_IOM_DIS_XX.mp4,0.0738,0.0738,0.022066057750518075,0.10293541420611606
1090_ITS_NEU_XX.mp4,0.0842,0.0842,-0.04086243360862092,0.11430348233954479
1085_ITS_NEU_XX.mp4,0.0784,0.0784,-0.06708886434484267,0.18511111735758604
1002_IOM_SAD_XX.mp4,0.0812,0.0812,0.010669378718598724,0.10264663123082603
1017_IOM_SAD_XX.mp4,0.0828,0.0828,0.022229730615427833,0.09607164177702601
1073_IWL_ANG_XX.mp4,-0.5712,0.6528,-0.47343345130407444,0.5061423104758468
1066_IWL_ANG_XX.mp4,-0.5674,0.6484,-0.37275893634196916,0.439443110195613
1027_IEO_ANG_MD.mp4,-0.56,0.64,-0.4770562204123395,0.6107447938696247
1032_IEO_ANG_MD.mp4,-0.5504,0.629,-0.44473393689906765,0.5749486228273002
1031_IWL_NEU_XX.mp4,0.0871,0.0871,0.017197053191161205,0.10205732310695342
1024_IWL_NEU_XX.mp4,0.0878,0.0878,0.033916345510794046,0.09804806647546264
1036_IEO_ANG_HI.mp4,-0.6226,0.7116,-0.5730453471336348,0.56155245667063
1023_IEO_ANG_HI.mp4,-0.6682,0.7636,-0.671230049787136,0.7405333889244288
1067_TAI_NEU_XX.mp4,0.0803,0.0803,0.05405196453479396,0.09738429530630738
1029_ITS_SAD_XX.mp4,-0.5079,0.5926,-0.242248162962811,0.3936476270382883
1072_TAI_NEU_XX.mp4,0.0873,0.0873,-0.09143844752749823,0.15508711802860814
1025_TAI_ANG_XX.mp4,-0.4997,0.5711,-0.11009186403168648,0.25555480683069753
1030_TAI_ANG_XX.mp4,-0.5487,0.6271,-0.46913143946206215,0.4858301485921005
1014_TSI_ANG_XX.mp4,-0.5614,0.6416,-0.47199558503765343,0.5242811834934329
1001_TSI_ANG_XX.mp4,-0.5787,0.3307,-0.34728359106343804,0.37343183053887674
1056_TSI_NEU_XX.mp4,0.0846,0.0846,0.04458120198353903,0.09212928248307826
1043_TSI_NEU_XX.mp4,0.0855,0.0855,-0.06350828130174242,0.110144667453952
1061_IEO_HAP_MD.mp4,0.0,0.0,0.10564460257570926,0.13183627607904247
1014_IWL_FEA_XX.mp4,0.0759,0.0759,0.005139618433617093,0.08440948502738185
1045_TAI_SAD_XX.mp4,0.0766,0.0766,-0.09131434053944038,0.13699168585425228
1050_TAI_SAD_XX.mp4,0.078,0.078,0.07299625336683022,0.0786193513331337
1001_IWL_FEA_XX.mp4,-0.4979,0.569,-0.35230653865000006,0.4360667490995603
1074_IEO_HAP_MD.mp4,0.6851,0.5139,0.5178514376280904,0.5426616262149686
1035_IWL_HAP_XX.mp4,0.083,0.083,-0.0035888989581169682,0.20047878514431242
1040_IEO_FEA_MD.mp4,0.0722,0.0722,0.0005995517095403246,0.09450160555812724
1055_IEO_FEA_MD.mp4,0.0796,0.0796,-0.012526020556160665,0.14125161756461335
1018_IOM_DIS_XX.mp4,-0.5472,0.3127,-0.043340140222375846,0.09544913199621674
1020_IWL_HAP_XX.mp4,0.6653,0.499,0.1716882515127978,0.32721377101907434
1049_ITS_ANG_XX.mp4,0.0767,0.0767,-0.20106776616991462,0.4060172870679176
1070_IEO_HAP_HI.mp4,0.0857,0.0857,0.11779116213587663,0.13577424411593225
1074_TSI_SAD_XX.mp4,0.0794,0.0794,-0.07916342743350155,0.2523028624701496
1061_TSI_SAD_XX.mp4,0.0791,0.0791,-0.007145520132157049,0.10916980997059864
1065_IEO_HAP_HI.mp4,0.0731,0.0731,0.012174445466822526,0.11053181048237627
1051_IEO_FEA_HI.mp4,0.0779,0.0779,-0.17008456910811523,0.21554460265244577
1044_IEO_FEA_HI.mp4,-0.4953,0.5778,-0.5911955221149502,0.5930906019572908
1089_MTI_NEU_XX.mp4,0.0829,0.0829,-0.12128862456789988,0.1518103422645037
1042_TAI_FEA_XX.mp4,0.0748,0.0748,0.03303417173411024,0.2575743498883537
1013_IWL_SAD_XX.mp4,0.077,0.077,-0.024804411806022476,0.11358003203037498
1006_IWL_SAD_XX.mp4,-0.4313,0.1438,-0.07957019419487638,0.13852786600102823
1057_TAI_FEA_XX.mp4,0.0785,0.0785,-0.034109632727164316,0.1163732710266555
1063_TAI_HAP_XX.mp4,0.6268,0.4701,0.269396381484018,0.3254121253980089
1047_IEO_SAD_MD.mp4,0.0784,0.0784,0.043872647537946875,0.07098353040394219
1052_IEO_SAD_MD.mp4,0.0808,0.0808,0.053359669882481135,0.07855784748398338
1076_TAI_HAP_XX.mp4,0.6062,0.4547,0.1312570811865073,0.25367350820406026
1073_TSI_FEA_XX.mp4,0.0707,0.0707,-0.036363883089492864,0.1751691352399684
1066_TSI_FEA_XX.mp4,0.0,0.0,-0.030468867633576095,0.12365331932693464
1052_TSI_HAP_XX.mp4,0.0776,0.0776,0.010099776591766084,0.3583861096263546
1056_IEO_SAD_HI.mp4,0.0788,0.0788,0.006353720576794501,0.07531384776503765
1087_IWL_DIS_XX.mp4,0.0762,0.0762,0.01784917741549256,0.11584786404264
1043_IEO_SAD_HI.mp4,0.0804,0.0804,-0.059403269043324027,0.13953874607392638
1047_TSI_HAP_XX.mp4,-0.4327,0.5048,-0.0043535271882160055,0.3299456595173201
1003_DFA_HAP_XX.mp4,0.0,0.0,-0.07127131621012595,0.21222998781778254
1032_ITH_DIS_XX.mp4,-0.4822,0.1608,-0.16304253941511124,0.11727783004767645
1027_ITH_DIS_XX.mp4,0.0814,0.0814,-0.049196280158289286,0.09654024829661456
1016_DFA_HAP_XX.mp4,0.0852,0.0852,-0.045438297294493814,0.3245108620548586
1022_DFA_FEA_XX.mp4,0.0825,0.0825,0.008721804273987853,0.09870881714751091
1014_IEO_ANG_LO.mp4,-0.5845,0.334,-0.3034297127797008,0.4068155329388731
1001_IEO_ANG_LO.mp4,0.0764,0.0764,0.07550220765891386,0.07872655681091519
1037_DFA_FEA_XX.mp4,0.0747,0.0747,0.008372275558658873,0.2849438235521193
1050_WSI_ANG_XX.mp4,-0.643,0.7348,-0.5295330366907995,0.6541260351578784
1045_WSI_ANG_XX.mp4,-0.5084,0.581,-0.22989283909370453,0.2600655546671622
1012_WSI_NEU_XX.mp4,0.0735,0.0735,-0.19430193644828375,0.19550646135157682
1080_ITH_HAP_XX.mp4,0.0811,0.0811,0.05840628441666429,0.15076193253148848
1007_WSI_NEU_XX.mp4,-0.4847,0.554,-0.20179333780141098,0.1992673765453541
1082_TIE_NEU_XX.mp4,0.0836,0.0836,-0.09065105134577292,0.16601858282128046
1025_DFA_SAD_XX.mp4,0.081,0.081,-0.029021010020738987,0.11645672565355467
1030_DFA_SAD_XX.mp4,-0.4834,0.1611,-0.033591177515528904,0.09185157552779649
1089_IWW_SAD_XX.mp4,-0.4824,0.1608,-0.15498474904945175,0.21009087053830525
1030_WSI_SAD_XX.mp4,0.0743,0.0743,-0.01647933744568904,0.12509048845247003
1021_TIE_DIS_XX.mp4,0.0781,0.0781,-0.08229983455474259,0.12190682348511962
1025_WSI_SAD_XX.mp4,0.0,0.0,-0.052377805390000004,0.12857688838261314
1034_TIE_DIS_XX.mp4,0.0,0.0,-0.04240585317004575,0.12498818970538383
1007_DFA_NEU_XX.mp4,0.0824,0.0824,0.006802819455818287,0.09865108162991498
1012_DFA_NEU_XX.mp4,0.0738,0.0738,0.018200747499254218,0.19488015007958298
1008_IWW_DIS_XX.mp4,-0.4273,0.4985,-0.2092632467331812,0.36559448208474526
1052_IEO_HAP_LO.mp4,0.0725,0.0725,-0.010929604613581344,0.10738405192035413
1047_IEO_HAP_LO.mp4,0.0871,0.0871,0.08163938648798193,0.11790832844593462
1045_DFA_ANG_XX.mp4,0.0843,0.0843,0.028258519897705607,0.199364945576154
1073_IEO_FEA_LO.mp4,0.0843,0.0843,0.006692933520242716,0.10126958280650801
1066_IEO_FEA_LO.mp4,0.0828,0.0828,0.031672007188634346,0.0888077669634988
1050_DFA_ANG_XX.mp4,-0.6284,0.7182,-0.6074170191605534,0.7089227177168244
1091_ITH_NEU_XX.mp4,0.0753,0.0753,-0.015650807829454324,0.08722349772207032
1016_WSI_HAP_XX.mp4,-0.5327,0.6088,-0.10987991318401193,0.3292415019678516
1003_WSI_HAP_XX.mp4,-0.4811,0.1604,-0.25286946834047,0.3026720518833196
1084_ITH_NEU_XX.mp4,0.0852,0.0852,-0.047629048453741996,0.15579966048085397
1037_WSI_FEA_XX.mp4,-0.4905,0.5722,-0.33539103023990213,0.5078127375636602
1022_WSI_FEA_XX.mp4,0.0787,0.0787,-0.025364042975001354,0.17411852704039177
1074_IEO_SAD_LO.mp4,0.0838,0.0838,-0.0407888830729725,0.1179445186118697
1061_IEO_SAD_LO.mp4,0.0684,0.0684,0.06320274008233144,0.07562129421167557
1086_TIE_HAP_XX.mp4,-0.5539,0.633,-0.09645896964618977,0.368456780186296
1038_WSI_SAD_XX.mp4,-0.4581,0.5236,-0.21225047446207493,0.19053697602147832
1029_TIE_DIS_XX.mp4,-0.5094,0.5822,-0.12988453978217954,0.24941962197941156
1081_IWW_SAD_XX.mp4,0.0794,0.0794,-0.007685490887665093,0.10335972509052373
1015_IWW_DIS_XX.mp4,0.0783,0.0783,-0.09429257370636943,0.10582337372510324
1058_DFA_ANG_XX.mp4,-0.5614,0.6416,-0.36019631505584393,0.546427047884552
1086_IWW_FEA_XX.mp4,-0.4608,0.5376,-0.05848974537137111,0.13316694281266458
1069_IEO_SAD_LO.mp4,0.0808,0.0808,0.0313413194198932,0.1056415186824345
1009_IEO_ANG_LO.mp4,0.0788,0.0788,-0.05260914519481522,0.30661533230855903
1058_WSI_ANG_XX.mp4,-0.6039,0.6902,-0.5972342427140883,0.6528387727275844
1088_ITH_HAP_XX.mp4,0.0851,0.0851,-0.08135837101641094,0.13215609783950566
1038_DFA_SAD_XX.mp4,0.0,0.0,-0.03170721564321694,0.11624463973304686
1010_IOM_DIS_XX.mp4,0.0766,0.0766,-0.009679601846427814,0.11210329816023755
1028_IWL_HAP_XX.mp4,0.6224,0.4668,0.04508687999048069,0.3154853675320614
1005_IOM_DIS_XX.mp4,-0.5432,0.3104,-0.2620860891812292,0.2245154202599246
1048_IEO_FEA_MD.mp4,-0.5151,0.6009,-0.3227149561751385,0.4971754295198872
1003_ITS_NEU_XX.mp4,0.0779,0.0779,-0.257243071689867,0.20625197084074498
1058_TAI_SAD_XX.mp4,-0.5017,0.1673,-0.12975081527657237,0.15860821530196037
1009_IWL_FEA_XX.mp4,0.0,0.0,-0.2853975519315892,0.3714479622975395
1069_IEO_HAP_MD.mp4,0.652,0.489,0.05389379247251658,0.3650080583195411
1016_ITS_NEU_XX.mp4,0.0788,0.0788,-0.005717635367311861,0.14550678973017944
1041_ITS_ANG_XX.mp4,-0.5896,0.6738,-0.46013744802872264,0.5787183801537155
1054_ITS_ANG_XX.mp4,0.0851,0.0851,-0.07782194049558372,0.3237464684141554
1059_IEO_FEA_HI.mp4,-0.5873,0.6712,-0.4096765441449096,0.6221798126338626
1069_TSI_SAD_XX.mp4,0.0809,0.0809,-0.05675394611944382,0.1921971005837004
1091_IOM_SAD_XX.mp4,-0.519,0.173,-0.16695530467910333,0.08491946877683895
1084_IOM_SAD_XX.mp4,0.0778,0.0778,0.007577415880187132,0.09056224189995828
1078_IEO_HAP_HI.mp4,-0.5496,0.6412,-0.12831235468017635,0.5398440775424933
1081_MTI_NEU_XX.mp4,0.0739,0.0739,-0.022053866822332267,0.09159514253276292
1083_IOM_FEA_XX.mp4,-0.4757,0.1586,-0.03608482770909326,0.09950897618781179
1026_ITS_FEA_XX.mp4,0.0733,0.0733,-0.0403950616850844,0.11228462786287671
1033_ITS_FEA_XX.mp4,-0.5063,0.5907,-0.2796259013306525,0.41243072261241565
1039_IWL_NEU_XX.mp4,0.0809,0.0809,0.10913731942003103,0.09834335799085997
1007_ITS_HAP_XX.mp4,0.0903,0.0903,-0.0812268819647041,0.22421168690140617
1012_ITS_HAP_XX.mp4,0.0788,0.0788,-0.07254592752015034,0.21497722157598348
1037_MTI_DIS_XX.mp4,0.0756,0.0756,-0.08596759324892506,0.12660323568553436
1022_MTI_DIS_XX.mp4,0.0748,0.0748,-0.13183656018015694,0.17355463701042248
1021_ITS_SAD_XX.mp4,0.0718,0.0718,-0.1039896255897329,0.13431890765684934
1034_ITS_SAD_XX.mp4,0.0778,0.0778,-0.014402648942867965,0.08332077488482062
1090_MTI_HAP_XX.mp4,0.0829,0.0829,0.002005581498296515,0.12436483580554802
1038_TAI_ANG_XX.mp4,-0.606,0.6926,-0.5238424359166459,0.5814580520081843
1085_MTI_HAP_XX.mp4,0.0842,0.0842,0.10006119285531166,0.2025517725945098
1009_TSI_ANG_XX.mp4,-0.6419,0.7336,-0.19976220855602353,0.6315726305133326
1080_IWL_SAD_XX.mp4,0.0761,0.0761,-0.028377145267591386,0.09163375825580929
1044_IEO_DIS_HI.mp4,-0.5612,0.3207,-0.5038945618297113,0.4867574530872726
1051_IEO_DIS_HI.mp4,-0.5298,0.3028,-0.16139588404376473,0.195871081717227
1058_MTI_ANG_XX.mp4,-0.5784,0.3305,-0.34925195007708576,0.3749735960938977
1055_IEO_DIS_MD.mp4,-0.5005,0.286,-0.2358210342770162,0.20262056122219463
1018_IOM_FEA_XX.mp4,0.0771,0.0771,-0.07612811557955895,0.1043697960689074
1040_IEO_DIS_MD.mp4,0.0842,0.0842,0.0029506244762328242,0.10433232640188904
1001_IWL_DIS_XX.mp4,0.0783,0.0783,0.05163994276119425,0.09682818890510317
1039_IOM_HAP_XX.mp4,0.556,0.417,0.36159300763285507,0.283400399329252
1014_IWL_DIS_XX.mp4,0.0,0.0,-0.11274256739852723,0.13777515664000442
1087_IWL_FEA_XX.mp4,0.0783,0.0783,-0.10492987274657026,0.1339007278431669
1066_TSI_DIS_XX.mp4,-0.5953,0.3402,-0.3139144627300347,0.27713868782330486
1073_TSI_DIS_XX.mp4,0.0797,0.0797,-0.1434903212016324,0.19473538716222039
1057_TAI_DIS_XX.mp4,0.0791,0.0791,-0.03941165627065647,0.23450806672364405
1042_TAI_DIS_XX.mp4,-0.5348,0.6112,-0.20523668146834678,0.3751706826631361
1028_IOM_NEU_XX.mp4,0.0905,0.0905,-0.020036297751239822,0.09446220140610415
1087_TSI_ANG_XX.mp4,-0.5692,0.6505,-0.11043544873921421,0.30235629682419424
1089_ITS_HAP_XX.mp4,0.0734,0.0734,-0.09809134168505203,0.21832467794150817
1038_MTI_SAD_XX.mp4,0.0756,0.0756,-0.052173933948165024,0.10840018419049437
1066_IEO_DIS_LO.mp4,0.0798,0.0798,0.03231523126341452,0.07679592755522595
1073_IEO_DIS_LO.mp4,0.0831,0.0831,0.021003887436614684,0.09999803064088947
1040_ITH_ANG_XX.mp4,0.0709,0.0709,-0.21087951221708728,0.3745539112442767
1055_ITH_ANG_XX.mp4,-0.5526,0.6315,-0.2979266904792263,0.432033928054537
1085_WSI_HAP_XX.mp4,-0.5673,0.3242,-0.21861077789539135,0.27403867169325324
1002_ITH_NEU_XX.mp4,0.0779,0.0779,-0.08706028522134415,0.15779548400230062
1008_IWW_FEA_XX.mp4,-0.4864,0.5674,-0.3182365921147588,0.4649219935931816
1017_ITH_NEU_XX.mp4,0.0789,0.0789,0.004304388604340912,0.0882733683597439
1090_WSI_HAP_XX.mp4,0.6089,0.4567,0.16340827449539147,0.17349622513810886
1029_IWW_HAP_XX.mp4,0.0808,0.0808,0.2665670285243443,0.3362779769988015
1034_TIE_FEA_XX.mp4,0.0,0.0,-0.027458814607697443,0.24353971527783785
1021_TIE_FEA_XX.mp4,0.0825,0.0825,-0.07151641670225943,0.11869833204578432
1015_TIE_HAP_XX.mp4,0.0808,0.0808,-0.039920736703778395,0.19689174342389754
1022_WSI_DIS_XX.mp4,0.0,0.0,-0.19686910145007713,0.2201725126369319
1033_TIE_SAD_XX.mp4,-0.433,0.1443,-0.063300572544309,0.09387254035164283
1037_WSI_DIS_XX.mp4,0.0767,0.0767,-0.16124755921475598,0.20639162371612996
1026_TIE_SAD_XX.mp4,0.0799,0.0799,-0.05692269651055439,0.11851235723287161
1081_DFA_NEU_XX.mp4,0.0794,0.0794,0.02545370867505999,0.0941034597510976
1037_DFA_DIS_XX.mp4,0.0,0.0,-0.07650553565257814,0.16728837889477194
1006_ITH_HAP_XX.mp4,0.0,0.0,-0.0576175376144916,0.20708426940854346
1081_WSI_NEU_XX.mp4,0.0748,0.0748,-0.08032415559969504,0.13197157568140044
1013_ITH_HAP_XX.mp4,0.0,0.0,-0.20582782165024852,0.43083966215221214
1022_DFA_DIS_XX.mp4,-0.5835,0.3335,-0.3001398094718149,0.3619031942448053
1027_ITH_FEA_XX.mp4,0.0,0.0,-0.04119850692398038,0.13005207613576109
1032_ITH_FEA_XX.mp4,0.0,0.0,-0.025064356998609424,0.10734931269075249
1038_IWW_NEU_XX.mp4,0.0768,0.0768,-0.03339668489332548,0.13596558541791798
1053_TIE_ANG_XX.mp4,-0.5794,0.6622,-0.5074719369498014,0.6388963657415306
1046_TIE_ANG_XX.mp4,0.0846,0.0846,-0.042113203365881244,0.32708961045155793
1011_TIE_NEU_XX.mp4,0.0769,0.0769,0.07005348229939021,0.09775243194549026
1004_TIE_NEU_XX.mp4,0.0764,0.0764,-0.11627522150499485,0.1601671692546152
1033_IEO_NEU_XX.mp4,0.0864,0.0864,0.052007947358237785,0.111668358641651
1026_IEO_NEU_XX.mp4,0.0789,0.0789,0.0837928854737454,0.12499823383398073
1020_ITH_SAD_XX.mp4,-0.5336,0.1779,-0.11987250290889981,0.1369558387848545
1035_ITH_SAD_XX.mp4,0.0756,0.0756,-0.016683123583413537,0.09475213163620903
1090_DFA_HAP_XX.mp4,0.0756,0.0756,0.150191977990896,0.08865474860055475
1085_DFA_HAP_XX.mp4,0.6196,0.4647,0.21031322133724797,0.35291456863723036
1087_IEO_ANG_LO.mp4,0.0838,0.0838,-0.024726628507114413,0.10501335365692203
1018_IEO_SAD_LO.mp4,0.0,0.0,-0.021273595554005154,0.09065130962186106
1049_WSI_SAD_XX.mp4,0.0852,0.0852,-0.08357938557916768,0.13226704419188579
1058_TIE_DIS_XX.mp4,0.0772,0.0772,-0.08181328265314886,0.12904500807430105
1064_IWW_DIS_XX.mp4,0.0,0.0,-0.11814860816958749,0.17963126748940433
1071_IWW_DIS_XX.mp4,-0.4392,0.5124,0.006230685435467589,0.09132187357769272
1029_DFA_ANG_XX.mp4,-0.5893,0.6735,-0.46314685796809835,0.5596076063669326
1085_IWW_ANG_XX.mp4,-0.5754,0.3288,-0.20106257165913452,0.26030107464969
1090_IWW_ANG_XX.mp4,-0.5663,0.3236,-0.2628866226583661,0.3761852578397605
1029_WSI_ANG_XX.mp4,-0.6748,0.7712,-0.5194137984172196,0.6702485470027844
1049_DFA_SAD_XX.mp4,0.0817,0.0817,0.14676134744367608,0.11654119235225129
1078_IEO_ANG_LO.mp4,0.0798,0.0798,-0.10786277468176031,0.3343359907895022
1067_ITS_NEU_XX.mp4,0.0783,0.0783,0.056712175918642894,0.11555680188898257
1018_IEO_HAP_MD.mp4,0.0834,0.0834,0.007784291083761956,0.08636950305563118
1072_ITS_NEU_XX.mp4,0.0799,0.0799,-0.04221472932335412,0.15097531473947798
1029_TAI_SAD_XX.mp4,-0.453,0.5285,-0.23365872856379136,0.28012197354891066
1078_IWL_FEA_XX.mp4,-0.4453,0.5196,-0.2151272562690881,0.3648425349050082
1039_IEO_FEA_MD.mp4,0.0813,0.0813,0.04211694911245156,0.10751074865923735
1074_IOM_DIS_XX.mp4,-0.5339,0.3051,-0.12661125882471358,0.2073637367182294
1061_IOM_DIS_XX.mp4,0.0764,0.0764,0.04495237367860959,0.10148984840572847
1059_IWL_HAP_XX.mp4,-0.5744,0.6564,0.15824583707725295,0.3945098827719201
1025_ITS_ANG_XX.mp4,-0.5155,0.2945,-0.13636043980984264,0.24442377963121079
1030_ITS_ANG_XX.mp4,-0.5289,0.3022,-0.38872172440159974,0.47149773175806825
1009_IEO_HAP_HI.mp4,-0.5845,0.668,-0.4736327215587781,0.6823808577885865
1018_TSI_SAD_XX.mp4,0.0776,0.0776,-0.07087401859570096,0.1445827765444926
1028_IEO_FEA_HI.mp4,-0.5043,0.5883,-0.32519666272534226,0.47359086045384113
1045_ITS_SAD_XX.mp4,0.0705,0.0705,-0.019869416684345553,0.09969763164266897
1050_ITS_SAD_XX.mp4,0.07,0.07,0.009309888660479305,0.11060119898594657
1049_TAI_ANG_XX.mp4,-0.5962,0.6813,-0.43505444551326417,0.562302343574571
1080_IOM_ANG_XX.mp4,-0.532,0.608,-0.46750341393563727,0.5454637328203253
1078_TSI_ANG_XX.mp4,-0.5791,0.6618,-0.4316944632530465,0.5142270430488812
1063_ITS_HAP_XX.mp4,0.644,0.483,0.5127378332255974,0.3996497603330409
1076_ITS_HAP_XX.mp4,0.6095,0.4571,-0.00876236590667744,0.32682063135872813
1042_ITS_FEA_XX.mp4,0.0785,0.0785,0.10843729881304676,0.18838006659880505
1048_IWL_NEU_XX.mp4,0.0854,0.0854,-0.020716531879869254,0.12802859460363436
1057_ITS_FEA_XX.mp4,0.0788,0.0788,-0.03495261739602924,0.09106335262512068
1053_MTI_DIS_XX.mp4,-0.455,0.1517,-0.13574390176896062,0.20388749487231367
1046_MTI_DIS_XX.mp4,0.0843,0.0843,-0.0024988837182747413,0.09506198246008647
1002_TSI_DIS_XX.mp4,-0.6212,0.355,-0.35562231387267923,0.34779998298072623
1017_TSI_DIS_XX.mp4,0.0,0.0,-0.0017254033894273586,0.1033705772481028
1083_IEO_HAP_MD.mp4,0.6,0.45,-0.14704579972112003,0.09421877691111188
1033_TAI_DIS_XX.mp4,0.0798,0.0798,-0.20256224515896265,0.27112628415528783
1026_TAI_DIS_XX.mp4,-0.5294,0.605,-0.17647048891607778,0.2908237204821334
1083_TSI_SAD_XX.mp4,0.0778,0.0778,0.031046834978799665,0.08782131220199361
1087_IEO_HAP_HI.mp4,0.0,0.0,-0.18912530298049854,0.27029386676017936
1081_TAI_HAP_XX.mp4,-0.4881,0.5695,-0.3684106667354576,0.5409483566573773
1029_MTI_ANG_XX.mp4,-0.6339,0.7245,-0.6040511066028954,0.6514848472601198
1020_IEO_DIS_HI.mp4,-0.4657,0.1552,-0.14287754056529878,0.15467699519996753
1035_IEO_DIS_HI.mp4,-0.4736,0.5526,-0.5732659316794828,0.6278665200309326
1065_IWL_DIS_XX.mp4,0.0829,0.0829,0.036859300284632426,0.09476934158143725
1070_IWL_DIS_XX.mp4,0.078,0.078,-0.0478223705254762,0.19169922818425525
1048_IOM_HAP_XX.mp4,0.0829,0.0829,0.10454291121969515,0.07581504284007241
1031_IEO_DIS_MD.mp4,0.0869,0.0869,0.02847383104362182,0.13167259940449216
1084_TSI_FEA_XX.mp4,0.0801,0.0801,-0.14146158783174648,0.1351293990465739
1069_IOM_FEA_XX.mp4,0.076,0.076,0.015818618054476864,0.08596392564624739
1024_IEO_DIS_MD.mp4,-0.5274,0.3014,-0.24770477510160843,0.23058116624048466
1091_TSI_FEA_XX.mp4,-0.4989,0.582,-0.17231061158670102,0.2853331391693601
1049_MTI_SAD_XX.mp4,0.0755,0.0755,-0.05110610845313371,0.12099149583420542
1084_IWL_ANG_XX.mp4,-0.5309,0.6068,-0.20129843590824842,0.34908509374318286
1091_IWL_ANG_XX.mp4,0.0687,0.0687,-0.007964975178471934,0.12980731377408733
1090_TAI_NEU_XX.mp4,0.086,0.086,0.029389021503361333,0.09188091486215046
1085_TAI_NEU_XX.mp4,0.0854,0.0854,-0.0704197529979351,0.1519239415543116
1059_IOM_NEU_XX.mp4,0.0822,0.0822,-0.003482397723347195,0.1353858976191584
1084_IEO_FEA_LO.mp4,0.0763,0.0763,-0.022352870039837908,0.10558777408619467
1091_IEO_FEA_LO.mp4,-0.4371,0.1457,-0.14633395491278298,0.16057487799357015
1046_WSI_DIS_XX.mp4,0.0857,0.0857,-0.04701522334383634,0.14545706847936754
1057_TIE_SAD_XX.mp4,0.0,0.0,-0.03001740885706578,0.1024341275014661
1053_WSI_DIS_XX.mp4,-0.5194,0.5936,-0.3380146205709104,0.30505674094191765
1042_TIE_SAD_XX.mp4,0.0749,0.0749,-0.026587706645777625,0.09008161148824834
1024_ITH_ANG_XX.mp4,0.0856,0.0856,-0.1437763943488386,0.2076685456022412
1031_ITH_ANG_XX.mp4,0.0738,0.0738,0.027877526771334614,0.1193713194244711
1002_IEO_DIS_LO.mp4,0.0788,0.0788,-0.1854070202945557,0.20566874791498055
1017_IEO_DIS_LO.mp4,-0.4387,0.1462,-0.012393856951457064,0.10087437287302813
1058_IWW_HAP_XX.mp4,-0.4192,0.4891,-0.04210242639585171,0.37040971761797303
1066_ITH_NEU_XX.mp4,0.0777,0.0777,0.0800763220826728,0.07137522538096418
1073_ITH_NEU_XX.mp4,0.0878,0.0878,-0.015398278064186772,0.1489169943561003
1079_IWW_FEA_XX.mp4,0.0,0.0,-0.05697006092609062,0.3165595771374941
1071_TIE_HAP_XX.mp4,0.0858,0.0858,0.006267276124304597,0.11898656048805378
1064_TIE_HAP_XX.mp4,0.692,0.519,0.1689018019420808,0.21863622442835404
1050_TIE_FEA_XX.mp4,0.0799,0.0799,0.04064652829893143,0.08144371923547361
1045_TIE_FEA_XX.mp4,0.0795,0.0795,-0.05855419588129515,0.1541248349352974
1083_IEO_SAD_LO.mp4,0.0771,0.0771,0.0815732301900372,0.10335864802133347
1057_IEO_NEU_XX.mp4,0.0863,0.0863,0.029277344450698812,0.10172397773782715
1042_IEO_NEU_XX.mp4,0.0788,0.0788,0.08906236328027774,0.10161972689626436
1044_ITH_SAD_XX.mp4,0.0,0.0,0.007225257360562913,0.10442150679598977
1051_ITH_SAD_XX.mp4,0.0841,0.0841,-0.005198807971946024,0.11299488896838995
1043_ITH_FEA_XX.mp4,0.0793,0.0793,-0.036647301265392625,0.13713157489579908
1049_IWW_NEU_XX.mp4,0.0838,0.0838,0.003033163835731627,0.10803543663444423
1056_ITH_FEA_XX.mp4,0.0,0.0,-0.036603326218675764,0.09325537776169214
1062_ITH_HAP_XX.mp4,0.0859,0.0859,0.0494533859075756,0.09271722204634085
1053_DFA_DIS_XX.mp4,-0.5432,0.3104,-0.1919117182572507,0.24060765209803706
1046_DFA_DIS_XX.mp4,0.0788,0.0788,0.06603390807290097,0.07930867635660961
1077_ITH_HAP_XX.mp4,0.0876,0.0876,0.12226996005935731,0.12130643805098681
1037_TIE_ANG_XX.mp4,-0.6393,0.7307,-0.6293596405143077,0.683086667908189
1022_TIE_ANG_XX.mp4,-0.5654,0.6462,-0.5318426879292343,0.5801624256969676
1075_TIE_NEU_XX.mp4,0.0794,0.0794,0.0030144674015524613,0.0941425099185664
1060_TIE_NEU_XX.mp4,0.0777,0.0777,-0.06543042964060901,0.13807285679334663
1005_TIE_NEU_XX.mp4,0.088,0.088,-0.004553104479948538,0.09473842013649567
1010_TIE_NEU_XX.mp4,0.078,0.078,-0.09698924457886787,0.12626293168960664
1047_TIE_ANG_XX.mp4,-0.5947,0.6796,-0.5945347759343965,0.6850603109161393
1052_TIE_ANG_XX.mp4,-0.6534,0.7468,-0.6452352148233174,0.6539672508213711
1033_ITH_FEA_XX.mp4,-0.4488,0.5236,-0.15562697102266126,0.21318393337229433
1039_IWW_NEU_XX.mp4,0.0765,0.0765,0.040241702176507334,0.08250148381594354
1026_ITH_FEA_XX.mp4,0.0774,0.0774,0.026195585084532885,0.09175661855685298
1012_ITH_HAP_XX.mp4,0.0724,0.0724,-0.05709349018442688,0.16276523663149745
1023_DFA_DIS_XX.mp4,0.0836,0.0836,0.08492357449017318,0.15438248607575492
1036_DFA_DIS_XX.mp4,-0.5542,0.6333,-0.3167797710644564,0.38975712501551607
1007_ITH_HAP_XX.mp4,0.0768,0.0768,-0.00040964389825140507,0.1048827608536006
1080_WSI_NEU_XX.mp4,-0.511,0.292,-0.2369685060009133,0.21385762331269687
1086_IEO_ANG_LO.mp4,-0.5309,0.6068,-0.21444489200171563,0.3237635237748136
1084_DFA_HAP_XX.mp4,0.0812,0.0812,0.06383423444972117,0.11534190516453784
1091_DFA_HAP_XX.mp4,0.6804,0.5103,0.23608275920154492,0.30326441507592244
1034_ITH_SAD_XX.mp4,0.0777,0.0777,0.04423476000928033,0.09214747343590403
1021_ITH_SAD_XX.mp4,0.0757,0.0757,-0.09852309422003376,0.1276513079335929
1027_IEO_NEU_XX.mp4,0.085,0.085,-0.014166465904424858,0.11022418916597143
1032_IEO_NEU_XX.mp4,0.0886,0.0886,0.09278147947260948,0.0751043937668869
1001_TIE_HAP_XX.mp4,0.0813,0.0813,-0.0708668485914924,0.19790730310747934
1014_TIE_HAP_XX.mp4,-0.5642,0.6448,-0.4253265319376289,0.6254330828544772
1020_TIE_FEA_XX.mp4,0.0771,0.0771,-0.1897739960250952,0.18737301080364915
1035_TIE_FEA_XX.mp4,-0.5858,0.6695,-0.42343327684719084,0.6351940228164047
1028_IWW_HAP_XX.mp4,0.6156,0.4617,0.34473993465692976,0.3024427706621056
1016_ITH_NEU_XX.mp4,0.0796,0.0796,-0.008147594386799191,0.12392833229359455
1091_WSI_HAP_XX.mp4,0.0812,0.0812,-0.09033122118423682,0.19912514226416153
1084_WSI_HAP_XX.mp4,0.0846,0.0846,-0.14668025336795004,0.21945159169619435
1003_ITH_NEU_XX.mp4,0.0885,0.0885,-0.15055399166739575,0.2818815501185576
1009_IWW_FEA_XX.mp4,-0.4938,0.5761,-0.16721717024209204,0.4142185646602341
1054_ITH_ANG_XX.mp4,-0.461,0.5378,-0.21483059779795563,0.4483818638120626
1041_ITH_ANG_XX.mp4,-0.5584,0.6382,-0.49075453141593595,0.48891766656999164
1072_IEO_DIS_LO.mp4,0.0,0.0,-0.04310463815841672,0.11247967933953477
1067_IEO_DIS_LO.mp4,-0.574,0.328,-0.12424939538294555,0.14691018108225432
1036_WSI_DIS_XX.mp4,-0.5647,0.3227,-0.4408615120792878,0.3547608526284027
1027_TIE_SAD_XX.mp4,0.0827,0.0827,-0.11105582161412547,0.11828510723710764
1080_DFA_NEU_XX.mp4,0.0804,0.0804,-0.09966546761408784,0.1435269908167159
1023_WSI_DIS_XX.mp4,0.0869,0.0869,-0.22206533256177874,0.3663036693609753
1032_TIE_SAD_XX.mp4,0.0779,0.0779,-0.09210627611019426,0.1515356907354879
1086_TSI_ANG_XX.mp4,-0.5829,0.6662,-0.6025415281705093,0.7016219125296268
1029_IOM_NEU_XX.mp4,0.0825,0.0825,0.09134754026929924,0.13121869601553873
1039_MTI_SAD_XX.mp4,-0.5123,0.1708,-0.03924710113336333,0.06951781185516455
1088_ITS_HAP_XX.mp4,-0.4842,0.5649,-0.11200890026353255,0.25091970262258495
1015_IWL_DIS_XX.mp4,0.0776,0.0776,-0.05315176799939947,0.12025929266115
1038_IOM_HAP_XX.mp4,0.0808,0.0808,0.005824545360153149,0.12215006204166444
1041_IEO_DIS_MD.mp4,-0.5503,0.3144,-0.059806517289024495,0.11688968048846712
1054_IEO_DIS_MD.mp4,-0.5448,0.3113,-0.1953552404907854,0.1694070987958885
1019_IOM_FEA_XX.mp4,-0.464,0.1547,-0.00339506236674665,0.15269055968550077
1059_MTI_ANG_XX.mp4,-0.6325,0.7229,-0.46229629902514374,0.6345488182967065
1050_IEO_DIS_HI.mp4,0.0862,0.0862,0.09846309941765599,0.09189246793124277
1081_IWL_SAD_XX.mp4,0.0755,0.0755,-0.0014770735613831572,0.07771830298280882
1045_IEO_DIS_HI.mp4,0.0,0.0,-0.08569928800957925,0.09768675909559427
1043_TAI_DIS_XX.mp4,0.0726,0.0726,-0.044665145096020806,0.12736310659687258
1056_TAI_DIS_XX.mp4,-0.4983,0.5695,-0.33488690917858865,0.5342688914859671
1072_TSI_DIS_XX.mp4,0.0758,0.0758,-0.09807210868785382,0.22882820185842162
1067_TSI_DIS_XX.mp4,0.0748,0.0748,-0.03719430747215145,0.17390057127542038
1086_IWL_FEA_XX.mp4,0.0789,0.0789,0.015108356179808156,0.12715386842884993
1023_MTI_DIS_XX.mp4,-0.4703,0.5487,-0.4376450507262262,0.4200350738286343
1036_MTI_DIS_XX.mp4,-0.5365,0.3066,-0.2645262470689832,0.2887576148952733
1013_ITS_HAP_XX.mp4,0.6592,0.4944,0.2921991538673095,0.37451571532162947
1006_ITS_HAP_XX.mp4,0.6849,0.5137,-0.038061988130258816,0.3450827603497089
1032_ITS_FEA_XX.mp4,-0.5177,0.6039,-0.09078193258822234,0.19553445841271602
1038_IWL_NEU_XX.mp4,0.0816,0.0816,-0.0319006203303165,0.12156504125517917
1027_ITS_FEA_XX.mp4,0.0,0.0,-0.15380524893807593,0.17696784092835252
1008_TSI_ANG_XX.mp4,-0.6345,0.7252,-0.552305886055182,0.5668382541710093
1084_MTI_HAP_XX.mp4,0.079,0.079,-0.018134403172040008,0.09516797036459221
1091_MTI_HAP_XX.mp4,0.0727,0.0727,0.08066480478023054,0.1374769295400419
1039_TAI_ANG_XX.mp4,-0.5867,0.6705,-0.46140752498739646,0.553491242230586
1035_ITS_SAD_XX.mp4,0.0,0.0,-0.020248141776451574,0.11756397050441456
1020_ITS_SAD_XX.mp4,-0.4433,0.1478,-0.19279270394187406,0.14674363220075745
1085_IOM_SAD_XX.mp4,0.0753,0.0753,0.004776304997712488,0.08999069499742979
1079_IEO_HAP_HI.mp4,0.672,0.504,0.5644804161127195,0.5374715751162217
1068_TSI_SAD_XX.mp4,0.079,0.079,-0.03906635361482037,0.12107827380897455
1090_IOM_SAD_XX.mp4,-0.4671,0.1557,-0.17181959986843776,0.09088580806532726
1058_IEO_FEA_HI.mp4,-0.513,0.5985,-0.5172085281538209,0.6278070785985485
1055_ITS_ANG_XX.mp4,0.075,0.075,-0.35480995836119833,0.3906580870990417
1040_ITS_ANG_XX.mp4,0.0818,0.0818,-0.0754612842264778,0.20995977714548555
1068_IEO_HAP_MD.mp4,0.0851,0.0851,-0.055011535206617924,0.15406029828383538
1017_ITS_NEU_XX.mp4,0.0786,0.0786,0.024006066304160387,0.08698177898598947
1002_ITS_NEU_XX.mp4,-0.4737,0.5526,-0.14861950057281742,0.21688322943636018
1059_TAI_SAD_XX.mp4,-0.5121,0.1707,-0.05909822217073345,0.1180889117557949
1008_IWL_FEA_XX.mp4,-0.4944,0.1648,-0.2628055049680576,0.38013200874930597
1004_IOM_DIS_XX.mp4,0.0822,0.0822,0.04861006910535814,0.0793068693050395
1049_IEO_FEA_MD.mp4,-0.5464,0.3122,-0.19799859847252485,0.41718045222618194
1011_IOM_DIS_XX.mp4,0.0746,0.0746,0.005103811988866664,0.14671977234789874
1029_IWL_HAP_XX.mp4,0.63,0.4725,0.02514675524193089,0.5098914982905559
1082_IOM_FEA_XX.mp4,0.0788,0.0788,-0.009838263734186769,0.21597831059177272
1080_MTI_NEU_XX.mp4,0.0881,0.0881,-0.004123016562616201,0.09317789103939611
1008_IEO_ANG_LO.mp4,-0.5476,0.3129,-0.22273799583075804,0.290472199228269
1039_DFA_SAD_XX.mp4,-0.4526,0.1509,0.09768646179028855,0.06491877947111564
1089_ITH_HAP_XX.mp4,0.0,0.0,0.05615981380891218,0.21916621556581797
1059_WSI_ANG_XX.mp4,-0.6146,0.7024,-0.5915952504265214,0.7022034928354594
1059_DFA_ANG_XX.mp4,-0.5966,0.6818,-0.6434976611786934,0.6772044370425709
1014_IWW_DIS_XX.mp4,-0.539,0.616,-0.2520184757865162,0.24254758944564844
1001_IWW_DIS_XX.mp4,0.0785,0.0785,-0.011303697926791511,0.119494823205877
1080_IWW_SAD_XX.mp4,0.0,0.0,-0.10033025902099897,0.1497528834091077
1039_WSI_SAD_XX.mp4,-0.4413,0.1471,-0.06296340941760226,0.10523762620649081
1028_TIE_DIS_XX.mp4,-0.5871,0.3355,-0.12250114961765457,0.12438772259650394
1068_IEO_SAD_LO.mp4,0.0,0.0,0.02442702360325866,0.07473190500014253
1087_IWW_FEA_XX.mp4,0.0,0.0,0.028446700229539754,0.1020267374456737
1050_ITH_SAD_XX.mp4,0.0727,0.0727,-0.0204855318197652,0.09192625194203174
1045_ITH_SAD_XX.mp4,0.0827,0.0827,-0.03309533066518495,0.11029055255988857
1043_IEO_NEU_XX.mp4,0.0797,0.0797,0.035232658850627166,0.10634768078260187
1056_IEO_NEU_XX.mp4,0.0845,0.0845,0.07315093722108577,0.0684672630708999
1061_TIE_NEU_XX.mp4,0.0819,0.0819,0.03328785496871489,0.09330051496733906
1074_TIE_NEU_XX.mp4,0.086,0.086,-0.0026976644195885165,0.12282690111574068
1023_TIE_ANG_XX.mp4,-0.5919,0.6764,-0.5437824360101642,0.6528322091079073
1036_TIE_ANG_XX.mp4,0.0736,0.0736,-0.06531515090727719,0.1475425892718423
1047_DFA_DIS_XX.mp4,0.0775,0.0775,0.037275629552064336,0.08735720775229153
1076_ITH_HAP_XX.mp4,0.0793,0.0793,-0.15676850170715767,0.353146708861155
1063_ITH_HAP_XX.mp4,0.6928,0.5196,0.06721130958613616,0.27995919422242177
1052_DFA_DIS_XX.mp4,0.07,0.07,0.031225225588048917,0.09675678629694513
1057_ITH_FEA_XX.mp4,-0.459,0.153,-0.0634990905083252,0.11677467122217854
1042_ITH_FEA_XX.mp4,0.0822,0.0822,-0.062239602701420337,0.16546519279805663
1048_IWW_NEU_XX.mp4,0.0773,0.0773,0.050452109769039244,0.12188057987828925
1052_WSI_DIS_XX.mp4,0.0822,0.0822,-0.0519898655985039,0.12153898159916825
1043_TIE_SAD_XX.mp4,0.0816,0.0816,-0.00016161038208385972,0.11348344352160296
1047_WSI_DIS_XX.mp4,-0.5456,0.6236,-0.2989984183369604,0.25398587210750107
1056_TIE_SAD_XX.mp4,0.0,0.0,0.016521769533138064,0.07611889787421702
1090_IEO_FEA_LO.mp4,0.0828,0.0828,0.05795646924452713,0.08173222996606463
1085_IEO_FEA_LO.mp4,0.0791,0.0791,0.05627047142258524,0.08998027811971653
1082_IEO_SAD_LO.mp4,0.0777,0.0777,0.03265173043268805,0.12941060144558078
1044_TIE_FEA_XX.mp4,-0.5514,0.6302,-0.24373647447649727,0.35047759624994074
1051_TIE_FEA_XX.mp4,-0.465,0.5425,-0.2401863555779473,0.3548866135901058
1065_TIE_HAP_XX.mp4,0.615,0.4612,0.08703484317740666,0.20844614417891888
1070_TIE_HAP_XX.mp4,0.0864,0.0864,0.2068828527171695,0.34323120679593716
1072_ITH_NEU_XX.mp4,0.0741,0.0741,-0.09621409246740877,0.13462949398868232
1078_IWW_FEA_XX.mp4,-0.5377,0.6273,-0.16215412692341405,0.20093052455302948
1067_ITH_NEU_XX.mp4,0.0842,0.0842,0.06445564787209872,0.08801400473080204
1059_IWW_HAP_XX.mp4,-0.5254,0.6005,-0.42504651791904774,0.4957936494802863
1016_IEO_DIS_LO.mp4,-0.4909,0.2805,-0.07607342518174773,0.1355619405837814
1003_IEO_DIS_LO.mp4,0.0805,0.0805,0.029675955207207293,0.08897450657048207
1030_ITH_ANG_XX.mp4,0.08,0.08,-0.45861145169670775,0.49740586823207655
1025_ITH_ANG_XX.mp4,0.0,0.0,-0.16691328073702338,0.34590325027157415
1090_IWL_ANG_XX.mp4,-0.5324,0.6084,-0.29096319859306596,0.4111654950705335
1085_IWL_ANG_XX.mp4,-0.6017,0.6876,-0.5527845826356454,0.6104572762688911
1048_MTI_SAD_XX.mp4,0.078,0.078,0.019404755878311905,0.0959756376299574
1058_IOM_NEU_XX.mp4,0.0819,0.0819,-0.08062006084514382,0.16074860510396094
1084_TAI_NEU_XX.mp4,0.0824,0.0824,-0.04771101672571417,0.16258010890592023
1091_TAI_NEU_XX.mp4,0.0827,0.0827,-0.07875291334044589,0.12174440540685172
1082_TSI_SAD_XX.mp4,0.0865,0.0865,0.0031428202610885936,0.09817032153581737
1086_IEO_HAP_HI.mp4,0.7251,0.5439,-0.19974370649231987,0.5124386025773424
1027_TAI_DIS_XX.mp4,0.0731,0.0731,-0.024258791748285477,0.0972667769607242
1032_TAI_DIS_XX.mp4,0.0753,0.0753,-0.0850265900596962,0.13997793561266092
1082_IEO_HAP_MD.mp4,0.0867,0.0867,0.17897960653421138,0.20529680050688248
1016_TSI_DIS_XX.mp4,-0.588,0.336,-0.45067805141409395,0.49343206384974664
1003_TSI_DIS_XX.mp4,-0.6103,0.3488,-0.4234395240933705,0.27885957348613427
1068_IOM_FEA_XX.mp4,0.0791,0.0791,0.029102760228372566,0.10770921844751413
1025_IEO_DIS_MD.mp4,-0.472,0.5507,-0.09806040800114012,0.14578072220576382
1090_TSI_FEA_XX.mp4,0.0788,0.0788,-0.04781760628466173,0.17867724013722328
1030_IEO_DIS_MD.mp4,0.0744,0.0744,0.01641899086457567,0.12359422045321729
1085_TSI_FEA_XX.mp4,0.0807,0.0807,-0.008204160081344444,0.11193053466423043
1071_IWL_DIS_XX.mp4,-0.5096,0.2912,-0.10039625545101442,0.11458504183839151
1049_IOM_HAP_XX.mp4,0.0,0.0,0.19813538334156297,0.3758064307868445
1064_IWL_DIS_XX.mp4,0.0766,0.0766,-0.13306387544622958,0.1454144085886081
1034_IEO_DIS_HI.mp4,0.0,0.0,-0.2940437081572128,0.36238499109950917
1021_IEO_DIS_HI.mp4,-0.5131,0.2932,-0.22561336856629152,0.162316544661102
1080_TAI_HAP_XX.mp4,0.0789,0.0789,-0.04707679251730663,0.22799736925290537
1028_MTI_ANG_XX.mp4,-0.5922,0.6768,-0.5219094236533002,0.5582366614262759
1081_IOM_ANG_XX.mp4,0.0,0.0,-0.14075447124543944,0.18064186082801093
1079_TSI_ANG_XX.mp4,-0.5911,0.6756,-0.4709760770057769,0.5760567818213284
1048_TAI_ANG_XX.mp4,-0.5549,0.3171,-0.503200899793528,0.49552361449397436
1051_ITS_SAD_XX.mp4,0.0729,0.0729,-0.02301061690054655,0.12225136099983552
1044_ITS_SAD_XX.mp4,0.0756,0.0756,-0.06834450779799496,0.14779194885281782
1047_MTI_DIS_XX.mp4,-0.56,0.32,-0.19698283387784782,0.17268714820334705
1052_MTI_DIS_XX.mp4,-0.546,0.312,-0.12181528557856452,0.15441944644602687
1056_ITS_FEA_XX.mp4,-0.4494,0.5243,-0.18606454353198032,0.4209525660912984
1043_ITS_FEA_XX.mp4,-0.474,0.553,-0.01391099729714481,0.24052112957523572
1049_IWL_NEU_XX.mp4,0.0782,0.0782,0.0614228817444508,0.11697586963948343
1077_ITS_HAP_XX.mp4,0.0,0.0,-0.038275603401424135,0.24955973690465713
1062_ITS_HAP_XX.mp4,0.078,0.078,0.03609432499977933,0.12812682345999155
1029_IEO_FEA_HI.mp4,-0.4776,0.5572,-0.5494336122395395,0.6159451849461407
1019_TSI_SAD_XX.mp4,0.0816,0.0816,0.011014050361066542,0.1206934818884541
1008_IEO_HAP_HI.mp4,-0.5263,0.6141,-0.3030313863586817,0.5811076080715297
1031_ITS_ANG_XX.mp4,0.0771,0.0771,-0.026791523722333246,0.1481146144962466
1024_ITS_ANG_XX.mp4,0.5529,0.4147,-0.13173009996142737,0.3171746609056478
1060_IOM_DIS_XX.mp4,0.0848,0.0848,-0.03798954076374323,0.10506359178332055
1058_IWL_HAP_XX.mp4,0.6588,0.4941,0.01569691693988165,0.40246983478094006
1038_IEO_FEA_MD.mp4,0.0846,0.0846,-0.03635113405237078,0.09303717156003144
1075_IOM_DIS_XX.mp4,0.0,0.0,0.02156555382699494,0.08150200564992705
1073_ITS_NEU_XX.mp4,0.0879,0.0879,-0.03963660098802919,0.14967403952283964
1028_TAI_SAD_XX.mp4,-0.5217,0.1739,-0.21544280708751357,0.18802480265565444
1079_IWL_FEA_XX.mp4,-0.468,0.156,-0.2764163750611248,0.3834680847608269
1066_ITS_NEU_XX.mp4,0.0778,0.0778,0.07308764946306397,0.08593035830101196
1019_IEO_HAP_MD.mp4,0.0846,0.0846,0.09522870581716247,0.09152652152559908
1048_DFA_SAD_XX.mp4,0.0822,0.0822,0.06408841465688013,0.0862157373461388
1028_WSI_ANG_XX.mp4,-0.5922,0.6768,-0.42315168630344774,0.5263352824949455
1091_IWW_ANG_XX.mp4,-0.5131,0.2932,-0.1580806999088419,0.27906467560448966
1084_IWW_ANG_XX.mp4,-0.4602,0.5369,-0.14505749121473147,0.2635292585087256
1079_IEO_ANG_LO.mp4,-0.5647,0.6453,-0.38234256459486454,0.5777081924089473
1019_IEO_SAD_LO.mp4,0.0816,0.0816,0.008349421717294999,0.09413712400573679
1028_DFA_ANG_XX.mp4,-0.5807,0.6636,-0.5298528666621147,0.5509544126136374
1070_IWW_DIS_XX.mp4,-0.5451,0.3115,-0.22900261653392734,0.3049569925826762
1065_IWW_DIS_XX.mp4,0.0,0.0,0.04488533281032791,0.10920035090655218
1048_WSI_SAD_XX.mp4,-0.4967,0.1656,-0.04671655384433048,0.12552266460659411
1059_TIE_DIS_XX.mp4,0.0,0.0,-0.5064494805141458,0.42749772112284923
1004_IEO_SAD_LO.mp4,-0.466,0.1553,-0.1653766166207707,0.1566111830004642
1011_IEO_SAD_LO.mp4,0.0,0.0,-0.02034770026148452,0.1437774451728865
1085_IEO_DIS_LO.mp4,-0.525,0.3,-0.1823661131206248,0.14781799512940907
1090_IEO_DIS_LO.mp4,0.0849,0.0849,0.0011615780238071922,0.1062336351035935
1066_WSI_HAP_XX.mp4,0.0,0.0,-0.1621170644087423,0.19204288821870305
1073_WSI_HAP_XX.mp4,-0.5369,0.3068,-0.20505275026558753,0.2933815031742076
1047_WSI_FEA_XX.mp4,0.0736,0.0736,-0.11835379315142228,0.1974128906944462
1052_WSI_FEA_XX.mp4,-0.431,0.5028,-0.14757690087916045,0.20116713246503232
1022_IEO_HAP_LO.mp4,0.0874,0.0874,0.06479089507041311,0.12170511880515099
1037_IEO_HAP_LO.mp4,0.0747,0.0747,0.023929536729136554,0.14488743082773564
1035_DFA_ANG_XX.mp4,-0.546,0.312,-0.4353997489649712,0.5510240079086464
1003_IEO_FEA_LO.mp4,-0.5015,0.2866,-0.06836340626821467,0.12189751066291052
1016_IEO_FEA_LO.mp4,0.0679,0.0679,-0.012343227476672972,0.10152983543482322
1020_DFA_ANG_XX.mp4,-0.5138,0.5872,-0.2229169849536476,0.3949080409265614
1077_DFA_NEU_XX.mp4,0.0742,0.0742,0.06604829960820492,0.11296055112455268
1062_DFA_NEU_XX.mp4,0.0863,0.0863,0.08169426711899316,0.06903103232651552
1078_IWW_DIS_XX.mp4,0.0692,0.0692,-0.0310225335977351,0.1392458465261328
1040_WSI_SAD_XX.mp4,0.0772,0.0772,-0.11986365176145204,0.13917358302027363
1051_TIE_DIS_XX.mp4,-0.5168,0.2953,-0.22582902655854864,0.2713731999848789
1055_WSI_SAD_XX.mp4,0.0768,0.0768,-0.14027298897592802,0.18061188290645255
1044_TIE_DIS_XX.mp4,-0.595,0.68,-0.43044185029340515,0.5753688798524053
1055_DFA_SAD_XX.mp4,-0.4927,0.1642,-0.06532952301803127,0.12243640762656038
1040_DFA_SAD_XX.mp4,0.0786,0.0786,-0.00025962850690616264,0.08736382318485565
1062_WSI_NEU_XX.mp4,0.0845,0.0845,0.013089359451989592,0.1283462847230029
1077_WSI_NEU_XX.mp4,0.0772,0.0772,-0.1668707431477166,0.2070693943043315
1020_WSI_ANG_XX.mp4,-0.6066,0.6932,-0.362700438897745,0.4402678993294258
1035_WSI_ANG_XX.mp4,-0.6093,0.6964,-0.5938904261754718,0.6620019906075185
1073_DFA_HAP_XX.mp4,0.0748,0.0748,0.06189689080489698,0.2244749323463071
1042_ITH_DIS_XX.mp4,0.0,0.0,-0.04229014661495689,0.1024401988997138
1057_ITH_DIS_XX.mp4,0.0743,0.0743,-0.011651974783157682,0.10365343860070009
1066_DFA_HAP_XX.mp4,0.0857,0.0857,0.1795728355071732,0.08402657415237137
1052_DFA_FEA_XX.mp4,-0.4377,0.5106,-0.1562617069810859,0.28642369204502105
1064_IEO_ANG_LO.mp4,-0.546,0.624,-0.34151181606999875,0.39095651984642055
1071_IEO_ANG_LO.mp4,-0.5132,0.2933,-0.10940087101972058,0.11571036182511249
1047_DFA_FEA_XX.mp4,0.0,0.0,0.01767427535039863,0.2845603788841548
1003_TSI_FEA_XX.mp4,-0.5051,0.5893,-0.2780615047617142,0.468166624198932
1016_TSI_FEA_XX.mp4,-0.4773,0.5568,-0.3810034235051147,0.4562442452624376
1026_IEO_SAD_HI.mp4,-0.4506,0.5257,-0.11381148581366904,0.176171662729666
1022_TSI_HAP_XX.mp4,0.0858,0.0858,0.11656128233279933,0.12084045680672531
1037_TSI_HAP_XX.mp4,0.0,0.0,0.03951332174391864,0.3125347617197554
1033_IEO_SAD_HI.mp4,0.0903,0.0903,0.019882492742354842,0.1080044263971623
1032_TAI_FEA_XX.mp4,0.0729,0.0729,-0.04000741603688741,0.13385733541422049
1063_IWL_SAD_XX.mp4,0.0744,0.0744,0.005896819717820131,0.09773949425939184
1076_IWL_SAD_XX.mp4,0.0721,0.0721,-0.018314909137352283,0.09530814997321585
1027_TAI_FEA_XX.mp4,-0.4755,0.5547,-0.39353970486964507,0.46197753177500617
1037_IEO_SAD_MD.mp4,0.0797,0.0797,0.03614640695433893,0.10567354909322746
1013_TAI_HAP_XX.mp4,0.6173,0.463,0.021058093654679387,0.49282200960369027
1006_TAI_HAP_XX.mp4,0.6018,0.4513,-0.12545499776391658,0.3274049349167138
1022_IEO_SAD_MD.mp4,0.0789,0.0789,-0.04314883139380359,0.12491006195661425
1004_TSI_SAD_XX.mp4,0.0771,0.0771,-0.12559743299892664,0.15756284349144045
1015_IEO_HAP_HI.mp4,0.0759,0.0759,-0.03461052031620671,0.08972090989553101
1011_TSI_SAD_XX.mp4,0.0812,0.0812,0.001791858725512671,0.10784940950232058
1021_IEO_FEA_HI.mp4,-0.4467,0.1489,-0.13402602177239617,0.14917353809353484
1034_IEO_FEA_HI.mp4,-0.6032,0.6893,-0.5304351121583674,0.6629188774022545
1039_ITS_ANG_XX.mp4,0.0,0.0,-0.27836457768283235,0.2682041347142134
1064_IWL_FEA_XX.mp4,0.0,0.0,-0.10002114915948138,0.1682598313724685
1035_TAI_SAD_XX.mp4,-0.5306,0.3032,-0.043133878611149236,0.12408099989575913
1011_IEO_HAP_MD.mp4,0.0789,0.0789,0.041065225299422844,0.08781245167834252
1004_IEO_HAP_MD.mp4,-0.5273,0.3013,-0.2442397207414033,0.25091368554070265
1020_TAI_SAD_XX.mp4,-0.4627,0.1542,-0.08070257313912205,0.11799601922826208
1071_IWL_FEA_XX.mp4,0.0817,0.0817,-0.02058840305203002,0.10880239473897722
1085_TSI_DIS_XX.mp4,0.0783,0.0783,-0.06875584907037693,0.16158282046955366
1030_IEO_FEA_MD.mp4,0.0815,0.0815,0.022654762350836268,0.0989949282181778
1045_IWL_HAP_XX.mp4,0.082,0.082,-0.01898362103957369,0.1498134884234691
1068_IOM_DIS_XX.mp4,0.0762,0.0762,0.04942360543635836,0.10159062363429225
1050_IWL_HAP_XX.mp4,0.0,0.0,-0.031278399239269956,0.26158957960455365
1090_TSI_DIS_XX.mp4,0.0775,0.0775,-0.08837331652254127,0.16816109479017238
1025_IEO_FEA_MD.mp4,0.0793,0.0793,-0.03238099030156601,0.10427241284962992
1026_TSI_NEU_XX.mp4,0.0764,0.0764,-0.0394607893287192,0.1427380007146268
1033_TSI_NEU_XX.mp4,0.0832,0.0832,-0.024088998253950077,0.14814157554940036
1064_TSI_ANG_XX.mp4,-0.6051,0.6916,-0.507620615454994,0.5955384991244166
1089_IOM_ANG_XX.mp4,-0.5771,0.6596,-0.6057798337526421,0.6767918303274596
1071_TSI_ANG_XX.mp4,-0.5377,0.3073,-0.3008300576795132,0.412785529701963
1055_TAI_ANG_XX.mp4,-0.5557,0.6351,-0.3630460947555809,0.45559080706842986
1040_TAI_ANG_XX.mp4,0.0,0.0,-0.19660325455642394,0.2416844965721406
1017_TAI_NEU_XX.mp4,0.0848,0.0848,-0.018813882762510246,0.07463852837862649
1059_ITS_SAD_XX.mp4,0.0788,0.0788,0.030318338566256646,0.12366940794366238
1002_TAI_NEU_XX.mp4,0.0763,0.0763,-0.08735007545562133,0.18966576610663127
1046_IEO_ANG_HI.mp4,-0.5775,0.66,-0.557179184349938,0.600128921116061
1053_IEO_ANG_HI.mp4,-0.6755,0.772,-0.4420410695720169,0.6616247942391249
1041_IWL_NEU_XX.mp4,0.0857,0.0857,0.012964217755726554,0.09053723846171716
1054_IWL_NEU_XX.mp4,0.0827,0.0827,0.0360067015029106,0.09251977906739009
1003_IWL_ANG_XX.mp4,-0.6254,0.7148,-0.6233560122912969,0.6960790151371349
1016_IWL_ANG_XX.mp4,-0.5683,0.6495,-0.6460791846326686,0.7399810276388796
1057_IEO_ANG_MD.mp4,-0.5587,0.6385,-0.5067646371730442,0.5014202717640425
1042_IEO_ANG_MD.mp4,0.0,0.0,-0.15437148845602722,0.2751989581490155
1072_IOM_SAD_XX.mp4,0.068,0.068,-0.02251755783436835,0.10000870784113079
1067_IOM_SAD_XX.mp4,0.0743,0.0743,0.01614566485904698,0.06635390552322337
1054_IOM_HAP_XX.mp4,0.0843,0.0843,0.035805860520563344,0.10460086725149222
1079_IWL_DIS_XX.mp4,0.0764,0.0764,0.04031277766229262,0.21012055268228413
1041_IOM_HAP_XX.mp4,0.0842,0.0842,0.07852121709838111,0.0810243144459713
1038_IEO_DIS_MD.mp4,-0.5425,0.31,-0.46319069324886564,0.39512391859191426
1075_IOM_FEA_XX.mp4,0.0883,0.0883,-0.026101819505977526,0.09047302915258641
1060_IOM_FEA_XX.mp4,-0.4302,0.1434,-0.0818682053649368,0.07576539662628912
1077_MTI_NEU_XX.mp4,0.0873,0.0873,0.09957190845895426,0.12986356813587857
1062_MTI_NEU_XX.mp4,0.0875,0.0875,0.060952675411132126,0.09001078118249077
1035_MTI_ANG_XX.mp4,0.0,0.0,-0.07238451149731712,0.23924551194794688
1088_TAI_HAP_XX.mp4,0.0,0.0,-0.017502693070389992,0.10763531595981538
1020_MTI_ANG_XX.mp4,0.6472,0.4854,0.14748340992154255,0.30205838826252507
1029_IEO_DIS_HI.mp4,-0.6685,0.764,-0.526749317447814,0.639148078614491
1055_MTI_SAD_XX.mp4,0.0803,0.0803,-0.04417504869235639,0.1103957658842749
1040_MTI_SAD_XX.mp4,-0.4503,0.1501,-0.06614715729961057,0.07823224019855556
1012_IOM_ANG_XX.mp4,-0.5701,0.6516,-0.4438837041007128,0.5485286468123254
1007_IOM_ANG_XX.mp4,-0.5629,0.6433,-0.16691190688875843,0.30871697950647464
1050_IOM_NEU_XX.mp4,0.077,0.077,0.0792536390607105,0.07563286634844457
1045_IOM_NEU_XX.mp4,0.0838,0.0838,0.051443149247419495,0.08581862940224688
1043_ITS_DIS_XX.mp4,0.0741,0.0741,-0.08028054272470152,0.13356502423535732
1056_ITS_DIS_XX.mp4,0.0746,0.0746,0.02008477119498886,0.13248975481686365
1052_MTI_FEA_XX.mp4,-0.4702,0.5486,-0.11935394663068113,0.37694098962268224
1047_MTI_FEA_XX.mp4,0.0786,0.0786,-0.08732181407712612,0.27085320539877666
1073_MTI_HAP_XX.mp4,0.0804,0.0804,-0.07141855462419817,0.20274794336014726
1066_MTI_HAP_XX.mp4,0.0852,0.0852,0.10655585125837239,0.14298853843296805
1062_IWW_SAD_XX.mp4,0.0784,0.0784,0.006952894308944001,0.11226216329003717
1077_IWW_SAD_XX.mp4,0.0836,0.0836,0.059276573899687275,0.08876372696643241
1078_TIE_HAP_XX.mp4,0.0,0.0,-0.042745537346688706,0.24132774403382884
1059_TIE_FEA_XX.mp4,-0.456,0.532,-0.4566390922963897,0.5769837863552889
1044_IWW_HAP_XX.mp4,0.0804,0.0804,-0.11082917170495575,0.20446713456750742
1051_IWW_HAP_XX.mp4,-0.4572,0.5334,-0.02591012300204795,0.20951421821274144
1065_IWW_FEA_XX.mp4,-0.5079,0.2902,-0.0481580353701308,0.14675146798098831
1070_IWW_FEA_XX.mp4,0.0789,0.0789,-0.00013850686902110507,0.20290087909076387
1038_ITH_ANG_XX.mp4,0.0,0.0,-0.35607810512426424,0.32471956980280614
1058_ITH_SAD_XX.mp4,0.0778,0.0778,-0.038504636690994895,0.12077613419997613
1069_TIE_NEU_XX.mp4,0.0,0.0,-0.024673520733037958,0.12809953302840468
1002_IWW_ANG_XX.mp4,-0.5835,0.6669,-0.2550804314860816,0.43324671986988333
1017_IWW_ANG_XX.mp4,0.0709,0.0709,0.0032954254038954937,0.09311920798151957
1040_IWW_NEU_XX.mp4,0.085,0.085,-0.029554294916494344,0.10581487439655216
1055_IWW_NEU_XX.mp4,0.0869,0.0869,-0.09433429327845162,0.13252797152824008
1067_IEO_FEA_LO.mp4,0.0,0.0,-0.0661276661631472,0.14149539350605436
1051_DFA_ANG_XX.mp4,-0.5316,0.6076,-0.197295602567336,0.34554447065881017
1044_DFA_ANG_XX.mp4,-0.5887,0.6728,-0.6425584967455253,0.6987492619233706
1072_IEO_FEA_LO.mp4,0.0,0.0,0.0010404874002825377,0.10923786889328017
1046_IEO_HAP_LO.mp4,0.0844,0.0844,0.1252029898386815,0.13351455399819395
1053_IEO_HAP_LO.mp4,0.0815,0.0815,0.07930062169260704,0.15069276047923932
1009_IWW_DIS_XX.mp4,-0.4793,0.5591,-0.20786949220351303,0.23354838496550917
1013_DFA_NEU_XX.mp4,0.0867,0.0867,0.01744990670166996,0.11628704701969209
1006_DFA_NEU_XX.mp4,0.0796,0.0796,0.008310806700018337,0.08961096267609978
1024_WSI_SAD_XX.mp4,0.0735,0.0735,-0.11409426306294745,0.22828893600861153
1035_TIE_DIS_XX.mp4,0.687,0.5152,-0.14061408604120493,0.24919184820208207
1031_WSI_SAD_XX.mp4,0.0801,0.0801,0.02743064997673104,0.09942909109771661
1020_TIE_DIS_XX.mp4,0.0,0.0,-0.10709571158980499,0.14604081092485915
1088_IWW_SAD_XX.mp4,0.0722,0.0722,0.004903667190003032,0.09526144815241966
1087_TIE_HAP_XX.mp4,0.0865,0.0865,0.015222919381599481,0.09568357850311297
1060_IEO_SAD_LO.mp4,0.0778,0.0778,0.019459614410027942,0.07561507143705538
1075_IEO_SAD_LO.mp4,0.0759,0.0759,0.09764546386401642,0.07072734741629423
1023_WSI_FEA_XX.mp4,-0.582,0.6651,-0.515027722560067,0.6330291016476118
1036_WSI_FEA_XX.mp4,-0.5437,0.6343,-0.5661794808096526,0.5446535811414736
1002_WSI_HAP_XX.mp4,-0.5635,0.644,-0.32878491304228746,0.46761365705932145
1085_ITH_NEU_XX.mp4,0.0841,0.0841,-0.08895647446752841,0.17744789819871432
1090_ITH_NEU_XX.mp4,0.0746,0.0746,0.03677913000612643,0.10540699019764777
1017_WSI_HAP_XX.mp4,-0.5365,0.6132,-0.33141755938046047,0.4209293223994374
1036_DFA_FEA_XX.mp4,-0.4533,0.5289,-0.2677221752371594,0.36921806628283166
1023_DFA_FEA_XX.mp4,0.0777,0.0777,0.061614438977976346,0.2240647509633402
1015_IEO_ANG_LO.mp4,-0.4868,0.5564,-0.41763606889374144,0.427755163489617
1026_ITH_DIS_XX.mp4,-0.5674,0.3242,-0.12736330967933535,0.194111726271671
1017_DFA_HAP_XX.mp4,0.0876,0.0876,0.08868857229669244,0.06155847755458937
1002_DFA_HAP_XX.mp4,0.5988,0.4491,0.08459906385317424,0.43959836348372133
1033_ITH_DIS_XX.mp4,0.0,0.0,-0.10802415297785453,0.13528207938806797
1031_DFA_SAD_XX.mp4,0.0874,0.0874,0.05012573982681356,0.06504869110338185
1083_TIE_NEU_XX.mp4,0.0746,0.0746,-0.15775725733613954,0.17080096577099915
1024_DFA_SAD_XX.mp4,0.0816,0.0816,-0.08099301477771584,0.16602025016000674
1081_ITH_HAP_XX.mp4,0.594,0.4455,0.030771692201676065,0.30873276695350943
1006_WSI_NEU_XX.mp4,0.0743,0.0743,-0.1092600943885118,0.17771002627432483
1013_WSI_NEU_XX.mp4,-0.5522,0.6311,-0.14483289118134632,0.22677854006232576
1044_WSI_ANG_XX.mp4,-0.5873,0.6712,-0.6337650064015091,0.6831653467415097
1051_WSI_ANG_XX.mp4,0.0817,0.0817,-0.377530792945807,0.4142887168076762
1045_IEO_FEA_HI.mp4,-0.4787,0.5584,-0.500791773571398,0.6135263562917449
1050_IEO_FEA_HI.mp4,-0.6727,0.7688,-0.5998692617948237,0.6747662351728804
1060_TSI_SAD_XX.mp4,0.0672,0.0672,-0.07526136763899337,0.09837529213001471
1064_IEO_HAP_HI.mp4,-0.489,0.5705,-0.4413670468553301,0.5642720971184669
1071_IEO_HAP_HI.mp4,0.0781,0.0781,-0.08109535418500796,0.19240649179057315
1075_TSI_SAD_XX.mp4,-0.4578,0.1526,0.0073960434494091416,0.10365274943977489
1048_ITS_ANG_XX.mp4,0.0821,0.0821,-0.3531826854538076,0.3498375099475061
1054_IEO_FEA_MD.mp4,-0.4506,0.5257,0.015055564417615942,0.10442548924982978
1019_IOM_DIS_XX.mp4,-0.5915,0.338,-0.1112660154545908,0.1501427127148288
1021_IWL_HAP_XX.mp4,0.0792,0.0792,-0.10599612085127981,0.20591962408478234
1034_IWL_HAP_XX.mp4,0.0771,0.0771,-0.05113283849928432,0.10422454499410351
1041_IEO_FEA_MD.mp4,-0.405,0.135,-0.024241701800704677,0.08972856636031462
1051_TAI_SAD_XX.mp4,-0.4676,0.1559,-0.08096829817573338,0.10301571280556107
1075_IEO_HAP_MD.mp4,0.0813,0.0813,0.09851543348464412,0.09187113251621258
1060_IEO_HAP_MD.mp4,0.6218,0.4663,0.16897331159346032,0.16489978467543367
1015_IWL_FEA_XX.mp4,-0.4136,0.4825,-0.1386626363315203,0.26044063407312895
1044_TAI_SAD_XX.mp4,-0.4491,0.524,-0.08343818817177837,0.155175189107597
1086_IWL_DIS_XX.mp4,0.0844,0.0844,0.0027136219858272114,0.0884948428887534
1042_IEO_SAD_HI.mp4,0.0795,0.0795,-0.038731681154813236,0.1413117451439187
1046_TSI_HAP_XX.mp4,0.0753,0.0753,0.034853511415812506,0.11026299577573141
1053_TSI_HAP_XX.mp4,-0.5285,0.604,-0.24236488896942687,0.40683232008773285
1057_IEO_SAD_HI.mp4,0.0773,0.0773,0.01362841687022883,0.08805200659114662
1067_TSI_FEA_XX.mp4,0.0762,0.0762,-0.04303338339754222,0.1697258258634025
1072_TSI_FEA_XX.mp4,-0.5235,0.6108,-0.421112905206164,0.5297832569318437
1053_IEO_SAD_MD.mp4,0.0861,0.0861,0.010536973105794956,0.0980150595566124
1077_TAI_HAP_XX.mp4,0.0846,0.0846,0.21436125669583717,0.10632981922574126
1062_TAI_HAP_XX.mp4,0.0857,0.0857,0.16902075243507012,0.09419591928551889
1046_IEO_SAD_MD.mp4,0.0766,0.0766,0.061987320508310066,0.0717930167652151
1007_IWL_SAD_XX.mp4,0.0826,0.0826,-0.027932684465153748,0.11916513691239759
1056_TAI_FEA_XX.mp4,-0.4473,0.5219,-0.18016241702019126,0.35120413823984464
1043_TAI_FEA_XX.mp4,-0.4088,0.1363,-0.14073639969314242,0.18661783475715032
1012_IWL_SAD_XX.mp4,0.0744,0.0744,-0.0275221960187613,0.12276739995999074
1088_MTI_NEU_XX.mp4,0.0828,0.0828,0.08417554939845864,0.100164537374971
1022_IEO_ANG_HI.mp4,-0.6405,0.732,-0.5799144797868337,0.697831094744759
1037_IEO_ANG_HI.mp4,-0.6303,0.7204,-0.6070114738678708,0.7320377962610608
1025_IWL_NEU_XX.mp4,0.0774,0.0774,-0.023922288186244877,0.10507140448010273
1030_IWL_NEU_XX.mp4,0.0856,0.0856,0.04138788479700687,0.09144367754261955
1033_IEO_ANG_MD.mp4,-0.574,0.656,-0.48921951073104925,0.5764856984614557
1026_IEO_ANG_MD.mp4,-0.539,0.616,-0.48831530212901864,0.5649338888302023
1067_IWL_ANG_XX.mp4,0.0,0.0,-0.12019488143827055,0.1661932577032198
1072_IWL_ANG_XX.mp4,-0.5645,0.6452,-0.4600108158711412,0.5854231284349352
1042_TSI_NEU_XX.mp4,0.0792,0.0792,-0.01070737938376604,0.12602056048915328
1057_TSI_NEU_XX.mp4,0.0813,0.0813,-0.01045621310327173,0.11151653678198477
1015_TSI_ANG_XX.mp4,-0.5788,0.6615,-0.4290209898675134,0.4324623748169317
1031_TAI_ANG_XX.mp4,0.0853,0.0853,0.00948151862782301,0.19012712312013538
1024_TAI_ANG_XX.mp4,0.0848,0.0848,-0.1842833906583272,0.33313880989805966
1028_ITS_SAD_XX.mp4,-0.51,0.17,-0.24590103793345924,0.21645450545857198
1073_TAI_NEU_XX.mp4,0.0877,0.0877,0.009371727431860426,0.09506433455132039
1066_TAI_NEU_XX.mp4,0.0777,0.0777,0.0073830726076651795,0.1208579240211321
1011_IOM_FEA_XX.mp4,0.0801,0.0801,0.014480365725584922,0.11634616877264005
1004_IOM_FEA_XX.mp4,0.0771,0.0771,0.03328588733432506,0.11593529774382075
1049_IEO_DIS_MD.mp4,0.6168,0.4626,-0.04253732679230927,0.31548096032448625
1008_IWL_DIS_XX.mp4,0.0,0.0,-0.10067615963650867,0.2370170546839552
1030_IOM_HAP_XX.mp4,0.0851,0.0851,0.13257441957211816,0.1314680081925165
1025_IOM_HAP_XX.mp4,0.6505,0.4879,0.01901991651869726,0.21891582880023194
1013_MTI_NEU_XX.mp4,0.0794,0.0794,-0.06164790163508905,0.1327648179438202
1006_MTI_NEU_XX.mp4,0.0772,0.0772,-0.1351404946359249,0.1354330872451059
1089_IWL_SAD_XX.mp4,-0.4788,0.1596,-0.15165762825666132,0.13666200882451499
1058_IEO_DIS_HI.mp4,-0.4978,0.2844,-0.29260782089331305,0.26706363084175644
1051_MTI_ANG_XX.mp4,-0.532,0.608,-0.4212859705096993,0.47383331551864577
1044_MTI_ANG_XX.mp4,0.0828,0.0828,-0.3002686656168532,0.3248311207937369
1016_IOM_SAD_XX.mp4,0.0801,0.0801,0.018503707242333967,0.08950677414035652
1003_IOM_SAD_XX.mp4,-0.438,0.146,-0.030674641980578312,0.09021278409478409
1084_ITS_NEU_XX.mp4,0.08,0.08,0.0055836532825971,0.15067327127864635
1091_ITS_NEU_XX.mp4,0.0786,0.0786,-0.09878162635829302,0.156245761044685
1082_IOM_DIS_XX.mp4,0.0771,0.0771,0.07421905437427903,0.12030554184321932
1076_IOM_ANG_XX.mp4,-0.5172,0.2956,-0.0810330929817967,0.20723177154717468
1063_IOM_ANG_XX.mp4,-0.539,0.616,-0.07561698862172667,0.43192352301322395
1027_ITS_DIS_XX.mp4,0.0734,0.0734,-0.10602723717242367,0.153552012631045
1032_ITS_DIS_XX.mp4,0.0752,0.0752,-0.07013038264480315,0.1297182599201788
1034_IOM_NEU_XX.mp4,0.0794,0.0794,0.07917923079721219,0.08860500302184555
1021_IOM_NEU_XX.mp4,0.0804,0.0804,0.10968236306826856,0.10259753906511063
1017_MTI_HAP_XX.mp4,0.0776,0.0776,0.11949917271312648,0.11161361584467777
1002_MTI_HAP_XX.mp4,0.0,0.0,-0.19233256827583362,0.3181026013405108
1036_MTI_FEA_XX.mp4,-0.5284,0.6164,-0.28980809033177174,0.3893580940854136
1023_MTI_FEA_XX.mp4,0.0746,0.0746,0.03505585508877645,0.24815912663283377
1031_MTI_SAD_XX.mp4,0.0794,0.0794,-0.026225876193431617,0.0915699135277321
1024_MTI_SAD_XX.mp4,0.0801,0.0801,-0.07127695915191082,0.10755199849902101
1080_ITS_HAP_XX.mp4,0.0786,0.0786,-0.041484437355917614,0.1756066734309912
1028_TIE_FEA_XX.mp4,-0.4599,0.1533,-0.3606050086516345,0.25327399030259495
1009_TIE_HAP_XX.mp4,-0.504,0.288,-0.28676832345001924,0.38867469578961145
1001_IWW_FEA_XX.mp4,-0.5311,0.607,-0.15476665455341965,0.2581471731898851
1014_IWW_FEA_XX.mp4,-0.4466,0.5211,-0.1263754192571162,0.2083595565159148
1020_IWW_HAP_XX.mp4,0.0797,0.0797,-0.06229928534426256,0.19577461156301326
1035_IWW_HAP_XX.mp4,0.5867,0.44,0.014898791703583648,0.25119733804593886
1049_ITH_ANG_XX.mp4,-0.5168,0.6029,-0.4543587767900712,0.5879388244050083
1088_DFA_NEU_XX.mp4,0.0866,0.0866,0.0831040759486725,0.10689444863033057
1087_IWW_DIS_XX.mp4,0.0703,0.0703,0.030824687510166152,0.07560068385118862
1006_IWW_SAD_XX.mp4,-0.4737,0.1579,-0.14113197950160572,0.15496404002021577
1013_IWW_SAD_XX.mp4,-0.4233,0.4938,-0.13032751261240944,0.21577646654191496
1018_TIE_NEU_XX.mp4,0.0851,0.0851,-0.06005723851704259,0.1112927247714228
1066_IWW_ANG_XX.mp4,0.0,0.0,-0.03737015306940216,0.19509144514923726
1073_IWW_ANG_XX.mp4,-0.5603,0.6404,-0.28765779422601057,0.3726473446083124
1088_WSI_NEU_XX.mp4,0.0776,0.0776,-0.06169324944258279,0.1275602311811113
1024_IWW_NEU_XX.mp4,0.0746,0.0746,-0.014415553715492788,0.11291116314680472
1031_IWW_NEU_XX.mp4,0.0783,0.0783,-0.006913415636504186,0.11017112600452134
1029_ITH_SAD_XX.mp4,-0.477,0.5565,-0.23695720157630304,0.33584274472882014
1039_WSI_FEA_XX.mp4,-0.516,0.172,-0.010083769945715637,0.10263263439462758
1080_IWW_FEA_XX.mp4,-0.4247,0.4954,-0.12968092954174096,0.2112279773627623
1018_WSI_HAP_XX.mp4,0.0,0.0,-0.056396658225547215,0.25843188416986285
1088_TIE_HAP_XX.mp4,0.0845,0.0845,0.01575205077061326,0.09090621316479541
1087_IWW_SAD_XX.mp4,0.0741,0.0741,0.11300331685405438,0.06604055170857843
1068_IEO_FEA_LO.mp4,0.0761,0.0761,-0.03415945417277194,0.0995492456528784
1049_IEO_HAP_LO.mp4,0.0731,0.0731,0.14809086567497667,0.20883920997579072
1006_IWW_DIS_XX.mp4,0.0703,0.0703,-0.1313568008917416,0.16911366136195644
1013_IWW_DIS_XX.mp4,-0.553,0.316,0.015928874618614242,0.16705380903852754
1009_DFA_NEU_XX.mp4,0.0769,0.0769,0.048858369771382026,0.10346701058980207
1009_WSI_NEU_XX.mp4,0.0821,0.0821,-0.1650468678269943,0.21340718239517203
1039_DFA_FEA_XX.mp4,0.0732,0.0732,-0.04476310194443284,0.09304485369008476
1018_DFA_HAP_XX.mp4,0.6985,0.5239,0.3063360257065131,0.2910906581535102
1029_ITH_DIS_XX.mp4,-0.5518,0.6307,-0.4819473057907634,0.5931777306458847
1078_TAI_HAP_XX.mp4,0.0,0.0,0.03621668203235325,0.33679388804002813
1049_IEO_SAD_MD.mp4,-0.4847,0.1616,-0.015884153673778476,0.11580740307430386
1059_TAI_FEA_XX.mp4,-0.4699,0.5482,-0.38486372875376373,0.41454596981946484
1008_IWL_SAD_XX.mp4,0.0843,0.0843,-0.08343774301444316,0.22837417219045217
1087_MTI_NEU_XX.mp4,0.0801,0.0801,-0.00999086950410185,0.08945184170666048
1049_TSI_HAP_XX.mp4,-0.5357,0.6249,-0.18621342214826575,0.5113618181825474
1089_IWL_DIS_XX.mp4,0.5505,0.4129,0.03839372803436169,0.366489329806774
1058_IEO_SAD_HI.mp4,-0.5737,0.1912,-0.027493539807796317,0.23922584793066717
1090_IOM_FEA_XX.mp4,0.0,0.0,-0.06535375001440268,0.1242715775530851
1068_TSI_FEA_XX.mp4,0.077,0.077,-0.02605986368630012,0.15613476360096396
1085_IOM_FEA_XX.mp4,-0.432,0.144,-0.05451390608471946,0.09817359548999803
1047_ITS_ANG_XX.mp4,0.0,0.0,-0.23635723486019783,0.35932560794884
1052_ITS_ANG_XX.mp4,-0.5293,0.6049,-0.33028048398437804,0.4805113170682995
1016_IOM_DIS_XX.mp4,0.0793,0.0793,-0.126597563462075,0.11983437966162433
1003_IOM_DIS_XX.mp4,-0.5558,0.3176,-0.1788364453195715,0.1586029644959402
1005_ITS_NEU_XX.mp4,0.0834,0.0834,-0.04671254286069311,0.17236655953349586
1010_ITS_NEU_XX.mp4,0.0788,0.0788,-0.04256756822577108,0.14124455920024873
1082_IOM_SAD_XX.mp4,-0.4575,0.1525,-0.036322326437954376,0.14351086029453358
1083_MTI_HAP_XX.mp4,0.0832,0.0832,0.025616819234715742,0.10513492586052625
1027_ITS_SAD_XX.mp4,-0.4215,0.4917,-0.10535983262541927,0.15776749867448495
1069_TAI_NEU_XX.mp4,0.0827,0.0827,0.0471634077408229,0.09453416233945088
1032_ITS_SAD_XX.mp4,0.0,0.0,-0.010262422867375692,0.12341123949540778
1058_TSI_NEU_XX.mp4,0.0813,0.0813,-0.05276322145130366,0.17974022650357568
1020_ITS_FEA_XX.mp4,0.0758,0.0758,-0.10461981927078401,0.1578709384311053
1035_ITS_FEA_XX.mp4,-0.4945,0.5769,-0.1840964993183412,0.34602721714300083
1001_ITS_HAP_XX.mp4,0.594,0.4455,0.007302317262752187,0.38640100907395675
1014_ITS_HAP_XX.mp4,0.0,0.0,0.009075699450501462,0.17654456405134716
1029_IEO_ANG_MD.mp4,-0.5727,0.6545,-0.4951858791432639,0.5912135416468383
1068_IWL_ANG_XX.mp4,-0.5551,0.6344,-0.39639708721357303,0.533023425098056
1038_IEO_ANG_HI.mp4,-0.6303,0.7204,-0.6630599396909423,0.7414065598624333
1031_MTI_DIS_XX.mp4,0.0798,0.0798,-0.04934667333106498,0.10639236940869752
1024_MTI_DIS_XX.mp4,-0.5001,0.2858,-0.12102990198336588,0.1394793574558823
1081_IWL_FEA_XX.mp4,0.0772,0.0772,-0.04794597866961327,0.07471542441440424
1060_TSI_DIS_XX.mp4,0.0738,0.0738,-0.10231748525788074,0.14197101302319212
1075_TSI_DIS_XX.mp4,0.079,0.079,-0.10069709925552912,0.11501610921784225
1019_IOM_SAD_XX.mp4,0.0815,0.0815,0.05344487008396293,0.07703635199763932
1051_TAI_DIS_XX.mp4,0.0,0.0,-0.14661372724766494,0.1862542487506525
1044_TAI_DIS_XX.mp4,-0.6,0.3429,-0.4610325521570906,0.460695891368299
1042_IEO_DIS_HI.mp4,-0.5966,0.3409,-0.08440722635251517,0.2236239546563868
1086_IWL_SAD_XX.mp4,0.0791,0.0791,0.08953486999637911,0.12037375258091901
1057_IEO_DIS_HI.mp4,0.0721,0.0721,-0.20851925451741152,0.2768970850830871
1053_IEO_DIS_MD.mp4,-0.5376,0.3072,-0.04938349394799496,0.09686251833159323
1046_IEO_DIS_MD.mp4,0.0775,0.0775,0.0585156148811556,0.21495505592325043
1007_IWL_DIS_XX.mp4,0.0746,0.0746,-0.08947692486642625,0.1382201810926351
1012_IWL_DIS_XX.mp4,-0.5071,0.2898,-0.043690744036063635,0.1185201599471639
1018_MTI_HAP_XX.mp4,0.0,0.0,0.003325786914585217,0.21600955148316386
1039_MTI_FEA_XX.mp4,-0.4704,0.1568,-0.134657281999985,0.1271127364945418
1079_IOM_ANG_XX.mp4,-0.5271,0.6024,-0.24760717475850186,0.5388405383491416
1081_TSI_ANG_XX.mp4,-0.5837,0.6671,-0.5123792106647854,0.6267788067226588
1028_ITS_DIS_XX.mp4,-0.5404,0.3088,-0.164610248687543,0.17313574210336352
1009_IWW_SAD_XX.mp4,0.0781,0.0781,-0.020051762224376456,0.10294568924965514
1035_TIE_SAD_XX.mp4,0.0739,0.0739,-0.10715211577235212,0.1271466227567809
1024_WSI_DIS_XX.mp4,-0.4871,0.1624,-0.22452237912926815,0.2004073664226178
1087_DFA_NEU_XX.mp4,0.0694,0.0694,0.019112712388718825,0.09062711961357105
1020_TIE_SAD_XX.mp4,0.0,0.0,-0.038735266034953496,0.12994114747904992
1031_WSI_DIS_XX.mp4,0.0808,0.0808,-0.07101339824860362,0.1649113889608427
1088_IWW_DIS_XX.mp4,0.0752,0.0752,-0.05078392728679036,0.12093490554280821
1004_ITH_NEU_XX.mp4,0.0832,0.0832,-0.24525405359806085,0.1966290334862323
1083_WSI_HAP_XX.mp4,0.0754,0.0754,-0.0808043985497154,0.1591354319993843
1011_ITH_NEU_XX.mp4,0.0859,0.0859,0.011456994361651422,0.09684475715845092
1060_IEO_DIS_LO.mp4,0.0,0.0,0.003411402766270496,0.0926166227900197
1075_IEO_DIS_LO.mp4,0.0794,0.0794,0.03234694433243747,0.12176686941381
1046_ITH_ANG_XX.mp4,0.0801,0.0801,-0.05759354323947882,0.19758814322209703
1053_ITH_ANG_XX.mp4,-0.574,0.656,-0.4284320810545422,0.5564186591179772
1032_TIE_FEA_XX.mp4,0.0,0.0,-0.09347251164294886,0.1790428009957375
1027_TIE_FEA_XX.mp4,0.0785,0.0785,-0.033025101438038794,0.11078644128219112
1013_TIE_HAP_XX.mp4,0.0839,0.0839,-0.10817746336634419,0.32230635166813426
1006_TIE_HAP_XX.mp4,0.0796,0.0796,0.05095697035151384,0.11432782966616085
1026_ITH_SAD_XX.mp4,0.0761,0.0761,-0.03040766061836197,0.09599056245422394
1033_ITH_SAD_XX.mp4,0.0779,0.0779,-0.09934708385889085,0.16029626269132288
1035_IEO_NEU_XX.mp4,0.0887,0.0887,0.004364872175798404,0.0904543955646907
1020_IEO_NEU_XX.mp4,0.0862,0.0862,0.025299621657884953,0.10847419783566445
1083_DFA_HAP_XX.mp4,0.0761,0.0761,0.06353445485417719,0.056933381562335725
1081_IEO_ANG_LO.mp4,0.0,0.0,-0.005765142855761354,0.12455934947409474
1069_IWW_ANG_XX.mp4,-0.5915,0.676,-0.5544433491094883,0.6677597232953315
1087_WSI_NEU_XX.mp4,0.0832,0.0832,-0.010136488210658302,0.10854966209837195
1031_DFA_DIS_XX.mp4,0.0811,0.0811,0.09229109301791366,0.12124751226063844
1024_DFA_DIS_XX.mp4,0.0,0.0,-0.12503589414893768,0.1402672477491793
1015_ITH_HAP_XX.mp4,0.0819,0.0819,0.03527991437731424,0.14074959248426525
1021_ITH_FEA_XX.mp4,0.0,0.0,-0.1115443328408525,0.1298094862096231
1034_ITH_FEA_XX.mp4,0.0831,0.0831,0.05950261301829138,0.09234128712102553
1017_TIE_NEU_XX.mp4,0.0808,0.0808,-0.029058217519251424,0.08354072321052014
1055_TIE_ANG_XX.mp4,-0.5975,0.6828,-0.3481198800887425,0.42658192094580033
1040_TIE_ANG_XX.mp4,0.0,0.0,-0.14060756176058933,0.20014399627155155
1038_IEO_HAP_LO.mp4,0.0833,0.0833,0.023126987922128233,0.09010340387602553
1019_IEO_FEA_LO.mp4,0.0733,0.0733,0.02743046967005303,0.09289290933886815
1078_DFA_NEU_XX.mp4,0.0762,0.0762,0.0043349154417797195,0.13008061415090066
1062_IWW_DIS_XX.mp4,-0.4383,0.5114,-0.007082094195531496,0.14969189083220152
1077_IWW_DIS_XX.mp4,0.0779,0.0779,0.10106003339967062,0.1098532252071932
1069_WSI_HAP_XX.mp4,0.0,0.0,-0.020079378007167456,0.2555855925860242
1048_WSI_FEA_XX.mp4,0.0693,0.0693,-0.09329457288787409,0.1376645699408911
1069_DFA_HAP_XX.mp4,0.6538,0.4903,0.1904217593958951,0.3608627205061922
1058_ITH_DIS_XX.mp4,0.0847,0.0847,-0.14737566516816464,0.19641297981325384
1048_DFA_FEA_XX.mp4,0.0768,0.0768,0.010173867862022705,0.22000718003493336
1078_WSI_NEU_XX.mp4,0.0755,0.0755,-0.09398420795297718,0.1770012444413579
1083_IWW_ANG_XX.mp4,-0.5371,0.3069,-0.1779256248905047,0.20878557559292676
1023_ITS_ANG_XX.mp4,-0.4812,0.275,-0.48547453489848275,0.5291086313506961
1036_ITS_ANG_XX.mp4,-0.5954,0.6804,-0.5462650283595816,0.5677068155710735
1061_ITS_NEU_XX.mp4,0.076,0.076,-0.0393538464967321,0.1679610293142308
1074_ITS_NEU_XX.mp4,0.0841,0.0841,-0.12591109720604696,0.16926796751788728
1072_IOM_DIS_XX.mp4,-0.5307,0.3033,-0.04844927591484856,0.11097839096617265
1067_IOM_DIS_XX.mp4,0.0,0.0,-0.03365188851447893,0.11620149171415742
1028_TAI_FEA_XX.mp4,-0.4653,0.1551,-0.2837036581155092,0.25635726420492316
1079_IWL_SAD_XX.mp4,0.0805,0.0805,-0.021423780917283423,0.17503695697282154
1038_IEO_SAD_MD.mp4,0.0842,0.0842,0.009066296068541849,0.08308774696011925
1009_TAI_HAP_XX.mp4,-0.4873,0.5686,-0.25839863699910426,0.481751770976272
1019_TSI_FEA_XX.mp4,-0.4458,0.5201,0.01672223604471853,0.14998628440767378
1029_IEO_SAD_HI.mp4,-0.5418,0.1806,-0.4745655847796516,0.528790442330597
1038_TSI_HAP_XX.mp4,0.0834,0.0834,-0.09415705766396186,0.2513693692190569
1065_ITS_HAP_XX.mp4,0.0,0.0,-0.0515480265239907,0.15262228017542767
1070_ITS_HAP_XX.mp4,0.0738,0.0738,0.059861148855210676,0.21710307694262052
1044_ITS_FEA_XX.mp4,-0.456,0.532,-0.3681546405938158,0.5098354183903671
1051_ITS_FEA_XX.mp4,-0.4335,0.5058,-0.18347032893381646,0.30201375437089223
1019_IWL_ANG_XX.mp4,-0.5199,0.5942,-0.07953493521967893,0.26312464663970486
1058_IEO_ANG_MD.mp4,-0.6048,0.6912,-0.47574539239522207,0.6651443215195203
1055_MTI_DIS_XX.mp4,0.0785,0.0785,-0.013847655826036314,0.12993402144930705
1040_MTI_DIS_XX.mp4,0.0825,0.0825,-0.0035755347895921625,0.1121187368991656
1049_IEO_ANG_HI.mp4,-0.6072,0.694,-0.5783335736816415,0.6725623680183309
1018_TAI_NEU_XX.mp4,0.0786,0.0786,-0.06650976008761955,0.12057308938906813
1043_ITS_SAD_XX.mp4,0.0744,0.0744,-0.011749358384372011,0.09558519584472042
1056_ITS_SAD_XX.mp4,0.0761,0.0761,-0.04186495956473794,0.11029623891316367
1029_TSI_NEU_XX.mp4,0.0725,0.0725,-0.07063322263357816,0.20224527243626977
1086_IOM_ANG_XX.mp4,0.0,0.0,-0.2235860724847175,0.2616695247064395
1078_MTI_NEU_XX.mp4,0.072,0.072,-0.041099432302372126,0.16180255418103776
1087_TAI_HAP_XX.mp4,0.0787,0.0787,0.08745045350739074,0.11680925606713335
1026_IEO_DIS_HI.mp4,-0.5197,0.594,-0.4362705068745427,0.44604518878344834
1033_IEO_DIS_HI.mp4,-0.5232,0.299,-0.33123330771435366,0.3481712665662033
1063_IWL_DIS_XX.mp4,0.0,0.0,-0.02279665799217974,0.0956663402551726
1076_IWL_DIS_XX.mp4,0.0765,0.0765,-0.06682676790750891,0.13260798178621744
1082_TSI_FEA_XX.mp4,0.0868,0.0868,-0.1910679883487878,0.3267188801710106
1037_IEO_DIS_MD.mp4,-0.4959,0.1653,-0.12412269053725207,0.1331556265090637
1022_IEO_DIS_MD.mp4,0.0794,0.0794,-0.059126538176751856,0.2416039487808543
1004_TSI_DIS_XX.mp4,-0.5673,0.3242,-0.23268732665642708,0.2047562645472186
1011_TSI_DIS_XX.mp4,-0.5207,0.2976,-0.15141457108619852,0.22127601268940456
1090_IEO_HAP_MD.mp4,0.0779,0.0779,0.07309536655620397,0.14176807470910174
1085_IEO_HAP_MD.mp4,0.0,0.0,-0.009860374859596356,0.14966823605151433
1035_TAI_DIS_XX.mp4,-0.4811,0.5613,-0.4158838075929901,0.5719363452987791
1020_TAI_DIS_XX.mp4,-0.5503,0.3144,-0.0909514243154861,0.1342468873977961
1081_IEO_HAP_HI.mp4,0.696,0.522,-0.2591891906932699,0.5450431563457725
1085_TSI_SAD_XX.mp4,0.07,0.07,0.00909071794230063,0.11404451682553852
1090_TSI_SAD_XX.mp4,0.0,0.0,-0.04505396883185446,0.11725988971048015
1068_IOM_SAD_XX.mp4,0.0842,0.0842,-0.08431961768860345,0.089883107743361
1083_TAI_NEU_XX.mp4,0.0818,0.0818,0.11532701974859567,0.08366340147345118
1048_MTI_FEA_XX.mp4,-0.4884,0.1628,-0.09690642257732882,0.11675922175216816
1069_MTI_HAP_XX.mp4,0.648,0.486,-0.023230623803004734,0.1607063726932687
1008_IOM_ANG_XX.mp4,-0.5768,0.3296,-0.3602545417977024,0.4046870186144095
1059_ITS_DIS_XX.mp4,0.0725,0.0725,-0.14199284004056364,0.18149500104815258
1082_IWL_ANG_XX.mp4,0.0793,0.0793,-0.4266075635279865,0.5494868888174204
1060_ITH_NEU_XX.mp4,0.0794,0.0794,-0.022130305807079868,0.12711899017067976
1075_ITH_NEU_XX.mp4,0.0825,0.0825,0.001952796162298684,0.11319382983721085
1022_ITH_ANG_XX.mp4,0.0824,0.0824,-0.283173581397721,0.38535941472141383
1037_ITH_ANG_XX.mp4,-0.4966,0.2838,-0.23528709109196203,0.40791893656888006
1004_IEO_DIS_LO.mp4,0.085,0.085,-0.045628055694039216,0.12206523574270042
1011_IEO_DIS_LO.mp4,0.0802,0.0802,-0.03703047497418111,0.17209000165479352
1085_IEO_SAD_LO.mp4,0.0771,0.0771,0.015201934825154768,0.08471304484780764
1090_IEO_SAD_LO.mp4,0.081,0.081,0.048924157094179965,0.08335696203526421
1077_TIE_HAP_XX.mp4,0.0808,0.0808,-0.0055822371486165204,0.14523750699036578
1062_TIE_HAP_XX.mp4,0.0787,0.0787,0.050198252316841656,0.09624854801654079
1056_TIE_FEA_XX.mp4,-0.4407,0.5142,-0.1396200035381661,0.2244240157214186
1043_TIE_FEA_XX.mp4,0.0,0.0,-0.06626827332691299,0.18055637844518574
1078_IWW_SAD_XX.mp4,0.0776,0.0776,-0.030650556274025034,0.13148312031287654
1051_TIE_SAD_XX.mp4,0.0863,0.0863,-0.016102974898852575,0.10507069969783489
1040_WSI_DIS_XX.mp4,-0.475,0.1583,-0.1878338162568135,0.17759518868993757
1044_TIE_SAD_XX.mp4,0.0731,0.0731,-0.04050745756926548,0.11452782270448711
1055_WSI_DIS_XX.mp4,-0.5374,0.3071,-0.2588666436979182,0.23309311967108406
1082_IEO_FEA_LO.mp4,0.0764,0.0764,-0.028970447249436322,0.11754457540376159
1018_IWW_ANG_XX.mp4,-0.5456,0.6235,-0.20965393305558147,0.3718916480458438
1045_ITH_FEA_XX.mp4,0.0775,0.0775,-0.006627021119689057,0.07995183858721251
1050_ITH_FEA_XX.mp4,-0.4744,0.5535,-0.1162086295905062,0.18452441192069113
1055_DFA_DIS_XX.mp4,0.0781,0.0781,-0.024774993850620115,0.12304769827498503
1064_ITH_HAP_XX.mp4,0.6194,0.4646,0.10519961065738326,0.24083385520015066
1071_ITH_HAP_XX.mp4,0.0819,0.0819,0.05883009928504041,0.09930359685372783
1040_DFA_DIS_XX.mp4,0.0738,0.0738,-0.053152611985509,0.10781703651192634
1073_TIE_NEU_XX.mp4,0.0819,0.0819,0.003293221514641547,0.11368032768516359
1066_TIE_NEU_XX.mp4,0.0829,0.0829,0.019653775475454324,0.10845398172873535
1031_TIE_ANG_XX.mp4,0.0772,0.0772,0.04224145502408618,0.13489492412038445
1024_TIE_ANG_XX.mp4,0.0828,0.0828,-0.27632689180550446,0.3143860868384636
1042_ITH_SAD_XX.mp4,0.0782,0.0782,0.03391178557318336,0.10656593304845767
1057_ITH_SAD_XX.mp4,0.0772,0.0772,-0.004428612825187236,0.09957265855152764
1051_IEO_NEU_XX.mp4,0.0832,0.0832,0.03982471408377343,0.08313599589596805
1044_IEO_NEU_XX.mp4,0.091,0.091,0.04382541172815509,0.09702841349382665
1010_IWW_ANG_XX.mp4,-0.6074,0.6942,-0.5198303129670188,0.5710168224898028
1005_IWW_ANG_XX.mp4,0.0,0.0,-0.16840611798850455,0.21581312533043115
1079_ITH_HAP_XX.mp4,0.606,0.4545,0.41580654025562,0.44583662403851204
1048_DFA_DIS_XX.mp4,-0.5399,0.3085,-0.05001327304965552,0.20977752629240515
1058_ITH_FEA_XX.mp4,-0.5088,0.5936,-0.135314799240183,0.4100130549745471
1052_IWW_NEU_XX.mp4,0.0796,0.0796,-0.06927119576888226,0.11326722454057479
1047_IWW_NEU_XX.mp4,0.0827,0.0827,-0.0021856525905212354,0.15055493061596267
1039_TIE_ANG_XX.mp4,-0.6492,0.742,-0.4229119755429901,0.6383465721848575
1059_IEO_NEU_XX.mp4,0.0746,0.0746,-0.11509137538809273,0.13321823372738695
1077_IWW_FEA_XX.mp4,0.0,0.0,-0.11599320688961337,0.20730677145114787
1068_ITH_NEU_XX.mp4,0.0817,0.0817,0.013913658183589169,0.08982003958869585
1062_IWW_FEA_XX.mp4,0.0783,0.0783,0.01674492676925361,0.0996050752054672
1056_IWW_HAP_XX.mp4,-0.4417,0.5153,0.1291365674032521,0.09479932033763937
1043_IWW_HAP_XX.mp4,0.0742,0.0742,0.09529728035526233,0.34033463306779926
1019_IEO_DIS_LO.mp4,0.0,0.0,-0.11085590067362586,0.1633346345157371
1070_IWW_SAD_XX.mp4,0.0,0.0,-0.0506234434370593,0.11754074830883005
1065_IWW_SAD_XX.mp4,0.0805,0.0805,-0.008478162418820058,0.09344902809270114
1059_TIE_SAD_XX.mp4,-0.5113,0.1704,-0.4079559596884485,0.5378694870391126
1048_WSI_DIS_XX.mp4,-0.5092,0.291,-0.1941601860325188,0.19741018276219738
1061_MTI_HAP_XX.mp4,0.0673,0.0673,0.06658171021958405,0.17637322991225335
1074_MTI_HAP_XX.mp4,0.6031,0.4523,-0.14221086716359238,0.42060340462282547
1040_MTI_FEA_XX.mp4,0.0832,0.0832,0.0015473150913301562,0.14199291694815025
1055_MTI_FEA_XX.mp4,-0.4901,0.1634,-0.13517450341416337,0.3311825764356642
1015_IOM_ANG_XX.mp4,0.0,0.0,-0.09548910526050683,0.15045439318974085
1051_ITS_DIS_XX.mp4,0.0792,0.0792,-0.11394297241288404,0.15372829651071324
1044_ITS_DIS_XX.mp4,0.0753,0.0753,-0.27076930300730045,0.352603547017072
1042_IOM_NEU_XX.mp4,0.0755,0.0755,0.06612978991093821,0.11776760850811063
1057_IOM_NEU_XX.mp4,0.0796,0.0796,-0.012175866286940241,0.10577498267238697
1047_MTI_SAD_XX.mp4,0.0748,0.0748,-0.15253413184233705,0.22322880930564545
1052_MTI_SAD_XX.mp4,0.0751,0.0751,0.007455705691062672,0.1736448743890966
1065_MTI_NEU_XX.mp4,0.0804,0.0804,0.06934357212451721,0.08446903732452331
1070_MTI_NEU_XX.mp4,0.0854,0.0854,0.08492074333110247,0.10740454785738288
1027_MTI_ANG_XX.mp4,-0.6335,0.724,-0.4574524612982978,0.6399537325417923
1032_MTI_ANG_XX.mp4,0.0701,0.0701,-0.04350426456302656,0.12015956160820057
1067_IOM_FEA_XX.mp4,0.0761,0.0761,0.05980273829523681,0.06585671856010253
1072_IOM_FEA_XX.mp4,0.0768,0.0768,-0.03913966156452962,0.1285568847098497
1046_IOM_HAP_XX.mp4,0.0799,0.0799,0.16984911149072104,0.19307507873333377
1053_IOM_HAP_XX.mp4,0.6111,0.4583,0.11206431458442816,0.1397237845842699
1019_TSI_DIS_XX.mp4,0.0826,0.0826,-0.017754312459976423,0.143617572344122
1060_IOM_SAD_XX.mp4,-0.4854,0.1618,-0.1539657102808786,0.08638080642641845
1089_IEO_HAP_HI.mp4,0.6707,0.503,0.052768189722138766,0.3959703780172899
1075_IOM_SAD_XX.mp4,0.0744,0.0744,0.05082720815250668,0.089717190329004
1028_TAI_DIS_XX.mp4,0.0,0.0,-0.05167408430784403,0.10987031229086511
1059_ITS_FEA_XX.mp4,-0.4941,0.5765,-0.3696297825855975,0.4832274005452038
1053_IWL_NEU_XX.mp4,0.0806,0.0806,0.021062636528918106,0.1251102014103529
1046_IWL_NEU_XX.mp4,0.0805,0.0805,-0.013289380873865218,0.08569251320515647
1078_ITS_HAP_XX.mp4,0.6103,0.4577,0.419388987781348,0.3496869496201487
1045_IEO_ANG_MD.mp4,0.0774,0.0774,-0.028294140998052286,0.1266436423269616
1050_IEO_ANG_MD.mp4,-0.5561,0.6356,-0.48394359945828513,0.5266024562487017
1011_IWL_ANG_XX.mp4,-0.4847,0.554,-0.4855326580233697,0.5026315543522244
1004_IWL_ANG_XX.mp4,-0.5732,0.6551,-0.5855377508734645,0.5985748623937079
1054_IEO_ANG_HI.mp4,-0.6067,0.6933,-0.559860002009959,0.5955823817368111
1041_IEO_ANG_HI.mp4,-0.6038,0.69,-0.6057516599762339,0.6727350667088036
1048_MTI_DIS_XX.mp4,0.0822,0.0822,-0.06430979001554052,0.14244197526798802
1047_TAI_ANG_XX.mp4,0.0742,0.0742,-0.2864335548539512,0.4067260873835214
1052_TAI_ANG_XX.mp4,-0.581,0.664,-0.5137279946447333,0.5601575767218241
1005_TAI_NEU_XX.mp4,0.0816,0.0816,-0.07184495587254602,0.13365329406552914
1010_TAI_NEU_XX.mp4,0.0794,0.0794,-0.08659369995998507,0.13801696864997137
1034_TSI_NEU_XX.mp4,0.082,0.082,0.07830152050521076,0.10031543538595075
1021_TSI_NEU_XX.mp4,0.0827,0.0827,-0.03721317652750537,0.11825727321605409
1076_TSI_ANG_XX.mp4,-0.5757,0.658,-0.29460270334432337,0.455113170895588
1063_TSI_ANG_XX.mp4,-0.4611,0.5379,-0.28569270057786594,0.4456277143787788
1022_IEO_FEA_MD.mp4,0.0825,0.0825,-0.018128641224668465,0.10771621094551195
1057_IWL_HAP_XX.mp4,-0.5852,0.6688,-0.46575724794932133,0.5188078201724671
1042_IWL_HAP_XX.mp4,0.0822,0.0822,-0.04999004347004043,0.19636420920089284
1037_IEO_FEA_MD.mp4,-0.4624,0.1541,-0.02065924925161986,0.1179128174822493
1082_TSI_DIS_XX.mp4,0.0819,0.0819,-0.004949172620006918,0.14774054035275103
1076_IWL_FEA_XX.mp4,0.0836,0.0836,0.024307666587031,0.11860467714672308
1027_TAI_SAD_XX.mp4,0.0782,0.0782,-0.02971202864418504,0.10836643984860951
1003_IEO_HAP_MD.mp4,0.0818,0.0818,0.09336425932602486,0.1882313136309402
1016_IEO_HAP_MD.mp4,0.0799,0.0799,0.027674102037671677,0.1612745283036415
1032_TAI_SAD_XX.mp4,0.0781,0.0781,-0.04615635418342238,0.12201457221275383
1069_ITS_NEU_XX.mp4,0.0799,0.0799,0.05594316772493105,0.17179275167383998
1063_IWL_FEA_XX.mp4,-0.4493,0.1498,-0.14253831950383847,0.15705290628895904
1033_IEO_FEA_HI.mp4,-0.4937,0.5759,-0.5997250042650114,0.6272732442178084
1026_IEO_FEA_HI.mp4,-0.5563,0.6491,-0.31412192544431367,0.5755870458490464
1016_TSI_SAD_XX.mp4,-0.4776,0.2729,-0.1798626712320068,0.16311452844698204
1012_IEO_HAP_HI.mp4,0.6212,0.4659,-0.021018345650797812,0.3190192183845574
1007_IEO_HAP_HI.mp4,0.6582,0.4937,0.43547514045167807,0.48651430908109194
1003_TSI_SAD_XX.mp4,0.0791,0.0791,-0.16520284530498405,0.15119839875737714
1025_IEO_SAD_MD.mp4,-0.4635,0.1545,-0.04253541317458685,0.10792884125210353
1001_TAI_HAP_XX.mp4,0.0762,0.0762,0.023083143539864005,0.2186694447172212
1014_TAI_HAP_XX.mp4,0.0731,0.0731,-0.30282066460072676,0.37385734542830257
1030_IEO_SAD_MD.mp4,0.0865,0.0865,0.0551005531563942,0.08519520339312686
1020_TAI_FEA_XX.mp4,0.0761,0.0761,-0.01891408995535263,0.1319155732758767
1071_IWL_SAD_XX.mp4,0.0,0.0,0.01053574912827221,0.0766609966591123
1064_IWL_SAD_XX.mp4,0.0703,0.0703,0.01982390295741203,0.08988951794868484
1035_TAI_FEA_XX.mp4,0.0805,0.0805,-0.02352882208287394,0.13942806376775463
1034_IEO_SAD_HI.mp4,-0.5432,0.3104,-0.03974730931106946,0.1545557170442689
1030_TSI_HAP_XX.mp4,0.5863,0.4397,0.06229312047816537,0.30944844581404335
1025_TSI_HAP_XX.mp4,0.078,0.078,-0.03316776188774039,0.13982899885976519
1021_IEO_SAD_HI.mp4,0.0819,0.0819,-0.07138547756566997,0.12686118604995766
1011_TSI_FEA_XX.mp4,-0.4553,0.5312,-0.2167331620477052,0.29094578754932376
1004_TSI_FEA_XX.mp4,0.0757,0.0757,-0.1914400381915627,0.2212659738611708
1040_DFA_FEA_XX.mp4,0.0826,0.0826,-0.023480237808632416,0.13764181293243888
1076_IEO_ANG_LO.mp4,-0.5565,0.636,-0.2910478478967339,0.3414224369795859
1063_IEO_ANG_LO.mp4,0.077,0.077,0.031094422421706815,0.20704800050620195
1055_DFA_FEA_XX.mp4,-0.5049,0.589,-0.4884691045792077,0.6331271307585059
1061_DFA_HAP_XX.mp4,0.6124,0.4593,0.1615502649761322,0.2003925314459692
1050_ITH_DIS_XX.mp4,0.0763,0.0763,-0.09509723933944798,0.1309063617189055
1045_ITH_DIS_XX.mp4,0.0742,0.0742,-0.06152704079290663,0.12152844227634833
1074_DFA_HAP_XX.mp4,0.0859,0.0859,-0.19958317996679617,0.28808204352465283
1070_WSI_NEU_XX.mp4,0.0871,0.0871,-0.17425885049456524,0.2269164179804052
1065_WSI_NEU_XX.mp4,0.0724,0.0724,-0.06225967196744462,0.15378786130986025
1032_WSI_ANG_XX.mp4,-0.5479,0.6262,-0.27404383980220715,0.36439191736359117
1027_WSI_ANG_XX.mp4,-0.6207,0.7093,-0.6717572545144251,0.7374846298104231
1047_DFA_SAD_XX.mp4,0.0877,0.0877,0.034848263610137584,0.09879305894527403
1052_DFA_SAD_XX.mp4,-0.4633,0.1544,-0.004662720975820795,0.12678136291057077
1043_TIE_DIS_XX.mp4,0.0,0.0,-0.029839704402704937,0.16164359960091984
1052_WSI_SAD_XX.mp4,0.0794,0.0794,-0.07282580678087949,0.1172062802848007
1056_TIE_DIS_XX.mp4,-0.5888,0.3364,-0.167250122686478,0.32703277786897905
1047_WSI_SAD_XX.mp4,0.0758,0.0758,-0.12931151669470625,0.20768769240720814
1027_DFA_ANG_XX.mp4,-0.6164,0.7044,-0.47773500553334025,0.6389677118690059
1011_IEO_FEA_LO.mp4,0.0805,0.0805,-0.06406982093127726,0.11270918621087124
1004_IEO_FEA_LO.mp4,0.0675,0.0675,-0.12613528655270648,0.17345121915598627
1032_DFA_ANG_XX.mp4,0.0748,0.0748,0.025110541076619,0.23096102279165573
1030_IEO_HAP_LO.mp4,0.0789,0.0789,0.06351792363110886,0.08723279895430203
1025_IEO_HAP_LO.mp4,0.6849,0.5137,0.1812698163403748,0.2072871445448675
1065_DFA_NEU_XX.mp4,0.0757,0.0757,0.0528653071292924,0.09027724306339173
1070_DFA_NEU_XX.mp4,0.0811,0.0811,0.02790473587820108,0.0983777026575741
1082_IEO_DIS_LO.mp4,0.08,0.08,-0.07056556722136836,0.1415204296423733
1055_WSI_FEA_XX.mp4,-0.5873,0.6712,-0.6201347632452768,0.6578320719568942
1040_WSI_FEA_XX.mp4,0.0726,0.0726,-0.13435222626124899,0.2736217083695382
1074_WSI_HAP_XX.mp4,0.0,0.0,-0.12092579300399896,0.29994280714227944
1061_WSI_HAP_XX.mp4,0.6,0.45,0.04790227089636096,0.3094137068516094
1016_IEO_SAD_LO.mp4,0.0899,0.0899,-0.07411924107111452,0.12925478188257952
1003_IEO_SAD_LO.mp4,0.0802,0.0802,0.007342834000084565,0.0880706157178107
1028_IEO_NEU_XX.mp4,0.0796,0.0796,0.06819431189670258,0.0692093509776531
1089_IEO_ANG_LO.mp4,0.0,0.0,-0.1677067784454673,0.33320134362438125
1074_IWW_ANG_XX.mp4,-0.5693,0.6507,-0.4778144568563746,0.614826151809491
1061_IWW_ANG_XX.mp4,-0.5798,0.3313,-0.27450282747231847,0.3035108134927301
1036_IWW_NEU_XX.mp4,0.0827,0.0827,-9.287889524289083e-05,0.10058820317742631
1029_ITH_FEA_XX.mp4,-0.5291,0.6173,-0.45257737728420117,0.5874649564568786
1023_IWW_NEU_XX.mp4,0.0,0.0,0.038355629750105286,0.1025362125754973
1008_ITH_HAP_XX.mp4,0.0742,0.0742,0.051314486284663466,0.2184333567525528
1039_DFA_DIS_XX.mp4,-0.5301,0.3029,-0.14059564818464892,0.16499465266451016
1048_TIE_ANG_XX.mp4,0.0,0.0,-0.2144368524528774,0.2972459033905436
1014_IWW_SAD_XX.mp4,-0.4487,0.5234,-0.10028663906093899,0.11096593062035273
1001_IWW_SAD_XX.mp4,0.0,0.0,-0.005520252278668302,0.114357444860015
1080_IWW_DIS_XX.mp4,-0.5588,0.3193,-0.22756224782239534,0.2536131391290738
1028_TIE_SAD_XX.mp4,-0.4515,0.1505,-0.15026075038569572,0.13325134973299596
1039_WSI_DIS_XX.mp4,-0.5204,0.5948,-0.11897141146529883,0.27124982307844386
1032_IWW_HAP_XX.mp4,-0.4542,0.5299,-0.11938818968917872,0.1952725678371354
1027_IWW_HAP_XX.mp4,0.0723,0.0723,0.005561277031225854,0.18417852830274248
1013_IWW_FEA_XX.mp4,0.0,0.0,-0.13161240557797035,0.17789325335532127
1006_IWW_FEA_XX.mp4,-0.5091,0.5939,-0.1919122930730989,0.30030557110941664
1068_IEO_DIS_LO.mp4,-0.5484,0.3134,-0.19851895835030295,0.11783403569117461
1023_MTI_SAD_XX.mp4,0.0831,0.0831,0.03818841860343324,0.07840204110639039
1036_MTI_SAD_XX.mp4,-0.5187,0.1729,-0.10419335658519259,0.18965271892616942
1087_ITS_HAP_XX.mp4,0.0768,0.0768,0.08025501184993461,0.1471800853234765
1024_MTI_FEA_XX.mp4,-0.4397,0.5129,-0.08094345966463835,0.2600448137436168
1031_MTI_FEA_XX.mp4,0.0796,0.0796,-0.007120882084447804,0.08804494034340679
1005_MTI_HAP_XX.mp4,0.0781,0.0781,0.012976125556011407,0.2010146933081675
1010_MTI_HAP_XX.mp4,0.6351,0.4763,0.2279218280285226,0.2570429779170721
1064_IOM_ANG_XX.mp4,-0.6534,0.7468,-0.5391718188892826,0.6338803458000793
1071_IOM_ANG_XX.mp4,-0.5733,0.6552,-0.0803246189998919,0.2915092119967729
1089_TSI_ANG_XX.mp4,-0.4413,0.5149,-0.5579576114698751,0.6192399413984078
1026_IOM_NEU_XX.mp4,0.0787,0.0787,0.0014013315567624632,0.10782188849545558
1033_IOM_NEU_XX.mp4,0.0881,0.0881,0.01755515300220793,0.1269638969585809
1035_ITS_DIS_XX.mp4,0.0,0.0,-0.1391779509156321,0.17576828426928873
1020_ITS_DIS_XX.mp4,0.0727,0.0727,-0.061746628184688325,0.12943421798857535
1085_IOM_DIS_XX.mp4,-0.5775,0.33,-0.1118034783601477,0.14295161824479297
1090_IOM_DIS_XX.mp4,-0.5574,0.637,-0.05953363544808998,0.22244014784889046
1068_TSI_DIS_XX.mp4,-0.5304,0.6062,-0.1914826297627816,0.3573769922600748
1089_IWL_FEA_XX.mp4,-0.465,0.5425,-0.23326877061879608,0.28873112518117056
1083_ITS_NEU_XX.mp4,0.0839,0.0839,-0.07097350917648355,0.15838463148215454
1059_TAI_DIS_XX.mp4,-0.5582,0.319,-0.21129256263980967,0.2523946429646982
1004_IOM_SAD_XX.mp4,0.0694,0.0694,0.02409796651670285,0.08945690946938292
1011_IOM_SAD_XX.mp4,0.0811,0.0811,0.007379815882588297,0.08660412855777753
1001_MTI_NEU_XX.mp4,0.0756,0.0756,0.06975483950825512,0.10331413221633057
1014_MTI_NEU_XX.mp4,0.0824,0.0824,-0.11643887445900028,0.13577762777045216
1043_MTI_ANG_XX.mp4,-0.5421,0.6196,-0.13020523243043203,0.4098853622024475
1056_MTI_ANG_XX.mp4,0.0742,0.0742,-0.11635612409208533,0.24239260187189796
1022_IOM_HAP_XX.mp4,0.0709,0.0709,0.03377242830354142,0.11698838312307824
1037_IOM_HAP_XX.mp4,0.5868,0.4401,0.19415372622259083,0.32237838977930794
1003_IOM_FEA_XX.mp4,-0.462,0.154,-0.10587222289869146,0.15907831312644072
1016_IOM_FEA_XX.mp4,0.0814,0.0814,0.026155371030432053,0.1667629857521383
1023_TAI_ANG_XX.mp4,0.0716,0.0716,-0.3818953802336541,0.454003758520384
1036_TAI_ANG_XX.mp4,-0.609,0.696,-0.390367380935799,0.4525337136938309
1061_TAI_NEU_XX.mp4,0.0846,0.0846,-0.11583712742746799,0.15835609399025374
1074_TAI_NEU_XX.mp4,0.0818,0.0818,-0.09336849609115414,0.17922850693832823
1050_TSI_NEU_XX.mp4,0.0817,0.0817,0.08627233997001973,0.08981020536220878
1045_TSI_NEU_XX.mp4,0.096,0.096,0.00941620702056788,0.12796597028556583
1012_TSI_ANG_XX.mp4,-0.5608,0.6409,-0.28978959335512444,0.3697933558756705
1007_TSI_ANG_XX.mp4,-0.5456,0.6235,-0.47459646785582765,0.6494971109164989
1009_ITS_HAP_XX.mp4,0.6516,0.4887,0.04842066116427359,0.4778075854724272
1037_IWL_NEU_XX.mp4,0.0784,0.0784,0.006912540911347328,0.09638098147300644
1028_ITS_FEA_XX.mp4,-0.476,0.1587,-0.24563894866401745,0.24451445495887295
1022_IWL_NEU_XX.mp4,0.076,0.076,-0.010500843116012746,0.09204754413676212
1075_IWL_ANG_XX.mp4,-0.5905,0.6748,-0.20506388923100277,0.32110670617022247
1060_IWL_ANG_XX.mp4,-0.5727,0.6545,-0.36834401691503543,0.5403437350131091
1021_IEO_ANG_MD.mp4,-0.5166,0.5904,-0.2386823644324644,0.2492586974123038
1034_IEO_ANG_MD.mp4,-0.5857,0.6693,-0.4483555748602831,0.5254452447235924
1039_MTI_DIS_XX.mp4,0.0,0.0,-0.03279981884437142,0.23972143744307672
1030_IEO_ANG_HI.mp4,-0.6584,0.7524,-0.6245102817520148,0.6858625185171441
1025_IEO_ANG_HI.mp4,-0.6762,0.7728,-0.6404505935996265,0.6624755616482882
1015_IWL_SAD_XX.mp4,0.0713,0.0713,-0.01748037705434497,0.09246423270919632
1044_TAI_FEA_XX.mp4,-0.4851,0.5659,-0.18744236307472256,0.28054166426364546
1051_TAI_FEA_XX.mp4,-0.453,0.5285,-0.4494587921240809,0.5425620501426958
1041_IEO_SAD_MD.mp4,-0.5049,0.1683,-0.054792945914559,0.12741421257637325
1065_TAI_HAP_XX.mp4,-0.4406,0.5141,0.02344978831474142,0.2390384886193116
1070_TAI_HAP_XX.mp4,0.0,0.0,0.10963364869246135,0.2950026982120638
1054_IEO_SAD_MD.mp4,0.0778,0.0778,0.03083721130389525,0.09853467725515717
1075_TSI_FEA_XX.mp4,0.0792,0.0792,0.013974933796065264,0.102491110959896
1060_TSI_FEA_XX.mp4,-0.4728,0.1576,-0.15028075983175784,0.1904656340245923
1050_IEO_SAD_HI.mp4,0.0789,0.0789,0.06754401136771203,0.08923240952148151
1054_TSI_HAP_XX.mp4,-0.4629,0.54,-0.16382323853626765,0.39988751126689354
1041_TSI_HAP_XX.mp4,0.0788,0.0788,-0.009538068275365606,0.1965235436251185
1045_IEO_SAD_HI.mp4,-0.4407,0.1469,-0.06003217553596786,0.0952135391421769
1081_IWL_DIS_XX.mp4,0.0857,0.0857,-0.004342927587407196,0.12101444188913811
1043_TAI_SAD_XX.mp4,0.0798,0.0798,-0.09831213768638211,0.12148989533987432
1018_ITS_NEU_XX.mp4,0.0769,0.0769,-0.04894007557421309,0.13703455721663885
1012_IWL_FEA_XX.mp4,-0.488,0.1627,-0.28655454522671153,0.29987690981581583
1067_IEO_HAP_MD.mp4,0.0781,0.0781,-0.05459336265002771,0.13920622592029921
1072_IEO_HAP_MD.mp4,0.0862,0.0862,-0.07449328668672618,0.11246968823278758
1007_IWL_FEA_XX.mp4,0.0,0.0,-0.07043948270015458,0.10922196104829494
1056_TAI_SAD_XX.mp4,-0.4629,0.1543,-0.04976734798900001,0.08832207230769011
1046_IEO_FEA_MD.mp4,0.0811,0.0811,-0.014004939918396596,0.11966385783066273
1033_IWL_HAP_XX.mp4,0.0824,0.0824,-0.049486057683271314,0.34621985876702566
1026_IWL_HAP_XX.mp4,0.0772,0.0772,0.02984909113918603,0.19564314443698846
1053_IEO_FEA_MD.mp4,0.0804,0.0804,0.04023013414942857,0.08817966233494288
1072_TSI_SAD_XX.mp4,0.0794,0.0794,0.0741709078102053,0.12385858133462646
1076_IEO_HAP_HI.mp4,0.6924,0.5193,0.40332983891058255,0.45534078386761856
1063_IEO_HAP_HI.mp4,0.6584,0.4938,0.42319051835340316,0.4451036192040913
1067_TSI_SAD_XX.mp4,0.0842,0.0842,-0.04086158184308498,0.14655568615362408
1057_IEO_FEA_HI.mp4,-0.507,0.5915,-0.38326286667432224,0.48106657547297205
1042_IEO_FEA_HI.mp4,0.5947,0.446,-0.5248240164497671,0.5317979405253734
1014_WSI_NEU_XX.mp4,-0.5285,0.604,-0.2427376175582665,0.3219303426251123
1001_WSI_NEU_XX.mp4,0.0819,0.0819,-0.08600005431961806,0.18114548043596154
1086_ITH_HAP_XX.mp4,0.648,0.486,0.1593750043236249,0.17732841944948835
1056_WSI_ANG_XX.mp4,-0.5355,0.612,-0.4569640108110814,0.4820808658706374
1043_WSI_ANG_XX.mp4,-0.5677,0.6488,-0.4993992007556006,0.5446598023383052
1023_DFA_SAD_XX.mp4,0.0747,0.0747,0.08987491659098006,0.08113265788928803
1084_TIE_NEU_XX.mp4,0.0,0.0,-0.0686027394510436,0.14321239461592564
1091_TIE_NEU_XX.mp4,0.0823,0.0823,0.009856147135622462,0.08611495535660268
1036_DFA_SAD_XX.mp4,-0.4753,0.1584,-0.3189762108601268,0.38936184570173554
1034_ITH_DIS_XX.mp4,-0.5894,0.3368,-0.1798230960996306,0.16272751958948334
1005_DFA_HAP_XX.mp4,0.0763,0.0763,-0.16239818154043778,0.3035058633054165
1010_DFA_HAP_XX.mp4,0.0796,0.0796,0.014787234240420352,0.22329200371377725
1021_ITH_DIS_XX.mp4,0.0,0.0,-0.08326632069920992,0.13178324463962676
1012_IEO_ANG_LO.mp4,0.083,0.083,-0.06577576911517719,0.1647161450363766
1024_DFA_FEA_XX.mp4,0.0726,0.0726,-0.04965734999220765,0.18305520690589336
1031_DFA_FEA_XX.mp4,0.085,0.085,0.020848968137129383,0.15368988089145943
1007_IEO_ANG_LO.mp4,0.0759,0.0759,-0.4771726058756723,0.4497885292864541
1010_WSI_HAP_XX.mp4,0.6668,0.5001,0.31921423619349426,0.3755066129237853
1088_IWW_FEA_XX.mp4,-0.4383,0.5114,-0.04540133185446432,0.1603741093758574
1082_ITH_NEU_XX.mp4,0.0867,0.0867,-0.05228001951100499,0.25615243745835325
1005_WSI_HAP_XX.mp4,-0.546,0.624,-0.20222070084682991,0.37177888744958726
1031_WSI_FEA_XX.mp4,0.0844,0.0844,-0.043934560230665935,0.1634166145174416
1024_WSI_FEA_XX.mp4,0.0837,0.0837,-0.2566108034587188,0.302925970606202
1080_TIE_HAP_XX.mp4,0.0799,0.0799,-0.049902202059436865,0.18155416865397542
1072_IEO_SAD_LO.mp4,0.0,0.0,0.028840763518436882,0.09994392370821757
1067_IEO_SAD_LO.mp4,0.0771,0.0771,-0.07476666711740937,0.12029609623523611
1027_TIE_DIS_XX.mp4,0.0794,0.0794,-0.11132571365295671,0.22647768592920423
1036_WSI_SAD_XX.mp4,-0.5133,0.1711,-0.36048002157056697,0.4827777915989217
1032_TIE_DIS_XX.mp4,-0.4896,0.5596,-0.15084820288748238,0.168417976477689
1023_WSI_SAD_XX.mp4,0.0766,0.0766,0.014465340945178987,0.1260473743986467
1054_IEO_HAP_LO.mp4,0.0766,0.0766,0.01568213578994306,0.11429205700175972
1041_IEO_HAP_LO.mp4,0.0852,0.0852,0.03560774721407701,0.08776055299841916
1075_IEO_FEA_LO.mp4,0.0724,0.0724,0.026431897541070448,0.09324478910414066
1043_DFA_ANG_XX.mp4,0.07,0.07,0.016210021550112152,0.25447352784540034
1056_DFA_ANG_XX.mp4,-0.4996,0.571,-0.4194166187360198,0.4972110121274493
1060_IEO_FEA_LO.mp4,0.0795,0.0795,-0.013833662558548761,0.10229179998118115
1001_DFA_NEU_XX.mp4,0.0792,0.0792,0.07131699176176418,0.1449563119122653
1014_DFA_NEU_XX.mp4,0.0748,0.0748,-0.0277072242971677,0.1713051255768134
1080_IEO_FEA_LO.mp4,-0.4854,0.5663,-0.17935532487031886,0.21902607959927414
1042_WSI_DIS_XX.mp4,0.0,0.0,-0.08621980394515044,0.18248261880028036
1053_TIE_SAD_XX.mp4,-0.4617,0.1539,-0.06916670300968858,0.10506126601958408
1057_WSI_DIS_XX.mp4,0.0741,0.0741,-0.1150546966559642,0.17692285678482356
1046_TIE_SAD_XX.mp4,0.0748,0.0748,0.032757988134355306,0.07840335315815256
1054_TIE_FEA_XX.mp4,0.0731,0.0731,-0.07663318750383687,0.19775261124597204
1041_TIE_FEA_XX.mp4,0.0783,0.0783,-0.005538944901404579,0.09671964584051307
1075_TIE_HAP_XX.mp4,0.074,0.074,-0.01532499905269996,0.14555949257521378
1060_TIE_HAP_XX.mp4,0.5764,0.4323,-0.004138061763525428,0.13065095284502473
1087_IEO_SAD_LO.mp4,0.0844,0.0844,0.0007644396384630071,0.09229940586305797
1006_IEO_DIS_LO.mp4,0.0805,0.0805,0.016992638270993423,0.09646339141575956
1013_IEO_DIS_LO.mp4,0.082,0.082,0.039075562129960474,0.07570222348548408
1020_ITH_ANG_XX.mp4,0.0762,0.0762,-0.13655775896755867,0.395024273632951
1035_ITH_ANG_XX.mp4,0.0,0.0,-0.41696753737435865,0.4337825902501936
1062_ITH_NEU_XX.mp4,0.0742,0.0742,0.04766575413532096,0.07808258534572904
1068_IWW_FEA_XX.mp4,-0.4509,0.5261,-0.08965218328811114,0.2348601852864654
1077_ITH_NEU_XX.mp4,0.0756,0.0756,0.07792705102579323,0.10533685394785926
1049_IWW_HAP_XX.mp4,0.6378,0.4783,0.14553972160158493,0.4019659297095781
1053_IEO_NEU_XX.mp4,0.0828,0.0828,-0.08281030202662809,0.09798998296241904
1046_IEO_NEU_XX.mp4,0.0808,0.0808,0.06340226887088993,0.08360649914233058
1040_ITH_SAD_XX.mp4,0.0742,0.0742,0.013949317709899347,0.07909096133774991
1055_ITH_SAD_XX.mp4,0.0854,0.0854,-0.05756833138340429,0.11984383097527873
1033_TIE_ANG_XX.mp4,-0.6202,0.7088,-0.5849438763205481,0.6591101803412818
1026_TIE_ANG_XX.mp4,-0.5483,0.6267,-0.5543689355094789,0.5434583550932459
1071_TIE_NEU_XX.mp4,0.0793,0.0793,0.047081316288970415,0.07718596885662865
1064_TIE_NEU_XX.mp4,0.0795,0.0795,-0.05118835792611009,0.1187298948943128
1057_DFA_DIS_XX.mp4,0.0832,0.0832,0.032541093276347494,0.10069889218108295
1066_ITH_HAP_XX.mp4,0.0,0.0,0.07237292899255147,0.10105866162372534
1073_ITH_HAP_XX.mp4,0.0833,0.0833,0.025549659867615943,0.1442648065460051
1042_DFA_DIS_XX.mp4,-0.5499,0.3142,0.07242134166260322,0.13833071066386232
1047_ITH_FEA_XX.mp4,0.0707,0.0707,-0.07694700944929417,0.14545888378046315
1052_ITH_FEA_XX.mp4,0.0,0.0,-0.027403075727943888,0.1370035613304668
1058_IWW_NEU_XX.mp4,0.0812,0.0812,-0.04765800198562442,0.11307825148751881
1083_IEO_HAP_HI.mp4,-0.5975,0.6828,-0.4436594080804354,0.5974433577788382
1087_TSI_SAD_XX.mp4,0.0744,0.0744,-0.04349460292034839,0.14851630752798026
1037_TAI_DIS_XX.mp4,0.0722,0.0722,-0.17056136894282783,0.15913980012305345
1022_TAI_DIS_XX.mp4,-0.5736,0.3278,-0.40264868837343054,0.2542499393721563
1087_IEO_HAP_MD.mp4,0.08,0.08,0.015421051138232271,0.09747319366621524
1006_TSI_DIS_XX.mp4,0.0,0.0,-0.17229654377602757,0.17779504063248874
1013_TSI_DIS_XX.mp4,0.0777,0.0777,-0.17433313476431944,0.21736787370583965
1078_IOM_FEA_XX.mp4,0.0728,0.0728,-0.008367918401876893,0.18752502899244564
1080_TSI_FEA_XX.mp4,-0.4407,0.5141,-0.16788834768942895,0.28426369106722554
1035_IEO_DIS_MD.mp4,-0.5565,0.636,-0.5233910576742622,0.6186074752981828
1020_IEO_DIS_MD.mp4,-0.5323,0.3042,-0.1362641749976223,0.14841796610694424
1061_IWL_DIS_XX.mp4,0.0761,0.0761,-0.23190438100753114,0.14423872622390144
1059_IOM_HAP_XX.mp4,0.0805,0.0805,-0.08671258319484607,0.38622105263943596
1074_IWL_DIS_XX.mp4,0.0783,0.0783,0.07302138379033625,0.2020256981411459
1024_IEO_DIS_HI.mp4,-0.524,0.5988,-0.34701537396963256,0.29141912979792084
1031_IEO_DIS_HI.mp4,0.0831,0.0831,0.05935842591267735,0.09910232224147215
1038_MTI_ANG_XX.mp4,-0.5106,0.5835,-0.3462927366057706,0.5001319902585888
1090_TAI_HAP_XX.mp4,0.0808,0.0808,0.021417075983370396,0.13480948759473463
1085_TAI_HAP_XX.mp4,0.0,0.0,-0.08763786826660774,0.16155888701188686
1080_IWL_ANG_XX.mp4,-0.6209,0.7096,-0.5384392145286895,0.6276392588301631
1058_MTI_SAD_XX.mp4,-0.442,0.1473,-0.12412234277728414,0.12095250808489309
1048_IOM_NEU_XX.mp4,0.0836,0.0836,0.03276635496108841,0.0923836458344756
1081_TAI_NEU_XX.mp4,0.0732,0.0732,-0.004512414338194488,0.09024319920272307
1039_IEO_FEA_HI.mp4,-0.5224,0.6094,-0.38136682951853107,0.6312511265183163
1009_TSI_SAD_XX.mp4,0.0873,0.0873,-0.01160030270486306,0.11999492008706743
1018_IEO_HAP_HI.mp4,-0.5425,0.31,-0.2700275124344187,0.3414066416466809
1070_IOM_DIS_XX.mp4,0.0725,0.0725,-0.06882625298269252,0.18558960201370808
1048_IWL_HAP_XX.mp4,0.0794,0.0794,-0.09173941667411678,0.24761014006815857
1088_TSI_DIS_XX.mp4,0.0724,0.0724,0.04519321319459532,0.12816490340272896
1028_IEO_FEA_MD.mp4,0.0727,0.0727,0.07240521186167269,0.07211849852145943
1065_IOM_DIS_XX.mp4,0.0859,0.0859,0.0835022270862434,0.06730651198248112
1038_TAI_SAD_XX.mp4,0.072,0.072,-0.10447638793915588,0.15868001094099443
1063_ITS_NEU_XX.mp4,0.0807,0.0807,0.006160682057719542,0.0862930155543248
1069_IWL_FEA_XX.mp4,-0.5083,0.5931,-0.45864482137608786,0.5296992262860153
1009_IEO_HAP_MD.mp4,0.6651,0.4988,-0.33586797456432677,0.5001340383942239
1021_ITS_ANG_XX.mp4,-0.5472,0.3127,-0.3039206090070523,0.4025946625003596
1034_ITS_ANG_XX.mp4,0.0825,0.0825,-0.18363600899353796,0.22624526607234519
1091_IOM_ANG_XX.mp4,-0.5573,0.6369,-0.22123985051256492,0.3646294474759068
1069_TSI_ANG_XX.mp4,-0.5817,0.6648,-0.58438895198238,0.6574949232443084
1084_IOM_ANG_XX.mp4,0.0796,0.0796,-0.06891431261944833,0.28002779758224816
1041_ITS_SAD_XX.mp4,0.0,0.0,-0.01310240045645959,0.0826240480115318
1054_ITS_SAD_XX.mp4,-0.4374,0.5103,-0.09689709261060697,0.20383907316238148
1058_TAI_ANG_XX.mp4,-0.6296,0.7196,-0.6112572243799986,0.6607651622731255
1057_MTI_DIS_XX.mp4,0.0801,0.0801,-0.05027123187123361,0.1771163304658109
1042_MTI_DIS_XX.mp4,0.0806,0.0806,0.04181325984160585,0.1320149266192901
1046_ITS_FEA_XX.mp4,0.0784,0.0784,0.091717516652877,0.22680788274884325
1053_ITS_FEA_XX.mp4,-0.498,0.581,-0.18692367703500504,0.458710230286233
1059_IWL_NEU_XX.mp4,0.0761,0.0761,-0.1455597894562947,0.21339779127331407
1067_ITS_HAP_XX.mp4,0.0757,0.0757,-0.0631061671420591,0.17225679397145333
1072_ITS_HAP_XX.mp4,0.6935,0.5201,0.17419992442975285,0.4619906435673555
1009_IEO_SAD_LO.mp4,0.0779,0.0779,-0.023341612925172655,0.09176963843298097
1088_IEO_DIS_LO.mp4,0.0693,0.0693,0.058204339681112535,0.07734529781537242
1060_IWW_DIS_XX.mp4,0.0812,0.0812,-0.0403544448217601,0.09630981292219556
1075_IWW_DIS_XX.mp4,0.0747,0.0747,-0.05040535967131877,0.12812312606971638
1038_DFA_ANG_XX.mp4,-0.5308,0.6067,-0.43554030783916675,0.5648840010375006
1058_WSI_SAD_XX.mp4,0.0768,0.0768,-0.1896009418221826,0.1838356822902798
1049_TIE_DIS_XX.mp4,0.0739,0.0739,0.0425376561221502,0.09942552084638998
1058_DFA_SAD_XX.mp4,-0.474,0.158,-0.0718315929600325,0.10670957851289942
1038_WSI_ANG_XX.mp4,0.0,0.0,-0.4079586331329443,0.4503791823797608
1081_IWW_ANG_XX.mp4,-0.5215,0.596,-0.3298012463258001,0.41921951706069094
1069_IEO_ANG_LO.mp4,0.0719,0.0719,-0.0011270644430702386,0.1331636087433301
1011_TIE_HAP_XX.mp4,0.0797,0.0797,0.02063282101885688,0.09193349114366686
1004_TIE_HAP_XX.mp4,-0.5785,0.3306,-0.49725105296734645,0.5073353832162967
1030_TIE_FEA_XX.mp4,0.0,0.0,-0.08433728718749867,0.28991339286012663
1025_TIE_FEA_XX.mp4,-0.4219,0.1406,-0.18206560520209114,0.17017016705419213
1044_ITH_ANG_XX.mp4,-0.5297,0.6053,-0.3697006045047812,0.4624352249982764
1051_ITH_ANG_XX.mp4,-0.5114,0.2922,-0.30777049684727115,0.42521371168961275
1062_IEO_DIS_LO.mp4,0.0742,0.0742,-0.016540984299468247,0.08159155689104428
1077_IEO_DIS_LO.mp4,0.0778,0.0778,0.010999531182294273,0.11183964103577747
1038_IWW_HAP_XX.mp4,0.0806,0.0806,-0.1439372901104088,0.25883587941847347
1006_ITH_NEU_XX.mp4,0.0882,0.0882,-0.11871471894557571,0.13017624515406792
1081_WSI_HAP_XX.mp4,0.083,0.083,-0.24986451775402896,0.3576057082973982
1013_ITH_NEU_XX.mp4,0.0851,0.0851,0.006114957705288169,0.09755974367651098
1019_IWW_FEA_XX.mp4,0.0809,0.0809,-0.0289101769183152,0.15940401444451296
1026_WSI_DIS_XX.mp4,-0.5488,0.6272,-0.42112808097492066,0.49699972647803115
1037_TIE_SAD_XX.mp4,0.0,0.0,-0.06206063214655881,0.13517765994376327
1090_DFA_NEU_XX.mp4,0.0798,0.0798,0.14030935815725523,0.06883035188489124
1085_DFA_NEU_XX.mp4,0.0779,0.0779,-0.027340311527663367,0.153124706462433
1033_WSI_DIS_XX.mp4,-0.5395,0.3083,-0.2758750506330116,0.2680955234037736
1022_TIE_SAD_XX.mp4,-0.4776,0.1592,-0.21630894341163193,0.17263767849425868
1057_TIE_ANG_XX.mp4,-0.6307,0.7208,-0.5878262147979643,0.6952773356859224
1042_TIE_ANG_XX.mp4,-0.5804,0.6633,-0.2851819895244963,0.3694871715139975
1015_TIE_NEU_XX.mp4,0.079,0.079,-0.009066086621675826,0.1177921740416428
1023_ITH_FEA_XX.mp4,0.0,0.0,-0.030071623010404305,0.17667287793979636
1029_IWW_NEU_XX.mp4,0.0776,0.0776,-0.04492468437922661,0.09397245476166678
1036_ITH_FEA_XX.mp4,-0.4914,0.5733,-0.322672320056755,0.41375421960461484
1085_WSI_NEU_XX.mp4,0.0798,0.0798,-0.12276385638872618,0.1612038524604397
1002_ITH_HAP_XX.mp4,-0.441,0.5145,-0.20827944805782297,0.3947577625636718
1033_DFA_DIS_XX.mp4,0.0889,0.0889,-0.007585888473267016,0.17429943315622692
1026_DFA_DIS_XX.mp4,-0.5491,0.6276,-0.09658413727679145,0.25080496108957745
1017_ITH_HAP_XX.mp4,0.0866,0.0866,0.14378365770460552,0.12324337454115476
1090_WSI_NEU_XX.mp4,0.0,0.0,-0.029692042783745987,0.13371201423763374
1083_IEO_ANG_LO.mp4,-0.5193,0.5935,-0.2771395736968763,0.397166090079264
1081_DFA_HAP_XX.mp4,0.0809,0.0809,0.048951101568070844,0.21704874145199812
1037_IEO_NEU_XX.mp4,0.0885,0.0885,0.04232366623582168,0.09385366042951612
1022_IEO_NEU_XX.mp4,0.0879,0.0879,-0.01935589673565168,0.1346242228208133
1024_ITH_SAD_XX.mp4,-0.4605,0.1535,-0.1385247591628526,0.12190184265977536
1031_ITH_SAD_XX.mp4,0.0771,0.0771,0.002605456352611274,0.09305449786843047
1005_IWL_DIS_XX.mp4,0.0825,0.0825,-0.06563949177266899,0.16164014769442586
1010_IWL_DIS_XX.mp4,0.0863,0.0863,-0.04591186226359071,0.10934476815924073
1028_IOM_HAP_XX.mp4,0.5618,0.4213,0.08347512158182552,0.32883206842820595
1051_IEO_DIS_MD.mp4,0.0793,0.0793,0.010855447228870036,0.10038256480194266
1044_IEO_DIS_MD.mp4,-0.6055,0.692,-0.6270181479831197,0.6906625794789522
1009_IOM_FEA_XX.mp4,-0.4497,0.5247,-0.28219358238066206,0.49566094229823326
1049_MTI_ANG_XX.mp4,0.0,0.0,-0.4454207215547525,0.3676628500637249
1040_IEO_DIS_HI.mp4,0.0729,0.0729,-0.03542820802888588,0.12596570180244918
1084_IWL_SAD_XX.mp4,-0.4764,0.1588,-0.013091595334331522,0.09000000047944992
1091_IWL_SAD_XX.mp4,0.0762,0.0762,-0.03684712173880867,0.10235455485040146
1055_IEO_DIS_HI.mp4,-0.5736,0.3278,-0.5721371938061575,0.5290427666240051
1053_TAI_DIS_XX.mp4,-0.5922,0.6768,-0.2674322570529979,0.4111098228729406
1046_TAI_DIS_XX.mp4,0.0763,0.0763,-0.002533067792392509,0.10783514672323609
1062_TSI_DIS_XX.mp4,0.0697,0.0697,-0.01964482891810487,0.10597242885225391
1077_TSI_DIS_XX.mp4,0.0839,0.0839,-0.015621252756218982,0.16778059508673007
1083_IWL_FEA_XX.mp4,0.0844,0.0844,0.018193833571301728,0.11218624528580608
1089_ITS_NEU_XX.mp4,0.0788,0.0788,-0.066282433000077,0.20914945559857584
1039_IOM_NEU_XX.mp4,0.0839,0.0839,-0.014434326979632145,0.10458398258846183
1083_TSI_ANG_XX.mp4,0.0757,0.0757,-0.20417297035293544,0.2581800357555554
1029_MTI_SAD_XX.mp4,0.0,0.0,-0.17422949320223016,0.30183212865298
1069_IEO_HAP_HI.mp4,0.6464,0.4848,-0.05539914978410534,0.5807265488336228
1078_TSI_SAD_XX.mp4,0.0782,0.0782,-0.05646321291497798,0.1380899016147744
1080_IOM_SAD_XX.mp4,0.0797,0.0797,-0.07311192295032953,0.11771590333475794
1048_IEO_FEA_HI.mp4,-0.5057,0.5899,-0.5686268060077749,0.564820965006354
1078_IEO_HAP_MD.mp4,0.6423,0.4817,0.3052435761984132,0.40172865785401324
1007_ITS_NEU_XX.mp4,0.0801,0.0801,-0.07084357321164772,0.12023128577136463
1049_TAI_SAD_XX.mp4,0.0761,0.0761,-0.012022985941085945,0.10071656103662067
1012_ITS_NEU_XX.mp4,0.0768,0.0768,-0.0309755089946835,0.16740499974580678
1018_IWL_FEA_XX.mp4,0.0838,0.0838,-0.10249631729577699,0.24150998427802584
1014_IOM_DIS_XX.mp4,0.0833,0.0833,-0.026701170730377102,0.10383307591461824
1059_IEO_FEA_MD.mp4,-0.5173,0.6036,-0.12817150971955954,0.29668772021808487
1001_IOM_DIS_XX.mp4,0.0776,0.0776,0.029610456050585855,0.09087221814215644
1039_IWL_HAP_XX.mp4,-0.5434,0.621,-0.34359118127071164,0.5703513099346451
1045_ITS_ANG_XX.mp4,0.0824,0.0824,-0.02431510051054139,0.12674478390287003
1050_ITS_ANG_XX.mp4,-0.6352,0.726,-0.608510371659996,0.7012095621609415
1087_IOM_FEA_XX.mp4,0.0752,0.0752,0.05993323844857797,0.07774825319204837
1090_MTI_NEU_XX.mp4,0.0754,0.0754,0.08426682654230562,0.08353432691116092
1085_MTI_NEU_XX.mp4,-0.4557,0.1519,-0.050319974772964335,0.10371401757556671
1033_MTI_DIS_XX.mp4,0.0787,0.0787,0.030170911705866006,0.15711138329087077
1026_MTI_DIS_XX.mp4,0.0747,0.0747,0.0016384050689534867,0.13820785705516048
1003_ITS_HAP_XX.mp4,0.6268,0.4701,0.08579869495752777,0.3407118162875802
1016_ITS_HAP_XX.mp4,0.584,0.438,-0.03870466389677298,0.316225900386962
1022_ITS_FEA_XX.mp4,0.0846,0.0846,-0.02195068849424241,0.1122372787538089
1028_IWL_NEU_XX.mp4,0.077,0.077,-0.03881642706081898,0.09845317324038622
1037_ITS_FEA_XX.mp4,-0.4987,0.5818,-0.20255706616961042,0.2871750044852669
1018_TSI_ANG_XX.mp4,-0.5662,0.6471,-0.13523010396426297,0.32917139472123835
1025_ITS_SAD_XX.mp4,0.0743,0.0743,-0.11019874044894462,0.1573377478036465
1030_ITS_SAD_XX.mp4,0.0756,0.0756,-0.03962454918003107,0.10826097999173732
1029_TAI_ANG_XX.mp4,-0.6318,0.722,-0.535342675561946,0.6615578656758567
1081_MTI_HAP_XX.mp4,0.0725,0.0725,0.03723107346523919,0.20712243728854868
1004_IWW_DIS_XX.mp4,-0.4819,0.5622,-0.19425169606625467,0.2171825667822627
1011_IWW_DIS_XX.mp4,-0.5281,0.3018,-0.1061006952525661,0.18283775200763436
1049_DFA_ANG_XX.mp4,-0.5351,0.6116,-0.358647836438992,0.5152673335765444
1085_IWW_SAD_XX.mp4,0.0738,0.0738,0.008763485827961512,0.09644921160277797
1090_IWW_SAD_XX.mp4,0.0764,0.0764,-0.02017623872077648,0.08799071494997035
1029_WSI_SAD_XX.mp4,-0.4923,0.1641,-0.24210647160056487,0.35423670767355836
1038_TIE_DIS_XX.mp4,-0.5367,0.3067,-0.32912612421609716,0.3301394010552563
1078_IEO_SAD_LO.mp4,0.075,0.075,0.07212264658501641,0.07547258300222012
1082_IWW_FEA_XX.mp4,-0.4612,0.5381,-0.21254873103298172,0.30817238783665635
1088_ITH_NEU_XX.mp4,0.0833,0.0833,-0.01793358339649635,0.08858699572570308
1018_IEO_ANG_LO.mp4,-0.5456,0.3118,-0.17964174339325722,0.21652014175491158
1029_DFA_SAD_XX.mp4,0.0775,0.0775,0.01906068738155957,0.20747946217766194
1049_WSI_ANG_XX.mp4,-0.5931,0.6778,-0.5092089616494844,0.6119746741895477
1010_IEO_ANG_LO.mp4,0.0799,0.0799,-0.11067208246223581,0.23371703041776298
1026_DFA_FEA_XX.mp4,0.6623,0.4967,0.05913591253406356,0.09833271939088298
1033_DFA_FEA_XX.mp4,0.0836,0.0836,-0.17864518886647895,0.3365500772403112
1005_IEO_ANG_LO.mp4,0.0747,0.0747,-0.1007849565712521,0.13664558847940467
1036_ITH_DIS_XX.mp4,-0.5259,0.601,-0.4301657495256272,0.4313017608251209
1007_DFA_HAP_XX.mp4,0.6572,0.4929,0.15385950194457085,0.16375236576522992
1012_DFA_HAP_XX.mp4,-0.5333,0.6095,-0.12368336503763176,0.2695146930177271
1023_ITH_DIS_XX.mp4,0.0,0.0,-0.025437522293317392,0.1489745957341033
1021_DFA_SAD_XX.mp4,0.0778,0.0778,-0.03673370090401398,0.09207325527786443
1086_TIE_NEU_XX.mp4,0.0803,0.0803,-0.010990474389153786,0.12850239407802383
1034_DFA_SAD_XX.mp4,0.0752,0.0752,0.032164229018357825,0.0875900873527722
1054_WSI_ANG_XX.mp4,-0.5901,0.6744,-0.4197786095142476,0.5753497355834081
1041_WSI_ANG_XX.mp4,-0.6156,0.7036,-0.5871993621026851,0.5657397301238092
1091_ITH_HAP_XX.mp4,0.0851,0.0851,-0.04853514286946582,0.12167732657955496
1016_WSI_NEU_XX.mp4,0.0822,0.0822,-0.07043574760729848,0.1738958994134193
1003_WSI_NEU_XX.mp4,0.0739,0.0739,-0.19254634560142908,0.22028401597764322
1084_ITH_HAP_XX.mp4,0.0773,0.0773,0.00037645575575529226,0.1178521926972729
1019_IWW_DIS_XX.mp4,0.0746,0.0746,-0.025216620639016623,0.13011970840972611
1003_DFA_NEU_XX.mp4,0.0826,0.0826,-0.12198803080875603,0.135820979386825
1016_DFA_NEU_XX.mp4,0.081,0.081,0.1268502751966134,0.09630202444901272
1077_IEO_FEA_LO.mp4,0.0777,0.0777,0.05814022929761519,0.09770855301219501
1041_DFA_ANG_XX.mp4,-0.5763,0.6587,-0.5678711272360432,0.6253408263803646
1054_DFA_ANG_XX.mp4,-0.5184,0.5924,-0.2139274041827896,0.5202832353307726
1062_IEO_FEA_LO.mp4,0.0858,0.0858,0.03216305208965421,0.09089050945024496
1056_IEO_HAP_LO.mp4,0.0811,0.0811,0.05618281103364996,0.07062105231588268
1043_IEO_HAP_LO.mp4,0.0,0.0,0.04054697729848914,0.14387473971414333
1034_WSI_SAD_XX.mp4,0.0813,0.0813,0.011451865923901676,0.11401934953706613
1025_TIE_DIS_XX.mp4,-0.5172,0.2956,-0.2076001771979645,0.19253979225654055
1021_WSI_SAD_XX.mp4,0.0802,0.0802,-0.09150779299205314,0.13279773042525572
1030_TIE_DIS_XX.mp4,0.0,0.0,-0.08506299579935754,0.21922968038957175
1070_IEO_SAD_LO.mp4,0.0702,0.0702,0.016983475657097204,0.0942362575384516
1065_IEO_SAD_LO.mp4,0.0771,0.0771,0.041630107563844665,0.0822063710965299
1082_TIE_HAP_XX.mp4,0.0,0.0,-0.052299543095324995,0.2233605953346337
1033_WSI_FEA_XX.mp4,-0.451,0.5262,-0.22435324391787978,0.3403207810089959
1026_WSI_FEA_XX.mp4,0.071,0.071,-0.04494620844919744,0.143804619696571
1012_WSI_HAP_XX.mp4,0.0727,0.0727,-0.2086107049755206,0.33740949421189437
1080_ITH_NEU_XX.mp4,0.0822,0.0822,-0.008447483113216159,0.0903181422902497
1007_WSI_HAP_XX.mp4,0.0811,0.0811,-0.04963355648899207,0.12112758153507532
1032_IEO_ANG_HI.mp4,-0.589,0.6732,-0.5448348418337355,0.6799546443525417
1027_IEO_ANG_HI.mp4,-0.6748,0.7712,-0.6848610819150339,0.7440249288372158
1023_IEO_ANG_MD.mp4,-0.6116,0.699,-0.5325424896107066,0.5219265698070394
1036_IEO_ANG_MD.mp4,-0.5841,0.6676,-0.4715634177915078,0.44180867152838227
1077_IWL_ANG_XX.mp4,-0.5635,0.644,-0.4971911543325068,0.5525615852644743
1062_IWL_ANG_XX.mp4,-0.5609,0.641,-0.46189548781407297,0.526398139813381
1035_IWL_NEU_XX.mp4,0.0878,0.0878,0.009372218961685115,0.10535342624715238
1020_IWL_NEU_XX.mp4,0.0798,0.0798,-0.056961869224058166,0.11676088524806379
1010_TSI_ANG_XX.mp4,-0.5968,0.682,-0.38374696269921166,0.5187327734095627
1005_TSI_ANG_XX.mp4,0.0,0.0,-0.3358780858598457,0.5411701399843145
1052_TSI_NEU_XX.mp4,0.0766,0.0766,-0.027785905791762752,0.1168314087677409
1047_TSI_NEU_XX.mp4,0.0858,0.0858,-0.03267079998757049,0.16648911552100193
1063_TAI_NEU_XX.mp4,0.0805,0.0805,-0.021437887829769752,0.11795495427359624
1038_ITS_SAD_XX.mp4,-0.389,0.4538,-0.23587001330877858,0.20902746141329986
1076_TAI_NEU_XX.mp4,0.0781,0.0781,-0.13167452669997626,0.1562476462230197
1021_TAI_ANG_XX.mp4,0.0,0.0,-0.17663858244053934,0.18633115186831628
1089_MTI_HAP_XX.mp4,0.6576,0.4932,0.2108100816431677,0.46380823990417935
1034_TAI_ANG_XX.mp4,-0.5149,0.2942,-0.307255202752669,0.3126296738425444
1055_IEO_FEA_HI.mp4,-0.465,0.5425,-0.4817061251969946,0.5915174645293237
1040_IEO_FEA_HI.mp4,-0.5307,0.6191,-0.38945458616081663,0.5947218071764208
1070_TSI_SAD_XX.mp4,0.0771,0.0771,-0.06733865057586835,0.21189165398627743
1074_IEO_HAP_HI.mp4,0.6942,0.5207,0.5058917131160924,0.4945522193522339
1088_IOM_SAD_XX.mp4,0.0828,0.0828,-0.004649785243878409,0.08120707300128704
1061_IEO_HAP_HI.mp4,0.547,0.4102,0.20390136260407002,0.25502132788422277
1065_TSI_SAD_XX.mp4,0.0794,0.0794,-0.10850738423292916,0.1588871640121136
1044_IEO_FEA_MD.mp4,0.0862,0.0862,0.042651435467806136,0.10769912327329853
1009_IOM_DIS_XX.mp4,0.0791,0.0791,-0.09587859533874799,0.14886778677792414
1031_IWL_HAP_XX.mp4,0.0825,0.0825,0.09084578776082355,0.10723431015614805
1024_IWL_HAP_XX.mp4,0.0832,0.0832,0.07654987431496835,0.19294195098562011
1051_IEO_FEA_MD.mp4,0.0736,0.0736,-0.002129770864424531,0.08950448474767402
1041_TAI_SAD_XX.mp4,0.0718,0.0718,0.03174593042094709,0.0623795884110314
1010_IWL_FEA_XX.mp4,0.0725,0.0725,-0.09371531953313036,0.3281740685719804
1065_IEO_HAP_MD.mp4,0.6573,0.493,-0.007719777759746929,0.16626561006428964
1070_IEO_HAP_MD.mp4,0.5933,0.445,0.39417022740618385,0.23774167222285414
1005_IWL_FEA_XX.mp4,0.0787,0.0787,0.028563295832076625,0.12113792203919496
1054_TAI_SAD_XX.mp4,0.0,0.0,-0.008144800048410523,0.13450834046340987
1058_ITS_ANG_XX.mp4,-0.5813,0.3322,-0.18258436638650194,0.28905938662367997
1052_IEO_SAD_HI.mp4,0.0749,0.0749,0.054417127267245013,0.08046706991794564
1056_TSI_HAP_XX.mp4,-0.4856,0.2775,-0.38939709234460407,0.31395384873400345
1043_TSI_HAP_XX.mp4,0.616,0.462,0.11164570812840345,0.36454081274518757
1047_IEO_SAD_HI.mp4,0.0739,0.0739,0.05879069327090893,0.09548210512792446
1083_IWL_DIS_XX.mp4,0.0766,0.0766,-0.07509460148133326,0.13738258343055884
1077_TSI_FEA_XX.mp4,0.0764,0.0764,-0.06426320001276037,0.22345236965385645
1062_TSI_FEA_XX.mp4,0.0809,0.0809,-0.007225999890612933,0.09287981026789656
1043_IEO_SAD_MD.mp4,0.0811,0.0811,0.03231181235399707,0.09038724634464065
1067_TAI_HAP_XX.mp4,0.0823,0.0823,0.05146367959626575,0.08694448986272459
1072_TAI_HAP_XX.mp4,0.6411,0.4808,0.03598898441487163,0.3187228997804035
1056_IEO_SAD_MD.mp4,0.0778,0.0778,0.03446620987375621,0.0866588380425619
1017_IWL_SAD_XX.mp4,0.0774,0.0774,0.023859029661217352,0.08516996762279604
1046_TAI_FEA_XX.mp4,0.0757,0.0757,0.0777566955266113,0.18196562762753615
1053_TAI_FEA_XX.mp4,-0.5216,0.6086,-0.4106686170300681,0.5876852504605055
1002_IWL_SAD_XX.mp4,0.0819,0.0819,-0.016372139989999486,0.12134413862654615
1037_ITS_DIS_XX.mp4,0.0757,0.0757,-0.1609909213167506,0.18682135087472562
1022_ITS_DIS_XX.mp4,0.0815,0.0815,-0.0663573069999784,0.16490600654845233
1024_IOM_NEU_XX.mp4,0.0805,0.0805,0.05639063204146494,0.07924821448896553
1031_IOM_NEU_XX.mp4,0.0825,0.0825,0.041898081347579046,0.09757323576321593
1066_IOM_ANG_XX.mp4,-0.5202,0.5945,-0.12843140621113097,0.2669441817855702
1073_IOM_ANG_XX.mp4,-0.4892,0.5591,-0.21715211796678258,0.3498501707723418
1007_MTI_HAP_XX.mp4,0.0739,0.0739,-0.08073294572873685,0.1289909412502611
1012_MTI_HAP_XX.mp4,0.076,0.076,-0.0684370410388379,0.1547139076882155
1026_MTI_FEA_XX.mp4,-0.436,0.1453,0.033543155484366226,0.09226591348404371
1033_MTI_FEA_XX.mp4,-0.4547,0.5304,-0.09870036878423136,0.32371120911215234
1090_ITS_HAP_XX.mp4,0.0862,0.0862,-0.06851884989808722,0.15571056410790926
1085_ITS_HAP_XX.mp4,0.6787,0.509,0.043281792549601655,0.2833859393166443
1021_MTI_SAD_XX.mp4,-0.4513,0.1504,-0.12794366423158648,0.1407088088015923
1034_MTI_SAD_XX.mp4,0.0786,0.0786,-0.001337642840818393,0.09059007341746184
1001_IOM_FEA_XX.mp4,-0.587,0.6709,-0.26878790271099157,0.4011257159996638
1014_IOM_FEA_XX.mp4,-0.418,0.4877,-0.18615893393873048,0.26532665304420633
1059_IEO_DIS_MD.mp4,0.0789,0.0789,-0.14175283099410577,0.13489629325686325
1018_IWL_DIS_XX.mp4,0.0722,0.0722,-0.022133017748688064,0.114977519149366
1020_IOM_HAP_XX.mp4,0.0,0.0,0.07564227897063065,0.17864616597568636
1035_IOM_HAP_XX.mp4,-0.4433,0.5172,-0.029781726950876393,0.2531472879799446
1048_IEO_DIS_HI.mp4,0.0782,0.0782,-0.1106931380665797,0.22628210478899566
1041_MTI_ANG_XX.mp4,-0.6285,0.7183,-0.5287271688353284,0.6277663008552894
1054_MTI_ANG_XX.mp4,-0.5561,0.6356,-0.41607760937109123,0.5289214123578146
1003_MTI_NEU_XX.mp4,0.0776,0.0776,-0.07522084999127315,0.13769672006221417
1016_MTI_NEU_XX.mp4,0.0864,0.0864,0.10044171142974055,0.09340971478455022
1006_IOM_SAD_XX.mp4,0.0838,0.0838,-0.03989585584314916,0.11196292411718141
1013_IOM_SAD_XX.mp4,0.075,0.075,-0.04812637438939903,0.07985740121902235
1081_ITS_NEU_XX.mp4,0.0866,0.0866,0.003406914410557572,0.08647730447401156
1087_IOM_DIS_XX.mp4,0.0,0.0,-0.010980269548873267,0.10090542265168309
1008_TIE_NEU_XX.mp4,0.0729,0.0729,-0.06588832078640422,0.14002836855303832
1034_IWW_NEU_XX.mp4,0.0831,0.0831,0.03879272134269492,0.08480712985388884
1021_IWW_NEU_XX.mp4,0.0806,0.0806,-0.07548615543189452,0.13444457566428838
1076_IWW_ANG_XX.mp4,-0.6111,0.6984,-0.22714729128580005,0.3840555519376393
1063_IWW_ANG_XX.mp4,-0.5359,0.6124,-0.300639912599063,0.4103010110249077
1089_DFA_HAP_XX.mp4,0.6627,0.497,0.09745997757274347,0.27692127020151924
1039_ITH_SAD_XX.mp4,0.0809,0.0809,0.049889117519496484,0.09098430354670231
1038_TIE_FEA_XX.mp4,0.0714,0.0714,-0.01789157158448006,0.17592581036761357
1019_TIE_HAP_XX.mp4,0.078,0.078,0.04891949409927707,0.13074581187916806
1059_ITH_ANG_XX.mp4,-0.6524,0.7456,-0.5720705443958646,0.6462294703699967
1011_IWW_FEA_XX.mp4,0.0,0.0,-0.013637455054945999,0.10732292898041215
1004_IWW_FEA_XX.mp4,-0.4167,0.4861,-0.1372712039091089,0.19183291594634905
1089_WSI_HAP_XX.mp4,0.0759,0.0759,-0.31166291755039255,0.4579831831677231
1030_IWW_HAP_XX.mp4,-0.5302,0.303,-0.13891471349434892,0.20447749800288084
1025_IWW_HAP_XX.mp4,0.0813,0.0813,0.08322399067486631,0.2221716597806529
1082_IWW_DIS_XX.mp4,0.0733,0.0733,-0.047001405532413915,0.1860107491245143
1016_IWW_SAD_XX.mp4,0.0791,0.0791,-0.14093907146627482,0.1491336399815023
1003_IWW_SAD_XX.mp4,-0.4353,0.5079,-0.11371654960472383,0.19755341682741656
1045_DFA_SAD_XX.mp4,0.0806,0.0806,-0.0171783911796977,0.08197302614864535
1050_DFA_SAD_XX.mp4,0.0761,0.0761,0.028167090716969236,0.0694956434354795
1089_IWW_ANG_XX.mp4,-0.5254,0.6005,-0.5718595391038859,0.6436752395129502
1030_WSI_ANG_XX.mp4,-0.5728,0.6547,-0.5297946201008232,0.5813232450335402
1025_WSI_ANG_XX.mp4,-0.5411,0.6184,-0.224252669008293,0.4489138412269338
1072_WSI_NEU_XX.mp4,0.0786,0.0786,-0.04680849576700078,0.1596592412748193
1067_WSI_NEU_XX.mp4,0.0857,0.0857,0.05293924790540903,0.08409285491554375
1063_DFA_HAP_XX.mp4,0.6856,0.5142,0.3557294126370152,0.4178324026542426
1052_ITH_DIS_XX.mp4,0.0,0.0,-0.04367261212757258,0.12522980861955593
1047_ITH_DIS_XX.mp4,-0.5481,0.6264,-0.12745413961481095,0.18523341417463296
1076_DFA_HAP_XX.mp4,0.0845,0.0845,0.030606302827925768,0.22504227797185078
1042_DFA_FEA_XX.mp4,0.0736,0.0736,0.015027245800814647,0.20926806685965949
1074_IEO_ANG_LO.mp4,0.0844,0.0844,-0.03855725207535312,0.21834751852160955
1061_IEO_ANG_LO.mp4,-0.562,0.6423,-0.2570717282054303,0.3117647380787893
1057_DFA_FEA_XX.mp4,0.0778,0.0778,0.01370401368286315,0.09485271653700131
1014_IEO_SAD_LO.mp4,0.0766,0.0766,-0.025782733238127995,0.0988814007595399
1001_IEO_SAD_LO.mp4,0.082,0.082,0.07475356387070496,0.07123031512773684
1076_WSI_HAP_XX.mp4,0.662,0.4965,0.18551064398470213,0.2477127757605478
1063_WSI_HAP_XX.mp4,0.0,0.0,0.19663175853472586,0.20079070359038664
1057_WSI_FEA_XX.mp4,0.0784,0.0784,-0.024434039802101244,0.15432220999686067
1042_WSI_FEA_XX.mp4,-0.5379,0.6148,-0.26989279331280924,0.42482283454895375
1080_IEO_DIS_LO.mp4,0.0,0.0,-0.1446391572843855,0.1753282926056801
1067_DFA_NEU_XX.mp4,0.0831,0.0831,0.09090889750553738,0.0817727635178886
1072_DFA_NEU_XX.mp4,0.0758,0.0758,0.00936693811902532,0.13240975923542045
1068_IWW_DIS_XX.mp4,-0.5538,0.3164,-0.0786735336498676,0.08462351221644505
1032_IEO_HAP_LO.mp4,0.0818,0.0818,0.04374064824437714,0.174784880911148
1027_IEO_HAP_LO.mp4,0.0846,0.0846,0.032735565295196674,0.08709213238579183
1025_DFA_ANG_XX.mp4,0.0,0.0,-0.07193417940417104,0.31277799211980395
1013_IEO_FEA_LO.mp4,0.0715,0.0715,0.0072586839599196,0.09071146419665564
1006_IEO_FEA_LO.mp4,0.0745,0.0745,-0.032052588796525006,0.11223408180811671
1030_DFA_ANG_XX.mp4,-0.5876,0.3358,-0.4388055331998091,0.6097804206979134
1050_WSI_SAD_XX.mp4,0.0744,0.0744,-0.07727591012742703,0.12595280262946124
1041_TIE_DIS_XX.mp4,0.0805,0.0805,-0.08241598945395408,0.11323396478509921
1045_WSI_SAD_XX.mp4,0.0773,0.0773,-0.04822069698385165,0.1178127153629943
1054_TIE_DIS_XX.mp4,-0.5607,0.3204,-0.17914209813017953,0.17108026812568444
1074_TSI_ANG_XX.mp4,-0.6223,0.7112,-0.537525137282467,0.617655755125458
1061_TSI_ANG_XX.mp4,-0.5491,0.6276,-0.5370350608266207,0.5520236777842342
1036_TSI_NEU_XX.mp4,0.0859,0.0859,0.0481317498654314,0.13461127241350407
1023_TSI_NEU_XX.mp4,0.0832,0.0832,-0.05982074840180258,0.20408247075909947
1007_TAI_NEU_XX.mp4,0.087,0.087,-0.06272004787488723,0.12694101528264667
1012_TAI_NEU_XX.mp4,0.0746,0.0746,-0.0015282708728073281,0.137312871252693
1049_ITS_SAD_XX.mp4,-0.4683,0.5463,-0.1388160612266655,0.23094648485751904
1045_TAI_ANG_XX.mp4,0.0826,0.0826,-0.07651455272261048,0.13899845053768747
1050_TAI_ANG_XX.mp4,-0.6265,0.716,-0.5041220348658404,0.6317018865947047
1056_IEO_ANG_HI.mp4,-0.6281,0.7178,-0.6230711845666348,0.6771654512728906
1043_IEO_ANG_HI.mp4,-0.5938,0.6787,-0.3658961381000974,0.5350373095463019
1013_IWL_ANG_XX.mp4,-0.631,0.7211,-0.6532516066121621,0.6842726223717844
1006_IWL_ANG_XX.mp4,-0.6206,0.7092,-0.3645790677877424,0.5908075334633972
1047_IEO_ANG_MD.mp4,-0.4896,0.5596,-0.19846693314916683,0.24499808537777265
1052_IEO_ANG_MD.mp4,-0.5591,0.639,-0.5259201333505154,0.6094164300105875
1051_IWL_NEU_XX.mp4,0.0905,0.0905,0.028890758168215874,0.07912567595313376
1044_IWL_NEU_XX.mp4,0.0806,0.0806,-0.058640855800957126,0.1499991571860524
1013_TSI_FEA_XX.mp4,-0.5063,0.5907,-0.24027057328172416,0.35645562371428313
1006_TSI_FEA_XX.mp4,0.0649,0.0649,-0.058940811982564116,0.11260999823353421
1036_IEO_SAD_HI.mp4,0.0742,0.0742,-0.10428145787895236,0.16961291296479636
1032_TSI_HAP_XX.mp4,0.0782,0.0782,0.10511630234619933,0.20350137415366906
1027_TSI_HAP_XX.mp4,-0.4864,0.5674,-0.37429941153430146,0.46359750529357274
1023_IEO_SAD_HI.mp4,0.0748,0.0748,-0.044459970422632396,0.09784753997098251
1022_TAI_FEA_XX.mp4,0.0838,0.0838,-0.0930838405875355,0.18287338702846453
1073_IWL_SAD_XX.mp4,0.0805,0.0805,0.02962090338566494,0.09429313738262701
1066_IWL_SAD_XX.mp4,0.0798,0.0798,-0.013697963367450093,0.09614035572898626
1037_TAI_FEA_XX.mp4,-0.455,0.5308,-0.22634717383049102,0.2905919806729499
1027_IEO_SAD_MD.mp4,0.0855,0.0855,-0.027158998939689868,0.10899263576465547
1003_TAI_HAP_XX.mp4,-0.4947,0.5771,-0.24065182960435363,0.36117683868033734
1016_TAI_HAP_XX.mp4,0.5707,0.428,-0.11465880299747656,0.26209285737362203
1032_IEO_SAD_MD.mp4,0.0859,0.0859,0.03782516128220494,0.10164616591134053
1014_TSI_SAD_XX.mp4,0.0823,0.0823,0.01408054463508427,0.09568959982775566
1010_IEO_HAP_HI.mp4,-0.4417,0.5153,-0.40636995680127064,0.5210312646147348
1005_IEO_HAP_HI.mp4,0.6462,0.4847,-0.22960414736032583,0.4699403913589899
1001_TSI_SAD_XX.mp4,0.0837,0.0837,-0.012417682128402515,0.12703750147391782
1031_IEO_FEA_HI.mp4,-0.5177,0.6039,-0.4185902776081664,0.6730293449962557
1024_IEO_FEA_HI.mp4,0.0,0.0,-0.17357833975541456,0.4418220560426981
1074_IWL_FEA_XX.mp4,0.0809,0.0809,0.022090728668614064,0.21397760474854452
1025_TAI_SAD_XX.mp4,-0.477,0.159,-0.12970645688184876,0.12640855494882333
1001_IEO_HAP_MD.mp4,0.0818,0.0818,0.05454491112003913,0.16027956508408192
1014_IEO_HAP_MD.mp4,0.0811,0.0811,-0.03781631811935565,0.23451123566284682
1030_TAI_SAD_XX.mp4,0.0778,0.0778,-0.15644118988363892,0.14288676278885915
1061_IWL_FEA_XX.mp4,0.0834,0.0834,-0.060363766977921056,0.11048186475059293
1020_IEO_FEA_MD.mp4,0.0,0.0,-0.020950123036121204,0.18298269800298428
1055_IWL_HAP_XX.mp4,0.0803,0.0803,0.0042773189477383405,0.1580675420863482
1078_IOM_DIS_XX.mp4,-0.5171,0.6033,-0.12240823334151507,0.15582010821236245
1040_IWL_HAP_XX.mp4,0.0866,0.0866,0.08701165986492676,0.11253620771159442
1035_IEO_FEA_MD.mp4,0.081,0.081,-0.025790602825798176,0.13088060116715297
1080_TSI_DIS_XX.mp4,0.0,0.0,-0.01813287361014655,0.10890638499944258
1029_ITS_ANG_XX.mp4,-0.5443,0.311,-0.33611243397787127,0.4719558582277638
1045_MTI_SAD_XX.mp4,-0.4065,0.1355,-0.0061987060428406555,0.08492261693123705
1050_MTI_SAD_XX.mp4,0.0739,0.0739,-0.05395202692128331,0.09188759886451058
1088_IWL_ANG_XX.mp4,-0.5435,0.6212,-0.3910123749112633,0.45309671880223096
1040_IOM_NEU_XX.mp4,0.088,0.088,0.01143627973254562,0.090934215630233
1055_IOM_NEU_XX.mp4,0.0879,0.0879,0.049595067278006055,0.08889312581566955
1053_ITS_DIS_XX.mp4,0.0,0.0,-0.048276256195181215,0.11582781879713468
1046_ITS_DIS_XX.mp4,0.0798,0.0798,-0.03419992252182358,0.11872380912474874
1002_IOM_ANG_XX.mp4,-0.636,0.7268,-0.5941628563432935,0.6356960043166164
1017_IOM_ANG_XX.mp4,0.0729,0.0729,-0.00230622522906104,0.10346597311603772
1042_MTI_FEA_XX.mp4,0.0711,0.0711,-0.07232673434042634,0.30133549527092346
1057_MTI_FEA_XX.mp4,-0.4254,0.1418,-0.05688613320899414,0.09214788274897594
1063_MTI_HAP_XX.mp4,0.0,0.0,0.03152304039852615,0.2575773215580791
1076_MTI_HAP_XX.mp4,0.0716,0.0716,0.07793743726421333,0.19956488319953677
1089_TAI_NEU_XX.mp4,0.0851,0.0851,-0.011872191488641893,0.18165337766206294
1062_IOM_SAD_XX.mp4,0.0824,0.0824,0.09430336285385617,0.0788395961356723
1077_IOM_SAD_XX.mp4,0.0813,0.0813,0.059922663669491325,0.09658142634201226
1044_IOM_HAP_XX.mp4,0.6258,0.4693,0.08743055275733994,0.22990637658174645
1069_IWL_DIS_XX.mp4,-0.5394,0.3082,-0.031071017668423007,0.11842495563313553
1051_IOM_HAP_XX.mp4,0.0803,0.0803,0.12286876916409735,0.09246613202337897
1028_IEO_DIS_MD.mp4,-0.5013,0.2864,-0.11558758718540393,0.17813090030341805
1065_IOM_FEA_XX.mp4,0.0872,0.0872,0.07456912050557638,0.09999334498253125
1070_IOM_FEA_XX.mp4,0.0863,0.0863,-0.003547468156795945,0.14785623770993706
1088_TSI_FEA_XX.mp4,0.0831,0.0831,-0.1390530039912332,0.15573396200412654
1025_MTI_ANG_XX.mp4,-0.4846,0.5538,-0.017217924298071202,0.17837619281375364
1030_MTI_ANG_XX.mp4,-0.5398,0.3084,-0.46118732733135787,0.39201978909685997
1039_IEO_DIS_HI.mp4,-0.5393,0.6164,-0.5355304353309117,0.5851661767137424
1067_MTI_NEU_XX.mp4,0.0799,0.0799,0.014646353462786702,0.06522607224239438
1072_MTI_NEU_XX.mp4,0.0867,0.0867,-0.04980269252596743,0.10176879919832292
1048_ITH_SAD_XX.mp4,0.0798,0.0798,0.022513871283809574,0.11918832949769208
1079_TIE_NEU_XX.mp4,0.0833,0.0833,0.09417837759487074,0.12089378878258958
1050_IWW_NEU_XX.mp4,0.0736,0.0736,0.040524519598755825,0.08944752127103474
1045_IWW_NEU_XX.mp4,0.0798,0.0798,0.045439465837678356,0.07542746963223106
1012_IWW_ANG_XX.mp4,-0.5131,0.5864,-0.10097241772421958,0.18358667588834707
1007_IWW_ANG_XX.mp4,-0.5718,0.3267,-0.23642642454207988,0.3292993348192996
1088_IEO_FEA_LO.mp4,0.0767,0.0767,0.04512860921155665,0.06938002506668384
1072_IWW_SAD_XX.mp4,0.0689,0.0689,-0.014501777950565706,0.11391134946623474
1067_IWW_SAD_XX.mp4,0.0,0.0,-0.24053416085037194,0.33522224651473065
1068_TIE_HAP_XX.mp4,-0.5683,0.6495,-0.2626345736489165,0.38222234125698307
1049_TIE_FEA_XX.mp4,0.0763,0.0763,-0.0844622855223767,0.25147690762601316
1028_ITH_ANG_XX.mp4,-0.5756,0.6578,-0.5090030189967727,0.5652786653677241
1054_IWW_HAP_XX.mp4,0.644,0.483,0.35712671430217013,0.3175835840444044
1041_IWW_HAP_XX.mp4,0.0789,0.0789,0.030414450436083425,0.13319987413449327
1075_IWW_FEA_XX.mp4,-0.428,0.4993,-0.143864102537018,0.18881143955011648
1060_IWW_FEA_XX.mp4,0.0,0.0,-0.021377214298874413,0.08480783991791406
1079_DFA_HAP_XX.mp4,0.674,0.5055,0.2501718771828618,0.4079100652732821
1048_ITH_DIS_XX.mp4,0.078,0.078,-0.09437364932193451,0.18867027820232202
1058_DFA_FEA_XX.mp4,0.0823,0.0823,-0.04968448208359066,0.43249336243022163
1086_IWW_ANG_XX.mp4,-0.5126,0.2929,-0.2327338808883948,0.3655906718307234
1068_WSI_NEU_XX.mp4,0.0736,0.0736,-0.04388975620555408,0.12583920721820607
1068_DFA_NEU_XX.mp4,0.0758,0.0758,0.034869887246871,0.11806380575196948
1072_IWW_DIS_XX.mp4,0.0,0.0,-0.0009624295690352362,0.14434628636479366
1067_IWW_DIS_XX.mp4,-0.4493,0.5242,-0.04450089211959303,0.15785419518022256
1028_IEO_HAP_LO.mp4,0.6537,0.4903,0.27686305378626724,0.332264317070715
1009_IEO_FEA_LO.mp4,0.0824,0.0824,0.007590522622299704,0.14972423724781211
1079_WSI_HAP_XX.mp4,0.0,0.0,-0.08857850728205953,0.27236770062328913
1058_WSI_FEA_XX.mp4,0.0,0.0,-0.2589771805943107,0.33432161929659404
1009_IWL_ANG_XX.mp4,-0.5989,0.6845,-0.5825230691685851,0.6797743628027422
1048_IEO_ANG_MD.mp4,-0.5404,0.6176,-0.4279853208836553,0.5705816705114592
1075_ITS_HAP_XX.mp4,0.668,0.501,0.38964895859991117,0.2787964442920052
1060_ITS_HAP_XX.mp4,0.0817,0.0817,-4.618495657455914e-05,0.3034445041532427
1054_ITS_FEA_XX.mp4,0.0792,0.0792,-0.0995657720514987,0.1975429566372575
1041_ITS_FEA_XX.mp4,0.0,0.0,-0.05623957298498528,0.16609973229694258
1045_MTI_DIS_XX.mp4,0.078,0.078,0.0020576278901990215,0.0982255835462408
1050_MTI_DIS_XX.mp4,-0.5931,0.3389,-0.12673615219135742,0.18347130848592805
1059_IEO_ANG_HI.mp4,-0.63,0.72,-0.5734259872454045,0.6883893737498678
1053_ITS_SAD_XX.mp4,0.0,0.0,-0.03607216287882313,0.1359112597145226
1008_TAI_NEU_XX.mp4,0.0841,0.0841,-0.1485454353317545,0.20527058508592963
1046_ITS_SAD_XX.mp4,0.082,0.082,-0.006235807476258412,0.09620957247108652
1083_IOM_ANG_XX.mp4,-0.5552,0.6345,-0.20827968069522176,0.21563510475364314
1039_TSI_NEU_XX.mp4,0.0933,0.0933,0.02170236772132224,0.1115994469928103
1071_ITS_NEU_XX.mp4,0.0799,0.0799,-0.0566828840635668,0.13433392830657806
1064_ITS_NEU_XX.mp4,0.0821,0.0821,0.010623396074365637,0.10364276224920954
1062_IOM_DIS_XX.mp4,-0.5126,0.1709,0.04658374593029425,0.07761102759081832
1077_IOM_DIS_XX.mp4,0.0773,0.0773,0.007976857072718327,0.13189698983731454
1033_ITS_ANG_XX.mp4,-0.5875,0.6714,-0.3664336751093642,0.4200046763513287
1026_ITS_ANG_XX.mp4,-0.5621,0.3212,-0.40397430292697145,0.3968884501426833
1038_TAI_FEA_XX.mp4,-0.4773,0.5568,-0.34461042346675547,0.4423688709815061
1069_IWL_SAD_XX.mp4,-0.444,0.148,-0.001845560337342891,0.10993529699240513
1028_IEO_SAD_MD.mp4,0.0693,0.0693,-0.012936719635633932,0.08600405571241738
1019_TAI_HAP_XX.mp4,0.082,0.082,-0.03449152265684675,0.18414293409147622
1009_TSI_FEA_XX.mp4,-0.5194,0.6059,-0.46469059576781957,0.5897327971726563
1039_IEO_SAD_HI.mp4,0.0816,0.0816,0.04115013651734081,0.09860264603726425
1028_TSI_HAP_XX.mp4,-0.4704,0.5488,-0.16055409462222597,0.4147138413807558
1058_MTI_FEA_XX.mp4,-0.4672,0.5451,0.010258822727836778,0.43585494356117416
1079_MTI_HAP_XX.mp4,0.7104,0.5328,0.48568351037701407,0.45301149175177463
1086_TAI_NEU_XX.mp4,0.0857,0.0857,-0.047991542620016446,0.16735483372627466
1049_ITS_DIS_XX.mp4,-0.503,0.1677,-0.042699582902218654,0.11772946984133065
1018_IOM_ANG_XX.mp4,-0.5884,0.6724,-0.29985968774759425,0.4461536071369067
1087_IWL_ANG_XX.mp4,0.0784,0.0784,0.031728624440997694,0.10714252451071035
1082_TAI_HAP_XX.mp4,0.0832,0.0832,0.09431501279520793,0.15239854537084102
1036_IEO_DIS_HI.mp4,-0.6024,0.6885,-0.5608859724679623,0.5623253286191019
1023_IEO_DIS_HI.mp4,-0.4642,0.5416,-0.2491889047750735,0.2655878863461962
1068_MTI_NEU_XX.mp4,0.0747,0.0747,-0.035086610348888,0.09400705230886826
1073_IWL_DIS_XX.mp4,0.079,0.079,-0.0760544859790855,0.10235147624099934
1066_IWL_DIS_XX.mp4,0.0,0.0,-0.013362174043813395,0.09334596918506652
1027_IEO_DIS_MD.mp4,-0.546,0.312,-0.5422100936386963,0.5127530934288559
1032_IEO_DIS_MD.mp4,0.0757,0.0757,-0.044817959099943024,0.13583511904527074
1087_TSI_FEA_XX.mp4,-0.4362,0.5089,-0.16618012006652935,0.2708871139912685
1014_TSI_DIS_XX.mp4,0.0,0.0,-0.09629406169336559,0.14930091517880417
1001_TSI_DIS_XX.mp4,0.0796,0.0796,-0.09966216724531747,0.2212551535232273
1080_IEO_HAP_MD.mp4,0.0821,0.0821,0.012140612779590386,0.24387204822465358
1025_TAI_DIS_XX.mp4,-0.4863,0.5673,-0.11483550137860928,0.1463309544237641
1030_TAI_DIS_XX.mp4,0.0809,0.0809,-0.15501712606527274,0.281010062852466
1091_IEO_HAP_HI.mp4,0.0751,0.0751,-0.003911549680587919,0.25415169916822283
1080_TSI_SAD_XX.mp4,0.0822,0.0822,-0.10895848940091488,0.12625318273036104
1078_IOM_SAD_XX.mp4,0.0,0.0,-0.030087625019111643,0.10101033042443211
1084_IEO_HAP_HI.mp4,0.0,0.0,-0.1643886190410673,0.271924224518292
1055_ITH_FEA_XX.mp4,-0.504,0.588,-0.28664924720716006,0.6157635974332897
1040_ITH_FEA_XX.mp4,0.0801,0.0801,-0.038041652632209794,0.08740251301346755
1045_DFA_DIS_XX.mp4,0.0887,0.0887,-0.009550001856615005,0.08114605292439574
1074_ITH_HAP_XX.mp4,0.081,0.081,-0.1349737452640969,0.3247587288441769
1061_ITH_HAP_XX.mp4,0.0795,0.0795,0.1341779988137963,0.11369724009686051
1050_DFA_DIS_XX.mp4,-0.5351,0.6116,-0.13488322628695384,0.20871756285478835
1008_IWW_ANG_XX.mp4,-0.5413,0.6187,-0.4577387137464723,0.5491502016968571
1021_TIE_ANG_XX.mp4,-0.5799,0.6628,-0.38161781750825685,0.41479910599184894
1034_TIE_ANG_XX.mp4,-0.5544,0.6336,-0.10049841866579787,0.30691498817510066
1063_TIE_NEU_XX.mp4,0.0892,0.0892,-0.02180594157785099,0.09621507425869096
1076_TIE_NEU_XX.mp4,0.0797,0.0797,-0.02290553691269504,0.16420631464189492
1041_IEO_NEU_XX.mp4,0.0821,0.0821,0.010259756514940174,0.1027996740332023
1054_IEO_NEU_XX.mp4,0.0813,0.0813,-0.03320086569640862,0.11367549975077502
1052_ITH_SAD_XX.mp4,0.0804,0.0804,-0.02412494713367805,0.12878912627226022
1047_ITH_SAD_XX.mp4,0.078,0.078,-0.04160483971921551,0.10646131266948064
1032_ITH_ANG_XX.mp4,0.0827,0.0827,-0.21396903238958337,0.3005259397388512
1027_ITH_ANG_XX.mp4,-0.58,0.6629,-0.5447751660700478,0.6488571490406595
1014_IEO_DIS_LO.mp4,0.0699,0.0699,0.0018592410762057153,0.1144446392661486
1001_IEO_DIS_LO.mp4,0.075,0.075,0.07437553357172928,0.09532048773494978
1070_ITH_NEU_XX.mp4,0.087,0.087,-0.044654275838831414,0.18892410992874875
1065_ITH_NEU_XX.mp4,0.0824,0.0824,0.034351573476337015,0.08410631752199775
1067_TIE_HAP_XX.mp4,0.0743,0.0743,0.02305653656972539,0.08705960927894553
1072_TIE_HAP_XX.mp4,0.628,0.471,-0.3938405302882408,0.6098673259174517
1046_TIE_FEA_XX.mp4,0.0825,0.0825,0.04677615275196583,0.08757639526888857
1053_TIE_FEA_XX.mp4,0.0,0.0,-0.26209633693735157,0.4687985723478518
1080_IEO_SAD_LO.mp4,0.0902,0.0902,-0.02258319962236913,0.0965038275700413
1068_IWW_SAD_XX.mp4,0.0,0.0,-0.03566451714430742,0.1064393110607525
1087_IEO_FEA_LO.mp4,0.0808,0.0808,0.02505786277613552,0.10277065164643456
1041_TIE_SAD_XX.mp4,0.0799,0.0799,-0.017638370619104365,0.11155645709653368
1050_WSI_DIS_XX.mp4,-0.5613,0.3208,-0.30342844676989134,0.19518956551837882
1054_TIE_SAD_XX.mp4,-0.4707,0.1569,-0.07447374710958819,0.11476014388025567
1045_WSI_DIS_XX.mp4,0.086,0.086,-0.11836180767915162,0.1356192184419529
1019_WSI_NEU_XX.mp4,0.0783,0.0783,-0.04407440496979227,0.14497549315654865
1089_TIE_NEU_XX.mp4,0.0862,0.0862,-0.17330096333864542,0.16461274034926765
1029_DFA_FEA_XX.mp4,-0.4276,0.4989,-0.39801020964368705,0.5577026900950882
1008_DFA_HAP_XX.mp4,0.5747,0.431,-0.14113097752621226,0.3793927616475859
1039_ITH_DIS_XX.mp4,-0.5678,0.3244,-0.20554346339267052,0.20974322976112067
1029_WSI_FEA_XX.mp4,-0.5157,0.6016,-0.47847170283960805,0.6007185716536504
1090_IWW_FEA_XX.mp4,0.0743,0.0743,-0.04282566996124237,0.1070011754106777
1085_IWW_FEA_XX.mp4,-0.474,0.553,-0.13852053788914473,0.1801327436187901
1082_IWW_SAD_XX.mp4,0.0,0.0,-0.023734306142049043,0.1762104439879956
1016_IWW_DIS_XX.mp4,0.0679,0.0679,-0.21731781383912413,0.20702375921617644
1003_IWW_DIS_XX.mp4,-0.444,0.518,-0.26242383904421107,0.2940840340604271
1019_DFA_NEU_XX.mp4,0.0818,0.0818,0.03829728036458256,0.119544982160196
1078_IEO_FEA_LO.mp4,0.0809,0.0809,0.013789421446443849,0.11033942038767236
1059_IEO_HAP_LO.mp4,0.0818,0.0818,0.016219105597019407,0.07030181739506537
1037_ITS_SAD_XX.mp4,-0.477,0.159,-0.1884082796728201,0.2007587451997592
1022_ITS_SAD_XX.mp4,0.0769,0.0769,-0.05258084374697927,0.16721069990252657
1079_TAI_NEU_XX.mp4,0.0813,0.0813,-0.18158671938586782,0.1871080264270862
1086_MTI_HAP_XX.mp4,0.0835,0.0835,0.07213980389852767,0.11106599620171277
1048_TSI_NEU_XX.mp4,0.0825,0.0825,-0.005414837314998507,0.16742663978776756
1039_IEO_ANG_MD.mp4,0.0772,0.0772,-0.095706097626118,0.21752035719983012
1078_IWL_ANG_XX.mp4,-0.5122,0.5853,-0.4563165318382797,0.5468615207383356
1030_ITS_FEA_XX.mp4,0.0828,0.0828,-0.030427863713911464,0.31760360540127475
1025_ITS_FEA_XX.mp4,0.0,0.0,-0.08336668138721917,0.1472551530460563
1011_ITS_HAP_XX.mp4,0.0762,0.0762,-0.03422233709585092,0.14144054148618992
1004_ITS_HAP_XX.mp4,0.0742,0.0742,-0.10362036805990078,0.2618783102260097
1028_IEO_ANG_HI.mp4,-0.6328,0.7232,-0.516573145651589,0.6435411339651586
1021_MTI_DIS_XX.mp4,0.0831,0.0831,-0.08433209988194905,0.126512005769063
1034_MTI_DIS_XX.mp4,0.0775,0.0775,-0.058785578439726996,0.1168292176847318
1082_MTI_NEU_XX.mp4,0.0744,0.0744,0.21153413933763857,0.07784034679607976
1068_TAI_HAP_XX.mp4,-0.5692,0.3253,-0.3354521579072746,0.3494320697233179
1059_IEO_SAD_MD.mp4,-0.505,0.1683,-0.08483501981208684,0.12668897043617844
1049_TAI_FEA_XX.mp4,-0.4719,0.5505,-0.18531093133506077,0.33210208436944877
1018_IWL_SAD_XX.mp4,-0.484,0.1613,-0.06215313453058935,0.09519148066232509
1059_TSI_HAP_XX.mp4,0.0,0.0,-0.30670731687333536,0.3319584635514287
1048_IEO_SAD_HI.mp4,0.0762,0.0762,-0.0033648233565320633,0.08113795102304619
1080_IOM_FEA_XX.mp4,0.0,0.0,-0.021399663256736146,0.10609040874951821
1078_TSI_FEA_XX.mp4,-0.519,0.6055,-0.23144793868137653,0.5206886576877624
1006_IOM_DIS_XX.mp4,-0.4494,0.1498,-0.08526378723141527,0.11316825529852885
1013_IOM_DIS_XX.mp4,0.0761,0.0761,-0.06675015808571247,0.12361846933321727
1015_ITS_NEU_XX.mp4,0.0788,0.0788,-0.05596045868943523,0.1456892419648757
1057_ITS_ANG_XX.mp4,0.6324,0.4743,0.056909975864816706,0.436612911919691
1042_ITS_ANG_XX.mp4,-0.5067,0.2896,-0.11597132831225145,0.21346483064047875
1087_IOM_SAD_XX.mp4,-0.4267,0.1422,-0.11267183818428976,0.09121751535482622
1008_MTI_HAP_XX.mp4,0.6545,0.4909,0.011633615145905916,0.31356051954154734
1029_MTI_FEA_XX.mp4,-0.5066,0.591,-0.5712967183553934,0.6206176360237202
1038_ITS_DIS_XX.mp4,-0.5705,0.326,-0.43880291551090467,0.2992215475472059
1069_IOM_ANG_XX.mp4,-0.5547,0.634,-0.3957489064035477,0.5517657158042517
1091_TSI_ANG_XX.mp4,-0.6016,0.6876,-0.34854646613203955,0.43690994290375734
1084_TSI_ANG_XX.mp4,0.0,0.0,-0.11769238946197928,0.1527938123479814
1091_IWL_FEA_XX.mp4,-0.4329,0.1443,-0.036489947270770554,0.10928251785231803
1084_IWL_FEA_XX.mp4,0.0786,0.0786,-0.017360806522118338,0.11764934476600866
1088_IOM_DIS_XX.mp4,0.0765,0.0765,0.05451517613282514,0.04660402068050617
1070_TSI_DIS_XX.mp4,0.0825,0.0825,-0.1406632021155537,0.28697312017390003
1065_TSI_DIS_XX.mp4,0.0762,0.0762,-0.027141479102238512,0.16607679318648513
1009_IOM_SAD_XX.mp4,0.0857,0.0857,-0.10439972767100181,0.1382515988048691
1041_TAI_DIS_XX.mp4,0.0,0.0,-0.09556195885913582,0.13302103965571097
1054_TAI_DIS_XX.mp4,0.0,0.0,0.022883771959502038,0.0949863680979315
1052_IEO_DIS_HI.mp4,0.0842,0.0842,-0.010884808266289922,0.1361834284649137
1083_IWL_SAD_XX.mp4,0.0,0.0,-0.02524790870565703,0.10017569552576336
1047_IEO_DIS_HI.mp4,0.0759,0.0759,-0.020359412513081366,0.12855822581330326
1019_MTI_NEU_XX.mp4,0.0848,0.0848,0.02579423597341373,0.12316569270284788
1043_IEO_DIS_MD.mp4,0.0734,0.0734,-0.07105001179355605,0.1750327200425597
1056_IEO_DIS_MD.mp4,-0.5929,0.6776,-0.29098541788158644,0.5132206887779134
1017_IWL_DIS_XX.mp4,0.0769,0.0769,-0.02326879877585064,0.07556945398929346
1002_IWL_DIS_XX.mp4,0.0762,0.0762,-0.1739227207587051,0.3433368349023753
1025_IEO_NEU_XX.mp4,0.0865,0.0865,-0.022417756917605797,0.1450564723247727
1030_IEO_NEU_XX.mp4,0.0785,0.0785,0.11779291865333123,0.0944391970308768
1036_ITH_SAD_XX.mp4,-0.4803,0.5604,-0.15847261715529948,0.3191657577619273
1023_ITH_SAD_XX.mp4,0.0812,0.0812,0.0747046537717246,0.0753194559490868
1086_DFA_HAP_XX.mp4,0.0,0.0,-0.005590565995071074,0.15935275981526323
1091_IEO_ANG_LO.mp4,0.0761,0.0761,-0.08845682666322228,0.24584211240896903
1084_IEO_ANG_LO.mp4,-0.5215,0.298,-0.16258072771654833,0.228915253131925
1010_ITH_HAP_XX.mp4,0.603,0.4522,0.0922179503853993,0.3488084377786072
1021_DFA_DIS_XX.mp4,-0.5106,0.5836,-0.16567987822048758,0.16632093949155735
1034_DFA_DIS_XX.mp4,0.0741,0.0741,0.026511363335062384,0.07654299918520596
1005_ITH_HAP_XX.mp4,0.0801,0.0801,-0.09751872798864976,0.2562405258308033
1082_WSI_NEU_XX.mp4,0.0825,0.0825,-0.06094675799668251,0.15674780857439768
1031_ITH_FEA_XX.mp4,0.0868,0.0868,-0.027998509312588855,0.08837418428189717
1024_ITH_FEA_XX.mp4,0.0,0.0,-0.12895147175752353,0.17262226106166442
1079_IWW_ANG_XX.mp4,-0.5368,0.3068,-0.3153982702295283,0.371000451598452
1045_TIE_ANG_XX.mp4,-0.5281,0.3018,-0.20322714025708646,0.3819754632156137
1050_TIE_ANG_XX.mp4,-0.6307,0.7208,-0.3210824157559092,0.5874263826348413
1007_TIE_NEU_XX.mp4,0.0797,0.0797,-0.0010550577225408066,0.10881084048603025
1012_TIE_NEU_XX.mp4,0.0815,0.0815,-0.0720309368193864,0.1505008840976299
1019_IWW_SAD_XX.mp4,0.0821,0.0821,-0.0033334709225817482,0.11311081513571031
1025_TIE_SAD_XX.mp4,-0.4623,0.1541,-0.19693862892377414,0.14074081709039338
1034_WSI_DIS_XX.mp4,0.0708,0.0708,-0.04467268238455641,0.13158026470585046
1082_DFA_NEU_XX.mp4,0.081,0.081,0.01216974941985948,0.2033945684865024
1030_TIE_SAD_XX.mp4,0.08,0.08,0.004585191866822524,0.08988822626554091
1021_WSI_DIS_XX.mp4,0.0,0.0,-0.11292138678786708,0.16730062114286234
1070_IEO_DIS_LO.mp4,-0.5161,0.2949,-0.12551358709860877,0.2007018150092898
1065_IEO_DIS_LO.mp4,0.0791,0.0791,-0.0021080295738071892,0.09713806646903687
1056_ITH_ANG_XX.mp4,0.0862,0.0862,-0.054683194352395895,0.2661543384823769
1043_ITH_ANG_XX.mp4,0.0,0.0,-0.12424828042253848,0.28566989411475563
1014_ITH_NEU_XX.mp4,0.0716,0.0716,-0.11674107647306481,0.2518559146178722
1086_WSI_HAP_XX.mp4,0.6548,0.4911,0.09485107355737739,0.473556784043364
1001_ITH_NEU_XX.mp4,0.0832,0.0832,-0.005124830159310248,0.15174128258733133
1022_TIE_FEA_XX.mp4,0.0807,0.0807,-0.06123813475510401,0.19527668870564224
1037_TIE_FEA_XX.mp4,-0.4863,0.1621,-0.18667561417369213,0.17603167565871378
1003_TIE_HAP_XX.mp4,0.5832,0.4374,-0.1370043531136094,0.15777898381158295
1016_TIE_HAP_XX.mp4,0.0,0.0,-0.2081081981629453,0.30472018166846354
1004_IWW_SAD_XX.mp4,-0.4503,0.5253,-0.15380712448107622,0.2009628366612801
1011_IWW_SAD_XX.mp4,0.0733,0.0733,-0.03140685495438337,0.07335489430141712
1085_IWW_DIS_XX.mp4,-0.5511,0.3149,-0.11959258412627619,0.2054809569106461
1090_IWW_DIS_XX.mp4,-0.5378,0.3073,-0.26556605629432584,0.28214683240618393
1038_TIE_SAD_XX.mp4,-0.4824,0.1608,-0.08024533990505694,0.10089048972324433
1029_WSI_DIS_XX.mp4,-0.582,0.6652,-0.4988648628672464,0.6209966540079942
1078_IEO_DIS_LO.mp4,0.0743,0.0743,-0.038717356926591805,0.15991268398379357
1022_IWW_HAP_XX.mp4,0.0,0.0,0.04839590656750311,0.1044220238319559
1037_IWW_HAP_XX.mp4,-0.4703,0.5487,-0.041651438313466724,0.18342438321063986
1009_ITH_NEU_XX.mp4,0.0754,0.0754,-0.10490706191168553,0.16505942332035275
1003_IWW_FEA_XX.mp4,-0.4506,0.5257,-0.3739504765062359,0.41622371405720265
1016_IWW_FEA_XX.mp4,0.0,0.0,-0.2110712293143644,0.23801736182647007
1038_IEO_NEU_XX.mp4,0.0846,0.0846,0.047672330736179755,0.11361621256831912
1026_IWW_NEU_XX.mp4,0.0808,0.0808,0.05832058156597566,0.08835605598214405
1039_ITH_FEA_XX.mp4,-0.4488,0.5236,-0.062098946909215656,0.1252154335694588
1033_IWW_NEU_XX.mp4,0.0856,0.0856,-0.02325982122702358,0.1896218695432427
1018_ITH_HAP_XX.mp4,0.6262,0.4697,0.3769402723933893,0.3794964901189115
1029_DFA_DIS_XX.mp4,-0.5691,0.3252,-0.37073382999509447,0.395030538075431
1064_IWW_ANG_XX.mp4,-0.6475,0.74,-0.465921063199416,0.5459506355005739
1071_IWW_ANG_XX.mp4,0.0,0.0,-0.0776780882374305,0.1391767234394309
1058_TIE_ANG_XX.mp4,-0.5915,0.676,-0.2092980121221802,0.4775385430698651
1080_IOM_DIS_XX.mp4,0.0795,0.0795,-0.017572522797382813,0.1101907146425055
1078_TSI_DIS_XX.mp4,-0.5995,0.3426,-0.3102599702202719,0.47655940654099516
1086_ITS_NEU_XX.mp4,0.0836,0.0836,0.049237965290711096,0.17577923018203243
1049_TAI_DIS_XX.mp4,-0.582,0.3325,-0.17141693813391454,0.34056350559991855
1014_IOM_SAD_XX.mp4,0.0647,0.0647,-0.060202568631409006,0.10863163437294963
1001_IOM_SAD_XX.mp4,0.0772,0.0772,0.061150707557660444,0.09011429965717241
1053_MTI_ANG_XX.mp4,-0.5806,0.6636,-0.41185724316732863,0.5126775787908643
1046_MTI_ANG_XX.mp4,0.0741,0.0741,-0.015829638961166088,0.21112084872427656
1011_MTI_NEU_XX.mp4,0.0783,0.0783,-0.007212246244339582,0.1098512338002302
1004_MTI_NEU_XX.mp4,0.0811,0.0811,-0.12847448736783781,0.16003490072237944
1032_IOM_HAP_XX.mp4,0.0873,0.0873,0.08442662368690629,0.10089015207176497
1027_IOM_HAP_XX.mp4,0.0857,0.0857,-0.04871379302737513,0.23492025199829658
1013_IOM_FEA_XX.mp4,0.0,0.0,-0.12161856714706401,0.1137228294442727
1006_IOM_FEA_XX.mp4,0.0,0.0,-0.0720071211696872,0.14002219484091585
1082_ITS_HAP_XX.mp4,0.6396,0.4797,0.3922321354194184,0.3511924741787409
1033_MTI_SAD_XX.mp4,0.0836,0.0836,0.00301747733832881,0.07380654418733054
1026_MTI_SAD_XX.mp4,0.0,0.0,-0.0030112584717000043,0.08540367550194007
1034_MTI_FEA_XX.mp4,0.0811,0.0811,-0.01675433607521395,0.11489474691257619
1021_MTI_FEA_XX.mp4,-0.5088,0.1696,-0.11123108347687526,0.11483442456093255
1015_MTI_HAP_XX.mp4,0.0726,0.0726,0.08884373954091106,0.117313495645378
1036_IOM_NEU_XX.mp4,0.0739,0.0739,-0.009837601142687887,0.11681801279154148
1023_IOM_NEU_XX.mp4,0.0891,0.0891,0.011879818173034006,0.09647939979307185
1025_ITS_DIS_XX.mp4,0.0742,0.0742,-0.1630921271389447,0.1817047104262661
1030_ITS_DIS_XX.mp4,0.0751,0.0751,0.03891365092534671,0.11899961256784108
1074_IOM_ANG_XX.mp4,-0.6118,0.6992,-0.566376018816952,0.6359169282416928
1061_IOM_ANG_XX.mp4,0.0,0.0,-0.0987400823976295,0.20431778035465728
1005_IWL_SAD_XX.mp4,0.0821,0.0821,-0.022637036481379835,0.09220293902155843
1054_TAI_FEA_XX.mp4,-0.4039,0.1346,-0.1044362753656893,0.11895359914740232
1041_TAI_FEA_XX.mp4,0.0824,0.0824,-0.03881666048954223,0.10879772467716968
1010_IWL_SAD_XX.mp4,0.0781,0.0781,0.010139142262095781,0.08898274816436844
1051_IEO_SAD_MD.mp4,0.0724,0.0724,0.040670712184429116,0.08358758648269245
1075_TAI_HAP_XX.mp4,0.5568,0.4176,0.21039911511806222,0.2979124883297952
1060_TAI_HAP_XX.mp4,0.087,0.087,-0.09370125946617137,0.23802509642878686
1044_IEO_SAD_MD.mp4,0.0825,0.0825,-0.028064403431278678,0.0996285726082213
1065_TSI_FEA_XX.mp4,0.0767,0.0767,-0.09492955152965667,0.16031615219223436
1088_IOM_FEA_XX.mp4,0.0742,0.0742,0.024532931676193564,0.24700875425442725
1070_TSI_FEA_XX.mp4,0.0,0.0,-0.194845986177346,0.2554594117562301
1084_IWL_DIS_XX.mp4,0.0784,0.0784,-0.06185987314071286,0.12987915906979672
1040_IEO_SAD_HI.mp4,-0.4797,0.1599,-0.026979422739064497,0.10515386235339867
1044_TSI_HAP_XX.mp4,-0.462,0.539,-0.03484842368211561,0.3333396986026049
1051_TSI_HAP_XX.mp4,0.0846,0.0846,-0.0074682784329316776,0.227850993629428
1055_IEO_SAD_HI.mp4,-0.498,0.166,-0.20432046676552867,0.11437295925850671
1091_IWL_DIS_XX.mp4,0.0819,0.0819,-0.06764687948713435,0.13331559498460785
1008_ITS_NEU_XX.mp4,0.078,0.078,-0.21012233430598204,0.22082606490343287
1053_TAI_SAD_XX.mp4,-0.4523,0.5277,-0.13465420872220504,0.23753598711032875
1002_IWL_FEA_XX.mp4,0.0794,0.0794,-0.09426012887850156,0.13387010727021315
1077_IEO_HAP_MD.mp4,0.0855,0.0855,-0.022719425886617725,0.17917995001307682
1062_IEO_HAP_MD.mp4,0.0772,0.0772,0.10820104743325872,0.06195115381432779
1017_IWL_FEA_XX.mp4,0.0828,0.0828,-0.020111117010577054,0.13557339731076914
1046_TAI_SAD_XX.mp4,0.083,0.083,0.013748814322674332,0.09194315096927305
1056_IEO_FEA_MD.mp4,-0.5285,0.302,-0.29510937627034706,0.428169495979835
1023_IWL_HAP_XX.mp4,0.0,0.0,0.15884100734819914,0.1419422923047519
1036_IWL_HAP_XX.mp4,-0.5176,0.5915,-0.23051512394167484,0.3494693119276098
1043_IEO_FEA_MD.mp4,-0.4143,0.4833,-0.15073003765777515,0.2068158323400772
1062_TSI_SAD_XX.mp4,0.0751,0.0751,0.033869359506339396,0.1126942388871506
1066_IEO_HAP_HI.mp4,0.0735,0.0735,0.04774502595496345,0.2651594562780451
1073_IEO_HAP_HI.mp4,0.0845,0.0845,0.12361548486586506,0.15544978876939927
1077_TSI_SAD_XX.mp4,0.0791,0.0791,0.03940612088188771,0.09417280874169635
1047_IEO_FEA_HI.mp4,-0.538,0.6277,-0.5618688020672408,0.5972326748283523
1052_IEO_FEA_HI.mp4,-0.5457,0.6366,-0.4866577619378638,0.6483966707995286
1071_TAI_NEU_XX.mp4,0.0,0.0,0.017992456899099993,0.08228691100543722
1064_TAI_NEU_XX.mp4,0.0851,0.0851,0.020865436462879933,0.12171503011751533
1033_TAI_ANG_XX.mp4,0.0,0.0,-0.19235518029940119,0.3074074227030695
1026_TAI_ANG_XX.mp4,0.0,0.0,-0.41527510381819627,0.35007428058267276
1002_TSI_ANG_XX.mp4,-0.5492,0.6276,-0.432223052126649,0.4747920324627185
1017_TSI_ANG_XX.mp4,0.077,0.077,-0.030864731347504108,0.14204279185007807
1040_TSI_NEU_XX.mp4,0.0851,0.0851,0.0007517486840178393,0.11494179670710052
1055_TSI_NEU_XX.mp4,0.0812,0.0812,0.04036089002391833,0.16262237554556436
1065_IWL_ANG_XX.mp4,-0.5516,0.6304,-0.5156618592994214,0.5790002394582324
1070_IWL_ANG_XX.mp4,-0.5832,0.6665,-0.5321741717488441,0.6193149512395726
1031_IEO_ANG_MD.mp4,-0.5701,0.6516,-0.3837035056547003,0.4514794604292838
1024_IEO_ANG_MD.mp4,0.0745,0.0745,-0.006160334479579133,0.2131453423248121
1019_ITS_HAP_XX.mp4,0.0,0.0,-0.10377635583987245,0.1724694280433527
1027_IWL_NEU_XX.mp4,0.0885,0.0885,-0.035596187614068436,0.11612612776955947
1038_ITS_FEA_XX.mp4,0.5876,0.4407,-0.0841270073820077,0.4258545456026918
1032_IWL_NEU_XX.mp4,0.0866,0.0866,-0.07044587059093313,0.11857904457960125
1029_MTI_DIS_XX.mp4,-0.553,0.316,-0.11792771008897289,0.32816861305630735
1020_IEO_ANG_HI.mp4,-0.5223,0.5969,-0.5584084962804412,0.6027798712247835
1035_IEO_ANG_HI.mp4,-0.5635,0.644,-0.589775967647306,0.7269743878925076
1087_ITH_NEU_XX.mp4,0.0873,0.0873,0.12831230080263195,0.10138712040590112
1015_WSI_HAP_XX.mp4,0.0831,0.0831,-0.11246582419819866,0.16628654444530186
1021_WSI_FEA_XX.mp4,-0.4736,0.1579,-0.16476916307219894,0.1541065394633379
1034_WSI_FEA_XX.mp4,0.0802,0.0802,-0.0031384385077669885,0.10635403032634877
1062_IEO_SAD_LO.mp4,0.0794,0.0794,0.046278333345562986,0.07867736179923004
1077_IEO_SAD_LO.mp4,0.0859,0.0859,0.020100831166641804,0.09189768405778706
1090_TIE_HAP_XX.mp4,0.6428,0.4821,0.17869164025656506,0.2756524253866752
1085_TIE_HAP_XX.mp4,0.0793,0.0793,-0.001221600041642296,0.12051078873527371
1037_TIE_DIS_XX.mp4,-0.458,0.5343,-0.18199330979110095,0.25157412397664386
1026_WSI_SAD_XX.mp4,0.0775,0.0775,-0.008060189667575749,0.11210768104915163
1022_TIE_DIS_XX.mp4,-0.577,0.6594,-0.46649878625179747,0.37784026893256667
1033_WSI_SAD_XX.mp4,-0.5411,0.3092,-0.186394173998131,0.17967319008583973
1011_DFA_NEU_XX.mp4,0.0812,0.0812,0.014206858274790376,0.09854597431966096
1004_DFA_NEU_XX.mp4,-0.4476,0.5116,-0.26994879452274817,0.23992813381736147
1044_IEO_HAP_LO.mp4,0.0,0.0,0.06045209177714855,0.2162885576714697
1051_IEO_HAP_LO.mp4,0.0873,0.0873,0.13215997856032016,0.09305858027198206
1065_IEO_FEA_LO.mp4,0.0813,0.0813,0.0696005066236743,0.10474781725545078
1053_DFA_ANG_XX.mp4,-0.515,0.5886,-0.4902253902298377,0.6033470044676373
1046_DFA_ANG_XX.mp4,-0.5297,0.6053,-0.29734697274479005,0.44220597552784763
1070_IEO_FEA_LO.mp4,0.0841,0.0841,0.008315938985736513,0.11064876285702398
1046_WSI_ANG_XX.mp4,-0.5476,0.6258,-0.30429647943619575,0.3606877382964435
1053_WSI_ANG_XX.mp4,-0.5553,0.6347,-0.49377738654122616,0.595470526859255
1083_ITH_HAP_XX.mp4,0.0758,0.0758,0.05590767345881025,0.12529721179924794
1004_WSI_NEU_XX.mp4,0.0766,0.0766,-0.13665559633541596,0.19921211354471793
1011_WSI_NEU_XX.mp4,0.0764,0.0764,-0.06367820091460352,0.13029587610626125
1033_DFA_SAD_XX.mp4,0.0814,0.0814,-0.017797571933716696,0.10696084196629692
1081_TIE_NEU_XX.mp4,0.0858,0.0858,0.026045272265988823,0.0891721816229269
1026_DFA_SAD_XX.mp4,0.0,0.0,0.031989291369143885,0.04832744523925853
1024_ITH_DIS_XX.mp4,-0.5295,0.3026,-0.16838593987647055,0.1898001934127202
1015_DFA_HAP_XX.mp4,0.678,0.5085,0.13975064980391333,0.30891634422750003
1031_ITH_DIS_XX.mp4,0.0821,0.0821,0.045618255929826296,0.07832291690792434
1002_IEO_ANG_LO.mp4,-0.5516,0.6304,-0.5012928506861396,0.5367728879708059
1034_DFA_FEA_XX.mp4,0.0768,0.0768,0.10077594122115303,0.10964835150719118
1021_DFA_FEA_XX.mp4,0.0,0.0,-0.03588114362764567,0.08771441785515653
1017_IEO_ANG_LO.mp4,-0.5079,0.5804,-0.42407248893484295,0.37249543744012353
1009_IEO_DIS_LO.mp4,-0.5368,0.6135,-0.2349901950785973,0.29465134952047356
1067_IWW_FEA_XX.mp4,0.0,0.0,0.020088792295636475,0.09182619821430452
1078_ITH_NEU_XX.mp4,0.0843,0.0843,-0.030000219980405588,0.17057220806476853
1072_IWW_FEA_XX.mp4,-0.4518,0.5271,-0.05469350924650996,0.21336407849376957
1046_IWW_HAP_XX.mp4,0.0779,0.0779,-0.02961133145433372,0.237900716726447
1053_IWW_HAP_XX.mp4,0.6493,0.487,0.2567975700720579,0.31231189155457695
1088_IEO_SAD_LO.mp4,0.0699,0.0699,0.06416559556342234,0.09604013144217324
1060_IWW_SAD_XX.mp4,-0.431,0.1437,-0.05491277901354378,0.08500062838472458
1075_IWW_SAD_XX.mp4,0.0789,0.0789,0.04077593042931937,0.10151014005330046
1049_TIE_SAD_XX.mp4,0.0,0.0,0.013816048451239746,0.07826747839487641
1058_WSI_DIS_XX.mp4,-0.5257,0.3004,-0.2068293020684892,0.19203561559193483
1069_ITH_HAP_XX.mp4,0.0671,0.0671,0.13896805074707902,0.14126331620917748
1058_DFA_DIS_XX.mp4,-0.5484,0.3134,-0.12229993501533765,0.13294775396418343
1048_ITH_FEA_XX.mp4,-0.4942,0.5766,-0.11942710248400823,0.31726758946256733
1042_IWW_NEU_XX.mp4,0.0736,0.0736,0.0005989163651425279,0.11264591393126121
1057_IWW_NEU_XX.mp4,-0.4209,0.491,-0.053198873870350355,0.1422216502334453
1015_IWW_ANG_XX.mp4,-0.3993,0.4659,-0.0050096249117132,0.14054615158515837
1029_TIE_ANG_XX.mp4,-0.6206,0.7092,-0.5903031491453242,0.6766734730604137
1049_IEO_NEU_XX.mp4,0.0794,0.0794,0.057711378344069024,0.08362688250991808
1037_MTI_ANG_XX.mp4,0.0862,0.0862,-0.1428101016278967,0.20560457505240284
1022_MTI_ANG_XX.mp4,-0.5946,0.6796,-0.4797682277616456,0.600736361622766
1075_MTI_NEU_XX.mp4,0.0836,0.0836,-0.043070326804806616,0.11654510220498142
1060_MTI_NEU_XX.mp4,0.0837,0.0837,-0.004242828675696889,0.07045870591019583
1077_IOM_FEA_XX.mp4,0.0854,0.0854,-0.0983895426328502,0.22343205981256203
1062_IOM_FEA_XX.mp4,0.082,0.082,0.004140255729557124,0.09527317504757245
1056_IOM_HAP_XX.mp4,0.0739,0.0739,0.1023178057222444,0.06322717055869366
1043_IOM_HAP_XX.mp4,0.0778,0.0778,0.16200069766531044,0.14315242627681454
1088_IEO_HAP_MD.mp4,0.0936,0.0936,-0.04801354874108103,0.13626342357648447
1009_TSI_DIS_XX.mp4,0.0753,0.0753,-0.049231206448083466,0.14328624907907597
1088_TSI_SAD_XX.mp4,0.0755,0.0755,-0.03694013427799095,0.09599115357451003
1070_IOM_SAD_XX.mp4,0.0736,0.0736,0.06554804284554697,0.09546324136277812
1065_IOM_SAD_XX.mp4,0.0832,0.0832,0.03017098931224389,0.07896118612680768
1038_TAI_DIS_XX.mp4,-0.6233,0.3562,-0.4975123518698569,0.4377539919485395
1071_MTI_HAP_XX.mp4,0.0729,0.0729,0.1896740289082008,0.1376173747164724
1064_MTI_HAP_XX.mp4,0.6416,0.4812,0.10275990764970705,0.21871509493895988
1050_MTI_FEA_XX.mp4,-0.4989,0.582,-0.11074508830526529,0.31733067565068374
1045_MTI_FEA_XX.mp4,0.0905,0.0905,-0.077491324511507,0.1289138189702555
1041_ITS_DIS_XX.mp4,0.079,0.079,-0.08687702119917018,0.12875520233569626
1054_ITS_DIS_XX.mp4,-0.4597,0.1532,-0.05998568851163331,0.13381429656646193
1052_IOM_NEU_XX.mp4,0.0803,0.0803,0.0178238623558236,0.09192236638163345
1047_IOM_NEU_XX.mp4,0.0781,0.0781,-0.044674045059197295,0.1102205399695576
1010_IOM_ANG_XX.mp4,0.0838,0.0838,-0.13710331948137905,0.27370562037858975
1005_IOM_ANG_XX.mp4,-0.6223,0.7112,-0.4546140548303215,0.5918638907941456
1057_MTI_SAD_XX.mp4,0.0791,0.0791,-0.013232632184055966,0.0927684368085009
1042_MTI_SAD_XX.mp4,-0.4525,0.1508,-0.0922141813254851,0.15349557381605025
1087_TSI_DIS_XX.mp4,-0.5238,0.2993,-0.09949241884476304,0.19884310360281396
1032_IEO_FEA_MD.mp4,0.0734,0.0734,0.006831019703409113,0.13096375900742402
1047_IWL_HAP_XX.mp4,-0.5592,0.6391,-0.15426053629834094,0.38988534654508755
1052_IWL_HAP_XX.mp4,0.0741,0.0741,-0.040966906272218696,0.16649301740978348
1027_IEO_FEA_MD.mp4,0.08,0.08,-0.023472988754427857,0.11217179925719774
1066_IWL_FEA_XX.mp4,0.0684,0.0684,-0.011765246268844641,0.09347967037051844
1037_TAI_SAD_XX.mp4,-0.5083,0.1694,-0.2539029431075899,0.21147567306548237
1013_IEO_HAP_MD.mp4,0.0,0.0,0.02918798934785085,0.10895353654365254
1006_IEO_HAP_MD.mp4,0.083,0.083,0.02755937547256907,0.1712409618276103
1079_ITS_NEU_XX.mp4,0.0761,0.0761,-0.01812709751732748,0.1672046405428316
1022_TAI_SAD_XX.mp4,-0.5373,0.307,-0.06469969128356001,0.13511164654930113
1073_IWL_FEA_XX.mp4,0.0866,0.0866,0.018728326675008934,0.09395417930299754
1023_IEO_FEA_HI.mp4,-0.4428,0.5166,-0.3772326385324129,0.44240136174125516
1036_IEO_FEA_HI.mp4,-0.5123,0.5977,-0.39911117864048035,0.5701341323164655
1006_TSI_SAD_XX.mp4,-0.458,0.1527,-0.30588637741515007,0.16994134439288505
1002_IEO_HAP_HI.mp4,0.0,0.0,-0.2817324780720565,0.2955427983752934
1017_IEO_HAP_HI.mp4,0.548,0.411,0.11936710801272543,0.15982336784872955
1013_TSI_SAD_XX.mp4,-0.423,0.4935,-0.0643138660692983,0.11256605866467799
1035_IEO_SAD_MD.mp4,0.0809,0.0809,0.023575304730328095,0.08271274219153835
1011_TAI_HAP_XX.mp4,0.0799,0.0799,0.005123690144421153,0.15870859356448258
1004_TAI_HAP_XX.mp4,0.0802,0.0802,-0.14699901888653083,0.17921668650337014
1020_IEO_SAD_MD.mp4,-0.4763,0.1588,-0.12818776485530675,0.12888829786133907
1030_TAI_FEA_XX.mp4,0.0798,0.0798,-0.22777145195087195,0.3121539674105111
1061_IWL_SAD_XX.mp4,0.0817,0.0817,0.03874519098624106,0.09965079328440558
1074_IWL_SAD_XX.mp4,0.0779,0.0779,-0.01740269447506787,0.10496698659164541
1025_TAI_FEA_XX.mp4,0.0743,0.0743,-0.11500348086308132,0.13328089418773248
1024_IEO_SAD_HI.mp4,0.0,0.0,-0.014088068330865901,0.10083308930805017
1020_TSI_HAP_XX.mp4,-0.5355,0.306,0.00564172486580382,0.28290171933458524
1035_TSI_HAP_XX.mp4,0.6653,0.499,-0.20330640530972943,0.5472521508199247
1031_IEO_SAD_HI.mp4,0.0821,0.0821,0.043809381706695176,0.08575355401329549
1001_TSI_FEA_XX.mp4,-0.4657,0.5434,-0.36960810239996045,0.4764160308934591
1014_TSI_FEA_XX.mp4,0.0816,0.0816,-0.10070392850885541,0.17305621637474683
1055_IEO_ANG_MD.mp4,0.0817,0.0817,-0.1434974965241083,0.3291021192592365
1040_IEO_ANG_MD.mp4,-0.5124,0.5856,-0.46595202505511957,0.5782640720481345
1001_IWL_ANG_XX.mp4,-0.5316,0.6076,-0.4083698040269637,0.44520144915850624
1014_IWL_ANG_XX.mp4,-0.5814,0.6644,-0.5321292608934155,0.5461010847880399
1049_ITS_FEA_XX.mp4,-0.503,0.5868,-0.1274230887167366,0.15928223606192687
1043_IWL_NEU_XX.mp4,0.0778,0.0778,0.04618882881161103,0.07589403459679542
1056_IWL_NEU_XX.mp4,0.0758,0.0758,-0.033470886425296366,0.05943796886403853
1068_ITS_HAP_XX.mp4,0.0776,0.0776,-0.16157037804045127,0.236373417007346
1044_IEO_ANG_HI.mp4,-0.6755,0.772,-0.6445433070081126,0.7574938687447038
1051_IEO_ANG_HI.mp4,-0.5663,0.6472,-0.5107616457311416,0.6427425104753548
1058_MTI_DIS_XX.mp4,-0.4612,0.2636,-0.1539022155432279,0.1528069990240445
1015_TAI_NEU_XX.mp4,0.0872,0.0872,-0.024020176965309496,0.13369089066876585
1057_TAI_ANG_XX.mp4,0.0806,0.0806,-0.224746965727166,0.289541742831471
1042_TAI_ANG_XX.mp4,0.0764,0.0764,-0.16215126409769307,0.33090265788038736
1066_TSI_ANG_XX.mp4,-0.5573,0.6369,-0.4600101300982633,0.5555857629024413
1073_TSI_ANG_XX.mp4,-0.5285,0.604,-0.3029510992751406,0.42073377088669356
1024_TSI_NEU_XX.mp4,0.0873,0.0873,0.026918716327387293,0.11563118044171727
1031_TSI_NEU_XX.mp4,0.091,0.091,0.023544930735522107,0.09381124217956983
1053_TIE_DIS_XX.mp4,0.0806,0.0806,-0.12357513660269445,0.1659947396387541
1042_WSI_SAD_XX.mp4,0.0777,0.0777,-0.06299223172620953,0.13509346381345766
1046_TIE_DIS_XX.mp4,0.0,0.0,-0.029297986928316318,0.326423195354817
1057_WSI_SAD_XX.mp4,-0.4407,0.1469,-0.05710438186672237,0.11394727277955535
1075_DFA_NEU_XX.mp4,0.0795,0.0795,-0.07018846650544132,0.11183841044298376
1060_DFA_NEU_XX.mp4,0.076,0.076,-0.07523699833336177,0.1504248902033423
1037_DFA_ANG_XX.mp4,-0.5434,0.621,-0.2923296491540791,0.3271950042250164
1001_IEO_FEA_LO.mp4,0.0794,0.0794,0.023621127249473753,0.14226228619928588
1014_IEO_FEA_LO.mp4,0.0735,0.0735,-0.01630234410914896,0.15951693649692436
1022_DFA_ANG_XX.mp4,-0.5718,0.6535,-0.4632649112858748,0.5293552205007256
1020_IEO_HAP_LO.mp4,0.0775,0.0775,0.03263731987013179,0.13144708706188493
1035_IEO_HAP_LO.mp4,0.6726,0.5044,0.16348505061318205,0.3979094709526418
1045_WSI_FEA_XX.mp4,0.0747,0.0747,-0.08908978180708964,0.15133250744998583
1050_WSI_FEA_XX.mp4,-0.4806,0.5607,-0.18603905569522336,0.2389115884429135
1064_WSI_HAP_XX.mp4,0.0,0.0,-0.09792243897492854,0.16039314281685946
1071_WSI_HAP_XX.mp4,0.0798,0.0798,0.016227018927248486,0.19058982646276815
1087_IEO_DIS_LO.mp4,0.0759,0.0759,0.059918527610709024,0.08204051752695504
1006_IEO_SAD_LO.mp4,0.0729,0.0729,0.025497811822794217,0.07923427230564555
1013_IEO_SAD_LO.mp4,0.0759,0.0759,0.019399150984291385,0.08469602499900826
1050_DFA_FEA_XX.mp4,0.0,0.0,-0.11321053689076266,0.14022416752683287
1066_IEO_ANG_LO.mp4,0.0778,0.0778,0.08011127659196567,0.10997586257828998
1073_IEO_ANG_LO.mp4,0.0713,0.0713,-0.025187727082545665,0.161230321666404
1045_DFA_FEA_XX.mp4,0.0721,0.0721,0.008217004716256356,0.12227312609386533
1071_DFA_HAP_XX.mp4,0.0853,0.0853,0.05007413015353943,0.12730763567553244
1040_ITH_DIS_XX.mp4,0.0751,0.0751,0.005796785902992403,0.10291718039557138
1055_ITH_DIS_XX.mp4,0.0801,0.0801,-0.0807545406871163,0.1481684305033174
1064_DFA_HAP_XX.mp4,-0.4515,0.1505,0.10884258188656092,0.14036435297268499
1022_WSI_ANG_XX.mp4,-0.6125,0.7,-0.5790725507194905,0.6701238437247793
1037_WSI_ANG_XX.mp4,-0.5339,0.6102,-0.3299137288376769,0.2819087789486576
1060_WSI_NEU_XX.mp4,0.0796,0.0796,-0.04064756517324577,0.13763337821262006
1075_WSI_NEU_XX.mp4,0.0806,0.0806,-0.07496426549809454,0.1565695055846715
1057_DFA_SAD_XX.mp4,0.0771,0.0771,0.002769482438613394,0.09570989296743665
1042_DFA_SAD_XX.mp4,0.0891,0.0891,0.09354220721225795,0.10776919889731494
1080_TIE_NEU_XX.mp4,0.0809,0.0809,-0.08817909544180398,0.13032286532867352
1027_DFA_SAD_XX.mp4,0.0723,0.0723,0.014829910824459587,0.09521980754931009
1032_DFA_SAD_XX.mp4,0.0797,0.0797,-0.008182929393742901,0.09522829447478877
1010_WSI_NEU_XX.mp4,-0.4952,0.566,-0.1422164038556547,0.1469978181155199
1082_ITH_HAP_XX.mp4,0.6409,0.4807,0.3785571399916555,0.4148785296879057
1005_WSI_NEU_XX.mp4,-0.5275,0.6029,-0.23335596089323787,0.23247276010720636
1052_WSI_ANG_XX.mp4,-0.5643,0.3224,-0.5743966986582124,0.5407457752097953
1047_WSI_ANG_XX.mp4,-0.5632,0.6436,-0.4951835043821926,0.6314592505005244
1020_DFA_FEA_XX.mp4,0.0,0.0,0.08459438817446156,0.20175630658295993
1016_IEO_ANG_LO.mp4,0.0796,0.0796,-0.006701607784244973,0.13180857386206607
1003_IEO_ANG_LO.mp4,0.0,0.0,-0.2803374924223715,0.27207811741035126
1035_DFA_FEA_XX.mp4,0.081,0.081,-0.06667634088666718,0.18052202088607053
1001_DFA_HAP_XX.mp4,0.0827,0.0827,0.10272873098556404,0.16608181463143393
1030_ITH_DIS_XX.mp4,0.076,0.076,-0.001124800186469875,0.1357456263825731
1025_ITH_DIS_XX.mp4,0.0748,0.0748,-0.07182757167067524,0.11994992908375418
1014_DFA_HAP_XX.mp4,0.0,0.0,0.026483720381257573,0.2316654998056981
1084_TIE_HAP_XX.mp4,0.0752,0.0752,0.015256570159306154,0.16070552199172614
1091_TIE_HAP_XX.mp4,0.0751,0.0751,-0.04524717900282248,0.20159784069018358
1076_IEO_SAD_LO.mp4,0.0744,0.0744,0.023851520453049946,0.09139376820096212
1063_IEO_SAD_LO.mp4,0.0,0.0,0.007823807244346066,0.07952836212336639
1035_WSI_FEA_XX.mp4,-0.4917,0.5736,-0.26750444857436767,0.40516455493498865
1020_WSI_FEA_XX.mp4,-0.4945,0.1648,-0.1524631471663687,0.17464320614314865
1014_WSI_HAP_XX.mp4,-0.5236,0.5984,-0.1504947800622333,0.460715785310427
1001_WSI_HAP_XX.mp4,-0.5491,0.6276,-0.1306911679086419,0.36244692789978017
1086_ITH_NEU_XX.mp4,0.0864,0.0864,-0.028806354990305216,0.17453631971335598
1047_DFA_ANG_XX.mp4,-0.5627,0.6431,-0.5687063133073068,0.6341081271570636
1071_IEO_FEA_LO.mp4,0.0843,0.0843,0.04516488629558963,0.08890335906013944
1064_IEO_FEA_LO.mp4,0.0,0.0,-0.12229822559242097,0.2363695722749873
1052_DFA_ANG_XX.mp4,-0.6475,0.74,-0.5711061473675391,0.6943368018677281
1050_IEO_HAP_LO.mp4,0.0814,0.0814,0.030176503101461156,0.133248630889905
1045_IEO_HAP_LO.mp4,0.0818,0.0818,0.011785486215478582,0.11949670802073704
1005_DFA_NEU_XX.mp4,0.077,0.077,-0.06232535999374463,0.17016813309604836
1010_DFA_NEU_XX.mp4,-0.4948,0.2828,-0.08106048388404156,0.1785811972222182
1023_TIE_DIS_XX.mp4,-0.5607,0.3204,-0.2813681143374544,0.3138459288184236
1032_WSI_SAD_XX.mp4,0.0769,0.0769,-0.046548435414733406,0.1360107166917079
1036_TIE_DIS_XX.mp4,-0.521,0.5954,-0.08466377304921599,0.18086767556056133
1027_WSI_SAD_XX.mp4,0.0751,0.0751,-0.08591443528513162,0.13540715378419746
1054_TSI_NEU_XX.mp4,0.0828,0.0828,0.001016236895496421,0.13716932767633958
1041_TSI_NEU_XX.mp4,0.0873,0.0873,0.047286348112086665,0.09063939474494986
1016_TSI_ANG_XX.mp4,-0.5859,0.6696,-0.6014462893586745,0.578753577232047
1003_TSI_ANG_XX.mp4,-0.595,0.68,-0.4275384923032045,0.5355150946565419
1027_TAI_ANG_XX.mp4,0.0847,0.0847,-0.4384671856604756,0.3763186365833622
1032_TAI_ANG_XX.mp4,-0.5456,0.3118,-0.16732819922361278,0.19989920517274518
1065_TAI_NEU_XX.mp4,0.0803,0.0803,-0.00899339513496798,0.12216003835142576
1070_TAI_NEU_XX.mp4,0.0824,0.0824,0.023021206799358644,0.15877897537998295
1034_IEO_ANG_HI.mp4,-0.6242,0.7133,-0.5604652318408793,0.666075063632242
1021_IEO_ANG_HI.mp4,-0.5691,0.6504,-0.5159264201136857,0.6244088507789954
1028_MTI_DIS_XX.mp4,-0.4661,0.1554,-0.13711779059639612,0.12787825658047916
1039_ITS_FEA_XX.mp4,-0.4843,0.565,-0.16908958420040332,0.21080590871996988
1033_IWL_NEU_XX.mp4,0.0854,0.0854,-0.019529405028492066,0.14738113180528584
1026_IWL_NEU_XX.mp4,0.0818,0.0818,0.03497038845862408,0.07826332715299127
1018_ITS_HAP_XX.mp4,0.583,0.4372,0.1883880879803283,0.3856559322636109
1025_IEO_ANG_MD.mp4,-0.6314,0.7216,-0.36779862889458853,0.4112108753191779
1030_IEO_ANG_MD.mp4,0.0832,0.0832,-0.2683571989408415,0.28702001022600715
1071_IWL_ANG_XX.mp4,-0.5578,0.6375,-0.402454764505743,0.42000573629257215
1064_IWL_ANG_XX.mp4,-0.5981,0.6836,-0.14196022294775465,0.24732397132798442
1050_TSI_HAP_XX.mp4,0.0788,0.0788,-0.0468150401415621,0.27218911746978813
1054_IEO_SAD_HI.mp4,-0.4989,0.1663,-0.14481362804649897,0.19239826856348866
1090_IWL_DIS_XX.mp4,0.0,0.0,-0.1111640532899822,0.1841880628879169
1085_IWL_DIS_XX.mp4,0.0757,0.0757,0.06335624644004133,0.13006692537731881
1041_IEO_SAD_HI.mp4,-0.4811,0.1604,-0.04634310670784088,0.10177626702341798
1045_TSI_HAP_XX.mp4,0.0761,0.0761,-0.0218225969404235,0.16767494893038642
1089_IOM_FEA_XX.mp4,-0.5167,0.1722,-0.08932977277640552,0.18319651706089973
1071_TSI_FEA_XX.mp4,-0.4093,0.4776,-0.1866153854534364,0.25109215574081206
1064_TSI_FEA_XX.mp4,-0.4974,0.5803,-0.5013530231345871,0.5930582139256898
1061_TAI_HAP_XX.mp4,0.0788,0.0788,0.015526162030011054,0.16554497477526267
1045_IEO_SAD_MD.mp4,0.0725,0.0725,0.027080195858299044,0.08718428966607107
1050_IEO_SAD_MD.mp4,0.074,0.074,0.02935695295901932,0.09123319565961174
1074_TAI_HAP_XX.mp4,0.6848,0.5136,-0.11751654997075897,0.43060389414705535
1040_TAI_FEA_XX.mp4,0.0737,0.0737,-0.015199601773018195,0.10090318664630292
1011_IWL_SAD_XX.mp4,0.08,0.08,-0.0025346732606350087,0.08342410434913033
1004_IWL_SAD_XX.mp4,-0.4767,0.1589,-0.18828468941156604,0.22133574898267905
1055_TAI_FEA_XX.mp4,-0.4776,0.5572,-0.20903250336307258,0.21758369735098523
1053_IEO_FEA_HI.mp4,-0.4764,0.5558,-0.317537407342937,0.43025206032162705
1046_IEO_FEA_HI.mp4,-0.4883,0.5697,-0.13807676593180346,0.37251278215168104
1072_IEO_HAP_HI.mp4,-0.457,0.5332,-0.17240622866531438,0.40227431221033816
1076_TSI_SAD_XX.mp4,0.0689,0.0689,0.05392988839481305,0.06703669749606989
1063_TSI_SAD_XX.mp4,0.0853,0.0853,-0.05112183920985537,0.1819130107618972
1067_IEO_HAP_HI.mp4,0.6126,0.4594,0.3169334330776183,0.5003376982892006
1037_IWL_HAP_XX.mp4,0.5884,0.4413,0.10922354670353554,0.4871665636429916
1042_IEO_FEA_MD.mp4,0.0,0.0,0.006280674823545046,0.12187619783894782
1057_IEO_FEA_MD.mp4,0.0765,0.0765,0.03501127604241385,0.09532707188481962
1022_IWL_HAP_XX.mp4,0.0787,0.0787,0.004489068705650913,0.11440738578491308
1063_IEO_HAP_MD.mp4,-0.5229,0.61,-0.24753213370707025,0.4258730222887234
1016_IWL_FEA_XX.mp4,-0.5331,0.6092,-0.44104214809346554,0.47181166867807617
1047_TAI_SAD_XX.mp4,0.0788,0.0788,0.019273410956928548,0.10654185278468743
1009_ITS_NEU_XX.mp4,0.0765,0.0765,-0.11528132809131095,0.15947118073945551
1052_TAI_SAD_XX.mp4,0.0811,0.0811,-0.10202531703224506,0.16946023068505417
1003_IWL_FEA_XX.mp4,0.0,0.0,-0.11624919757454838,0.15774440008541077
1076_IEO_HAP_MD.mp4,0.0873,0.0873,0.002927310462230177,0.16233086482038
1027_MTI_SAD_XX.mp4,-0.472,0.1573,-0.07576197317735843,0.0927369137763073
1032_MTI_SAD_XX.mp4,0.0768,0.0768,-0.03966567398225735,0.10807561771884422
1083_ITS_HAP_XX.mp4,0.0772,0.0772,-0.03362015640138003,0.16782200584540408
1060_IOM_ANG_XX.mp4,0.0,0.0,-0.08837522434179215,0.17760389143811933
1075_IOM_ANG_XX.mp4,-0.5167,0.5905,-0.09537222171470172,0.3381716826225311
1031_ITS_DIS_XX.mp4,0.0818,0.0818,-0.07531514752818996,0.12890860515091346
1024_ITS_DIS_XX.mp4,0.0787,0.0787,-0.20110670022190436,0.2362120294540989
1022_IOM_NEU_XX.mp4,0.0789,0.0789,0.07330312623965901,0.07601814948275294
1037_IOM_NEU_XX.mp4,0.0752,0.0752,0.0034308890044561723,0.10223450128916636
1001_MTI_HAP_XX.mp4,0.0,0.0,0.0106941342170787,0.19326386353482009
1014_MTI_HAP_XX.mp4,0.0892,0.0892,0.07527775849177414,0.1699192898179638
1020_MTI_FEA_XX.mp4,0.0778,0.0778,-0.12537048996910494,0.1936082531457928
1035_MTI_FEA_XX.mp4,-0.4597,0.1532,-0.04314858008763343,0.12270343605199696
1015_IOM_SAD_XX.mp4,0.0743,0.0743,0.09217177803001746,0.06661503366944385
1048_TAI_DIS_XX.mp4,-0.5515,0.3151,-0.18485392057630787,0.21528046222235128
1087_ITS_NEU_XX.mp4,0.08,0.08,0.12270285585748825,0.09182453878512056
1081_IOM_DIS_XX.mp4,-0.5215,0.298,0.010068793741723682,0.10040821286813903
1079_TSI_DIS_XX.mp4,-0.5168,0.2953,-0.35860332759562247,0.4192337833313923
1007_IOM_FEA_XX.mp4,0.0823,0.0823,-0.04005092523758623,0.107526291392366
1012_IOM_FEA_XX.mp4,0.0801,0.0801,-0.1480223825373169,0.19626263210471823
1026_IOM_HAP_XX.mp4,0.6224,0.4668,0.18537374817527494,0.19991157291550055
1033_IOM_HAP_XX.mp4,0.0821,0.0821,0.1480141217947269,0.2677585404710141
1005_MTI_NEU_XX.mp4,0.0806,0.0806,-0.019260364533089734,0.11846318771901314
1010_MTI_NEU_XX.mp4,0.0851,0.0851,-0.038559364591003654,0.12185008752977187
1047_MTI_ANG_XX.mp4,-0.5386,0.6156,-0.2441727924773587,0.49102533916916447
1052_MTI_ANG_XX.mp4,-0.6293,0.7192,-0.574836628339921,0.6341853254375811
1039_IEO_NEU_XX.mp4,0.0799,0.0799,0.020249390272391844,0.10312136211736118
1059_TIE_ANG_XX.mp4,-0.6662,0.7613,-0.5561064103809303,0.7115902721556734
1070_IWW_ANG_XX.mp4,-0.6153,0.7032,-0.5063664475425802,0.5511587367107835
1065_IWW_ANG_XX.mp4,-0.6168,0.7049,-0.31833609351952064,0.49534931077212974
1028_DFA_DIS_XX.mp4,-0.5934,0.3391,-0.05877431279420564,0.18477026730506088
1038_ITH_FEA_XX.mp4,-0.4704,0.5488,-0.47029133129228595,0.5584311950130119
1032_IWW_NEU_XX.mp4,0.0831,0.0831,0.022964775379974513,0.0880079356149332
1027_IWW_NEU_XX.mp4,0.0819,0.0819,0.017654205623158403,0.12250757452010258
1039_TIE_SAD_XX.mp4,-0.4937,0.1646,-0.05867439700985117,0.07951054734466355
1028_WSI_DIS_XX.mp4,-0.5122,0.2927,-0.18379865072176066,0.17230769713928118
1091_IWW_DIS_XX.mp4,0.0,0.0,-0.16621334377647115,0.1970214549298101
1084_IWW_DIS_XX.mp4,0.0783,0.0783,-0.011126477339867298,0.10985533109118303
1010_IWW_SAD_XX.mp4,-0.4285,0.4999,-0.09388085894559609,0.12117644896651199
1005_IWW_SAD_XX.mp4,0.0778,0.0778,-0.06949888389217017,0.1167142424485613
1017_IWW_FEA_XX.mp4,-0.4215,0.4917,0.0075726326837684405,0.09125331815554846
1008_ITH_NEU_XX.mp4,0.0852,0.0852,-0.1917093797483371,0.2899512940233739
1002_IWW_FEA_XX.mp4,-0.4791,0.5589,-0.3548855666201895,0.46446792243286056
1036_IWW_HAP_XX.mp4,-0.5159,0.5896,-0.3860053638207899,0.4662166737935531
1023_IWW_HAP_XX.mp4,0.0,0.0,0.033598814378095435,0.31975532572272763
1079_IEO_DIS_LO.mp4,0.0843,0.0843,-0.16191323064394378,0.3712977780835805
1054_ITH_DIS_XX.mp4,0.0,0.0,0.004049887845441093,0.10843863705513838
1065_DFA_HAP_XX.mp4,0.0777,0.0777,0.12434429630577182,0.0987948567321224
1070_DFA_HAP_XX.mp4,0.0846,0.0846,0.05708379584572057,0.26554324240109906
1041_ITH_DIS_XX.mp4,0.0728,0.0728,-0.04976505410823689,0.1304817330589623
1072_IEO_ANG_LO.mp4,0.0,0.0,-0.028423002331499955,0.105572951960142
1044_DFA_FEA_XX.mp4,-0.4474,0.5219,-0.2575325005556458,0.47132173550050216
1051_DFA_FEA_XX.mp4,0.0764,0.0764,-0.01577711484776852,0.21750467704443502
1067_IEO_ANG_LO.mp4,0.0831,0.0831,0.0021735939716449244,0.1978247211325261
1043_DFA_SAD_XX.mp4,-0.486,0.162,-0.22785797517419723,0.19500867847495174
1056_DFA_SAD_XX.mp4,0.0757,0.0757,0.049517582770403586,0.061027443610785055
1074_WSI_NEU_XX.mp4,0.0768,0.0768,-0.13867318572845125,0.1702777720870314
1061_WSI_NEU_XX.mp4,0.0799,0.0799,-0.09495700266674299,0.18947573283743482
1036_WSI_ANG_XX.mp4,-0.6433,0.7352,-0.5966361045011612,0.6673385594952458
1023_WSI_ANG_XX.mp4,-0.6142,0.702,-0.5172147980857099,0.6119594715967818
1034_IEO_HAP_LO.mp4,0.0845,0.0845,0.08039939075696148,0.08949669878929609
1021_IEO_HAP_LO.mp4,0.636,0.477,0.04619201182491991,0.16318070432909074
1015_IEO_FEA_LO.mp4,0.0786,0.0786,0.04208050375437788,0.1065938539013972
1023_DFA_ANG_XX.mp4,-0.5862,0.67,-0.5404765911292868,0.5511189655628745
1036_DFA_ANG_XX.mp4,-0.622,0.7108,-0.29033011606524955,0.5963009062954646
1061_DFA_NEU_XX.mp4,0.0785,0.0785,0.026862048582287506,0.13293984630561756
1074_DFA_NEU_XX.mp4,0.0838,0.0838,0.08459605225511724,0.09523854431321091
1047_TIE_DIS_XX.mp4,-0.5201,0.2972,-0.34859109553827766,0.2566464625142196
1056_WSI_SAD_XX.mp4,0.0769,0.0769,0.01040990682888171,0.09675537520351792
1052_TIE_DIS_XX.mp4,-0.5196,0.5938,-0.18494933092888616,0.2502418981277191
1043_WSI_SAD_XX.mp4,0.0825,0.0825,-0.054704677243126276,0.15659367569456667
1012_IEO_SAD_LO.mp4,0.0714,0.0714,-0.034317478513500484,0.09737436286928604
1007_IEO_SAD_LO.mp4,0.0726,0.0726,0.07806475135967457,0.06787987235693993
1086_IEO_DIS_LO.mp4,0.0893,0.0893,0.07004134989878226,0.09671017353315617
1070_WSI_HAP_XX.mp4,-0.506,0.5783,-0.31443532131029106,0.5140561524917157
1065_WSI_HAP_XX.mp4,0.0,0.0,-0.20020789695683916,0.2263967362033414
1051_WSI_FEA_XX.mp4,0.0813,0.0813,-0.19324492681420613,0.3651440797638303
1044_WSI_FEA_XX.mp4,-0.5061,0.5905,-0.5330039519959051,0.528470474913502
1059_MTI_DIS_XX.mp4,0.0,0.0,0.05932313487695422,0.13431091054676725
1050_IEO_ANG_HI.mp4,-0.6541,0.7476,-0.5472813971086393,0.6859018634465525
1045_IEO_ANG_HI.mp4,-0.6004,0.6862,-0.6413209105431021,0.7224220619204186
1069_ITS_HAP_XX.mp4,0.0826,0.0826,0.007279322412629977,0.25943285838772545
1057_IWL_NEU_XX.mp4,0.0769,0.0769,-0.04894617569952473,0.10719366557447642
1048_ITS_FEA_XX.mp4,0.0749,0.0749,-0.04411058717364504,0.2291663719170249
1042_IWL_NEU_XX.mp4,0.0867,0.0867,0.05007638644974923,0.11824436020586276
1015_IWL_ANG_XX.mp4,-0.5476,0.6258,-0.3553947665896022,0.3698372899010535
1041_IEO_ANG_MD.mp4,-0.5208,0.2976,-0.21927290173200373,0.24197800239224268
1054_IEO_ANG_MD.mp4,0.0772,0.0772,0.1548355041845988,0.3127024462695684
1030_TSI_NEU_XX.mp4,0.0759,0.0759,0.01776740459355855,0.13269753350410554
1025_TSI_NEU_XX.mp4,0.0859,0.0859,-0.03296370256879945,0.0978508694911288
1072_TSI_ANG_XX.mp4,-0.5858,0.6695,-0.38107898624320413,0.47891900368556684
1067_TSI_ANG_XX.mp4,0.0847,0.0847,-0.24403198326192058,0.4278935110449095
1043_TAI_ANG_XX.mp4,0.0,0.0,-0.09302851789740926,0.3343450912832959
1056_TAI_ANG_XX.mp4,0.0756,0.0756,-0.050488130367849195,0.25049854313465425
1001_TAI_NEU_XX.mp4,0.0736,0.0736,-0.035002707369863266,0.14619353856464093
1014_TAI_NEU_XX.mp4,0.0825,0.0825,-0.15161416852410772,0.18952454476986713
1016_IEO_HAP_HI.mp4,0.0778,0.0778,0.017303268914388666,0.12104583127834276
1012_TSI_SAD_XX.mp4,0.0767,0.0767,-0.16617687511286375,0.18587092836543875
1007_TSI_SAD_XX.mp4,0.074,0.074,-0.09167909410630967,0.12386679517459763
1003_IEO_HAP_HI.mp4,0.62,0.465,0.18699464092214735,0.18064501245985945
1037_IEO_FEA_HI.mp4,-0.54,0.63,-0.3049701799544539,0.49239451424053865
1022_IEO_FEA_HI.mp4,0.0,0.0,-0.032757016841629266,0.22512029769978267
1007_IEO_HAP_MD.mp4,0.081,0.081,0.026354340723688592,0.09973262867146483
1078_ITS_NEU_XX.mp4,0.0776,0.0776,0.012878607676003725,0.21895172203783117
1023_TAI_SAD_XX.mp4,0.0884,0.0884,0.01208087527660977,0.08523157207002079
1072_IWL_FEA_XX.mp4,0.0752,0.0752,-0.028096693922942,0.1834577003073766
1067_IWL_FEA_XX.mp4,0.0832,0.0832,0.03159040123304581,0.06763378982133778
1036_TAI_SAD_XX.mp4,-0.4548,0.1516,-0.0937573245519958,0.11591727270323554
1012_IEO_HAP_MD.mp4,0.0806,0.0806,0.00699052612729055,0.11390707438077374
1053_IWL_HAP_XX.mp4,0.0774,0.0774,0.019858799561321944,0.21889869455810868
1026_IEO_FEA_MD.mp4,-0.4941,0.5765,-0.18521772659743527,0.315607648157368
1086_TSI_DIS_XX.mp4,0.0839,0.0839,-0.14009104480327703,0.20840451523008163
1033_IEO_FEA_MD.mp4,0.0825,0.0825,-0.04169725266560044,0.19064351793371656
1046_IWL_HAP_XX.mp4,0.0769,0.0769,0.16116227580102666,0.21783304793281014
1015_TSI_FEA_XX.mp4,-0.4782,0.5579,-0.20120332762449497,0.33098807830869714
1034_TSI_HAP_XX.mp4,-0.4571,0.5333,-0.13792413963424052,0.317697825607634
1030_IEO_SAD_HI.mp4,-0.4687,0.1562,-0.024526973358987524,0.11555945100765268
1025_IEO_SAD_HI.mp4,0.0778,0.0778,-0.01978569094884976,0.1036805690916258
1021_TSI_HAP_XX.mp4,0.0839,0.0839,-0.03355446966911571,0.12644326590186206
1075_IWL_SAD_XX.mp4,0.0801,0.0801,0.04650651712734279,0.09617072850968122
1024_TAI_FEA_XX.mp4,0.0761,0.0761,-0.09801071001098471,0.18110830578891302
1031_TAI_FEA_XX.mp4,0.0786,0.0786,-0.03551848521039113,0.1195850423703745
1060_IWL_SAD_XX.mp4,0.0771,0.0771,-0.03086995661272185,0.09753589747396005
1005_TAI_HAP_XX.mp4,0.6413,0.481,-0.01889056532120241,0.196719120341518
1021_IEO_SAD_MD.mp4,0.0753,0.0753,-0.11919148429597934,0.1987685576426023
1034_IEO_SAD_MD.mp4,-0.5118,0.2924,-0.1736637894112394,0.2669879415328054
1010_TAI_HAP_XX.mp4,0.0804,0.0804,0.016280776768563945,0.22580735462989265
1004_IOM_ANG_XX.mp4,-0.5628,0.6432,-0.37726244874337206,0.46024301452135613
1011_IOM_ANG_XX.mp4,0.0,0.0,-0.29805100293040165,0.35246606344247106
1046_IOM_NEU_XX.mp4,0.0821,0.0821,0.09999180269039364,0.1063210214867811
1053_IOM_NEU_XX.mp4,0.0843,0.0843,0.0480966222819361,0.1275476406813054
1055_ITS_DIS_XX.mp4,0.0831,0.0831,-0.1299994822243157,0.19266079408804626
1040_ITS_DIS_XX.mp4,0.0852,0.0852,-0.1573342318920332,0.1478140613464935
1044_MTI_FEA_XX.mp4,-0.4917,0.5736,-0.00420312530534482,0.2172855662681775
1051_MTI_FEA_XX.mp4,-0.4447,0.5188,-0.10603472414320016,0.30557083908839644
1065_MTI_HAP_XX.mp4,0.668,0.501,0.11644533817404283,0.25035184156419676
1070_MTI_HAP_XX.mp4,0.5773,0.433,0.25092239006617045,0.23885258730031028
1043_MTI_SAD_XX.mp4,0.0857,0.0857,0.05359265361925485,0.09617613905268016
1056_MTI_SAD_XX.mp4,-0.5592,0.3196,-0.101946581661257,0.09656647513899508
1042_IOM_HAP_XX.mp4,0.0754,0.0754,0.08772415441406563,0.13066389768537479
1057_IOM_HAP_XX.mp4,0.08,0.08,0.02709525394582374,0.14587315506478166
1063_IOM_FEA_XX.mp4,-0.4587,0.1529,-0.08285007995116082,0.12104590731911188
1076_IOM_FEA_XX.mp4,0.0764,0.0764,0.05008675975118546,0.06181302249679959
1061_MTI_NEU_XX.mp4,0.0817,0.0817,0.016394596646329012,0.09818053013537394
1074_MTI_NEU_XX.mp4,0.0862,0.0862,-0.007092751110868295,0.12005352084313668
1023_MTI_ANG_XX.mp4,-0.5617,0.642,-0.482770320503423,0.5579820553556158
1036_MTI_ANG_XX.mp4,0.0,0.0,-0.19030134350122652,0.3406013677682491
1039_TAI_DIS_XX.mp4,-0.5503,0.3144,-0.34646689386161217,0.3104343570177226
1064_IOM_SAD_XX.mp4,0.0744,0.0744,0.018960574025482704,0.08502236310897592
1089_TSI_SAD_XX.mp4,0.0704,0.0704,-0.04484695597173749,0.12498232942392404
1071_IOM_SAD_XX.mp4,0.0756,0.0756,-0.04076140213925681,0.10615722807848418
1008_TSI_DIS_XX.mp4,-0.5729,0.3274,-0.2496293946151186,0.30230691658456715
1089_IEO_HAP_MD.mp4,0.6018,0.4513,0.21973032078666818,0.32714299087099175
1028_TIE_ANG_XX.mp4,-0.6398,0.7312,-0.5783712710537761,0.5933415053503837
1014_IWW_ANG_XX.mp4,-0.5919,0.6764,-0.5048918495785389,0.5479592270453268
1001_IWW_ANG_XX.mp4,-0.5695,0.3254,-0.21924000205758973,0.18915613545262963
1056_IWW_NEU_XX.mp4,0.0741,0.0741,0.08895657289646987,0.08168721733748134
1049_ITH_FEA_XX.mp4,0.0,0.0,-0.2426503560375249,0.3060527401900363
1043_IWW_NEU_XX.mp4,0.0782,0.0782,-0.024085616745355136,0.14015824370537514
1068_ITH_HAP_XX.mp4,0.0821,0.0821,0.06512010284368376,0.11364019280850483
1059_DFA_DIS_XX.mp4,-0.5771,0.3298,-0.3443168826378724,0.30312919098656493
1048_IEO_NEU_XX.mp4,0.0762,0.0762,0.01498879727254008,0.11091660671582564
1089_IEO_SAD_LO.mp4,0.08,0.08,-0.003372534534940807,0.12003904027590687
1052_IWW_HAP_XX.mp4,-0.4389,0.5121,-0.03343977798145829,0.31440458302124696
1047_IWW_HAP_XX.mp4,0.6084,0.4563,0.0821248215972672,0.22021452941050537
1079_ITH_NEU_XX.mp4,0.0745,0.0745,-0.0747747861962445,0.14429638111538917
1073_IWW_FEA_XX.mp4,-0.5302,0.303,-0.09629919599265359,0.14776445833168328
1066_IWW_FEA_XX.mp4,-0.4266,0.4977,-0.04810380764459395,0.14330484062370777
1008_IEO_DIS_LO.mp4,0.0831,0.0831,-0.08722621523416392,0.166791341395136
1048_TIE_SAD_XX.mp4,0.0729,0.0729,-0.034808181540981344,0.09588624837541006
1059_WSI_DIS_XX.mp4,0.0,0.0,-0.2924147904093791,0.24190203815745226
1074_IWW_SAD_XX.mp4,0.0756,0.0756,-0.09575644180812291,0.14406607008222155
1061_IWW_SAD_XX.mp4,-0.4449,0.5191,-0.05804173994544666,0.09214721462411565
1081_IEO_SAD_LO.mp4,0.0791,0.0791,-0.021742378510264504,0.09421422682632373
1052_TIE_FEA_XX.mp4,-0.4653,0.5429,-0.08167929461160603,0.22129522277065267
1047_TIE_FEA_XX.mp4,-0.5641,0.6447,-0.10431993738103935,0.4382371162500599
1073_TIE_HAP_XX.mp4,0.0753,0.0753,-0.06444946976492111,0.128630699410242
1066_TIE_HAP_XX.mp4,0.0818,0.0818,0.11275521076584848,0.0808382005234924
1064_ITH_NEU_XX.mp4,0.0834,0.0834,0.0011655400309691115,0.11689730596139558
1071_ITH_NEU_XX.mp4,0.0827,0.0827,0.05150017793708137,0.07637483494912965
1015_IEO_DIS_LO.mp4,0.0,0.0,-0.03557563143625741,0.23309867152559602
1026_ITH_ANG_XX.mp4,-0.5429,0.6204,-0.3638295929084962,0.5123798539785445
1033_ITH_ANG_XX.mp4,-0.5845,0.334,-0.510126998614101,0.4619904260129499
1055_TIE_SAD_XX.mp4,0.0856,0.0856,-0.011969397305956319,0.1132924828125835
1044_WSI_DIS_XX.mp4,-0.5538,0.6329,-0.48520288669888206,0.546171812329916
1040_TIE_SAD_XX.mp4,-0.5036,0.1679,-0.06451392132161338,0.11000048994702008
1051_WSI_DIS_XX.mp4,0.0789,0.0789,-0.1405534161658128,0.17813401059864292
1086_IEO_FEA_LO.mp4,0.0916,0.0916,0.0800057438678594,0.09700888713838708
1069_IWW_SAD_XX.mp4,-0.3955,0.4614,-0.021700706957405887,0.16214027167352046
1077_TIE_NEU_XX.mp4,0.0828,0.0828,0.046410569641161685,0.07464370779939421
1062_TIE_NEU_XX.mp4,0.0828,0.0828,0.014727675580603413,0.0794342501106034
1035_TIE_ANG_XX.mp4,-0.5957,0.6808,-0.44738178401960116,0.622337674247827
1020_TIE_ANG_XX.mp4,0.0,0.0,-0.2965545090048703,0.34343312011457416
1009_IWW_ANG_XX.mp4,-0.5827,0.666,-0.5972816917082501,0.6595355350929443
1060_ITH_HAP_XX.mp4,0.0842,0.0842,0.03929980034723325,0.17028306804536822
1051_DFA_DIS_XX.mp4,0.0768,0.0768,-0.00831198090195597,0.11921198856047362
1044_DFA_DIS_XX.mp4,-0.5616,0.6418,-0.37481898750594156,0.5244778490754389
1075_ITH_HAP_XX.mp4,0.632,0.474,0.20916509329895375,0.29773614308367546
1041_ITH_FEA_XX.mp4,0.0756,0.0756,0.01841314973103417,0.08698202351804887
1054_ITH_FEA_XX.mp4,-0.408,0.476,-0.10655652635193742,0.20991950922111613
1046_ITH_SAD_XX.mp4,0.0791,0.0791,0.0007319676754804666,0.08546965083325313
1053_ITH_SAD_XX.mp4,0.0795,0.0795,-0.014646497996238107,0.13545310488135587
1055_IEO_NEU_XX.mp4,0.0777,0.0777,0.054188705838962826,0.10401796605365428
1040_IEO_NEU_XX.mp4,0.0804,0.0804,0.03677976762708211,0.11331537835081498
1033_IEO_DIS_MD.mp4,0.0,0.0,-0.09806758128459105,0.19220963055424223
1086_TSI_FEA_XX.mp4,-0.4737,0.5526,-0.3187815008225579,0.5054326746996006
1026_IEO_DIS_MD.mp4,-0.5801,0.3315,-0.31998074492525314,0.31452742720426824
1067_IWL_DIS_XX.mp4,0.0766,0.0766,0.005984866120996801,0.11525388280310693
1072_IWL_DIS_XX.mp4,-0.5651,0.3229,-0.3161695143551875,0.20671313453178164
1069_MTI_NEU_XX.mp4,0.0819,0.0819,0.0441243351070823,0.09523984946117978
1022_IEO_DIS_HI.mp4,0.0736,0.0736,-0.04799141696831378,0.1683674621238129
1037_IEO_DIS_HI.mp4,-0.593,0.3389,-0.21588899373632375,0.21516478356387106
1083_TAI_HAP_XX.mp4,0.0781,0.0781,0.06938938897183701,0.15736074402466874
1081_TSI_SAD_XX.mp4,0.0811,0.0811,-0.003045429166364426,0.09948237087193196
1079_IOM_SAD_XX.mp4,0.0766,0.0766,0.04066137254513856,0.10543713280233856
1085_IEO_HAP_HI.mp4,0.6308,0.4731,0.09594305189733278,0.34911569803936554
1090_IEO_HAP_HI.mp4,0.0779,0.0779,0.06954541292095767,0.15273944553022928
1031_TAI_DIS_XX.mp4,0.0771,0.0771,-0.04525707933816519,0.1347835941129072
1024_TAI_DIS_XX.mp4,0.0778,0.0778,-0.08706570639278619,0.1549777409669353
1081_IEO_HAP_MD.mp4,-0.5113,0.2922,-0.16299863948577586,0.2152398393304961
1015_TSI_DIS_XX.mp4,0.0793,0.0793,-0.23855633343136246,0.1720394054736806
1019_IOM_ANG_XX.mp4,-0.525,0.6,-0.44387195306664584,0.4198246453923884
1048_ITS_DIS_XX.mp4,-0.433,0.5052,-0.16316610846842308,0.2101967136034146
1087_TAI_NEU_XX.mp4,0.0859,0.0859,0.025148337473837844,0.09162062700692081
1078_MTI_HAP_XX.mp4,0.0,0.0,0.02040345098226212,0.19588477324856118
1059_MTI_FEA_XX.mp4,-0.5975,0.6829,-0.5077408725964614,0.6150952044905543
1086_IWL_ANG_XX.mp4,-0.6027,0.6888,-0.22399297413286343,0.41784295410013
1027_ITS_ANG_XX.mp4,-0.4916,0.5618,-0.5590980257692609,0.6233667368383081
1032_ITS_ANG_XX.mp4,0.0772,0.0772,-0.039574426442859356,0.25378598353681536
1076_IOM_DIS_XX.mp4,0.0,0.0,-0.03663287840447746,0.15129339343423007
1063_IOM_DIS_XX.mp4,0.0835,0.0835,0.02336469865308888,0.0865611046128304
1065_ITS_NEU_XX.mp4,0.0834,0.0834,0.056139680182381,0.11002262643137996
1070_ITS_NEU_XX.mp4,0.0804,0.0804,-0.08078166204928801,0.14535528140816442
1029_TSI_HAP_XX.mp4,0.668,0.501,0.24730918122396625,0.40856703683758916
1038_IEO_SAD_HI.mp4,0.0,0.0,-0.06844008820701733,0.12878586651251908
1008_TSI_FEA_XX.mp4,-0.5544,0.6468,-0.3155851471260967,0.4997022123615457
1018_TAI_HAP_XX.mp4,0.0,0.0,0.011208602867474627,0.23610123523776905
1029_IEO_SAD_MD.mp4,0.0,0.0,-0.04970024032219313,0.1889256890072777
1039_TAI_FEA_XX.mp4,-0.4907,0.5724,-0.10398848826859616,0.23951159034209737
1068_IWL_SAD_XX.mp4,0.0774,0.0774,-0.03821109583471431,0.09418013993236275
1058_IEO_ANG_HI.mp4,-0.6383,0.7295,-0.4853867413214737,0.6451764361414187
1051_MTI_DIS_XX.mp4,0.0,0.0,-0.061772963571423756,0.13308792860573798
1044_MTI_DIS_XX.mp4,-0.5254,0.3002,-0.10170490178742304,0.17040601778726802
1040_ITS_FEA_XX.mp4,-0.475,0.5542,-0.13403782029126435,0.17356134943980794
1055_ITS_FEA_XX.mp4,-0.5325,0.6212,-0.4348522578003797,0.5831209829339948
1061_ITS_HAP_XX.mp4,0.6613,0.496,0.042637124926600094,0.2940022319911796
1074_ITS_HAP_XX.mp4,0.0796,0.0796,-0.15885507566325704,0.3244521628526869
1049_IEO_ANG_MD.mp4,-0.5768,0.6592,-0.48444615163241117,0.5953240871493439
1008_IWL_ANG_XX.mp4,-0.5265,0.6017,-0.42382893460756893,0.4735589601419391
1038_TSI_NEU_XX.mp4,0.0771,0.0771,-0.11909447305216635,0.15316263712796305
1082_IOM_ANG_XX.mp4,0.0761,0.0761,-0.20140181707751773,0.3054196804010595
1047_ITS_SAD_XX.mp4,0.079,0.079,0.009156045699851444,0.0957427343928733
1052_ITS_SAD_XX.mp4,0.0,0.0,-0.14756290155732896,0.1695541367074527
1009_TAI_NEU_XX.mp4,0.0856,0.0856,-0.03341045462820173,0.14271492182646306
1008_IEO_FEA_LO.mp4,-0.4473,0.5219,-0.16312013582491602,0.3871800028987319
1029_IEO_HAP_LO.mp4,0.0828,0.0828,0.03753081357486147,0.16769242779857188
1066_IWW_DIS_XX.mp4,-0.477,0.5565,-0.05584124813878193,0.16754628909628907
1073_IWW_DIS_XX.mp4,-0.5134,0.2934,-0.10155241966553458,0.10089042292860394
1069_DFA_NEU_XX.mp4,0.0765,0.0765,-0.15757861671155704,0.22531862328836974
1059_WSI_FEA_XX.mp4,-0.5582,0.638,-0.3362189212203958,0.4719414000442455
1078_WSI_HAP_XX.mp4,-0.471,0.5495,-0.11544665206839201,0.374716287693737
1059_DFA_FEA_XX.mp4,-0.4552,0.5311,-0.30223545010759273,0.5245984174465926
1078_DFA_HAP_XX.mp4,0.6972,0.5229,0.159327780692564,0.3504362798245585
1049_ITH_DIS_XX.mp4,-0.4614,0.5383,-0.0020984105244411266,0.22385334201206775
1069_WSI_NEU_XX.mp4,0.0785,0.0785,-0.09423193095262193,0.2218016271972032
1087_IWW_ANG_XX.mp4,0.0,0.0,-0.04414005859768146,0.13321085039409014
1031_TIE_SAD_XX.mp4,0.0778,0.0778,0.022109991092325334,0.07311691494201089
1020_WSI_DIS_XX.mp4,-0.5355,0.612,-0.4036530821151685,0.23945464643570405
1024_TIE_SAD_XX.mp4,0.0804,0.0804,-0.16793949946415782,0.21381831300691473
1035_WSI_DIS_XX.mp4,-0.5582,0.319,-0.3955317062625138,0.39978981016688925
1083_DFA_NEU_XX.mp4,0.0753,0.0753,0.0215971536971841,0.10800910018845697
1018_IWW_SAD_XX.mp4,-0.4824,0.5628,-0.11853243065929077,0.1370449428086225
1017_TIE_HAP_XX.mp4,0.0834,0.0834,0.0942520078930642,0.08187660621347867
1002_TIE_HAP_XX.mp4,-0.5953,0.6804,-0.49866330424593647,0.5599829241196069
1036_TIE_FEA_XX.mp4,0.0668,0.0668,-0.02768389502470966,0.1016143996991255
1023_TIE_FEA_XX.mp4,-0.5082,0.5929,-0.39535414104509076,0.5559047725489134
1087_WSI_HAP_XX.mp4,0.0823,0.0823,0.06682207496134232,0.08034898803417362
1015_ITH_NEU_XX.mp4,0.0841,0.0841,0.07439567639378482,0.09540753056512809
1042_ITH_ANG_XX.mp4,-0.5932,0.678,-0.2081869619710444,0.32941320528550083
1057_ITH_ANG_XX.mp4,-0.443,0.5168,-0.41806081880419776,0.5376984418342399
1064_IEO_DIS_LO.mp4,-0.5505,0.3146,-0.20955082041245193,0.14537901017030713
1071_IEO_DIS_LO.mp4,0.0725,0.0725,0.0453706707196555,0.09251082908157988
1085_IEO_ANG_LO.mp4,-0.5274,0.3014,-0.1256188427029877,0.27885764624986487
1090_IEO_ANG_LO.mp4,-0.567,0.324,-0.2721667621424316,0.3370838414425313
1087_DFA_HAP_XX.mp4,0.0831,0.0831,0.12275582082195216,0.13365895030866629
1022_ITH_SAD_XX.mp4,0.0762,0.0762,-0.04825085254121751,0.1220477423839453
1037_ITH_SAD_XX.mp4,-0.4847,0.5654,-0.08032176342361162,0.14880472897794414
1031_IEO_NEU_XX.mp4,0.0902,0.0902,0.07910143344653961,0.09097692987125153
1024_IEO_NEU_XX.mp4,0.0805,0.0805,-0.030324575827452592,0.11056325227074194
1013_TIE_NEU_XX.mp4,0.0813,0.0813,-0.02243341595914512,0.11906201456503772
1006_TIE_NEU_XX.mp4,0.0838,0.0838,0.05095697035151384,0.11432782966616085
1051_TIE_ANG_XX.mp4,-0.504,0.576,-0.3884217025862355,0.40836229763716486
1044_TIE_ANG_XX.mp4,-0.5302,0.606,-0.3632940237102637,0.4172318930316192
1078_IWW_ANG_XX.mp4,-0.4518,0.5271,-0.28747404268753585,0.44198982011889587
1025_ITH_FEA_XX.mp4,-0.4519,0.5272,-0.2206909678247221,0.2646242993576669
1030_ITH_FEA_XX.mp4,-0.4513,0.5266,-0.3596413720975928,0.5061300520221566
1035_DFA_DIS_XX.mp4,-0.5336,0.3049,-0.16971594853452604,0.2561580433572915
1004_ITH_HAP_XX.mp4,-0.497,0.5798,-0.10376813772572586,0.20614379365180766
1083_WSI_NEU_XX.mp4,0.0781,0.0781,-0.011043053854550506,0.10343740461458423
1011_ITH_HAP_XX.mp4,0.0838,0.0838,0.026711331361421706,0.10795080650283193
1020_DFA_DIS_XX.mp4,-0.5378,0.3073,-0.1705631900584395,0.17851459155928953
1055_TAI_DIS_XX.mp4,0.0716,0.0716,-0.1133788617002353,0.17605558766405058
1040_TAI_DIS_XX.mp4,-0.5886,0.3363,-0.07687609983173863,0.13799477044859845
1008_IOM_SAD_XX.mp4,-0.4815,0.5503,-0.14374822769639292,0.2225278926473634
1064_TSI_DIS_XX.mp4,-0.5294,0.3025,-0.16977243293300548,0.18965371768270986
1089_IOM_DIS_XX.mp4,0.0748,0.0748,-0.3232008134585903,0.28225403728301185
1071_TSI_DIS_XX.mp4,0.0696,0.0696,0.04091591861224472,0.11343631800067847
1085_IWL_FEA_XX.mp4,-0.4263,0.4973,-0.09305939125931216,0.15984234504903003
1090_IWL_FEA_XX.mp4,0.0716,0.0716,-0.005026592199855487,0.09708185977106666
1003_IWL_DIS_XX.mp4,0.0847,0.0847,-0.1435501665982307,0.18842105242278934
1016_IWL_DIS_XX.mp4,0.0,0.0,-0.18081782573781427,0.180727343988456
1057_IEO_DIS_MD.mp4,0.0749,0.0749,-0.15686145589901576,0.1870036817772738
1042_IEO_DIS_MD.mp4,-0.5488,0.3136,-0.0755917088940786,0.22983945636759612
1018_MTI_NEU_XX.mp4,0.0792,0.0792,-0.06421069714880251,0.11049593274871618
1082_IWL_SAD_XX.mp4,0.0785,0.0785,0.04006295817589451,0.17499593257701856
1046_IEO_DIS_HI.mp4,0.0793,0.0793,0.05867703970871772,0.1627718753390907
1053_IEO_DIS_HI.mp4,-0.4896,0.5712,-0.19015487248946203,0.38929529135517216
1085_TSI_ANG_XX.mp4,-0.5443,0.622,-0.34215830330925684,0.5446233296919789
1068_IOM_ANG_XX.mp4,-0.5019,0.5736,-0.003023690296937069,0.18429518197936828
1090_TSI_ANG_XX.mp4,-0.6,0.6857,-0.3919592980564563,0.5009175724978808
1039_ITS_DIS_XX.mp4,-0.5608,0.3204,-0.2147481284438242,0.16365879085326895
1028_MTI_FEA_XX.mp4,0.0,0.0,-0.2179460198704637,0.14754747798614398
1081_IOM_FEA_XX.mp4,0.078,0.078,-0.05121921791467007,0.09642625961689369
1079_TSI_FEA_XX.mp4,-0.5247,0.6121,-0.5038450812582177,0.6129194594536196
1049_IEO_SAD_HI.mp4,0.0719,0.0719,0.009887760607636341,0.09440421629622164
1058_TSI_HAP_XX.mp4,0.0,0.0,-0.3045243876107533,0.41358237030056777
1048_TAI_FEA_XX.mp4,-0.4986,0.1662,-0.11820824657253086,0.1331533990218825
1019_IWL_SAD_XX.mp4,0.0859,0.0859,0.06264673158281187,0.08159018163330074
1058_IEO_SAD_MD.mp4,0.0,0.0,-0.0844881088869355,0.12152317169366929
1069_TAI_HAP_XX.mp4,0.0809,0.0809,-0.08931641917964832,0.2610562226436656
1083_MTI_NEU_XX.mp4,0.0887,0.0887,0.054372533034648396,0.08691193242078411
1086_IOM_SAD_XX.mp4,-0.5007,0.1669,-0.07410664499380334,0.11996959894852266
1043_ITS_ANG_XX.mp4,-0.5162,0.295,-0.028375506452495067,0.2587062580997887
1056_ITS_ANG_XX.mp4,0.0,0.0,-0.2909455476838788,0.29682777424857043
1001_ITS_NEU_XX.mp4,0.0912,0.0912,-0.004256618797049915,0.1431312130819369
1014_ITS_NEU_XX.mp4,0.0864,0.0864,-0.052431071739996775,0.17903218167517812
1012_IOM_DIS_XX.mp4,-0.5207,0.2976,-0.06667637687719959,0.10986394244429318
1007_IOM_DIS_XX.mp4,0.0768,0.0768,-0.030523025321299004,0.13750206750745153
1049_TSI_NEU_XX.mp4,0.0713,0.0713,0.04346701623813051,0.1957011714253164
1087_MTI_HAP_XX.mp4,0.0808,0.0808,0.17595793353804592,0.1099790958207101
1023_ITS_SAD_XX.mp4,0.0786,0.0786,-0.03925812197319504,0.14347636886862147
1078_TAI_NEU_XX.mp4,0.0844,0.0844,-0.028968497638094937,0.15147230348655905
1036_ITS_SAD_XX.mp4,0.0858,0.0858,-0.1492419301560511,0.2218001768335833
1035_MTI_DIS_XX.mp4,-0.5285,0.302,-0.3035166795283361,0.3345642230367987
1020_MTI_DIS_XX.mp4,-0.4797,0.1599,-0.10850755407987983,0.13250477538939576
1029_IEO_ANG_HI.mp4,-0.6888,0.7872,-0.5876257791877502,0.7504650008121002
1005_ITS_HAP_XX.mp4,0.6502,0.4877,0.1864115034015249,0.4447763007491542
1010_ITS_HAP_XX.mp4,0.6338,0.4753,0.30719591922027717,0.32258587415110823
1024_ITS_FEA_XX.mp4,-0.4718,0.5504,-0.23800938868805507,0.41294673626632455
1031_ITS_FEA_XX.mp4,0.081,0.081,-0.04154279867436375,0.11349293586994572
1079_IWL_ANG_XX.mp4,-0.5942,0.3396,-0.5038915090771107,0.5683663466804807
1038_IEO_ANG_MD.mp4,-0.5705,0.652,-0.3955218673422464,0.5984768914847919
1009_WSI_HAP_XX.mp4,0.6156,0.4617,-0.21157614630820878,0.5178478952029609
1084_IWW_FEA_XX.mp4,-0.45,0.525,-0.10759423333998493,0.20107469078782228
1091_IWW_FEA_XX.mp4,-0.4347,0.5071,-0.11709863375960593,0.1241694715467147
1028_WSI_FEA_XX.mp4,-0.5433,0.1811,-0.22612294153995832,0.23366802166297646
1058_IEO_HAP_LO.mp4,0.0773,0.0773,0.0032079644029537418,0.07203855085683078
1079_IEO_FEA_LO.mp4,0.0813,0.0813,-0.04940265772465868,0.20812155558590037
1018_DFA_NEU_XX.mp4,0.0804,0.0804,0.045109577921721884,0.14174253472194864
1002_IWW_DIS_XX.mp4,-0.4962,0.2836,-0.3481667585044478,0.3664476567370727
1017_IWW_DIS_XX.mp4,-0.4812,0.5614,-0.07244538193146875,0.12717806778989216
1083_IWW_SAD_XX.mp4,0.0804,0.0804,0.018586493453693797,0.10095548701982668
1088_TIE_NEU_XX.mp4,0.0729,0.0729,0.04639092675587512,0.10912662586674202
1018_WSI_NEU_XX.mp4,0.0814,0.0814,-0.14250593897374333,0.16951700384869642
1009_DFA_HAP_XX.mp4,0.6587,0.494,0.19318249866656223,0.37101266936909066
1038_ITH_DIS_XX.mp4,-0.5277,0.3016,-0.40097082649809446,0.2555979419179777
1028_DFA_FEA_XX.mp4,-0.4473,0.1491,-0.2179294769848895,0.3029900196943298
1024_IWW_HAP_XX.mp4,0.0774,0.0774,0.06194367811503714,0.17722576128676645
1031_IWW_HAP_XX.mp4,0.0771,0.0771,-0.004561031400699142,0.10398903423545529
1005_IWW_FEA_XX.mp4,-0.4313,0.1438,-0.13932094762087965,0.13963277452013287
1088_WSI_HAP_XX.mp4,0.0801,0.0801,-0.011110119824169816,0.17240401714899292
1010_IWW_FEA_XX.mp4,-0.4615,0.5384,-0.21163112836215733,0.29938547569203566
1058_ITH_ANG_XX.mp4,-0.5626,0.643,-0.43599292500010933,0.5696245015615196
1018_TIE_HAP_XX.mp4,0.0754,0.0754,-0.07900727346146681,0.31250151919137764
1039_TIE_FEA_XX.mp4,-0.4927,0.5748,-0.30809564047329624,0.38050776354894494
1002_IWW_SAD_XX.mp4,0.0702,0.0702,-0.12688420889053148,0.16644468584042715
1017_IWW_SAD_XX.mp4,-0.4773,0.5569,-0.03494393490645646,0.14664298799761966
1083_IWW_DIS_XX.mp4,0.0768,0.0768,-0.13780246717889041,0.15850997359016072
1062_IWW_ANG_XX.mp4,-0.546,0.624,-0.43403225535665785,0.48178837758408516
1077_IWW_ANG_XX.mp4,-0.5862,0.335,-0.5342722314532403,0.5085299421575193
1020_IWW_NEU_XX.mp4,0.0745,0.0745,0.04212812591333722,0.10923377067323593
1035_IWW_NEU_XX.mp4,0.0,0.0,-0.01456975836347482,0.10015534173473503
1009_TIE_NEU_XX.mp4,0.0788,0.0788,0.0028108856107288463,0.14320739810118643
1038_ITH_SAD_XX.mp4,0.0757,0.0757,-0.0824603403813477,0.16349702246079287
1088_DFA_HAP_XX.mp4,0.0812,0.0812,0.09052123537319452,0.0670552876825406
1017_MTI_NEU_XX.mp4,0.0853,0.0853,0.06122434458108837,0.09917666525541692
1002_MTI_NEU_XX.mp4,0.0,0.0,-0.071998861420278,0.13084937001060776
1055_MTI_ANG_XX.mp4,-0.5584,0.6382,-0.1807727089368115,0.3663778170766991
1040_MTI_ANG_XX.mp4,-0.5285,0.302,-0.4619812905897487,0.36659149079105857
1049_IEO_DIS_HI.mp4,0.0816,0.0816,0.003213928355121334,0.10913639577991804
1034_IOM_HAP_XX.mp4,0.613,0.4597,0.11406528429582646,0.23579391136365604
1019_IWL_DIS_XX.mp4,-0.5103,0.2916,-0.08646321538310443,0.11504873246014242
1021_IOM_HAP_XX.mp4,0.0824,0.0824,0.050125169501090035,0.10210701866393368
1015_IOM_FEA_XX.mp4,0.0684,0.0684,0.017489076773862283,0.13151221369762578
1058_IEO_DIS_MD.mp4,0.6649,0.4987,-0.015121085069977922,0.1663778510092692
1086_IOM_DIS_XX.mp4,-0.5293,0.3024,0.04177546944107953,0.10590696023358054
1080_ITS_NEU_XX.mp4,0.0774,0.0774,-0.17987275269043324,0.23669133859762664
1012_IOM_SAD_XX.mp4,0.0791,0.0791,0.0009799080273542942,0.09726738751811811
1007_IOM_SAD_XX.mp4,-0.4465,0.1488,-0.013012254297829177,0.08245310709907047
1032_MTI_FEA_XX.mp4,0.0806,0.0806,-0.058139032372086744,0.09577374989432351
1027_MTI_FEA_XX.mp4,-0.4361,0.1454,-0.08360605221627407,0.10904748439007152
1013_MTI_HAP_XX.mp4,-0.5831,0.6664,-0.20455608467055783,0.41127378403733955
1006_MTI_HAP_XX.mp4,0.0,0.0,-0.1087040326678794,0.2050108021663918
1072_IOM_ANG_XX.mp4,-0.616,0.704,-0.5078431306478767,0.6319368622339182
1067_IOM_ANG_XX.mp4,-0.5309,0.6068,-0.29172469510779825,0.3705166530775504
1030_IOM_NEU_XX.mp4,0.0759,0.0759,-0.012729984297255794,0.07943332692098377
1025_IOM_NEU_XX.mp4,0.0813,0.0813,0.03707953799404742,0.10014282380163245
1023_ITS_DIS_XX.mp4,-0.5114,0.2923,-0.17849072474628316,0.23163919935995203
1036_ITS_DIS_XX.mp4,0.0,0.0,-0.09580072555022241,0.23390901073729764
1035_MTI_SAD_XX.mp4,0.0788,0.0788,-0.07324515767922862,0.11923411027857297
1020_MTI_SAD_XX.mp4,-0.4487,0.1496,-0.14692203582193256,0.1221666362366469
1084_ITS_HAP_XX.mp4,0.082,0.082,-0.04976817045766567,0.19745151013864246
1091_ITS_HAP_XX.mp4,0.0781,0.0781,-0.06042752912302937,0.2247367589635038
1059_ITS_ANG_XX.mp4,-0.5617,0.642,-0.5187212427453142,0.6793587117931674
1071_IEO_HAP_MD.mp4,0.0839,0.0839,0.025592779824962164,0.09898899771604948
1004_IWL_FEA_XX.mp4,0.0734,0.0734,0.011472588441236178,0.13095507886782493
1055_TAI_SAD_XX.mp4,0.0783,0.0783,-0.05538274722454043,0.12371871652086594
1040_TAI_SAD_XX.mp4,0.0726,0.0726,-0.030553133647890376,0.08662230170099335
1011_IWL_FEA_XX.mp4,-0.4537,0.5293,-0.05447291992543405,0.1365855950144477
1064_IEO_HAP_MD.mp4,-0.534,0.3051,-0.12533494098907763,0.17861092713520987
1025_IWL_HAP_XX.mp4,0.0847,0.0847,0.052347165324422684,0.10402093314698727
1050_IEO_FEA_MD.mp4,-0.4644,0.5418,-0.4546124497751422,0.5021111030889632
1045_IEO_FEA_MD.mp4,0.0,0.0,-0.22344719460137896,0.3120378325132475
1008_IOM_DIS_XX.mp4,-0.5313,0.6072,-0.17692184684003115,0.24649517640739388
1030_IWL_HAP_XX.mp4,0.0728,0.0728,-0.04920435155409286,0.18229465857664068
1060_IEO_HAP_HI.mp4,0.0796,0.0796,-0.0793215956726912,0.14626970791387756
1064_TSI_SAD_XX.mp4,0.0,0.0,-0.12158020552237424,0.15291085152456968
1071_TSI_SAD_XX.mp4,0.0838,0.0838,-0.005837249750038582,0.11412760503291491
1075_IEO_HAP_HI.mp4,0.6293,0.472,0.38675229398085614,0.5091774453519475
1089_IOM_SAD_XX.mp4,-0.5115,0.1705,-0.03404267457773331,0.14623766445769507
1041_IEO_FEA_HI.mp4,-0.4734,0.5523,-0.06713838437438649,0.17374328366335104
1054_IEO_FEA_HI.mp4,-0.4847,0.5654,-0.4423558341776041,0.5794775160689624
1052_TAI_FEA_XX.mp4,-0.465,0.5425,-0.18796840939815057,0.2520673912109557
1003_IWL_SAD_XX.mp4,0.0769,0.0769,-0.07403196035844006,0.11353755226334297
1016_IWL_SAD_XX.mp4,-0.4486,0.1495,-0.17944212677658058,0.14138697092481708
1047_TAI_FEA_XX.mp4,0.0,0.0,-0.09888495350412572,0.19759843880134303
1073_TAI_HAP_XX.mp4,0.0853,0.0853,-0.04856562042270757,0.11004470998540099
1057_IEO_SAD_MD.mp4,0.0786,0.0786,0.00029266118262902035,0.08278715657595419
1042_IEO_SAD_MD.mp4,0.0824,0.0824,-0.018867457361321685,0.09676025609749186
1066_TAI_HAP_XX.mp4,0.0872,0.0872,0.11063015542012468,0.10924861812772586
1063_TSI_FEA_XX.mp4,-0.4695,0.5477,-0.08144079152416471,0.33868625155379184
1076_TSI_FEA_XX.mp4,-0.4553,0.5312,-0.23077131654870198,0.49297413998887973
1042_TSI_HAP_XX.mp4,0.0,0.0,-0.11450452488913165,0.3003914342150936
1046_IEO_SAD_HI.mp4,-0.4788,0.1596,-0.1306596806102153,0.0759970523191835
1082_IWL_DIS_XX.mp4,0.0837,0.0837,0.052079411171612335,0.22421661404190993
1053_IEO_SAD_HI.mp4,0.0801,0.0801,-0.0009549046889162305,0.08865077864874733
1057_TSI_HAP_XX.mp4,-0.485,0.5658,-0.2652354493753465,0.4276464296772261
1021_IWL_NEU_XX.mp4,0.0833,0.0833,-0.049470669817540475,0.11971188762064273
1034_IWL_NEU_XX.mp4,0.0789,0.0789,0.03935642235736767,0.08095618852108681
1063_IWL_ANG_XX.mp4,-0.5456,0.6236,-0.4961352323616616,0.5630774363363262
1076_IWL_ANG_XX.mp4,0.0737,0.0737,-0.03338503351619588,0.21274960309276406
1037_IEO_ANG_MD.mp4,-0.5211,0.5956,-0.5132578034541389,0.5829230505964433
1022_IEO_ANG_MD.mp4,-0.5753,0.6575,-0.5067902705210107,0.5854745012762467
1026_IEO_ANG_HI.mp4,-0.5522,0.6311,-0.6519815062881616,0.7358050940524187
1033_IEO_ANG_HI.mp4,-0.6408,0.7324,-0.5922108635873767,0.6795087768825128
1035_TAI_ANG_XX.mp4,-0.5856,0.6692,-0.5070949035130256,0.6624358727596276
1020_TAI_ANG_XX.mp4,-0.552,0.6309,-0.39131843682741657,0.4022924965436202
1088_MTI_HAP_XX.mp4,0.0756,0.0756,0.022739571104833524,0.13308839118800922
1077_TAI_NEU_XX.mp4,0.0868,0.0868,0.10454355697286356,0.0850777325980617
1062_TAI_NEU_XX.mp4,0.0769,0.0769,0.05296977353961098,0.08252868164538495
1039_ITS_SAD_XX.mp4,0.0754,0.0754,-0.02383219641460362,0.11033135714795757
1046_TSI_NEU_XX.mp4,0.0712,0.0712,0.04631836597974896,0.0862162711159485
1053_TSI_NEU_XX.mp4,0.0883,0.0883,-0.07338238689864793,0.15032303429589902
1004_TSI_ANG_XX.mp4,-0.5477,0.626,-0.3205859038895423,0.43616751528188424
1011_TSI_ANG_XX.mp4,-0.5362,0.6128,-0.3406969817822075,0.5075527778315265
1020_WSI_SAD_XX.mp4,-0.4987,0.1662,-0.12217299779424874,0.15349997807067559
1031_TIE_DIS_XX.mp4,0.0816,0.0816,-0.09015183286268523,0.11728530451722283
1035_WSI_SAD_XX.mp4,0.0,0.0,-0.08402582304538311,0.13741504833348597
1024_TIE_DIS_XX.mp4,-0.5519,0.3154,-0.18237690924042532,0.15872798086678744
1042_IEO_HAP_LO.mp4,0.649,0.4868,0.05411262660534651,0.16490925563937003
1057_IEO_HAP_LO.mp4,0.0807,0.0807,0.008100250151303844,0.11312240380219972
1055_DFA_ANG_XX.mp4,-0.6347,0.7253,-0.5137973186942327,0.6323219778933676
1063_IEO_FEA_LO.mp4,0.0746,0.0746,0.011237672764368272,0.12037207825972354
1076_IEO_FEA_LO.mp4,0.0711,0.0711,-0.04675570184308007,0.12292036605387197
1040_DFA_ANG_XX.mp4,0.0881,0.0881,-0.021575598917896194,0.20398731384649563
1017_DFA_NEU_XX.mp4,0.0856,0.0856,0.09754770101431633,0.07111895035284611
1002_DFA_NEU_XX.mp4,0.0781,0.0781,-0.0049416641925563295,0.1616228739937492
1018_IWW_DIS_XX.mp4,-0.4209,0.491,-0.1701544453444879,0.1583429879146779
1081_ITH_NEU_XX.mp4,0.0789,0.0789,0.003428773327748399,0.08973779950118246
1006_WSI_HAP_XX.mp4,0.6085,0.4564,0.14780055257790253,0.3244965085692884
1013_WSI_HAP_XX.mp4,-0.4773,0.1591,-0.40926719449151033,0.4463210577846375
1027_WSI_FEA_XX.mp4,-0.5343,0.6107,-0.17775981656944037,0.22535303062544143
1032_WSI_FEA_XX.mp4,0.0747,0.0747,-0.005685539785048129,0.12753422630641983
1083_TIE_HAP_XX.mp4,0.0744,0.0744,-0.03120162789496076,0.12298244101256407
1064_IEO_SAD_LO.mp4,-0.4872,0.1624,0.026875403223049845,0.09533443522232814
1071_IEO_SAD_LO.mp4,0.0765,0.0765,0.0351427697791777,0.08402860194559075
1013_DFA_HAP_XX.mp4,0.6631,0.4973,0.20824156282614778,0.39467888128321993
1022_ITH_DIS_XX.mp4,-0.6139,0.3508,-0.3232531220708865,0.2344643645820361
1037_ITH_DIS_XX.mp4,-0.5036,0.2878,-0.16478722164851514,0.14498371511009264
1006_DFA_HAP_XX.mp4,0.644,0.483,0.10024043553275956,0.34349638057372855
1032_DFA_FEA_XX.mp4,0.0792,0.0792,0.02796451784558754,0.10538014123370736
1004_IEO_ANG_LO.mp4,-0.5435,0.6211,-0.40138541074210465,0.43991991641750755
1011_IEO_ANG_LO.mp4,-0.5456,0.6236,-0.38168276531579814,0.5078815680401917
1027_DFA_FEA_XX.mp4,0.0738,0.0738,0.10393007978058882,0.16282362670200093
1002_WSI_NEU_XX.mp4,0.0824,0.0824,-0.119509326855125,0.21766168240246883
1085_ITH_HAP_XX.mp4,0.6729,0.5047,0.03424265818333847,0.22940813507325203
1090_ITH_HAP_XX.mp4,0.0814,0.0814,0.09446074837662753,0.07369358424599864
1017_WSI_NEU_XX.mp4,0.0748,0.0748,-0.051727515812282895,0.18227837356709475
1040_WSI_ANG_XX.mp4,-0.5621,0.6424,-0.28797036568050793,0.5137909065949197
1055_WSI_ANG_XX.mp4,-0.4629,0.529,-0.3129504729093008,0.5351901492042819
1035_DFA_SAD_XX.mp4,0.0774,0.0774,0.007844615900428422,0.11790408973990077
1020_DFA_SAD_XX.mp4,-0.4503,0.1501,0.0034541151189656314,0.08539281275028447
1087_TIE_NEU_XX.mp4,0.076,0.076,0.026404838355787576,0.07349646008912848
1066_IWW_SAD_XX.mp4,0.0797,0.0797,-0.020305022945901474,0.08915225397982234
1073_IWW_SAD_XX.mp4,0.0,0.0,-0.022687702862617364,0.18365515295094595
1089_IEO_FEA_LO.mp4,0.0702,0.0702,-0.06797124042126709,0.12285583713630086
1061_IWW_FEA_XX.mp4,-0.4178,0.4874,-0.12056348321953388,0.2239387469646873
1074_IWW_FEA_XX.mp4,-0.4714,0.5499,-0.1105407086472629,0.18615221171076493
1040_IWW_HAP_XX.mp4,0.0754,0.0754,0.013331212757655773,0.11034981381826567
1055_IWW_HAP_XX.mp4,0.0824,0.0824,0.030552562879997563,0.10775959421703563
1029_ITH_ANG_XX.mp4,-0.5897,0.674,-0.643177736247108,0.6652072318034462
1048_TIE_FEA_XX.mp4,0.0816,0.0816,-0.04262619760245398,0.11220275405555434
1069_TIE_HAP_XX.mp4,0.0801,0.0801,-0.21274831353927107,0.41840374503241623
1049_ITH_SAD_XX.mp4,-0.4755,0.1585,-0.03557635975416709,0.12466028447182452
1006_IWW_ANG_XX.mp4,-0.5206,0.2975,-0.09679353199374377,0.33590246209787283
1013_IWW_ANG_XX.mp4,-0.6174,0.7056,-0.3036733437083623,0.5197964942522485
1044_IWW_NEU_XX.mp4,0.0761,0.0761,-0.10037349830179353,0.18558013681063049
1051_IWW_NEU_XX.mp4,0.0874,0.0874,0.058892821611355756,0.09257234087543305
1078_TIE_NEU_XX.mp4,0.079,0.079,-0.026120035439007237,0.10359728917457403
1076_IOM_SAD_XX.mp4,0.0929,0.0929,0.03849989521682016,0.07597211726348568
1063_IOM_SAD_XX.mp4,0.0,0.0,-0.03683175904695106,0.09422198502462156
1073_MTI_NEU_XX.mp4,0.0869,0.0869,-0.002374491773056928,0.10904332844212522
1066_MTI_NEU_XX.mp4,0.0797,0.0797,-0.03467649373069521,0.08347125973355898
1038_IEO_DIS_HI.mp4,-0.5596,0.3198,-0.27299314984780343,0.43177539655077424
1031_MTI_ANG_XX.mp4,0.0736,0.0736,-0.008958535057909178,0.10721428210566923
1024_MTI_ANG_XX.mp4,0.0781,0.0781,0.057355761763015246,0.181135933103906
1071_IOM_FEA_XX.mp4,0.0825,0.0825,-0.0667333244792947,0.10174225580106765
1089_TSI_FEA_XX.mp4,-0.4488,0.5236,-0.24034963874902282,0.389247729683346
1029_IEO_DIS_MD.mp4,0.6507,0.488,0.1610699598076236,0.3407953353666983
1064_IOM_FEA_XX.mp4,-0.4707,0.5491,-0.09225285587761094,0.290889198795474
1068_IWL_DIS_XX.mp4,0.0,0.0,-0.003941996621148501,0.09280538747342508
1050_IOM_HAP_XX.mp4,0.0814,0.0814,0.15845562924110881,0.1433311101628218
1045_IOM_HAP_XX.mp4,0.0835,0.0835,0.048108133408253796,0.08331695090204899
1089_IWL_ANG_XX.mp4,-0.603,0.6892,-0.672213345228755,0.7102926295665729
1051_MTI_SAD_XX.mp4,0.074,0.074,-0.10052288138986117,0.12448971187479747
1044_MTI_SAD_XX.mp4,0.0781,0.0781,-0.038786902538566,0.09395061789582722
1088_TAI_NEU_XX.mp4,0.0815,0.0815,0.07799349291941458,0.09544688643850666
1077_MTI_HAP_XX.mp4,0.0833,0.0833,0.1057128764808739,0.13361571837053185
1062_MTI_HAP_XX.mp4,0.0,0.0,0.04940427651814962,0.05284242500772107
1056_MTI_FEA_XX.mp4,0.0,0.0,-0.0024129034953894,0.07982408217436042
1043_MTI_FEA_XX.mp4,-0.4437,0.5177,-0.1272542605609437,0.2606380149985866
1016_IOM_ANG_XX.mp4,0.0831,0.0831,-0.035711637909734376,0.20079324237427504
1003_IOM_ANG_XX.mp4,-0.5635,0.644,-0.5751561723768044,0.6180421789494432
1047_ITS_DIS_XX.mp4,0.0795,0.0795,-0.09826696303378402,0.17815345979636185
1052_ITS_DIS_XX.mp4,0.0769,0.0769,-0.14662789976961735,0.17569674238735772
1054_IOM_NEU_XX.mp4,0.076,0.076,-0.009973391579939754,0.09007220357840644
1041_IOM_NEU_XX.mp4,0.0776,0.0776,0.045604826459246156,0.08900667937329315
1017_TAI_HAP_XX.mp4,0.0837,0.0837,0.020344693494157736,0.08955667954552331
1033_IEO_SAD_MD.mp4,0.0762,0.0762,0.019314958708727768,0.09259939427854685
1026_IEO_SAD_MD.mp4,0.0,0.0,-0.01181773923423844,0.08957220452588362
1002_TAI_HAP_XX.mp4,0.638,0.4785,-0.01988855181788853,0.40500196940974137
1067_IWL_SAD_XX.mp4,0.0781,0.0781,0.01812094777800879,0.10207328379998983
1036_TAI_FEA_XX.mp4,-0.4748,0.5539,-0.2650039486632419,0.34701894370347225
1023_TAI_FEA_XX.mp4,-0.4905,0.5722,-0.2963708196880947,0.517797610567676
1072_IWL_SAD_XX.mp4,0.0829,0.0829,-0.11402489229218626,0.1318151807995465
1026_TSI_HAP_XX.mp4,0.0,0.0,-0.3023886394481754,0.33868395209541613
1022_IEO_SAD_HI.mp4,-0.4937,0.1646,-0.06884973783628835,0.12311313164030638
1037_IEO_SAD_HI.mp4,0.0764,0.0764,0.017030713852953485,0.10562094609133386
1033_TSI_HAP_XX.mp4,0.0,0.0,-0.2783753171508784,0.45334564625153095
1007_TSI_FEA_XX.mp4,0.0745,0.0745,-0.16680649930996583,0.19817009135207767
1012_TSI_FEA_XX.mp4,-0.4778,0.5574,-0.3009166052154915,0.3355501659891211
1028_ITS_ANG_XX.mp4,-0.554,0.6332,-0.37441178585493756,0.4948371884813236
1079_IOM_DIS_XX.mp4,-0.5569,0.3182,-0.09849065279906231,0.22438687433752735
1041_IWL_HAP_XX.mp4,0.0823,0.0823,-0.059496106403582244,0.13091498346886093
1034_IEO_FEA_MD.mp4,0.0,0.0,-0.3939431530426869,0.43594406181810125
1081_TSI_DIS_XX.mp4,-0.3978,0.4641,-0.07209089456551743,0.13693068595632577
1021_IEO_FEA_MD.mp4,0.08,0.08,-0.08313658264266813,0.12723393705132763
1054_IWL_HAP_XX.mp4,0.0,0.0,0.08869979461292148,0.2215721619894161
1015_IEO_HAP_MD.mp4,0.0771,0.0771,0.00677231114381089,0.14821307016586094
1031_TAI_SAD_XX.mp4,-0.468,0.156,-0.06460929359052184,0.11150922390979748
1060_IWL_FEA_XX.mp4,0.0782,0.0782,-0.03909493390609651,0.10255097308272122
1075_IWL_FEA_XX.mp4,0.0812,0.0812,-0.0002249681369110956,0.09332066240871452
1024_TAI_SAD_XX.mp4,0.0653,0.0653,-0.08360043896357659,0.1912329411497774
1025_IEO_FEA_HI.mp4,-0.5226,0.6097,-0.1774361585153782,0.42039090858059397
1030_IEO_FEA_HI.mp4,-0.4911,0.5729,-0.3016341785888465,0.43263529693663866
1004_IEO_HAP_HI.mp4,-0.543,0.6335,-0.44152249065381444,0.5810946470947007
1015_TSI_SAD_XX.mp4,-0.4353,0.5079,-0.08596785150471932,0.22318930768824424
1011_IEO_HAP_HI.mp4,0.7025,0.5269,-0.015551332404552143,0.28434974835717125
1051_TAI_ANG_XX.mp4,-0.5614,0.6416,-0.4093678948254801,0.49732860726515526
1044_TAI_ANG_XX.mp4,-0.561,0.6412,-0.4162072810998008,0.41757846536120335
1013_TAI_NEU_XX.mp4,0.0881,0.0881,0.025720341953240213,0.13276646294853553
1048_ITS_SAD_XX.mp4,0.0859,0.0859,0.006997655728762026,0.10209664420587543
1006_TAI_NEU_XX.mp4,0.0926,0.0926,-0.09144268808618654,0.13667532914109556
1022_TSI_NEU_XX.mp4,0.0817,0.0817,-0.05410693263338986,0.1289976327679647
1037_TSI_NEU_XX.mp4,0.0806,0.0806,-0.07181992660860888,0.14129785513817678
1060_TSI_ANG_XX.mp4,-0.5959,0.681,-0.4324095662825797,0.46677097668271084
1075_TSI_ANG_XX.mp4,-0.5556,0.635,-0.43501140908092856,0.49551065271182426
1045_IWL_NEU_XX.mp4,0.081,0.081,0.0373895767504035,0.08269071739739382
1050_IWL_NEU_XX.mp4,0.0773,0.0773,0.0779873067424982,0.12494485656228538
1053_IEO_ANG_MD.mp4,-0.51,0.5828,-0.0991002503283548,0.2131452282333745
1046_IEO_ANG_MD.mp4,-0.5906,0.3375,-0.08188500670634752,0.21297050533817197
1007_IWL_ANG_XX.mp4,-0.5363,0.3064,-0.19843931737379544,0.20856057206514594
1012_IWL_ANG_XX.mp4,-0.5491,0.6275,-0.40878422175256246,0.4859182039195475
1042_IEO_ANG_HI.mp4,-0.6408,0.7324,-0.5470084069979154,0.6499371377274035
1057_IEO_ANG_HI.mp4,-0.6737,0.77,-0.4684165244795432,0.6510491486060596
1081_IEO_DIS_LO.mp4,0.0744,0.0744,-0.021458061707324467,0.08352072950219971
1043_WSI_FEA_XX.mp4,-0.4437,0.5176,-0.16924268124011282,0.4104050586177681
1056_WSI_FEA_XX.mp4,-0.497,0.568,-0.3074163075769101,0.5071953206676899
1062_WSI_HAP_XX.mp4,0.0751,0.0751,-0.03610716147471044,0.19791784748226512
1077_WSI_HAP_XX.mp4,-0.5228,0.2988,-0.2310390091092855,0.27999913783338926
1015_IEO_SAD_LO.mp4,0.0868,0.0868,0.07088168843981012,0.0809565918470898
1044_WSI_SAD_XX.mp4,0.0801,0.0801,-0.14070421248622253,0.1772803884217427
1055_TIE_DIS_XX.mp4,-0.5505,0.3146,-0.2979797017131633,0.30271509141739283
1051_WSI_SAD_XX.mp4,0.0809,0.0809,-0.04893829372718179,0.12613979669840938
1040_TIE_DIS_XX.mp4,0.076,0.076,-0.05462929132917169,0.09754309163097429
1007_IEO_FEA_LO.mp4,0.0729,0.0729,0.013547531969523094,0.08816000524167014
1031_DFA_ANG_XX.mp4,0.0796,0.0796,0.060812104312115166,0.11151738449852586
1024_DFA_ANG_XX.mp4,0.0739,0.0739,-0.08513893576958995,0.24245705702518083
1012_IEO_FEA_LO.mp4,0.0,0.0,-0.009529770485629354,0.09092491875397418
1026_IEO_HAP_LO.mp4,0.08,0.08,0.06165629842386203,0.08996040042190759
1033_IEO_HAP_LO.mp4,0.0,0.0,0.009895566220479522,0.17261357992579593
1069_IWW_DIS_XX.mp4,-0.5658,0.3233,-0.12062909882902496,0.2343337302919097
1073_DFA_NEU_XX.mp4,0.0806,0.0806,0.04839859024738979,0.09687307691910667
1066_DFA_NEU_XX.mp4,0.0786,0.0786,0.06543180479678765,0.10082907908632166
1066_WSI_NEU_XX.mp4,0.0766,0.0766,-0.04149550391391216,0.14715477685400272
1073_WSI_NEU_XX.mp4,0.0776,0.0776,-0.04182868351730498,0.130285268401424
1024_WSI_ANG_XX.mp4,0.0724,0.0724,-0.0866343152071885,0.24598960673468206
1031_WSI_ANG_XX.mp4,0.083,0.083,-0.054106055396266575,0.18277651865886868
1088_IWW_ANG_XX.mp4,-0.5063,0.5787,-0.4698211660896526,0.5631484032558185
1051_DFA_SAD_XX.mp4,0.0832,0.0832,0.05386221030014325,0.0818352420519997
1044_DFA_SAD_XX.mp4,0.0813,0.0813,-0.008788054342774835,0.11358173525738922
1060_IEO_ANG_LO.mp4,-0.5152,0.2944,-0.06806020302920941,0.4066771766360615
1056_DFA_FEA_XX.mp4,0.0755,0.0755,0.04315902197020387,0.15972723927910706
1043_DFA_FEA_XX.mp4,0.0744,0.0744,-0.033995221756687205,0.2689419090200521
1075_IEO_ANG_LO.mp4,0.0797,0.0797,-0.13863639242622136,0.15602076875546877
1046_ITH_DIS_XX.mp4,0.0804,0.0804,0.010182555134742297,0.08791107303371615
1077_DFA_HAP_XX.mp4,0.085,0.085,0.07949678123272322,0.06790852161759257
1062_DFA_HAP_XX.mp4,0.0818,0.0818,0.19511804451480902,0.08244996921777399
1053_ITH_DIS_XX.mp4,-0.4857,0.5666,-0.1505398285120426,0.24425359988982798
1080_IWW_ANG_XX.mp4,-0.5708,0.6524,-0.5300840341082637,0.56923819239889
1039_WSI_ANG_XX.mp4,-0.6396,0.731,-0.6106257486619041,0.6669560929692752
1059_DFA_SAD_XX.mp4,0.0785,0.0785,0.03390119390025883,0.14359221176641934
1068_IEO_ANG_LO.mp4,-0.5748,0.6569,-0.16741026295398867,0.4208245481007839
1089_IEO_DIS_LO.mp4,0.0796,0.0796,-0.20400008272289175,0.24600633332791394
1008_IEO_SAD_LO.mp4,0.0802,0.0802,-0.0653665631304543,0.14079377008410088
1059_WSI_SAD_XX.mp4,0.0,0.0,-0.2186436351436207,0.25727087852650143
1048_TIE_DIS_XX.mp4,0.0794,0.0794,-0.08291074263097369,0.1830325971710689
1039_DFA_ANG_XX.mp4,-0.5649,0.6456,-0.4904778336882589,0.3939885497847169
1074_IWW_DIS_XX.mp4,-0.4863,0.5674,-0.3517905300840862,0.4687756582243402
1061_IWW_DIS_XX.mp4,0.0738,0.0738,-0.11644631508211464,0.17188351503529456
1059_TAI_ANG_XX.mp4,-0.6125,0.7,-0.6204235369290609,0.6395818049010775
1055_ITS_SAD_XX.mp4,0.078,0.078,-0.13123238317454602,0.16034025778513306
1040_ITS_SAD_XX.mp4,0.0771,0.0771,-0.107851689655982,0.12335624834441898
1085_IOM_ANG_XX.mp4,-0.5089,0.5816,-0.47384586010813096,0.6220732442435131
1090_IOM_ANG_XX.mp4,-0.5421,0.6196,-0.42079433139366806,0.5769142304654291
1068_TSI_ANG_XX.mp4,-0.5947,0.6796,-0.48558554679948535,0.5483980467525579
1073_ITS_HAP_XX.mp4,0.0848,0.0848,0.03789644480329199,0.22236350204605917
1066_ITS_HAP_XX.mp4,0.0839,0.0839,0.044842247356860127,0.1735217289766335
1052_ITS_FEA_XX.mp4,-0.4422,0.5159,-0.08704865831694233,0.2015343225117751
1058_IWL_NEU_XX.mp4,0.0797,0.0797,-0.0672560981938517,0.09639901515263097
1047_ITS_FEA_XX.mp4,-0.4791,0.5589,-0.1368916678247931,0.31076281364296454
1043_MTI_DIS_XX.mp4,0.0791,0.0791,0.05173419749861793,0.08984275594626853
1056_MTI_DIS_XX.mp4,-0.5359,0.6124,-0.33017726110730317,0.43219988542310406
1035_ITS_ANG_XX.mp4,-0.5128,0.293,-0.44516654166830255,0.4906710009682043
1020_ITS_ANG_XX.mp4,0.0767,0.0767,-0.2390667481136497,0.2636153738146005
1077_ITS_NEU_XX.mp4,0.0792,0.0792,0.008559023495435178,0.1702968985592679
1008_IEO_HAP_MD.mp4,0.5984,0.4488,0.40756364987607824,0.3812824087311711
1039_TAI_SAD_XX.mp4,-0.4596,0.1532,-0.13810046382670124,0.1572061182527657
1062_ITS_NEU_XX.mp4,0.0865,0.0865,0.01330769745387778,0.0988387190919646
1068_IWL_FEA_XX.mp4,0.0,0.0,0.004876922842338936,0.11825577308389135
1029_IEO_FEA_MD.mp4,0.0725,0.0725,0.0690050227620811,0.09504690906823562
1064_IOM_DIS_XX.mp4,-0.5862,0.335,-0.2792822033116469,0.14311734936223725
1071_IOM_DIS_XX.mp4,0.0855,0.0855,-0.026023392117541327,0.08767886670687257
1049_IWL_HAP_XX.mp4,0.7018,0.5263,0.2428102534781424,0.4618005947055702
1089_TSI_DIS_XX.mp4,-0.5713,0.3264,-0.38723922230428415,0.2772131017124992
1019_IEO_HAP_HI.mp4,0.0821,0.0821,-0.10090547916158545,0.31349090241640654
1008_TSI_SAD_XX.mp4,-0.4192,0.4891,-0.21382407765782263,0.32716738377974797
1038_IEO_FEA_HI.mp4,-0.4761,0.5554,-0.47133927727374814,0.5871704291712134
1059_MTI_SAD_XX.mp4,0.0722,0.0722,0.038276444948733786,0.11806033311256402
1081_IWL_ANG_XX.mp4,-0.609,0.696,-0.36678290068936237,0.35414077244301423
1080_TAI_NEU_XX.mp4,0.0769,0.0769,-0.08128530275543079,0.1092191696391854
1049_IOM_NEU_XX.mp4,0.0844,0.0844,0.011296485280843574,0.1058306836501665
1012_TSI_DIS_XX.mp4,0.0758,0.0758,-0.10305216336101268,0.15908945152804826
1007_TSI_DIS_XX.mp4,0.0,0.0,-0.15022772963376613,0.29686303084303883
1086_IEO_HAP_MD.mp4,-0.5394,0.6164,-0.08051408694804693,0.313755981081405
1023_TAI_DIS_XX.mp4,-0.5488,0.6272,-0.20675744656680356,0.342984651543045
1036_TAI_DIS_XX.mp4,0.0,0.0,-0.08870008440239426,0.2316106036376477
1082_IEO_HAP_HI.mp4,0.653,0.4897,0.43896647699978447,0.41519566154934295
1086_TSI_SAD_XX.mp4,0.082,0.082,-0.06164436316504391,0.1539584757252306
1084_TAI_HAP_XX.mp4,0.0834,0.0834,-0.09849323111190177,0.1400406407465148
1039_MTI_ANG_XX.mp4,-0.5447,0.3113,-0.3844248305491081,0.4506313828483283
1091_TAI_HAP_XX.mp4,0.0776,0.0776,0.010790071176489478,0.1013062290250598
1030_IEO_DIS_HI.mp4,0.0842,0.0842,-0.16204522863481324,0.3812884268422182
1025_IEO_DIS_HI.mp4,0.0,0.0,-0.0942072727224442,0.13239433361917524
1075_IWL_DIS_XX.mp4,0.0728,0.0728,0.010889785517206133,0.07934695315909014
1060_IWL_DIS_XX.mp4,0.0819,0.0819,-0.025103288562756097,0.09174314530148278
1058_IOM_HAP_XX.mp4,0.0757,0.0757,0.00464008557534266,0.18140440757736626
1021_IEO_DIS_MD.mp4,-0.5359,0.3062,-0.18500786452954607,0.15148366426410134
1079_IOM_FEA_XX.mp4,-0.4937,0.576,-0.0751687370829953,0.2442709682237055
1081_TSI_FEA_XX.mp4,-0.5003,0.5837,-0.06825552215473477,0.2080650915301888
1034_IEO_DIS_MD.mp4,-0.5075,0.58,-0.22011187336746163,0.29921702814046813
1054_ITH_SAD_XX.mp4,-0.4689,0.547,-0.0517605095190337,0.16052905904414266
1041_ITH_SAD_XX.mp4,0.0811,0.0811,0.01658462508080174,0.08704225408509522
1047_IEO_NEU_XX.mp4,0.0798,0.0798,0.010016255692715113,0.10844466708670913
1052_IEO_NEU_XX.mp4,0.0852,0.0852,-0.08718457994256765,0.14778372447501414
1053_ITH_FEA_XX.mp4,-0.4807,0.5608,-0.4093327540254187,0.4420741309490282
1059_IWW_NEU_XX.mp4,0.0713,0.0713,-0.10610403421987818,0.2128259049542636
1046_ITH_FEA_XX.mp4,-0.5102,0.5831,-0.266024588045171,0.424212475353275
1072_ITH_HAP_XX.mp4,0.633,0.4748,0.181915365918238,0.4345130937197618
1043_DFA_DIS_XX.mp4,0.08,0.08,-0.053336078674766745,0.1872753779095796
1056_DFA_DIS_XX.mp4,0.0749,0.0749,0.06566238365868983,0.13356509157442553
1067_ITH_HAP_XX.mp4,0.0665,0.0665,-0.02537044107437911,0.1227496812103322
1065_TIE_NEU_XX.mp4,0.0799,0.0799,0.054915063253081264,0.08810160520405409
1070_TIE_NEU_XX.mp4,0.0809,0.0809,-0.010231749771984815,0.13811323443849982
1027_TIE_ANG_XX.mp4,-0.629,0.7188,-0.570159997365449,0.6318857531299695
1032_TIE_ANG_XX.mp4,0.0,0.0,-0.08911077316040461,0.30478753202307135
1056_WSI_DIS_XX.mp4,-0.5486,0.3135,-0.20709015853244467,0.20324065511092773
1047_TIE_SAD_XX.mp4,0.0815,0.0815,-0.018681182758310173,0.10271027762460881
1043_WSI_DIS_XX.mp4,0.0722,0.0722,-0.18942148983306595,0.15250248362583457
1052_TIE_SAD_XX.mp4,0.0,0.0,-0.0233962523135502,0.10933843575163427
1081_IEO_FEA_LO.mp4,0.0858,0.0858,0.004814194894422402,0.0999300061526084
1048_IWW_HAP_XX.mp4,0.608,0.456,-0.00937941674081682,0.2200194207893482
1076_ITH_NEU_XX.mp4,0.0854,0.0854,-0.046491932607702006,0.12114171275926472
1063_ITH_NEU_XX.mp4,0.0812,0.0812,0.0057876667122731046,0.11480978335979616
1069_IWW_FEA_XX.mp4,0.0,0.0,0.02449108690792149,0.15480193784402804
1034_ITH_ANG_XX.mp4,0.0777,0.0777,-0.055996863661499,0.29454709707943233
1021_ITH_ANG_XX.mp4,-0.5346,0.611,-0.2621473344835866,0.3349896494260125
1012_IEO_DIS_LO.mp4,-0.5355,0.306,-0.07164504362361311,0.14538382588321958
1007_IEO_DIS_LO.mp4,0.0714,0.0714,0.11349360150978383,0.2082208106423699
1086_IEO_SAD_LO.mp4,0.0869,0.0869,0.02159351647235136,0.09289905249081269
1061_TIE_HAP_XX.mp4,0.0774,0.0774,-0.11210194816915939,0.20415015932406191
1074_TIE_HAP_XX.mp4,0.6415,0.4811,0.22413550354832013,0.5484666372517237
1040_TIE_FEA_XX.mp4,0.0,0.0,-0.017072417560097385,0.1853603369967284
1055_TIE_FEA_XX.mp4,-0.5019,0.5855,-0.41037093699632937,0.5617479826412584
1019_IEO_ANG_LO.mp4,-0.5901,0.6744,-0.28546363894430266,0.3484827541224964
1048_WSI_ANG_XX.mp4,-0.5791,0.6618,-0.3658642873391972,0.35982179421410976
1028_DFA_SAD_XX.mp4,-0.5109,0.1703,-0.1754219641248985,0.22714843684226965
1028_WSI_SAD_XX.mp4,-0.5211,0.1737,-0.10038544168918921,0.16258095498014627
1039_TIE_DIS_XX.mp4,-0.4821,0.551,-0.38966137007451285,0.41940941250206587
1091_IWW_SAD_XX.mp4,-0.4965,0.1655,-0.07913361531954553,0.13259481317542723
1084_IWW_SAD_XX.mp4,0.0743,0.0743,-0.023969950108261924,0.1393592298037605
1048_DFA_ANG_XX.mp4,-0.6218,0.7107,-0.379648266369298,0.5059798310125807
1010_IWW_DIS_XX.mp4,-0.4489,0.5237,-0.11817992700195676,0.2209256405801026
1005_IWW_DIS_XX.mp4,0.0732,0.0732,-0.10997458123480948,0.16432101273210808
1083_IWW_FEA_XX.mp4,-0.4744,0.5534,-0.10949682127587868,0.15046701174669638
1089_ITH_NEU_XX.mp4,0.0879,0.0879,0.018337858906180924,0.20664527194376348
1079_IEO_SAD_LO.mp4,-0.4731,0.1577,-0.027587966115716962,0.07515133997812937
1036_ITS_FEA_XX.mp4,-0.5127,0.5981,-0.1848036625436371,0.314117348892924
1023_ITS_FEA_XX.mp4,-0.4513,0.5266,-0.2911306292298807,0.44848959138888067
1029_IWL_NEU_XX.mp4,0.079,0.079,-0.05205257194124244,0.15769871047371725
1017_ITS_HAP_XX.mp4,0.0758,0.0758,0.05461817385339995,0.11153274162611473
1002_ITS_HAP_XX.mp4,0.5893,0.442,-0.15892930843819683,0.3448558046562647
1027_MTI_DIS_XX.mp4,0.0788,0.0788,-0.0669674866905961,0.10321607012221255
1032_MTI_DIS_XX.mp4,0.0795,0.0795,0.01603100775623948,0.11212017852806262
1028_TAI_ANG_XX.mp4,0.0,0.0,-0.4352723432185235,0.3360445527525457
1080_MTI_HAP_XX.mp4,0.0814,0.0814,0.06026698535430358,0.13333956013694873
1031_ITS_SAD_XX.mp4,0.0883,0.0883,-0.010153777080522829,0.10237318633246886
1024_ITS_SAD_XX.mp4,0.0719,0.0719,-0.13012149450808363,0.16415257125964094
1019_TSI_ANG_XX.mp4,-0.5519,0.6308,-0.4994550064848385,0.5010557053971383
1051_ITS_ANG_XX.mp4,0.0847,0.0847,-0.19403870195207773,0.2643573388054073
1044_ITS_ANG_XX.mp4,0.0756,0.0756,-0.464385644587317,0.42202239203307795
1038_IWL_HAP_XX.mp4,0.0772,0.0772,0.0029809651326941776,0.23525793326410038
1015_IOM_DIS_XX.mp4,-0.5064,0.1688,-0.1295406185157648,0.1043842729986377
1058_IEO_FEA_MD.mp4,-0.5328,0.6216,-0.1694594611493097,0.2829197044399247
1048_TAI_SAD_XX.mp4,-0.4601,0.1534,-0.06604700462623402,0.09840785635149893
1013_ITS_NEU_XX.mp4,0.0841,0.0841,0.06458970060031496,0.10107193323235711
1019_IWL_FEA_XX.mp4,0.0795,0.0795,-0.0044258744478550185,0.10613559576182564
1079_IEO_HAP_MD.mp4,0.6784,0.5088,0.3059493388566329,0.3113332592678275
1006_ITS_NEU_XX.mp4,0.0844,0.0844,-0.13067218502961908,0.16264581290058422
1049_IEO_FEA_HI.mp4,-0.4853,0.5662,-0.3312545386266162,0.503499588412402
1079_TSI_SAD_XX.mp4,0.0825,0.0825,-0.15265606565796275,0.23211250829568353
1081_IOM_SAD_XX.mp4,-0.4552,0.1518,-0.013133634494806007,0.07146976951532771
1068_IEO_HAP_HI.mp4,-0.54,0.6172,-0.4132648871806946,0.38684874601952385
1084_MTI_NEU_XX.mp4,0.0857,0.0857,-0.0008342457367402086,0.11611290269883803
1091_MTI_NEU_XX.mp4,0.0846,0.0846,-0.004234571776799648,0.1120597023331529
1086_IOM_FEA_XX.mp4,-0.5091,0.2909,-0.020215507548281882,0.08978169310290582
1082_TSI_ANG_XX.mp4,-0.4518,0.5271,-0.34710696778575817,0.5362684532534387
1038_IOM_NEU_XX.mp4,0.083,0.083,0.02518006491471802,0.08745729902527824
1028_MTI_SAD_XX.mp4,-0.5737,0.1912,-0.13578837200214616,0.2074769467767975
1090_IWL_SAD_XX.mp4,0.0,0.0,-0.0007285059457408555,0.09356039709276119
1054_IEO_DIS_HI.mp4,-0.4956,0.2832,-0.015180940367637761,0.30920016982800297
1041_IEO_DIS_HI.mp4,-0.4951,0.2829,-0.1244009337932655,0.1527087421678218
1085_IWL_SAD_XX.mp4,0.0772,0.0772,-0.05171957597468545,0.1135959111776646
1048_MTI_ANG_XX.mp4,-0.5857,0.6693,-0.4216647351085271,0.4810371092347007
1045_IEO_DIS_MD.mp4,0.0839,0.0839,0.02749758257290355,0.10988952437600485
1008_IOM_FEA_XX.mp4,0.0,0.0,-0.2005159811755059,0.35177103538813914
1050_IEO_DIS_MD.mp4,-0.5575,0.3185,0.08880708842501618,0.1379203449332411
1011_IWL_DIS_XX.mp4,0.0729,0.0729,0.047203017782512166,0.1123645210326545
1029_IOM_HAP_XX.mp4,0.0781,0.0781,0.029087242509305656,0.2165424204428917
1004_IWL_DIS_XX.mp4,-0.5215,0.298,-0.28152712803708474,0.13336069475366352
1082_IWL_FEA_XX.mp4,0.0831,0.0831,-0.13119741683965497,0.28920281530843883
1088_ITS_NEU_XX.mp4,0.0808,0.0808,-0.04014574771013598,0.18814042546101578
1076_TSI_DIS_XX.mp4,0.0718,0.0718,0.029995656872950756,0.13253835198432226
1063_TSI_DIS_XX.mp4,0.0737,0.0737,-0.004164986995001487,0.1348911446759568
1047_TAI_DIS_XX.mp4,0.0735,0.0735,0.010726654055011954,0.12276887287123567
1052_TAI_DIS_XX.mp4,0.0718,0.0718,0.009267519958570659,0.16210965012956752
1027_DFA_DIS_XX.mp4,0.0823,0.0823,-0.018527396191834102,0.1011713671388567
1016_ITH_HAP_XX.mp4,0.0,0.0,-0.005363852732659362,0.18850896246721197
1091_WSI_NEU_XX.mp4,0.077,0.077,-0.12144077361862703,0.15515441029321422
1084_WSI_NEU_XX.mp4,0.0735,0.0735,-0.045581219594641696,0.13715126476413975
1003_ITH_HAP_XX.mp4,0.0768,0.0768,-0.07523045067612842,0.21539716171454054
1032_DFA_DIS_XX.mp4,-0.5565,0.318,-0.010220598662468966,0.15182024845464617
1037_ITH_FEA_XX.mp4,-0.498,0.581,-0.11402420164509085,0.2421490452146019
1022_ITH_FEA_XX.mp4,0.0821,0.0821,-0.008106477067225957,0.11681531660871627
1028_IWW_NEU_XX.mp4,0.0,0.0,-0.05361122321774734,0.11869050248668922
1001_TIE_NEU_XX.mp4,0.0889,0.0889,0.09012334033861241,0.09131605703943334
1014_TIE_NEU_XX.mp4,0.0805,0.0805,-0.0878337759535738,0.2250787263862402
1043_TIE_ANG_XX.mp4,-0.5642,0.6448,-0.16551552459264113,0.2937839086022784
1056_TIE_ANG_XX.mp4,-0.5908,0.6752,-0.3656235028039288,0.5145437191092016
1030_ITH_SAD_XX.mp4,0.0768,0.0768,-0.032548955772359174,0.1269130086307548
1025_ITH_SAD_XX.mp4,0.0,0.0,-0.04412902323661315,0.10080236935491832
1023_IEO_NEU_XX.mp4,0.0801,0.0801,0.02959356017172433,0.09700609627507428
1036_IEO_NEU_XX.mp4,0.0791,0.0791,-0.0022212007499337683,0.11434229028860367
1080_DFA_HAP_XX.mp4,0.6076,0.4557,0.12566299760104674,0.12843648299723048
1082_IEO_ANG_LO.mp4,0.0866,0.0866,0.018649283750361834,0.2073141332131283
1012_ITH_NEU_XX.mp4,0.0908,0.0908,-0.08749477821276429,0.18075909660391948
1018_IWW_FEA_XX.mp4,-0.4728,0.5516,-0.2562129723262817,0.29031412725797523
1007_ITH_NEU_XX.mp4,0.0789,0.0789,-0.09658695242993245,0.11718485761930468
1080_WSI_HAP_XX.mp4,-0.5502,0.3144,-0.17286171867185998,0.1693298469986145
1039_IWW_HAP_XX.mp4,0.6452,0.4839,0.14618157712013913,0.36118528381684945
1076_IEO_DIS_LO.mp4,0.0762,0.0762,-0.09995148011675228,0.1300163896311626
1063_IEO_DIS_LO.mp4,0.0787,0.0787,0.028853569375047603,0.1021326001404916
1050_ITH_ANG_XX.mp4,-0.6529,0.7462,-0.45984114146084365,0.6536573447150441
1045_ITH_ANG_XX.mp4,0.0794,0.0794,0.05511262442568068,0.11404292738096344
1024_TIE_FEA_XX.mp4,0.0768,0.0768,-0.183474474384448,0.3449248317436951
1031_TIE_FEA_XX.mp4,0.0831,0.0831,0.021530111211589483,0.10060029018410589
1005_TIE_HAP_XX.mp4,0.6303,0.4727,0.13338491116126064,0.509675886646989
1010_TIE_HAP_XX.mp4,0.0766,0.0766,-0.18992988196620977,0.23392769017844695
1084_DFA_NEU_XX.mp4,0.0859,0.0859,0.10305961573033862,0.11254456424476002
1032_WSI_DIS_XX.mp4,-0.5659,0.3234,-0.13784965672160632,0.16293733849208464
1023_TIE_SAD_XX.mp4,0.0748,0.0748,-0.059299406415234554,0.12261026687008243
1027_WSI_DIS_XX.mp4,-0.5246,0.5996,-0.29202243588846327,0.38037160369164064
1036_TIE_SAD_XX.mp4,0.0773,0.0773,0.028121379032645253,0.10121551008529327
1091_DFA_NEU_XX.mp4,0.0799,0.0799,0.09754036863479322,0.09439199694528719
