fileName,emotion,level,valence,arousal
1003_IEO_ANG_MD.mp4,A,70.6,-0.5971,0.6824
1016_IEO_ANG_MD.mp4,A,44.8888888888889,-0.5071,0.5796
1057_IWL_ANG_XX.mp4,D,62.6666666666667,-0.5693,0.3253
1042_IWL_ANG_XX.mp4,D:N,51.2222222222222,0.0,0.0
1015_IWL_NEU_XX.mp4,N,63.5,0.0818,0.0818
1012_IEO_ANG_HI.mp4,A,87.7,-0.6569,0.7508
1007_IEO_ANG_HI.mp4,A:D,64.9090909090909,0.0,0.0
1018_ITS_SAD_XX.mp4,N,55.875,0.0779,0.0779
1043_TAI_NEU_XX.mp4,N,77.125,0.0886,0.0886
1056_TAI_NEU_XX.mp4,N,68.5555555555556,0.0843,0.0843
1088_MTI_FEA_XX.mp4,N,54.9,0.0775,0.0775
1001_TAI_ANG_XX.mp4,D:N,56.0,0.0,0.0
1014_TAI_ANG_XX.mp4,A,70.7,-0.5975,0.6828
1030_TSI_ANG_XX.mp4,A,61.4444444444444,-0.5651,0.6458
1025_TSI_ANG_XX.mp4,A,73.6666666666667,-0.6078,0.6947
1072_TSI_NEU_XX.mp4,N,71.4444444444444,0.0857,0.0857
1067_TSI_NEU_XX.mp4,N,58.1,0.0791,0.0791
1064_IEO_FEA_MD.mp4,F,59.2222222222222,-0.4777,0.5573
1011_IWL_HAP_XX.mp4,N,78.8571428571429,0.0894,0.0894
1029_IOM_DIS_XX.mp4,D,46.375,-0.5123,0.2928
1004_IWL_HAP_XX.mp4,N,62.2,0.0811,0.0811
1071_IEO_FEA_MD.mp4,N,49.0,0.0745,0.0745
1030_IWL_FEA_XX.mp4,A,47.125,-0.5149,0.5885
1061_TAI_SAD_XX.mp4,N,44.2857142857143,0.0721,0.0721
1045_IEO_HAP_MD.mp4,N,46.7,0.0734,0.0734
1050_IEO_HAP_MD.mp4,D,74.2222222222222,-0.6098,0.3484
1074_TAI_SAD_XX.mp4,N,76.5,0.0883,0.0883
1025_IWL_FEA_XX.mp4,N,55.1666666666667,0.0776,0.0776
1078_ITS_ANG_XX.mp4,A,74.1818181818182,-0.6096,0.6967
1075_IEO_FEA_HI.mp4,F,69.8,-0.5094,0.5943
1060_IEO_FEA_HI.mp4,F,49.0,-0.447,0.5215
1050_TSI_SAD_XX.mp4,N,47.7,0.0739,0.0739
1054_IEO_HAP_HI.mp4,F:H,67.8888888888889,0.0,0.0
1041_IEO_HAP_HI.mp4,D,58.7,-0.5554,0.3174
1045_TSI_SAD_XX.mp4,N,56.0,0.078,0.078
1063_IEO_SAD_MD.mp4,N,51.4285714285714,0.0757,0.0757
1047_TAI_HAP_XX.mp4,H,44.0,0.576,0.432
1052_TAI_HAP_XX.mp4,F,77.7,-0.5331,0.622
1076_IEO_SAD_MD.mp4,N,49.0,0.0745,0.0745
1066_TAI_FEA_XX.mp4,N,57.3,0.0786,0.0786
1037_IWL_SAD_XX.mp4,N,64.625,0.0823,0.0823
1022_IWL_SAD_XX.mp4,S,51.3333333333333,-0.454,0.1513
1073_TAI_FEA_XX.mp4,N,47.7,0.0739,0.0739
1072_IEO_SAD_HI.mp4,S,52.9090909090909,-0.4587,0.1529
1076_TSI_HAP_XX.mp4,H:N,66.5555555555556,0.0,0.0
1063_TSI_HAP_XX.mp4,F,76.375,-0.5291,0.6173
1067_IEO_SAD_HI.mp4,S,52.5555555555556,-0.4577,0.1526
1057_TSI_FEA_XX.mp4,F,50.7777777777778,-0.4523,0.5277
1042_TSI_FEA_XX.mp4,N,51.5,0.0758,0.0758
1082_ITH_SAD_XX.mp4,N,55.8888888888889,0.0779,0.0779
1084_IEO_NEU_XX.mp4,N,62.3,0.0811,0.0811
1091_IEO_NEU_XX.mp4,N,74.8888888888889,0.0874,0.0874
1006_DFA_FEA_XX.mp4,N:S,62.2,0.0,0.0
1030_IEO_ANG_LO.mp4,N,58.1818181818182,0.0791,0.0791
1025_IEO_ANG_LO.mp4,N,75.6,0.0878,0.0878
1013_DFA_FEA_XX.mp4,N,64.3636363636364,0.0822,0.0822
1027_DFA_HAP_XX.mp4,N,58.5714285714286,0.0793,0.0793
1016_ITH_DIS_XX.mp4,N,60.0,0.08,0.08
1003_ITH_DIS_XX.mp4,N:S,53.4,0.0,0.0
1032_DFA_HAP_XX.mp4,H,55.7,0.6228,0.4671
1074_WSI_ANG_XX.mp4,A,67.4,-0.5859,0.6696
1061_WSI_ANG_XX.mp4,A,53.8,-0.5383,0.6152
1090_ITH_FEA_XX.mp4,N,59.2222222222222,0.0796,0.0796
1085_ITH_FEA_XX.mp4,N:S,61.6666666666667,0.0,0.0
1080_DFA_DIS_XX.mp4,N,38.0,0.069,0.069
1036_WSI_NEU_XX.mp4,N,57.5555555555556,0.0788,0.0788
1023_WSI_NEU_XX.mp4,N,39.75,0.0699,0.0699
1001_DFA_SAD_XX.mp4,N,43.0,0.0715,0.0715
1014_DFA_SAD_XX.mp4,N,47.5555555555556,0.0738,0.0738
1005_TIE_DIS_XX.mp4,D,35.5,-0.4742,0.271
1014_WSI_SAD_XX.mp4,N,35.625,0.0678,0.0678
1010_TIE_DIS_XX.mp4,A,50.1428571428571,-0.5255,0.6006
1001_WSI_SAD_XX.mp4,N,62.7777777777778,0.0814,0.0814
1039_IWW_DIS_XX.mp4,D,56.3,-0.547,0.3126
1023_DFA_NEU_XX.mp4,N,64.5555555555556,0.0823,0.0823
1084_TIE_SAD_XX.mp4,N:S,56.1,0.0,0.0
1080_WSI_DIS_XX.mp4,D,74.0,-0.609,0.348
1091_TIE_SAD_XX.mp4,N,63.5,0.0818,0.0818
1036_DFA_NEU_XX.mp4,N,68.1111111111111,0.0841,0.0841
1061_DFA_ANG_XX.mp4,A,73.1111111111111,-0.6059,0.6924
1057_IEO_FEA_LO.mp4,N,67.7,0.0839,0.0839
1042_IEO_FEA_LO.mp4,H:N,51.7777777777778,0.0,0.0
1074_DFA_ANG_XX.mp4,A,67.125,-0.5849,0.6685
1076_IEO_HAP_LO.mp4,N,60.125,0.0801,0.0801
1063_IEO_HAP_LO.mp4,H,65.7,0.6628,0.4971
1013_WSI_FEA_XX.mp4,N,62.625,0.0813,0.0813
1006_WSI_FEA_XX.mp4,F,50.6666666666667,-0.452,0.5273
1032_WSI_HAP_XX.mp4,N,50.625,0.0753,0.0753
1027_WSI_HAP_XX.mp4,A,69.3,-0.5926,0.6772
1050_IEO_SAD_LO.mp4,N,66.8,0.0834,0.0834
1045_IEO_SAD_LO.mp4,S,63.5,-0.4905,0.1635
1083_TIE_FEA_XX.mp4,N,56.125,0.0781,0.0781
1014_IWW_NEU_XX.mp4,N,46.1,0.0731,0.0731
1001_IWW_NEU_XX.mp4,N,60.6,0.0803,0.0803
1056_IWW_ANG_XX.mp4,D,56.2222222222222,-0.5468,0.3124
1043_IWW_ANG_XX.mp4,D,56.2222222222222,-0.5468,0.3124
1028_TIE_NEU_XX.mp4,N,58.0,0.079,0.079
1088_DFA_FEA_XX.mp4,N,64.0,0.082,0.082
1079_ITH_ANG_XX.mp4,D,69.3333333333333,-0.5927,0.3387
1031_IWW_FEA_XX.mp4,F:N,40.1,0.0,0.0
1024_IWW_FEA_XX.mp4,F,52.5555555555556,-0.4577,0.5339
1010_IWW_HAP_XX.mp4,H,68.75,0.675,0.5062
1088_WSI_FEA_XX.mp4,N:S,64.8888888888889,0.0,0.0
1005_IWW_HAP_XX.mp4,H:N,58.5,0.0,0.0
1018_TIE_FEA_XX.mp4,S,45.5,-0.4365,0.1455
1039_TIE_HAP_XX.mp4,H,69.2,0.6768,0.5076
1036_IWW_SAD_XX.mp4,F,43.2222222222222,-0.4297,0.5013
1023_IWW_SAD_XX.mp4,N,59.375,0.0797,0.0797
1027_MTI_HAP_XX.mp4,N,61.2,0.0806,0.0806
1032_MTI_HAP_XX.mp4,N,51.5555555555556,0.0758,0.0758
1006_MTI_FEA_XX.mp4,S,51.1,-0.4533,0.1511
1013_MTI_FEA_XX.mp4,S,58.4545454545455,-0.4754,0.1585
1083_ITS_SAD_XX.mp4,N,44.625,0.0723,0.0723
1017_ITS_DIS_XX.mp4,F,56.8,-0.4704,0.5488
1002_ITS_DIS_XX.mp4,S,62.5,-0.4875,0.1625
1004_IOM_NEU_XX.mp4,N,51.7272727272727,0.0759,0.0759
1011_IOM_NEU_XX.mp4,N,69.2222222222222,0.0846,0.0846
1046_IOM_ANG_XX.mp4,N,64.1,0.0821,0.0821
1053_IOM_ANG_XX.mp4,A,47.0909090909091,-0.5148,0.5884
1091_ITS_FEA_XX.mp4,F,57.3,-0.4719,0.5505
1084_ITS_FEA_XX.mp4,F:N,44.9,0.0,0.0
1001_MTI_SAD_XX.mp4,N,55.8888888888889,0.0779,0.0779
1014_MTI_SAD_XX.mp4,N,53.875,0.0769,0.0769
1080_MTI_DIS_XX.mp4,D,39.8,-0.4893,0.2796
1089_IEO_ANG_HI.mp4,A,74.4,-0.6104,0.6976
1068_IEO_DIS_HI.mp4,A:D,61.125,0.0,0.0
1061_MTI_ANG_XX.mp4,A,93.7777777777778,-0.6782,0.7751
1074_MTI_ANG_XX.mp4,A,71.4444444444444,-0.6001,0.6858
1023_MTI_NEU_XX.mp4,N,67.9,0.084,0.084
1036_MTI_NEU_XX.mp4,N,66.0,0.083,0.083
1021_IOM_FEA_XX.mp4,N,63.4,0.0817,0.0817
1034_IOM_FEA_XX.mp4,N,48.5555555555556,0.0743,0.0743
1079_IEO_DIS_MD.mp4,N,41.8,0.0709,0.0709
1038_IWL_DIS_XX.mp4,D,54.5555555555556,-0.5409,0.3091
1015_IOM_HAP_XX.mp4,H,65.7777777777778,0.6631,0.4973
1026_IOM_SAD_XX.mp4,S,48.5,-0.4455,0.1485
1033_IOM_SAD_XX.mp4,N:S,65.75,0.0,0.0
1027_TAI_NEU_XX.mp4,N,53.5555555555556,0.0768,0.0768
1069_ITS_SAD_XX.mp4,F,53.9,-0.4617,0.5386
1032_TAI_NEU_XX.mp4,N:S,46.0,0.0,0.0
1065_TAI_ANG_XX.mp4,A,48.2,-0.5187,0.5928
1070_TAI_ANG_XX.mp4,A,81.8888888888889,-0.6366,0.7276
1054_TSI_ANG_XX.mp4,D,57.4444444444444,-0.5511,0.3149
1041_TSI_ANG_XX.mp4,A,67.3636363636364,-0.5858,0.6695
1016_TSI_NEU_XX.mp4,N,65.2222222222222,0.0826,0.0826
1003_TSI_NEU_XX.mp4,N,61.5,0.0808,0.0808
1033_IWL_ANG_XX.mp4,A,65.2,-0.5782,0.6608
1026_IWL_ANG_XX.mp4,A,62.0,-0.567,0.648
1067_IEO_ANG_MD.mp4,H,49.8571428571429,0.5994,0.4496
1072_IEO_ANG_MD.mp4,A,57.125,-0.5499,0.6285
1071_IWL_NEU_XX.mp4,N,50.2,0.0751,0.0751
1064_IWL_NEU_XX.mp4,N,62.6,0.0813,0.0813
1076_IEO_ANG_HI.mp4,A,69.2222222222222,-0.5923,0.6769
1063_IEO_ANG_HI.mp4,A,76.7,-0.6184,0.7068
1053_IWL_SAD_XX.mp4,N,60.6666666666667,0.0803,0.0803
1002_TAI_FEA_XX.mp4,F,44.6666666666667,-0.434,0.5063
1082_IEO_DIS_HI.mp4,D,49.875,-0.5246,0.2998
1017_TAI_FEA_XX.mp4,N,54.5555555555556,0.0773,0.0773
1046_IWL_SAD_XX.mp4,N,53.7777777777778,0.0769,0.0769
1007_IEO_SAD_MD.mp4,N,56.3,0.0781,0.0781
1023_TAI_HAP_XX.mp4,H,44.4285714285714,0.5777,0.4333
1036_TAI_HAP_XX.mp4,D,58.4444444444444,-0.5546,0.3169
1012_IEO_SAD_MD.mp4,N,48.3,0.0742,0.0742
1033_TSI_FEA_XX.mp4,N,44.3,0.0722,0.0722
1086_IEO_DIS_MD.mp4,D,60.4,-0.5614,0.3208
1026_TSI_FEA_XX.mp4,F,54.1111111111111,-0.4623,0.5394
1016_IEO_SAD_HI.mp4,N,61.8,0.0809,0.0809
1012_TSI_HAP_XX.mp4,F,45.7777777777778,-0.4373,0.5102
1007_TSI_HAP_XX.mp4,N,67.2222222222222,0.0836,0.0836
1003_IEO_SAD_HI.mp4,N,58.2,0.0791,0.0791
1005_TAI_SAD_XX.mp4,N,48.2,0.0741,0.0741
1054_IWL_FEA_XX.mp4,N,72.5714285714286,0.0863,0.0863
1021_IEO_HAP_MD.mp4,N,70.2222222222222,0.0851,0.0851
1034_IEO_HAP_MD.mp4,H,59.1111111111111,0.6364,0.4773
1041_IWL_FEA_XX.mp4,N,54.2222222222222,0.0771,0.0771
1010_TAI_SAD_XX.mp4,N,62.8181818181818,0.0814,0.0814
1075_IWL_HAP_XX.mp4,N,63.4444444444444,0.0817,0.0817
1060_IWL_HAP_XX.mp4,N,46.1111111111111,0.0731,0.0731
1058_IOM_DIS_XX.mp4,D,61.5714285714286,-0.5655,0.3231
1015_IEO_FEA_MD.mp4,F:N,45.5,0.0,0.0
1009_ITS_ANG_XX.mp4,A,70.5714285714286,-0.597,0.6823
1034_TSI_SAD_XX.mp4,N,67.4,0.0837,0.0837
1030_IEO_HAP_HI.mp4,H,71.2222222222222,0.6849,0.5137
1025_IEO_HAP_HI.mp4,A:H,59.0,0.0,0.0
1021_TSI_SAD_XX.mp4,N,52.6,0.0763,0.0763
1011_IEO_FEA_HI.mp4,A,70.875,-0.5981,0.6835
1084_TAI_DIS_XX.mp4,N,47.0,0.0735,0.0735
1004_IEO_FEA_HI.mp4,N,57.75,0.0789,0.0789
1091_TAI_DIS_XX.mp4,N,66.375,0.0832,0.0832
1010_WSI_ANG_XX.mp4,A,56.9,-0.5491,0.6276
1005_WSI_ANG_XX.mp4,A,84.1111111111111,-0.6444,0.7364
1052_WSI_NEU_XX.mp4,N,35.0,0.0675,0.0675
1047_WSI_NEU_XX.mp4,A,37.5,-0.4812,0.55
1065_DFA_SAD_XX.mp4,N,67.6666666666667,0.0838,0.0838
1070_DFA_SAD_XX.mp4,N,57.7272727272727,0.0789,0.0789
1080_TIE_ANG_XX.mp4,A,44.6666666666667,-0.5063,0.5787
1072_ITH_DIS_XX.mp4,N,46.2857142857143,0.0731,0.0731
1043_DFA_HAP_XX.mp4,H,61.2,0.6448,0.4836
1056_DFA_HAP_XX.mp4,H,60.3,0.6412,0.4809
1067_ITH_DIS_XX.mp4,N,47.2727272727273,0.0736,0.0736
1054_IEO_ANG_LO.mp4,H,64.5714285714286,0.6583,0.4937
1062_DFA_FEA_XX.mp4,N,45.9,0.073,0.073
1077_DFA_FEA_XX.mp4,N,64.625,0.0823,0.0823
1041_IEO_ANG_LO.mp4,A:N,46.2222222222222,0.0,0.0
1056_WSI_HAP_XX.mp4,N,41.8888888888889,0.0709,0.0709
1043_WSI_HAP_XX.mp4,N,37.4444444444444,0.0687,0.0687
1077_WSI_FEA_XX.mp4,A:D,42.2,0.0,0.0
1062_WSI_FEA_XX.mp4,S,52.9,-0.4587,0.1529
1086_ITH_ANG_XX.mp4,A,61.0,-0.5635,0.644
1034_IEO_SAD_LO.mp4,N:S,58.25,0.0,0.0
1021_IEO_SAD_LO.mp4,N,55.5555555555556,0.0778,0.0778
1061_TIE_DIS_XX.mp4,A:H,38.7,0.0,0.0
1070_WSI_SAD_XX.mp4,D,46.5555555555556,-0.5129,0.2931
1074_TIE_DIS_XX.mp4,D,44.2222222222222,-0.5048,0.2884
1065_WSI_SAD_XX.mp4,N,67.0,0.0835,0.0835
1047_DFA_NEU_XX.mp4,N,70.1111111111111,0.0851,0.0851
1052_DFA_NEU_XX.mp4,N,73.0,0.0865,0.0865
1048_IWW_DIS_XX.mp4,N,62.6,0.0813,0.0813
1012_IEO_HAP_LO.mp4,S,53.0,-0.459,0.153
1007_IEO_HAP_LO.mp4,H,46.1,0.5844,0.4383
1033_IEO_FEA_LO.mp4,S,63.1,-0.4893,0.1631
1005_DFA_ANG_XX.mp4,A,60.3333333333333,-0.5612,0.6413
1010_DFA_ANG_XX.mp4,A,51.8888888888889,-0.5316,0.6076
1026_IEO_FEA_LO.mp4,N,58.7777777777778,0.0794,0.0794
1068_ITH_SAD_XX.mp4,F:N,58.3333333333333,0.0,0.0
1070_IWW_NEU_XX.mp4,N,56.0,0.078,0.078
1065_IWW_NEU_XX.mp4,N,62.9,0.0815,0.0815
1032_IWW_ANG_XX.mp4,F,59.0,-0.477,0.5565
1027_IWW_ANG_XX.mp4,A,69.5,-0.5932,0.678
1059_TIE_NEU_XX.mp4,N,63.3,0.0817,0.0817
1052_IWW_SAD_XX.mp4,F,68.4285714285714,-0.5053,0.5895
1047_IWW_SAD_XX.mp4,F,42.9,-0.4287,0.5001
1089_IEO_HAP_LO.mp4,H,71.4444444444444,0.6858,0.5143
1008_ITH_ANG_XX.mp4,A,59.0,-0.5565,0.636
1074_IWW_HAP_XX.mp4,H,66.8888888888889,0.6676,0.5007
1061_IWW_HAP_XX.mp4,N,60.625,0.0803,0.0803
1055_IWW_FEA_XX.mp4,F,54.5,-0.4635,0.5407
1040_IWW_FEA_XX.mp4,N,60.625,0.0803,0.0803
1048_TIE_HAP_XX.mp4,N,64.1,0.0821,0.0821
1069_TIE_FEA_XX.mp4,F,62.25,-0.4868,0.5679
1065_MTI_SAD_XX.mp4,N,74.0,0.087,0.087
1070_MTI_SAD_XX.mp4,D,58.8888888888889,-0.5561,0.3178
1062_MTI_FEA_XX.mp4,N,33.8571428571429,0.0669,0.0669
1077_MTI_FEA_XX.mp4,N,70.1111111111111,0.0851,0.0851
1043_MTI_HAP_XX.mp4,H,56.4,0.6256,0.4692
1056_MTI_HAP_XX.mp4,H,76.5,0.706,0.5295
1060_IOM_NEU_XX.mp4,N,65.0,0.0825,0.0825
1075_IOM_NEU_XX.mp4,N,61.3333333333333,0.0807,0.0807
1073_ITS_DIS_XX.mp4,N,46.4444444444444,0.0732,0.0732
1066_ITS_DIS_XX.mp4,N,52.375,0.0762,0.0762
1022_IOM_ANG_XX.mp4,A,76.7777777777778,-0.6187,0.7071
1037_IOM_ANG_XX.mp4,A,77.6666666666667,-0.6218,0.7107
1087_ITS_ANG_XX.mp4,D,54.375,-0.5403,0.3088
1042_IOM_SAD_XX.mp4,N,46.7,0.0734,0.0734
1057_IOM_SAD_XX.mp4,N,65.3333333333333,0.0827,0.0827
1089_IEO_SAD_MD.mp4,N,58.0909090909091,0.079,0.079
1005_MTI_ANG_XX.mp4,A,49.2,-0.5222,0.5968
1010_MTI_ANG_XX.mp4,A:N,55.7142857142857,0.0,0.0
1019_IEO_DIS_HI.mp4,D,57.0909090909091,-0.5498,0.3142
1047_MTI_NEU_XX.mp4,N,59.0,0.0795,0.0795
1052_MTI_NEU_XX.mp4,N,52.2222222222222,0.0761,0.0761
1064_IOM_HAP_XX.mp4,H,46.0,0.584,0.438
1089_TSI_HAP_XX.mp4,N,72.0,0.086,0.086
1071_IOM_HAP_XX.mp4,N,73.0,0.0865,0.0865
1049_IWL_DIS_XX.mp4,A,71.9090909090909,-0.6017,0.6876
1008_IEO_DIS_MD.mp4,D,55.3333333333333,-0.5437,0.3107
1045_IOM_FEA_XX.mp4,N,48.8888888888889,0.0744,0.0744
1050_IOM_FEA_XX.mp4,A:S,34.2,0.0,0.0
1083_TAI_SAD_XX.mp4,N,63.125,0.0816,0.0816
1026_TSI_DIS_XX.mp4,F,57.7777777777778,-0.4733,0.5522
1086_IEO_FEA_MD.mp4,N,49.5,0.0748,0.0748
1033_TSI_DIS_XX.mp4,N,38.6,0.0693,0.0693
1017_TAI_DIS_XX.mp4,N,54.3333333333333,0.0772,0.0772
1082_IEO_FEA_HI.mp4,S,56.9,-0.4707,0.1569
1002_TAI_DIS_XX.mp4,D,61.1,-0.5638,0.3222
1091_TAI_FEA_XX.mp4,N,63.1428571428571,0.0816,0.0816
1004_IEO_DIS_HI.mp4,D,52.7272727272727,-0.5345,0.3055
1084_TAI_FEA_XX.mp4,N,63.8571428571429,0.0819,0.0819
1011_IEO_DIS_HI.mp4,A,58.8888888888889,-0.5561,0.6356
1018_MTI_ANG_XX.mp4,N,59.875,0.0799,0.0799
1081_IEO_SAD_MD.mp4,N,55.0,0.0775,0.0775
1058_IOM_FEA_XX.mp4,F,48.3,-0.4449,0.5191
1015_IEO_DIS_MD.mp4,N,65.5,0.0828,0.0828
1081_TSI_HAP_XX.mp4,H,77.1,0.7084,0.5313
1085_IEO_SAD_HI.mp4,N,66.1111111111111,0.0831,0.0831
1079_IOM_HAP_XX.mp4,H,62.4,0.6496,0.4872
1041_IWL_DIS_XX.mp4,D,53.6,-0.5376,0.3072
1054_IWL_DIS_XX.mp4,N,56.9,0.0785,0.0785
1090_IEO_SAD_HI.mp4,N,61.0,0.0805,0.0805
1078_MTI_SAD_XX.mp4,S,51.2,-0.4536,0.1512
1085_TSI_NEU_XX.mp4,N,53.0,0.0765,0.0765
1090_TSI_NEU_XX.mp4,N,54.2857142857143,0.0771,0.0771
1068_IOM_NEU_XX.mp4,N,66.1,0.0831,0.0831
1081_IEO_HAP_LO.mp4,N,63.8888888888889,0.0819,0.0819
1083_DFA_ANG_XX.mp4,A,74.7,-0.6114,0.6988
1073_TIE_SAD_XX.mp4,N,58.4444444444444,0.0792,0.0792
1062_WSI_DIS_XX.mp4,D,56.4,-0.5474,0.3128
1066_TIE_SAD_XX.mp4,S,45.6,-0.4368,0.1456
1077_WSI_DIS_XX.mp4,A,50.1,-0.5253,0.6004
1026_IEO_DIS_LO.mp4,D:N,49.8,0.0,0.0
1033_IEO_DIS_LO.mp4,D,47.8888888888889,-0.5176,0.2958
1015_ITH_ANG_XX.mp4,F:N,56.875,0.0,0.0
1048_IWW_FEA_XX.mp4,F:N,38.1111111111111,0.0,0.0
1042_ITH_NEU_XX.mp4,N,73.2,0.0866,0.0866
1057_ITH_NEU_XX.mp4,N,69.3,0.0847,0.0847
1069_IWW_HAP_XX.mp4,F,32.3333333333333,-0.397,0.4632
1074_TIE_FEA_XX.mp4,N,55.1111111111111,0.0776,0.0776
1061_TIE_FEA_XX.mp4,N,48.875,0.0744,0.0744
1055_TIE_HAP_XX.mp4,N,62.375,0.0812,0.0812
1040_TIE_HAP_XX.mp4,F,48.7777777777778,-0.4463,0.5207
1073_IEO_NEU_XX.mp4,N,66.8,0.0834,0.0834
1066_IEO_NEU_XX.mp4,N,69.8181818181818,0.0849,0.0849
1060_ITH_SAD_XX.mp4,N,64.0,0.082,0.082
1075_ITH_SAD_XX.mp4,N,44.5,0.0723,0.0723
1046_ITH_HAP_XX.mp4,N,49.0,0.0745,0.0745
1077_DFA_DIS_XX.mp4,A:N,64.625,0.0,0.0
1062_DFA_DIS_XX.mp4,N,63.6,0.0818,0.0818
1053_ITH_HAP_XX.mp4,F,74.8888888888889,-0.5247,0.6121
1067_ITH_FEA_XX.mp4,N,50.0,0.075,0.075
1078_IWW_NEU_XX.mp4,N,60.0,0.08,0.08
1072_ITH_FEA_XX.mp4,F,57.0,-0.471,0.5495
1083_WSI_ANG_XX.mp4,A,67.5555555555556,-0.5864,0.6702
1013_TIE_ANG_XX.mp4,A,84.5,-0.6457,0.738
1006_TIE_ANG_XX.mp4,A,55.75,-0.5451,0.623
1051_TIE_NEU_XX.mp4,N,69.2857142857143,0.0846,0.0846
1044_TIE_NEU_XX.mp4,N,57.4545454545455,0.0787,0.0787
1029_IEO_SAD_LO.mp4,N,66.4444444444444,0.0832,0.0832
1069_TIE_DIS_XX.mp4,A:D,53.8,0.0,0.0
1078_WSI_SAD_XX.mp4,A:S,52.8571428571429,0.0,0.0
1040_IWW_DIS_XX.mp4,F,52.0,-0.456,0.532
1055_IWW_DIS_XX.mp4,F,56.5555555555556,-0.4697,0.5479
1018_DFA_ANG_XX.mp4,A,53.375,-0.5368,0.6135
1018_WSI_ANG_XX.mp4,A,71.7,-0.6009,0.6868
1078_DFA_SAD_XX.mp4,N,53.4444444444444,0.0767,0.0767
1088_TIE_ANG_XX.mp4,D,52.8888888888889,-0.5351,0.3058
1049_IEO_ANG_LO.mp4,N,45.8,0.0729,0.0729
1083_MTI_ANG_XX.mp4,N,67.0,0.0835,0.0835
1068_IWL_HAP_XX.mp4,H:N,58.125,0.0,0.0
1050_IOM_DIS_XX.mp4,N,69.3333333333333,0.0847,0.0847
1008_IEO_FEA_MD.mp4,N,51.8888888888889,0.0759,0.0759
1045_IOM_DIS_XX.mp4,S,62.2222222222222,-0.4867,0.1622
1049_IWL_FEA_XX.mp4,S,40.0,-0.42,0.14
1043_ITS_NEU_XX.mp4,N,46.3333333333333,0.0732,0.0732
1018_TAI_SAD_XX.mp4,N,62.6,0.0813,0.0813
1056_ITS_NEU_XX.mp4,N,64.7777777777778,0.0824,0.0824
1029_IEO_HAP_MD.mp4,A,70.5,-0.5968,0.682
1001_ITS_ANG_XX.mp4,D,54.4,-0.5404,0.3088
1014_ITS_ANG_XX.mp4,A,46.7,-0.5134,0.5868
1019_IEO_FEA_HI.mp4,F,60.2222222222222,-0.4807,0.5608
1029_TSI_SAD_XX.mp4,F,41.0,-0.423,0.4935
1038_IEO_HAP_HI.mp4,H,87.3333333333333,0.7493,0.562
1061_ITS_SAD_XX.mp4,N,58.2222222222222,0.0791,0.0791
1074_ITS_SAD_XX.mp4,N,39.6,0.0698,0.0698
1078_TAI_ANG_XX.mp4,A,64.6666666666667,-0.5763,0.6587
1049_TSI_ANG_XX.mp4,F,57.6666666666667,-0.473,0.5518
1066_ITS_FEA_XX.mp4,N,50.1111111111111,0.0751,0.0751
1079_IWL_NEU_XX.mp4,N,67.8888888888889,0.0839,0.0839
1073_ITS_FEA_XX.mp4,F,49.4444444444444,-0.4483,0.5231
1047_ITS_HAP_XX.mp4,D:N,50.2,0.0,0.0
1052_ITS_HAP_XX.mp4,H,67.625,0.6705,0.5029
1077_MTI_DIS_XX.mp4,N,52.1,0.0761,0.0761
1062_MTI_DIS_XX.mp4,N,53.2,0.0766,0.0766
1069_MTI_ANG_XX.mp4,A,72.4444444444444,-0.6036,0.6898
1060_IEO_DIS_HI.mp4,N,53.375,0.0767,0.0767
1075_IEO_DIS_HI.mp4,N,68.0,0.084,0.084
1025_IWL_DIS_XX.mp4,N,51.0,0.0755,0.0755
1008_IOM_HAP_XX.mp4,N,81.7,0.0909,0.0909
1030_IWL_DIS_XX.mp4,D:N,58.0,0.0,0.0
1071_IEO_DIS_MD.mp4,D:N,47.375,0.0,0.0
1064_IEO_DIS_MD.mp4,D,58.8888888888889,-0.5561,0.3178
1029_IOM_FEA_XX.mp4,F,54.7,-0.4641,0.5414
1082_IWL_HAP_XX.mp4,H,54.5555555555556,0.6182,0.4637
1042_TSI_DIS_XX.mp4,D:N,48.625,0.0,0.0
1057_TSI_DIS_XX.mp4,N,67.8571428571429,0.0839,0.0839
1073_TAI_DIS_XX.mp4,D:N,49.7777777777778,0.0,0.0
1066_TAI_DIS_XX.mp4,D,59.8,-0.5593,0.3196
1087_TAI_ANG_XX.mp4,N,44.8888888888889,0.0724,0.0724
1019_IOM_NEU_XX.mp4,N,67.7,0.0839,0.0839
1086_IWL_NEU_XX.mp4,N,63.0,0.0815,0.0815
1090_IEO_ANG_MD.mp4,A,67.1111111111111,-0.5849,0.6684
1085_IEO_ANG_MD.mp4,A,59.5,-0.5582,0.638
1081_IEO_ANG_HI.mp4,A,73.8,-0.6083,0.6952
1088_MTI_DIS_XX.mp4,N,61.7777777777778,0.0809,0.0809
1064_ITH_ANG_XX.mp4,A:D,70.9,0.0,0.0
1071_ITH_ANG_XX.mp4,N,69.2,0.0846,0.0846
1042_IEO_DIS_LO.mp4,N,50.2222222222222,0.0751,0.0751
1057_IEO_DIS_LO.mp4,N,53.2,0.0766,0.0766
1080_WSI_FEA_XX.mp4,D:S,57.5,0.0,0.0
1018_IWW_HAP_XX.mp4,N,44.25,0.0721,0.0721
1026_ITH_NEU_XX.mp4,N,62.7,0.0814,0.0814
1039_IWW_FEA_XX.mp4,F,63.5,-0.4905,0.5722
1033_ITH_NEU_XX.mp4,N,66.4,0.0832,0.0832
1031_TIE_HAP_XX.mp4,N,55.6,0.0778,0.0778
1024_TIE_HAP_XX.mp4,N,60.3333333333333,0.0802,0.0802
1010_TIE_FEA_XX.mp4,A:F,61.4,0.0,0.0
1005_TIE_FEA_XX.mp4,A,57.7777777777778,-0.5522,0.6311
1087_WSI_SAD_XX.mp4,N,54.3333333333333,0.0772,0.0772
1083_TIE_DIS_XX.mp4,D:N:S,49.875,0.0,0.0
1017_TIE_SAD_XX.mp4,N,48.125,0.0741,0.0741
1006_WSI_DIS_XX.mp4,N,62.0,0.081,0.081
1002_TIE_SAD_XX.mp4,F:S,52.5,0.0,0.0
1013_WSI_DIS_XX.mp4,D,62.3,-0.568,0.3246
1009_IWW_NEU_XX.mp4,N,76.5555555555556,0.0883,0.0883
1003_ITH_FEA_XX.mp4,S,65.5,-0.4965,0.1655
1016_ITH_FEA_XX.mp4,F,62.7,-0.4881,0.5695
1013_DFA_DIS_XX.mp4,D,61.1111111111111,-0.5639,0.3222
1022_ITH_HAP_XX.mp4,N,67.8181818181818,0.0839,0.0839
1037_ITH_HAP_XX.mp4,H,56.1,0.6244,0.4683
1006_DFA_DIS_XX.mp4,D,53.1,-0.5359,0.3062
1077_TIE_ANG_XX.mp4,A,44.4444444444444,-0.5056,0.5778
1062_TIE_ANG_XX.mp4,A,52.7,-0.5344,0.6108
1035_TIE_NEU_XX.mp4,N,68.6,0.0843,0.0843
1087_DFA_SAD_XX.mp4,N,66.6,0.0833,0.0833
1020_TIE_NEU_XX.mp4,N,51.5,0.0758,0.0758
1017_IEO_NEU_XX.mp4,N,68.7,0.0844,0.0844
1002_IEO_NEU_XX.mp4,N,85.3333333333333,0.0927,0.0927
1004_ITH_SAD_XX.mp4,N,57.5,0.0788,0.0788
1011_ITH_SAD_XX.mp4,N,37.9,0.0689,0.0689
1080_DFA_FEA_XX.mp4,N,60.2,0.0801,0.0801
1085_ITH_DIS_XX.mp4,A,48.5555555555556,-0.5199,0.5942
1090_ITH_DIS_XX.mp4,N,49.9,0.075,0.075
1018_TIE_DIS_XX.mp4,D,60.1,-0.5603,0.3202
1009_WSI_SAD_XX.mp4,S,55.0,-0.465,0.155
1088_WSI_DIS_XX.mp4,N,67.375,0.0837,0.0837
1024_IWW_DIS_XX.mp4,N,59.1111111111111,0.0796,0.0796
1031_IWW_DIS_XX.mp4,N,60.1111111111111,0.0801,0.0801
1069_DFA_ANG_XX.mp4,A,68.4,-0.5894,0.6736
1083_IWW_HAP_XX.mp4,N,57.4,0.0787,0.0787
1058_IEO_SAD_LO.mp4,N:S,65.5714285714286,0.0,0.0
1038_IEO_ANG_LO.mp4,A,40.125,-0.4904,0.5605
1069_WSI_ANG_XX.mp4,A,85.7,-0.6499,0.7428
1088_DFA_DIS_XX.mp4,N,65.0,0.0825,0.0825
1087_IWW_NEU_XX.mp4,N,70.1111111111111,0.0851,0.0851
1009_DFA_SAD_XX.mp4,N,71.6666666666667,0.0858,0.0858
1058_IEO_HAP_MD.mp4,H,59.125,0.6365,0.4774
1027_ITS_NEU_XX.mp4,N,59.0,0.0795,0.0795
1038_IWL_FEA_XX.mp4,A,48.7,-0.5204,0.5948
1032_ITS_NEU_XX.mp4,N,52.8181818181818,0.0764,0.0764
1069_TAI_SAD_XX.mp4,N,52.7777777777778,0.0764,0.0764
1034_IOM_DIS_XX.mp4,D,68.8,-0.5908,0.3376
1079_IEO_FEA_MD.mp4,N,57.5555555555556,0.0788,0.0788
1019_IWL_HAP_XX.mp4,N,63.3636363636364,0.0817,0.0817
1021_IOM_DIS_XX.mp4,N,54.4,0.0772,0.0772
1065_ITS_ANG_XX.mp4,N,48.75,0.0744,0.0744
1070_ITS_ANG_XX.mp4,N,59.7777777777778,0.0799,0.0799
1049_IEO_HAP_HI.mp4,A:H:N,40.5714285714286,0.0,0.0
1058_TSI_SAD_XX.mp4,N:S,46.2222222222222,0.0,0.0
1068_IEO_FEA_HI.mp4,F,62.0,-0.486,0.567
1086_IOM_HAP_XX.mp4,H,61.0,0.644,0.483
1087_MTI_SAD_XX.mp4,N,41.4444444444444,0.0707,0.0707
1023_ITS_HAP_XX.mp4,H,64.875,0.6595,0.4946
1036_ITS_HAP_XX.mp4,N,56.7142857142857,0.0784,0.0784
1008_IWL_NEU_XX.mp4,N,48.7,0.0744,0.0744
1002_ITS_FEA_XX.mp4,F,63.2,-0.4896,0.5712
1017_ITS_FEA_XX.mp4,N,57.3333333333333,0.0787,0.0787
1013_MTI_DIS_XX.mp4,N,58.9,0.0795,0.0795
1006_MTI_DIS_XX.mp4,D,61.8,-0.5663,0.3236
1005_ITS_SAD_XX.mp4,N,58.1111111111111,0.0791,0.0791
1010_ITS_SAD_XX.mp4,N,48.4444444444444,0.0742,0.0742
1009_TAI_ANG_XX.mp4,A,58.4444444444444,-0.5546,0.6338
1080_MTI_FEA_XX.mp4,N,54.1111111111111,0.0771,0.0771
1038_TSI_ANG_XX.mp4,A,63.0,-0.5705,0.652
1084_ITS_DIS_XX.mp4,D,40.75,-0.4926,0.2815
1091_ITS_DIS_XX.mp4,F,52.9,-0.4587,0.5351
1082_IOM_NEU_XX.mp4,N,75.7,0.0879,0.0879
1069_TAI_DIS_XX.mp4,N,46.75,0.0734,0.0734
1034_IOM_SAD_XX.mp4,N,66.1818181818182,0.0831,0.0831
1021_IOM_SAD_XX.mp4,S,57.0,-0.471,0.157
1058_TSI_DIS_XX.mp4,D,58.5,-0.5547,0.317
1012_IOM_HAP_XX.mp4,A:N,46.9,0.0,0.0
1007_IOM_HAP_XX.mp4,N,68.5,0.0843,0.0843
1033_IOM_FEA_XX.mp4,N,49.625,0.0748,0.0748
1026_IOM_FEA_XX.mp4,A,61.25,-0.5644,0.645
1073_MTI_ANG_XX.mp4,A,38.7142857142857,-0.4855,0.5549
1066_MTI_ANG_XX.mp4,N,53.5,0.0768,0.0768
1031_MTI_NEU_XX.mp4,N,82.0,0.091,0.091
1024_MTI_NEU_XX.mp4,N,55.3333333333333,0.0777,0.0777
1087_MTI_DIS_XX.mp4,N,37.4444444444444,0.0687,0.0687
1083_ITS_FEA_XX.mp4,N,50.3333333333333,0.0752,0.0752
1089_IWL_NEU_XX.mp4,N,76.2,0.0881,0.0881
1013_MTI_SAD_XX.mp4,N,64.9,0.0825,0.0825
1006_MTI_SAD_XX.mp4,S,61.2,-0.4836,0.1612
1016_IOM_NEU_XX.mp4,N,67.2222222222222,0.0836,0.0836
1003_IOM_NEU_XX.mp4,N,59.7,0.0799,0.0799
1005_ITS_DIS_XX.mp4,N,41.2,0.0706,0.0706
1010_ITS_DIS_XX.mp4,D,49.5555555555556,-0.5234,0.2991
1054_IOM_ANG_XX.mp4,A,41.7,-0.496,0.5668
1041_IOM_ANG_XX.mp4,N,56.6666666666667,0.0783,0.0783
1014_MTI_FEA_XX.mp4,N,60.0,0.08,0.08
1001_MTI_FEA_XX.mp4,N,58.125,0.0791,0.0791
1035_MTI_HAP_XX.mp4,N,48.2857142857143,0.0741,0.0741
1020_MTI_HAP_XX.mp4,N,54.375,0.0772,0.0772
1088_TAI_ANG_XX.mp4,N,74.75,0.0874,0.0874
1084_ITS_SAD_XX.mp4,N:S,62.1111111111111,0.0,0.0
1091_ITS_SAD_XX.mp4,S,66.1111111111111,-0.4983,0.1661
1009_WSI_DIS_XX.mp4,D,56.4,-0.5474,0.3128
1018_TIE_SAD_XX.mp4,N,64.9090909090909,0.0825,0.0825
1088_WSI_SAD_XX.mp4,N,54.0,0.077,0.077
1024_IWW_SAD_XX.mp4,N,42.6666666666667,0.0713,0.0713
1031_IWW_SAD_XX.mp4,N,75.5555555555556,0.0878,0.0878
1058_IEO_DIS_LO.mp4,N,56.2,0.0781,0.0781
1002_IWW_HAP_XX.mp4,H,52.75,0.611,0.4582
1017_IWW_HAP_XX.mp4,N,41.8,0.0709,0.0709
1023_IWW_FEA_XX.mp4,F,55.7,-0.4671,0.5449
1029_ITH_NEU_XX.mp4,N,64.75,0.0824,0.0824
1036_IWW_FEA_XX.mp4,F,63.8,-0.4914,0.5733
1018_IEO_NEU_XX.mp4,N,65.5,0.0828,0.0828
1078_TIE_ANG_XX.mp4,A,52.2222222222222,-0.5328,0.6089
1088_DFA_SAD_XX.mp4,N,46.5714285714286,0.0733,0.0733
1006_IWW_NEU_XX.mp4,N,42.5,0.0713,0.0713
1013_IWW_NEU_XX.mp4,N,36.0,0.068,0.068
1009_DFA_DIS_XX.mp4,A,54.8571428571429,-0.542,0.6194
1038_ITH_HAP_XX.mp4,N,56.2222222222222,0.0781,0.0781
1044_IWW_ANG_XX.mp4,D,59.0,-0.5565,0.318
1051_IWW_ANG_XX.mp4,D:F,52.75,0.0,0.0
1042_IEO_SAD_LO.mp4,N,57.1,0.0786,0.0786
1057_IEO_SAD_LO.mp4,N,61.3,0.0806,0.0806
1091_TIE_FEA_XX.mp4,N,53.25,0.0766,0.0766
1084_TIE_FEA_XX.mp4,N,46.4444444444444,0.0732,0.0732
1020_WSI_HAP_XX.mp4,H,68.6,0.6744,0.5058
1035_WSI_HAP_XX.mp4,H,60.1428571428571,0.6406,0.4804
1001_WSI_FEA_XX.mp4,A,61.2222222222222,-0.5643,0.6449
1014_WSI_FEA_XX.mp4,A,49.6,-0.5236,0.5984
1031_DFA_NEU_XX.mp4,N,71.4,0.0857,0.0857
1087_WSI_DIS_XX.mp4,A,57.8888888888889,-0.5526,0.6316
1083_TIE_SAD_XX.mp4,N:S,52.0,0.0,0.0
1024_DFA_NEU_XX.mp4,N,54.625,0.0773,0.0773
1064_IEO_HAP_LO.mp4,N,59.7,0.0799,0.0799
1071_IEO_HAP_LO.mp4,N,70.4,0.0852,0.0852
1073_DFA_ANG_XX.mp4,A,55.625,-0.5447,0.6225
1045_IEO_FEA_LO.mp4,N,78.2857142857143,0.0891,0.0891
1050_IEO_FEA_LO.mp4,F,55.0,-0.465,0.5425
1066_DFA_ANG_XX.mp4,A,51.5,-0.5302,0.606
1006_WSI_SAD_XX.mp4,S,76.1111111111111,-0.5283,0.1761
1017_TIE_DIS_XX.mp4,N,54.2222222222222,0.0771,0.0771
1013_WSI_SAD_XX.mp4,D,61.0,-0.5635,0.322
1002_TIE_DIS_XX.mp4,D,49.1111111111111,-0.5219,0.2982
1013_DFA_SAD_XX.mp4,N,58.7777777777778,0.0794,0.0794
1006_DFA_SAD_XX.mp4,S,43.9,-0.4317,0.1439
1066_WSI_ANG_XX.mp4,A,75.3333333333333,-0.6137,0.7013
1073_WSI_ANG_XX.mp4,A,58.6666666666667,-0.5553,0.6347
1024_WSI_NEU_XX.mp4,N,63.4,0.0817,0.0817
1031_WSI_NEU_XX.mp4,N,69.3,0.0847,0.0847
1087_DFA_DIS_XX.mp4,S,62.875,-0.4886,0.1629
1082_ITH_FEA_XX.mp4,N,79.7142857142857,0.0899,0.0899
1088_IWW_NEU_XX.mp4,N,52.4444444444444,0.0762,0.0762
1035_DFA_HAP_XX.mp4,H,55.2222222222222,0.6209,0.4657
1004_ITH_DIS_XX.mp4,F:S,42.5555555555556,0.0,0.0
1011_ITH_DIS_XX.mp4,D,42.0,-0.497,0.284
1020_DFA_HAP_XX.mp4,H:N,59.9,0.0,0.0
1014_DFA_FEA_XX.mp4,N,67.3333333333333,0.0837,0.0837
1022_IEO_ANG_LO.mp4,A:N,68.875,0.0,0.0
1037_IEO_ANG_LO.mp4,D,62.5555555555556,-0.5689,0.3251
1001_DFA_FEA_XX.mp4,F,49.4444444444444,-0.4483,0.5231
1085_ITH_SAD_XX.mp4,N,50.8,0.0754,0.0754
1090_ITH_SAD_XX.mp4,N,52.5555555555556,0.0763,0.0763
1083_IEO_NEU_XX.mp4,N,74.2222222222222,0.0871,0.0871
1045_TSI_FEA_XX.mp4,N,63.0,0.0815,0.0815
1050_TSI_FEA_XX.mp4,S,61.4285714285714,-0.4843,0.1614
1060_IEO_SAD_HI.mp4,N,56.0,0.078,0.078
1064_TSI_HAP_XX.mp4,H,86.1428571428571,0.7446,0.5584
1071_TSI_HAP_XX.mp4,N,72.4,0.0862,0.0862
1089_IOM_HAP_XX.mp4,H,70.4,0.6816,0.5112
1075_IEO_SAD_HI.mp4,N,42.4444444444444,0.0712,0.0712
1074_TAI_FEA_XX.mp4,F:N,53.7,0.0,0.0
1025_IWL_SAD_XX.mp4,N,46.6,0.0733,0.0733
1030_IWL_SAD_XX.mp4,N,63.0,0.0815,0.0815
1061_TAI_FEA_XX.mp4,N,53.1428571428571,0.0766,0.0766
1071_IEO_SAD_MD.mp4,N,68.9,0.0845,0.0845
1055_TAI_HAP_XX.mp4,N,47.2,0.0736,0.0736
1040_TAI_HAP_XX.mp4,N,44.0,0.072,0.072
1064_IEO_SAD_MD.mp4,S,48.8,-0.4464,0.1488
1042_TSI_SAD_XX.mp4,N,68.1111111111111,0.0841,0.0841
1046_IEO_HAP_HI.mp4,H,51.25,0.605,0.4537
1053_IEO_HAP_HI.mp4,F,67.3,-0.5019,0.5856
1057_TSI_SAD_XX.mp4,N,65.2222222222222,0.0826,0.0826
1067_IEO_FEA_HI.mp4,F,57.1111111111111,-0.4713,0.5499
1072_IEO_FEA_HI.mp4,F,75.3,-0.5259,0.6136
1022_IWL_FEA_XX.mp4,N,52.0,0.076,0.076
1073_TAI_SAD_XX.mp4,N,72.5,0.0863,0.0863
1028_ITS_NEU_XX.mp4,N,56.0,0.078,0.078
1057_IEO_HAP_MD.mp4,N,46.2222222222222,0.0731,0.0731
1042_IEO_HAP_MD.mp4,H,36.25,0.545,0.4088
1066_TAI_SAD_XX.mp4,D:N,46.6666666666667,0.0,0.0
1037_IWL_FEA_XX.mp4,F,56.2,-0.4686,0.5467
1076_IEO_FEA_MD.mp4,N,69.875,0.0849,0.0849
1003_IWL_HAP_XX.mp4,N,71.625,0.0858,0.0858
1016_IWL_HAP_XX.mp4,N,59.0,0.0795,0.0795
1063_IEO_FEA_MD.mp4,S,49.4444444444444,-0.4483,0.1494
1022_TSI_ANG_XX.mp4,A,66.7,-0.5835,0.6668
1037_TSI_ANG_XX.mp4,D,46.3333333333333,-0.5122,0.2927
1060_TSI_NEU_XX.mp4,N,59.8888888888889,0.0799,0.0799
1075_TSI_NEU_XX.mp4,N,69.9,0.085,0.085
1051_TAI_NEU_XX.mp4,N,68.8888888888889,0.0844,0.0844
1044_TAI_NEU_XX.mp4,N,65.4444444444444,0.0827,0.0827
1013_TAI_ANG_XX.mp4,A,85.6363636363636,-0.6497,0.7425
1006_TAI_ANG_XX.mp4,A,68.75,-0.5906,0.675
1015_IEO_ANG_HI.mp4,A,77.9,-0.6226,0.7116
1045_IWL_ANG_XX.mp4,N,54.6,0.0773,0.0773
1050_IWL_ANG_XX.mp4,A,89.1,-0.6618,0.7564
1011_IEO_ANG_MD.mp4,A,70.625,-0.5972,0.6825
1088_MTI_SAD_XX.mp4,N,59.0,0.0795,0.0795
1004_IEO_ANG_MD.mp4,A:D,73.5,0.0,0.0
1039_ITS_HAP_XX.mp4,H,57.8888888888889,0.6316,0.4737
1007_IWL_NEU_XX.mp4,N,61.1111111111111,0.0806,0.0806
1012_IWL_NEU_XX.mp4,N,56.2,0.0781,0.0781
1018_ITS_FEA_XX.mp4,F,54.7777777777778,-0.4643,0.5417
1057_IOM_FEA_XX.mp4,N,58.4444444444444,0.0792,0.0792
1042_IOM_FEA_XX.mp4,A,40.5555555555556,-0.4919,0.5622
1076_IOM_HAP_XX.mp4,H,59.0,0.636,0.477
1063_IOM_HAP_XX.mp4,H,41.8,0.5672,0.4254
1017_MTI_ANG_XX.mp4,N,60.2,0.0801,0.0801
1002_MTI_ANG_XX.mp4,D,52.375,-0.5333,0.3048
1055_MTI_NEU_XX.mp4,N,54.0,0.077,0.077
1040_MTI_NEU_XX.mp4,N,72.9,0.0865,0.0865
1050_IOM_SAD_XX.mp4,N,43.0,0.0715,0.0715
1045_IOM_SAD_XX.mp4,N,47.2222222222222,0.0736,0.0736
1018_TAI_DIS_XX.mp4,S,69.5714285714286,-0.5087,0.1696
1080_ITS_ANG_XX.mp4,A,79.5,-0.6282,0.718
1029_TSI_DIS_XX.mp4,A:D,56.4545454545455,0.0,0.0
1089_IEO_FEA_MD.mp4,N,54.6,0.0773,0.0773
1061_ITS_DIS_XX.mp4,D,39.125,-0.4869,0.2782
1074_ITS_DIS_XX.mp4,D,50.2222222222222,-0.5258,0.3004
1072_IOM_NEU_XX.mp4,N,65.0909090909091,0.0825,0.0825
1067_IOM_NEU_XX.mp4,N,71.3,0.0857,0.0857
1030_IOM_ANG_XX.mp4,N,62.6,0.0813,0.0813
1025_IOM_ANG_XX.mp4,A,77.8,-0.6223,0.7112
1051_MTI_HAP_XX.mp4,H:N,58.2,0.0,0.0
1044_MTI_HAP_XX.mp4,N,45.6,0.0728,0.0728
1070_MTI_FEA_XX.mp4,N,68.0,0.084,0.084
1065_MTI_FEA_XX.mp4,N,55.2222222222222,0.0776,0.0776
1077_MTI_SAD_XX.mp4,N,67.0909090909091,0.0835,0.0835
1062_MTI_SAD_XX.mp4,S,55.0,-0.465,0.155
1029_IEO_DIS_LO.mp4,N,57.75,0.0789,0.0789
1047_IWW_FEA_XX.mp4,F,62.5714285714286,-0.4877,0.569
1052_IWW_FEA_XX.mp4,F,48.3333333333333,-0.445,0.5192
1058_ITH_NEU_XX.mp4,N,75.625,0.0878,0.0878
1066_IWW_HAP_XX.mp4,N,53.7777777777778,0.0769,0.0769
1073_IWW_HAP_XX.mp4,D:F:N,53.375,0.0,0.0
1078_WSI_DIS_XX.mp4,A,52.2222222222222,-0.5328,0.6089
1069_TIE_SAD_XX.mp4,S,49.1,-0.4473,0.1491
1040_IWW_SAD_XX.mp4,N,38.1428571428571,0.0691,0.0691
1055_IWW_SAD_XX.mp4,N,31.0,0.0655,0.0655
1009_TIE_ANG_XX.mp4,A,49.2,-0.5222,0.5968
1078_DFA_DIS_XX.mp4,D,50.4,-0.5264,0.3008
1049_ITH_HAP_XX.mp4,H,68.7777777777778,0.6751,0.5063
1062_IWW_NEU_XX.mp4,N,63.9,0.082,0.082
1068_ITH_FEA_XX.mp4,N,59.0,0.0795,0.0795
1077_IWW_NEU_XX.mp4,N,74.5555555555556,0.0873,0.0873
1020_IWW_ANG_XX.mp4,D,63.4444444444444,-0.5721,0.3269
1035_IWW_ANG_XX.mp4,A,69.0,-0.5915,0.676
1069_IEO_NEU_XX.mp4,N,77.7777777777778,0.0889,0.0889
1055_DFA_NEU_XX.mp4,A:N,43.2,0.0,0.0
1040_DFA_NEU_XX.mp4,N,63.3,0.0817,0.0817
1021_IEO_FEA_LO.mp4,D,49.3,-0.5225,0.2986
1017_DFA_ANG_XX.mp4,N,63.5555555555556,0.0818,0.0818
1002_DFA_ANG_XX.mp4,A,72.0,-0.602,0.688
1034_IEO_FEA_LO.mp4,N,72.0,0.086,0.086
1015_IEO_HAP_LO.mp4,N,50.1111111111111,0.0751,0.0751
1062_WSI_SAD_XX.mp4,N:S,50.6666666666667,0.0,0.0
1073_TIE_DIS_XX.mp4,D,68.7777777777778,-0.5907,0.3376
1077_WSI_SAD_XX.mp4,A:N,43.1111111111111,0.0,0.0
1066_TIE_DIS_XX.mp4,N,63.25,0.0816,0.0816
1026_IEO_SAD_LO.mp4,S,56.8181818181818,-0.4705,0.1568
1033_IEO_SAD_LO.mp4,N,48.8,0.0744,0.0744
1065_WSI_FEA_XX.mp4,N,58.0,0.079,0.079
1070_WSI_FEA_XX.mp4,N,50.8,0.0754,0.0754
1044_WSI_HAP_XX.mp4,A:D,50.4545454545455,0.0,0.0
1051_WSI_HAP_XX.mp4,N,47.5,0.0738,0.0738
1081_ITH_ANG_XX.mp4,A,69.3,-0.5926,0.6772
1046_IEO_ANG_LO.mp4,N,57.9,0.079,0.079
1070_DFA_FEA_XX.mp4,N,72.3333333333333,0.0862,0.0862
1065_DFA_FEA_XX.mp4,N,60.6,0.0803,0.0803
1053_IEO_ANG_LO.mp4,N,71.4,0.0857,0.0857
1060_ITH_DIS_XX.mp4,N,59.0,0.0795,0.0795
1051_DFA_HAP_XX.mp4,N,67.25,0.0836,0.0836
1044_DFA_HAP_XX.mp4,N,58.4444444444444,0.0792,0.0792
1075_ITH_DIS_XX.mp4,N,46.4,0.0732,0.0732
1077_DFA_SAD_XX.mp4,N,63.4444444444444,0.0817,0.0817
1062_DFA_SAD_XX.mp4,N,66.5,0.0833,0.0833
1087_TIE_ANG_XX.mp4,A,44.3333333333333,-0.5052,0.5773
1002_WSI_ANG_XX.mp4,A,62.0,-0.567,0.648
1017_WSI_ANG_XX.mp4,A,43.5555555555556,-0.5024,0.5742
1040_WSI_NEU_XX.mp4,N,46.4444444444444,0.0732,0.0732
1055_WSI_NEU_XX.mp4,N,59.6666666666667,0.0798,0.0798
1003_IEO_FEA_HI.mp4,N,64.875,0.0824,0.0824
1083_TAI_DIS_XX.mp4,N,58.6,0.0793,0.0793
1016_IEO_FEA_HI.mp4,F,68.0,-0.504,0.588
1026_TSI_SAD_XX.mp4,N,44.125,0.0721,0.0721
1022_IEO_HAP_HI.mp4,N,63.6,0.0818,0.0818
1037_IEO_HAP_HI.mp4,F,85.0,-0.555,0.6475
1033_TSI_SAD_XX.mp4,N,58.8,0.0794,0.0794
1012_IEO_FEA_MD.mp4,N,62.875,0.0814,0.0814
1067_IWL_HAP_XX.mp4,N,36.2222222222222,0.0681,0.0681
1072_IWL_HAP_XX.mp4,N,83.7,0.0919,0.0919
1007_IEO_FEA_MD.mp4,A,81.6666666666667,-0.6358,0.7267
1017_TAI_SAD_XX.mp4,N,51.4444444444444,0.0757,0.0757
1046_IWL_FEA_XX.mp4,N,54.75,0.0774,0.0774
1033_IEO_HAP_MD.mp4,H,55.8,0.6232,0.4674
1026_IEO_HAP_MD.mp4,N,59.1,0.0796,0.0796
1053_IWL_FEA_XX.mp4,F,56.4,-0.4692,0.5474
1002_TAI_SAD_XX.mp4,D:S,50.625,0.0,0.0
1059_ITS_NEU_XX.mp4,N,77.625,0.0888,0.0888
1004_IEO_SAD_HI.mp4,N,57.0,0.0785,0.0785
1015_TSI_HAP_XX.mp4,F,64.125,-0.4924,0.5744
1011_IEO_SAD_HI.mp4,D,59.7,-0.5589,0.3194
1021_TSI_FEA_XX.mp4,N:S,45.4444444444444,0.0,0.0
1081_IEO_DIS_MD.mp4,D,52.125,-0.5324,0.3043
1034_TSI_FEA_XX.mp4,N,57.6,0.0788,0.0788
1015_IEO_SAD_MD.mp4,N,71.4,0.0857,0.0857
1031_TAI_HAP_XX.mp4,N,73.0,0.0865,0.0865
1024_TAI_HAP_XX.mp4,N,53.7777777777778,0.0769,0.0769
1041_IWL_SAD_XX.mp4,N,57.1,0.0786,0.0786
1010_TAI_FEA_XX.mp4,F,53.7272727272727,-0.4612,0.538
1085_IEO_DIS_HI.mp4,D,59.5555555555556,-0.5584,0.3191
1005_TAI_FEA_XX.mp4,F,64.8888888888889,-0.4947,0.5771
1090_IEO_DIS_HI.mp4,N,67.9,0.084,0.084
1054_IWL_SAD_XX.mp4,N,52.3,0.0762,0.0762
1064_IEO_ANG_HI.mp4,A,92.1,-0.6723,0.7684
1071_IEO_ANG_HI.mp4,A,57.3333333333333,-0.5507,0.6293
1078_MTI_DIS_XX.mp4,S,53.6,-0.4608,0.1536
1075_IEO_ANG_MD.mp4,D,54.6666666666667,-0.5413,0.3093
1060_IEO_ANG_MD.mp4,N,59.7777777777778,0.0799,0.0799
1021_IWL_ANG_XX.mp4,A,60.5,-0.5617,0.642
1034_IWL_ANG_XX.mp4,A:D:N,48.4,0.0,0.0
1063_IWL_NEU_XX.mp4,N,65.1,0.0825,0.0825
1069_ITS_FEA_XX.mp4,F,57.6666666666667,-0.473,0.5518
1076_IWL_NEU_XX.mp4,N,69.6666666666667,0.0848,0.0848
1048_ITS_HAP_XX.mp4,N,43.1,0.0716,0.0716
1046_TSI_ANG_XX.mp4,N,60.6,0.0803,0.0803
1053_TSI_ANG_XX.mp4,A,67.1,-0.5848,0.6684
1004_TSI_NEU_XX.mp4,N,69.8,0.0849,0.0849
1011_TSI_NEU_XX.mp4,N,64.8,0.0824,0.0824
1035_TAI_NEU_XX.mp4,N,72.8,0.0864,0.0864
1020_TAI_NEU_XX.mp4,N,72.8888888888889,0.0864,0.0864
1077_TAI_ANG_XX.mp4,D,55.75,-0.5451,0.3115
1062_TAI_ANG_XX.mp4,A,66.7777777777778,-0.5837,0.6671
1065_MTI_DIS_XX.mp4,N,61.8,0.0809,0.0809
1070_MTI_DIS_XX.mp4,N,45.8571428571429,0.0729,0.0729
1079_IEO_ANG_HI.mp4,A,95.4,-0.6839,0.7816
1029_IWL_ANG_XX.mp4,A,79.6,-0.6286,0.7184
1068_IEO_ANG_MD.mp4,A,75.4444444444444,-0.6141,0.7018
1055_ITS_HAP_XX.mp4,N,54.3333333333333,0.0772,0.0772
1040_ITS_HAP_XX.mp4,N,54.375,0.0772,0.0772
1074_ITS_FEA_XX.mp4,F,70.5,-0.5115,0.5968
1061_ITS_FEA_XX.mp4,N,57.625,0.0788,0.0788
1019_TSI_NEU_XX.mp4,N,69.5555555555556,0.0848,0.0848
1028_TAI_NEU_XX.mp4,N,69.4444444444444,0.0847,0.0847
1073_ITS_SAD_XX.mp4,N,56.4,0.0782,0.0782
1066_ITS_SAD_XX.mp4,N,54.0909090909091,0.077,0.077
1051_ITS_NEU_XX.mp4,S,61.5555555555556,-0.4847,0.1616
1044_ITS_NEU_XX.mp4,N,54.7,0.0774,0.0774
1042_IOM_DIS_XX.mp4,N,47.625,0.0738,0.0738
1057_IOM_DIS_XX.mp4,N,57.25,0.0786,0.0786
1013_ITS_ANG_XX.mp4,A,55.1111111111111,-0.5429,0.6204
1006_ITS_ANG_XX.mp4,N,53.3333333333333,0.0767,0.0767
1089_IEO_DIS_MD.mp4,D:F,47.4285714285714,0.0,0.0
1029_TSI_FEA_XX.mp4,F,69.5555555555556,-0.5087,0.5934
1019_IEO_SAD_HI.mp4,F,57.8,-0.4734,0.5523
1008_TSI_HAP_XX.mp4,F,49.2,-0.4476,0.5222
1049_IWL_SAD_XX.mp4,N,83.2857142857143,0.0916,0.0916
1018_TAI_FEA_XX.mp4,D:F:N,39.1428571428571,0.0,0.0
1084_MTI_ANG_XX.mp4,N,51.3333333333333,0.0757,0.0757
1008_IEO_SAD_MD.mp4,N,66.7142857142857,0.0834,0.0834
1039_TAI_HAP_XX.mp4,N,78.7,0.0893,0.0893
1091_MTI_ANG_XX.mp4,D:N,43.7777777777778,0.0,0.0
1068_ITH_DIS_XX.mp4,N,52.3333333333333,0.0762,0.0762
1059_DFA_HAP_XX.mp4,N,74.7777777777778,0.0874,0.0874
1078_DFA_FEA_XX.mp4,F,57.375,-0.4721,0.5508
1048_WSI_NEU_XX.mp4,N,68.2222222222222,0.0841,0.0841
1048_DFA_NEU_XX.mp4,N,61.2,0.0806,0.0806
1052_IWW_DIS_XX.mp4,D,62.8,-0.5698,0.3256
1047_IWW_DIS_XX.mp4,D:F,61.1,0.0,0.0
1008_IEO_HAP_LO.mp4,N,58.25,0.0791,0.0791
1029_IEO_FEA_LO.mp4,N,55.9,0.078,0.078
1059_WSI_HAP_XX.mp4,A,65.7,-0.5799,0.6628
1078_WSI_FEA_XX.mp4,S,56.1,-0.4683,0.1561
1089_ITH_ANG_XX.mp4,A,69.7777777777778,-0.5942,0.6791
1001_TIE_ANG_XX.mp4,A,59.4545454545455,-0.5581,0.6378
1014_TIE_ANG_XX.mp4,A,69.625,-0.5937,0.6785
1043_TIE_NEU_XX.mp4,N,80.125,0.0901,0.0901
1056_TIE_NEU_XX.mp4,N,58.0,0.079,0.079
1075_ITH_FEA_XX.mp4,F,52.5555555555556,-0.4577,0.5339
1060_ITH_FEA_XX.mp4,N,68.4444444444444,0.0842,0.0842
1054_ITH_HAP_XX.mp4,N,78.5555555555556,0.0893,0.0893
1065_DFA_DIS_XX.mp4,N,60.3,0.0801,0.0801
1070_DFA_DIS_XX.mp4,N,63.6666666666667,0.0818,0.0818
1041_ITH_HAP_XX.mp4,N,72.4,0.0862,0.0862
1091_WSI_ANG_XX.mp4,A,48.6666666666667,-0.5203,0.5947
1084_WSI_ANG_XX.mp4,A,53.2,-0.5362,0.6128
1028_IWW_ANG_XX.mp4,A,69.8888888888889,-0.5946,0.6796
1061_IEO_NEU_XX.mp4,N,62.4,0.0812,0.0812
1074_IEO_NEU_XX.mp4,N,82.8888888888889,0.0914,0.0914
1072_ITH_SAD_XX.mp4,F,56.7777777777778,-0.4703,0.5487
1067_ITH_SAD_XX.mp4,N,53.9,0.077,0.077
1047_TIE_HAP_XX.mp4,A,83.0,-0.6405,0.732
1052_TIE_HAP_XX.mp4,N,45.0,0.0725,0.0725
1066_TIE_FEA_XX.mp4,N,54.4444444444444,0.0772,0.0772
1073_TIE_FEA_XX.mp4,N,69.2222222222222,0.0846,0.0846
1012_ITH_ANG_XX.mp4,A,61.7777777777778,-0.5662,0.6471
1007_ITH_ANG_XX.mp4,A:D:N,66.0,0.0,0.0
1034_IEO_DIS_LO.mp4,D,82.1111111111111,-0.6374,0.3642
1021_IEO_DIS_LO.mp4,N,53.3,0.0766,0.0766
1050_ITH_NEU_XX.mp4,N,77.0,0.0885,0.0885
1045_ITH_NEU_XX.mp4,N,76.6666666666667,0.0883,0.0883
1084_DFA_ANG_XX.mp4,D,48.6,-0.5201,0.2972
1091_DFA_ANG_XX.mp4,A,50.4444444444444,-0.5266,0.6018
1086_IEO_HAP_LO.mp4,N,65.0,0.0825,0.0825
1070_WSI_DIS_XX.mp4,D,47.625,-0.5167,0.2953
1061_TIE_SAD_XX.mp4,N,54.125,0.0771,0.0771
1065_WSI_DIS_XX.mp4,A,44.9,-0.5071,0.5796
1074_TIE_SAD_XX.mp4,N,56.1,0.0781,0.0781
1048_IWW_SAD_XX.mp4,N,57.4,0.0787,0.0787
1082_TSI_NEU_XX.mp4,N,65.7,0.0829,0.0829
1069_ITS_DIS_XX.mp4,D,52.9090909090909,-0.5352,0.3058
1038_IOM_ANG_XX.mp4,D,52.1111111111111,-0.5324,0.3042
1078_MTI_FEA_XX.mp4,F,61.4444444444444,-0.4843,0.5651
1059_MTI_HAP_XX.mp4,A:H:N,57.8571428571429,0.0,0.0
1053_IWL_DIS_XX.mp4,D,62.5,-0.5687,0.325
1046_IWL_DIS_XX.mp4,N,63.0,0.0815,0.0815
1082_IEO_SAD_HI.mp4,S,45.2222222222222,-0.4357,0.1452
1086_TSI_HAP_XX.mp4,N,61.375,0.0807,0.0807
1007_IEO_DIS_MD.mp4,N,55.6666666666667,0.0778,0.0778
1012_IEO_DIS_MD.mp4,F,49.625,-0.4489,0.5237
1086_IEO_SAD_MD.mp4,D,52.8888888888889,-0.5351,0.3058
1016_IEO_DIS_HI.mp4,D,52.0,-0.532,0.304
1083_TAI_FEA_XX.mp4,N,60.3,0.0801,0.0801
1003_IEO_DIS_HI.mp4,D,41.875,-0.4966,0.2838
1048_MTI_NEU_XX.mp4,N,68.75,0.0844,0.0844
1090_IEO_FEA_HI.mp4,N,51.2222222222222,0.0756,0.0756
1005_TAI_DIS_XX.mp4,D,46.5,-0.5128,0.293
1085_IEO_FEA_HI.mp4,A,56.1,-0.5463,0.6244
1010_TAI_DIS_XX.mp4,N,59.9,0.08,0.08
1058_IOM_SAD_XX.mp4,N:S,64.4444444444444,0.0,0.0
1088_ITS_ANG_XX.mp4,F,56.0,-0.468,0.546
1034_TSI_DIS_XX.mp4,A:D,61.2,0.0,0.0
1081_IEO_FEA_MD.mp4,N:S,64.2,0.0,0.0
1021_TSI_DIS_XX.mp4,N,54.2222222222222,0.0771,0.0771
1084_TAI_SAD_XX.mp4,N,61.375,0.0807,0.0807
1091_TAI_SAD_XX.mp4,N,47.6666666666667,0.0738,0.0738
1085_IOM_NEU_XX.mp4,N,67.7,0.0839,0.0839
1068_TSI_NEU_XX.mp4,N,74.3,0.0872,0.0872
1090_IOM_NEU_XX.mp4,N,74.125,0.0871,0.0871
1083_ITS_DIS_XX.mp4,F,67.5714285714286,-0.5027,0.5865
1017_ITS_SAD_XX.mp4,N,74.4,0.0872,0.0872
1059_TAI_NEU_XX.mp4,N,51.4444444444444,0.0757,0.0757
1002_ITS_SAD_XX.mp4,N,39.6666666666667,0.0698,0.0698
1087_MTI_FEA_XX.mp4,N,72.3333333333333,0.0862,0.0862
1008_IEO_ANG_HI.mp4,A,88.7,-0.6604,0.7548
1001_MTI_DIS_XX.mp4,N,56.1111111111111,0.0781,0.0781
1014_MTI_DIS_XX.mp4,S,68.2,-0.5046,0.1682
1080_MTI_SAD_XX.mp4,N,69.6666666666667,0.0848,0.0848
1019_IEO_ANG_MD.mp4,A,66.6666666666667,-0.5833,0.6667
1058_IWL_ANG_XX.mp4,A,81.9,-0.6366,0.7276
1010_ITS_FEA_XX.mp4,F,73.7,-0.5211,0.6079
1005_ITS_FEA_XX.mp4,F,47.5,-0.4425,0.5162
1031_ITS_HAP_XX.mp4,N,57.0,0.0785,0.0785
1024_ITS_HAP_XX.mp4,N,45.5,0.0728,0.0728
1079_TSI_HAP_XX.mp4,H,64.75,0.659,0.4942
1081_IOM_HAP_XX.mp4,N,42.6666666666667,0.0713,0.0713
1068_IEO_SAD_HI.mp4,F,51.3333333333333,-0.454,0.5297
1058_TSI_FEA_XX.mp4,F,74.4,-0.5232,0.6104
1048_TAI_HAP_XX.mp4,N,39.5555555555556,0.0698,0.0698
1079_IEO_SAD_MD.mp4,N:S,53.75,0.0,0.0
1038_IWL_SAD_XX.mp4,N:S,46.5,0.0,0.0
1069_TAI_FEA_XX.mp4,F,66.4,-0.4992,0.5824
1026_IOM_DIS_XX.mp4,N,58.8,0.0794,0.0794
1033_IOM_DIS_XX.mp4,N,54.3,0.0771,0.0771
1035_ITS_NEU_XX.mp4,N,64.1,0.0821,0.0821
1020_ITS_NEU_XX.mp4,N,50.3333333333333,0.0752,0.0752
1077_ITS_ANG_XX.mp4,A:D,43.5,0.0,0.0
1062_ITS_ANG_XX.mp4,D,59.3333333333333,-0.5577,0.3187
1080_IWW_NEU_XX.mp4,N,46.5,0.0733,0.0733
1039_WSI_NEU_XX.mp4,N:S,49.875,0.0,0.0
1009_DFA_FEA_XX.mp4,F,55.25,-0.4657,0.5434
1028_DFA_HAP_XX.mp4,N,54.4444444444444,0.0772,0.0772
1091_IWW_HAP_XX.mp4,N,42.1,0.0711,0.0711
1084_IWW_HAP_XX.mp4,N,61.5,0.0808,0.0808
1009_WSI_FEA_XX.mp4,A,78.1111111111111,-0.6234,0.7124
1028_WSI_HAP_XX.mp4,H,64.5,0.658,0.4935
1036_IWW_DIS_XX.mp4,D,56.0,-0.546,0.312
1023_IWW_DIS_XX.mp4,F,52.6,-0.4578,0.5341
1039_DFA_NEU_XX.mp4,N,65.4444444444444,0.0827,0.0827
1058_IEO_FEA_LO.mp4,N,51.6666666666667,0.0758,0.0758
1079_IEO_HAP_LO.mp4,H,50.1,0.6004,0.4503
1082_ITH_DIS_XX.mp4,D:F,61.7777777777778,0.0,0.0
1087_DFA_FEA_XX.mp4,F,52.0,-0.456,0.532
1005_IEO_NEU_XX.mp4,N,81.5714285714286,0.0908,0.0908
1010_IEO_NEU_XX.mp4,N,56.4,0.0782,0.0782
1016_ITH_SAD_XX.mp4,S,65.1818181818182,-0.4955,0.1652
1003_ITH_SAD_XX.mp4,N,72.2,0.0861,0.0861
1065_TIE_ANG_XX.mp4,A,73.2222222222222,-0.6063,0.6929
1070_TIE_ANG_XX.mp4,A,70.0,-0.595,0.68
1027_TIE_NEU_XX.mp4,N,85.1,0.0926,0.0926
1080_DFA_SAD_XX.mp4,D,54.5555555555556,-0.5409,0.3091
1032_TIE_NEU_XX.mp4,N,60.5555555555556,0.0803,0.0803
1001_DFA_DIS_XX.mp4,D,44.1111111111111,-0.5044,0.2882
1030_ITH_HAP_XX.mp4,H,62.5,0.65,0.4875
1025_ITH_HAP_XX.mp4,H,61.0909090909091,0.6444,0.4833
1014_DFA_DIS_XX.mp4,N,50.5,0.0752,0.0752
1011_ITH_FEA_XX.mp4,N,53.0,0.0765,0.0765
1004_ITH_FEA_XX.mp4,F,48.8,-0.4464,0.5208
1059_IWW_ANG_XX.mp4,D,65.9090909090909,-0.5807,0.3318
1014_WSI_DIS_XX.mp4,N,59.625,0.0798,0.0798
1005_TIE_SAD_XX.mp4,N,40.75,0.0704,0.0704
1001_WSI_DIS_XX.mp4,N,56.2222222222222,0.0781,0.0781
1010_TIE_SAD_XX.mp4,S,46.0,-0.438,0.146
1039_IWW_SAD_XX.mp4,N,39.0,0.0695,0.0695
1084_TIE_DIS_XX.mp4,N,52.875,0.0764,0.0764
1091_TIE_DIS_XX.mp4,N,57.4,0.0787,0.0787
1080_WSI_SAD_XX.mp4,N:S,57.6,0.0,0.0
1002_TIE_FEA_XX.mp4,F,66.9,-0.5007,0.5841
1017_TIE_FEA_XX.mp4,N,57.6,0.0788,0.0788
1023_TIE_HAP_XX.mp4,H,48.4444444444444,0.5938,0.4453
1036_TIE_HAP_XX.mp4,N,57.375,0.0787,0.0787
1050_IEO_DIS_LO.mp4,D:N,63.1111111111111,0.0,0.0
1045_IEO_DIS_LO.mp4,N,51.6,0.0758,0.0758
1076_ITH_ANG_XX.mp4,D,62.8,-0.5698,0.3256
1063_ITH_ANG_XX.mp4,A,53.2222222222222,-0.5363,0.6129
1034_ITH_NEU_XX.mp4,N,62.9,0.0815,0.0815
1021_ITH_NEU_XX.mp4,N,84.1111111111111,0.0921,0.0921
1087_WSI_FEA_XX.mp4,N,57.8,0.0789,0.0789
1086_IEO_ANG_HI.mp4,A,83.5555555555556,-0.6424,0.7342
1081_IWL_NEU_XX.mp4,N,75.9,0.088,0.088
1082_IEO_ANG_MD.mp4,N,68.125,0.0841,0.0841
1018_ITS_DIS_XX.mp4,N,66.1428571428571,0.0831,0.0831
1049_IOM_ANG_XX.mp4,A:D,67.1,0.0,0.0
1028_MTI_HAP_XX.mp4,H:N,55.0,0.0,0.0
1080_TAI_ANG_XX.mp4,A,81.2222222222222,-0.6343,0.7249
1029_IOM_SAD_XX.mp4,N,62.0,0.081,0.081
1061_TAI_DIS_XX.mp4,D,54.5555555555556,-0.5409,0.3091
1074_TAI_DIS_XX.mp4,D,65.0,-0.5775,0.33
1090_IWL_HAP_XX.mp4,N,43.8888888888889,0.0719,0.0719
1050_TSI_DIS_XX.mp4,D,54.5714285714286,-0.541,0.3091
1045_TSI_DIS_XX.mp4,N,59.5555555555556,0.0798,0.0798
1085_IWL_HAP_XX.mp4,N,72.3333333333333,0.0862,0.0862
1063_IEO_DIS_MD.mp4,H:N,54.5,0.0,0.0
1076_IEO_DIS_MD.mp4,N,62.3333333333333,0.0812,0.0812
1037_IWL_DIS_XX.mp4,N,58.9,0.0795,0.0795
1022_IWL_DIS_XX.mp4,A,68.8888888888889,-0.5911,0.6756
1072_IEO_DIS_HI.mp4,N,43.9,0.072,0.072
1067_IEO_DIS_HI.mp4,S,78.8888888888889,-0.5367,0.1789
1039_MTI_NEU_XX.mp4,N,59.2,0.0796,0.0796
1049_MTI_NEU_XX.mp4,N,72.7,0.0863,0.0863
1002_IEO_DIS_HI.mp4,N,49.25,0.0746,0.0746
1017_IEO_DIS_HI.mp4,S,56.0,-0.468,0.156
1082_TAI_FEA_XX.mp4,N,72.7777777777778,0.0864,0.0864
1087_IEO_SAD_MD.mp4,S,57.8,-0.4734,0.1578
1013_IEO_DIS_MD.mp4,N,66.125,0.0831,0.0831
1006_IEO_DIS_MD.mp4,D,60.1111111111111,-0.5604,0.3202
1047_IWL_DIS_XX.mp4,N,54.8888888888889,0.0774,0.0774
1083_IEO_SAD_HI.mp4,F,64.6,-0.4938,0.5761
1087_TSI_HAP_XX.mp4,N,61.7,0.0809,0.0809
1052_IWL_DIS_XX.mp4,N,79.0,0.0895,0.0895
1090_TAI_SAD_XX.mp4,N,58.2,0.0791,0.0791
1085_TAI_SAD_XX.mp4,N,54.8888888888889,0.0774,0.0774
1020_TSI_DIS_XX.mp4,N,57.1,0.0786,0.0786
1035_TSI_DIS_XX.mp4,D,58.1,-0.5533,0.3162
1080_IEO_FEA_MD.mp4,N,61.6666666666667,0.0808,0.0808
1089_ITS_ANG_XX.mp4,A,55.1,-0.5429,0.6204
1059_IOM_SAD_XX.mp4,S,69.1111111111111,-0.5073,0.1691
1084_IEO_FEA_HI.mp4,F,58.8,-0.4764,0.5558
1011_TAI_DIS_XX.mp4,N,42.25,0.0711,0.0711
1091_IEO_FEA_HI.mp4,F,69.875,-0.5096,0.5946
1004_TAI_DIS_XX.mp4,D,64.3,-0.575,0.3286
1058_MTI_HAP_XX.mp4,N,78.8888888888889,0.0894,0.0894
1079_MTI_FEA_XX.mp4,F,59.0,-0.477,0.5565
1039_IOM_ANG_XX.mp4,A,73.1,-0.6058,0.6924
1068_ITS_DIS_XX.mp4,N,72.0,0.086,0.086
1083_TSI_NEU_XX.mp4,N,70.4444444444444,0.0852,0.0852
1044_ITH_NEU_XX.mp4,N,72.2222222222222,0.0861,0.0861
1051_ITH_NEU_XX.mp4,N,68.2,0.0841,0.0841
1020_IEO_DIS_LO.mp4,D,59.8888888888889,-0.5596,0.3198
1035_IEO_DIS_LO.mp4,D,47.3333333333333,-0.5157,0.2947
1006_ITH_ANG_XX.mp4,D,60.9,-0.5631,0.3218
1013_ITH_ANG_XX.mp4,A,82.8,-0.6398,0.7312
1072_TIE_FEA_XX.mp4,A:N,61.7777777777778,0.0,0.0
1067_TIE_FEA_XX.mp4,N,57.0,0.0785,0.0785
1053_TIE_HAP_XX.mp4,N,64.8,0.0824,0.0824
1046_TIE_HAP_XX.mp4,D,36.375,-0.4773,0.2727
1049_IWW_SAD_XX.mp4,F,49.3333333333333,-0.448,0.5227
1064_WSI_DIS_XX.mp4,D,64.8,-0.5768,0.3296
1075_TIE_SAD_XX.mp4,N,57.3333333333333,0.0787,0.0787
1071_WSI_DIS_XX.mp4,N,49.1111111111111,0.0746,0.0746
1060_TIE_SAD_XX.mp4,N:S,47.8888888888889,0.0,0.0
1087_IEO_HAP_LO.mp4,N,57.5,0.0788,0.0788
1090_DFA_ANG_XX.mp4,A:N,40.5,0.0,0.0
1085_DFA_ANG_XX.mp4,A,78.0,-0.623,0.712
1029_IWW_ANG_XX.mp4,A,58.8,-0.5558,0.6352
1085_WSI_ANG_XX.mp4,A,84.1,-0.6443,0.7364
1090_WSI_ANG_XX.mp4,A:D,68.0,0.0,0.0
1071_DFA_DIS_XX.mp4,D,53.9,-0.5386,0.3078
1040_ITH_HAP_XX.mp4,N,67.7,0.0839,0.0839
1055_ITH_HAP_XX.mp4,H:N,51.4285714285714,0.0,0.0
1064_DFA_DIS_XX.mp4,D,65.0,-0.5775,0.33
1061_ITH_FEA_XX.mp4,N,46.7777777777778,0.0734,0.0734
1074_ITH_FEA_XX.mp4,N,65.0,0.0825,0.0825
1057_TIE_NEU_XX.mp4,N,60.25,0.0801,0.0801
1042_TIE_NEU_XX.mp4,N,69.25,0.0846,0.0846
1015_TIE_ANG_XX.mp4,A,56.6666666666667,-0.5483,0.6267
1066_ITH_SAD_XX.mp4,N,66.1818181818182,0.0831,0.0831
1073_ITH_SAD_XX.mp4,N,69.1111111111111,0.0846,0.0846
1075_IEO_NEU_XX.mp4,N,64.3333333333333,0.0822,0.0822
1060_IEO_NEU_XX.mp4,N,73.5,0.0867,0.0867
1028_IEO_FEA_LO.mp4,N,62.375,0.0812,0.0812
1009_IEO_HAP_LO.mp4,H,57.0,0.628,0.471
1046_IWW_DIS_XX.mp4,N,38.4444444444444,0.0692,0.0692
1053_IWW_DIS_XX.mp4,D,47.7777777777778,-0.5172,0.2956
1049_DFA_NEU_XX.mp4,N,63.625,0.0818,0.0818
1088_ITH_ANG_XX.mp4,N,56.3333333333333,0.0782,0.0782
1079_WSI_FEA_XX.mp4,A,76.0,-0.616,0.704
1058_WSI_HAP_XX.mp4,A,65.4285714285714,-0.579,0.6617
1079_DFA_FEA_XX.mp4,F,76.0,-0.528,0.616
1069_ITH_DIS_XX.mp4,A,58.1,-0.5533,0.6324
1058_DFA_HAP_XX.mp4,N,49.1111111111111,0.0746,0.0746
1049_WSI_NEU_XX.mp4,N,66.4,0.0832,0.0832
1007_ITS_ANG_XX.mp4,D,50.25,-0.5259,0.3005
1012_ITS_ANG_XX.mp4,N,62.1111111111111,0.0811,0.0811
1056_IOM_DIS_XX.mp4,A,52.5,-0.5337,0.61
1043_IOM_DIS_XX.mp4,N,40.6666666666667,0.0703,0.0703
1045_ITS_NEU_XX.mp4,N,64.5555555555556,0.0823,0.0823
1050_ITS_NEU_XX.mp4,N,53.75,0.0769,0.0769
1038_TAI_HAP_XX.mp4,H,61.7777777777778,0.6471,0.4853
1090_MTI_ANG_XX.mp4,D,61.4444444444444,-0.5651,0.3229
1085_MTI_ANG_XX.mp4,N,56.1111111111111,0.0781,0.0781
1009_IEO_SAD_MD.mp4,N,61.3333333333333,0.0807,0.0807
1048_IWL_SAD_XX.mp4,N,59.0,0.0795,0.0795
1019_TAI_FEA_XX.mp4,F,73.875,-0.5216,0.6086
1009_TSI_HAP_XX.mp4,N,54.1428571428571,0.0771,0.0771
1018_IEO_SAD_HI.mp4,S,42.5555555555556,-0.4277,0.1426
1028_TSI_FEA_XX.mp4,F,66.0,-0.498,0.581
1088_IEO_DIS_MD.mp4,N,58.125,0.0791,0.0791
1060_ITS_FEA_XX.mp4,N,57.25,0.0786,0.0786
1075_ITS_FEA_XX.mp4,F:N,51.1,0.0,0.0
1041_ITS_HAP_XX.mp4,N,47.5,0.0738,0.0738
1054_ITS_HAP_XX.mp4,H,73.2222222222222,0.6929,0.5197
1069_IEO_ANG_MD.mp4,A,56.2,-0.5467,0.6248
1028_IWL_ANG_XX.mp4,D,66.5,-0.5827,0.333
1078_IEO_ANG_HI.mp4,A,87.3333333333333,-0.6557,0.7493
1071_MTI_DIS_XX.mp4,N,47.4,0.0737,0.0737
1064_MTI_DIS_XX.mp4,D:N,59.125,0.0,0.0
1067_ITS_SAD_XX.mp4,N,79.1111111111111,0.0896,0.0896
1029_TAI_NEU_XX.mp4,N,81.6,0.0908,0.0908
1072_ITS_SAD_XX.mp4,N,66.4,0.0832,0.0832
1018_TSI_NEU_XX.mp4,N,72.2222222222222,0.0861,0.0861
1044_TSI_DIS_XX.mp4,D,55.5,-0.5443,0.311
1084_IWL_HAP_XX.mp4,N,58.4,0.0792,0.0792
1091_IWL_HAP_XX.mp4,N,66.5555555555556,0.0833,0.0833
1051_TSI_DIS_XX.mp4,D:N,54.0,0.0,0.0
1075_TAI_DIS_XX.mp4,N,55.1111111111111,0.0776,0.0776
1060_TAI_DIS_XX.mp4,S,54.4285714285714,-0.4633,0.1544
1028_IOM_SAD_XX.mp4,S,67.5,-0.5025,0.1675
1038_MTI_NEU_XX.mp4,N,63.5555555555556,0.0818,0.0818
1066_IEO_DIS_HI.mp4,D,39.0909090909091,-0.4868,0.2782
1073_IEO_DIS_HI.mp4,N,49.8,0.0749,0.0749
1023_IWL_DIS_XX.mp4,N,49.4444444444444,0.0747,0.0747
1036_IWL_DIS_XX.mp4,A,52.7777777777778,-0.5347,0.6111
1077_IEO_DIS_MD.mp4,N,49.8888888888889,0.0749,0.0749
1062_IEO_DIS_MD.mp4,N,57.2222222222222,0.0786,0.0786
1083_IEO_ANG_MD.mp4,A,47.4444444444444,-0.5161,0.5898
1080_IWL_NEU_XX.mp4,N,74.6666666666667,0.0873,0.0873
1087_IEO_ANG_HI.mp4,A,79.5,-0.6282,0.718
1008_MTI_FEA_XX.mp4,N,49.3333333333333,0.0747,0.0747
1029_MTI_HAP_XX.mp4,H,55.1111111111111,0.6204,0.4653
1081_TAI_ANG_XX.mp4,A,59.25,-0.5574,0.637
1048_IOM_ANG_XX.mp4,A,67.6666666666667,-0.5868,0.6707
1019_ITS_DIS_XX.mp4,D,50.3333333333333,-0.5262,0.3007
1090_TIE_DIS_XX.mp4,N,66.4444444444444,0.0832,0.0832
1081_WSI_SAD_XX.mp4,N,71.6,0.0858,0.0858
1085_TIE_DIS_XX.mp4,N,64.2222222222222,0.0821,0.0821
1038_IWW_SAD_XX.mp4,F:N,39.5,0.0,0.0
1011_TIE_SAD_XX.mp4,N,71.4,0.0857,0.0857
1015_WSI_DIS_XX.mp4,N,46.6666666666667,0.0733,0.0733
1004_TIE_SAD_XX.mp4,S,51.8181818181818,-0.4555,0.1518
1086_WSI_FEA_XX.mp4,N,54.0,0.077,0.077
1020_ITH_NEU_XX.mp4,N,57.7,0.0789,0.0789
1035_ITH_NEU_XX.mp4,N,62.9,0.0815,0.0815
1062_ITH_ANG_XX.mp4,D,62.5555555555556,-0.5689,0.3251
1077_ITH_ANG_XX.mp4,A,65.8888888888889,-0.5806,0.6636
1044_IEO_DIS_LO.mp4,A:D,50.6666666666667,0.0,0.0
1051_IEO_DIS_LO.mp4,N,67.75,0.0839,0.0839
1037_TIE_HAP_XX.mp4,H,47.7777777777778,0.5911,0.4433
1022_TIE_HAP_XX.mp4,N,51.5,0.0758,0.0758
1016_TIE_FEA_XX.mp4,A,62.1111111111111,-0.5674,0.6484
1003_TIE_FEA_XX.mp4,F,52.4,-0.4572,0.5334
1002_ITH_SAD_XX.mp4,D:F:S,34.8571428571429,0.0,0.0
1017_ITH_SAD_XX.mp4,N,53.0,0.0765,0.0765
1011_IEO_NEU_XX.mp4,N,56.8888888888889,0.0784,0.0784
1004_IEO_NEU_XX.mp4,N,56.2,0.0781,0.0781
1086_DFA_FEA_XX.mp4,F,37.0,-0.411,0.4795
1083_ITH_DIS_XX.mp4,D:F:S,64.0,0.0,0.0
1058_IWW_ANG_XX.mp4,A,62.0,-0.567,0.648
1005_ITH_FEA_XX.mp4,F,43.0,-0.429,0.5005
1010_ITH_FEA_XX.mp4,F,61.625,-0.4849,0.5657
1024_ITH_HAP_XX.mp4,N,67.125,0.0836,0.0836
1015_DFA_DIS_XX.mp4,D,43.0,-0.5005,0.286
1031_ITH_HAP_XX.mp4,N,71.125,0.0856,0.0856
1033_TIE_NEU_XX.mp4,N,72.3333333333333,0.0862,0.0862
1026_TIE_NEU_XX.mp4,N:S,62.3333333333333,0.0,0.0
1081_DFA_SAD_XX.mp4,N,55.8181818181818,0.0779,0.0779
1071_TIE_ANG_XX.mp4,A,64.0,-0.574,0.656
1064_TIE_ANG_XX.mp4,A,90.8,-0.6678,0.7632
1029_WSI_HAP_XX.mp4,H:N,63.5,0.0,0.0
1085_IWW_HAP_XX.mp4,D:N,45.6,0.0,0.0
1090_IWW_HAP_XX.mp4,N,56.2,0.0781,0.0781
1078_IEO_HAP_LO.mp4,N,67.6666666666667,0.0838,0.0838
1059_IEO_FEA_LO.mp4,N,46.4,0.0732,0.0732
1038_DFA_NEU_XX.mp4,N,44.3333333333333,0.0722,0.0722
1022_IWW_DIS_XX.mp4,A,64.5,-0.5757,0.658
1037_IWW_DIS_XX.mp4,F,35.125,-0.4054,0.4729
1038_WSI_NEU_XX.mp4,N,54.625,0.0773,0.0773
1081_IWW_NEU_XX.mp4,N,63.6,0.0818,0.0818
1018_ITH_DIS_XX.mp4,N,53.0,0.0765,0.0765
1029_DFA_HAP_XX.mp4,H,64.5,0.658,0.4935
1008_DFA_FEA_XX.mp4,F,67.7777777777778,-0.5033,0.5872
1039_IWL_SAD_XX.mp4,S,61.1,-0.4833,0.1611
1068_TAI_FEA_XX.mp4,N,39.5714285714286,0.0698,0.0698
1078_IEO_SAD_MD.mp4,N:S,48.8888888888889,0.0,0.0
1049_TAI_HAP_XX.mp4,F,49.2857142857143,-0.4479,0.5225
1059_TSI_FEA_XX.mp4,F,74.25,-0.5228,0.6099
1069_IEO_SAD_HI.mp4,N,58.2,0.0791,0.0791
1078_TSI_HAP_XX.mp4,H,62.4,0.6496,0.4872
1080_IOM_HAP_XX.mp4,N,56.7777777777778,0.0784,0.0784
1063_ITS_ANG_XX.mp4,N,63.3,0.0817,0.0817
1076_ITS_ANG_XX.mp4,D,46.6363636363636,-0.5132,0.2933
1021_ITS_NEU_XX.mp4,N,47.1111111111111,0.0736,0.0736
1034_ITS_NEU_XX.mp4,N,57.3333333333333,0.0787,0.0787
1032_IOM_DIS_XX.mp4,N,48.5,0.0742,0.0742
1027_IOM_DIS_XX.mp4,N,53.0,0.0765,0.0765
1086_MTI_FEA_XX.mp4,N,46.9,0.0735,0.0735
1058_TAI_NEU_XX.mp4,N,75.0,0.0875,0.0875
1003_ITS_SAD_XX.mp4,S,53.0,-0.459,0.153
1016_ITS_SAD_XX.mp4,N,60.5714285714286,0.0803,0.0803
1082_ITS_DIS_XX.mp4,N,40.4,0.0702,0.0702
1069_TSI_NEU_XX.mp4,N,59.3333333333333,0.0797,0.0797
1091_IOM_NEU_XX.mp4,N,64.6666666666667,0.0823,0.0823
1084_IOM_NEU_XX.mp4,N,71.3333333333333,0.0857,0.0857
1025_ITS_HAP_XX.mp4,N,53.9090909090909,0.077,0.077
1030_ITS_HAP_XX.mp4,N,57.2222222222222,0.0786,0.0786
1004_ITS_FEA_XX.mp4,F,57.2,-0.4716,0.5502
1011_ITS_FEA_XX.mp4,N,55.5,0.0778,0.0778
1059_IWL_ANG_XX.mp4,A,74.9,-0.6121,0.6996
1018_IEO_ANG_MD.mp4,D,48.4,-0.5194,0.2968
1081_MTI_SAD_XX.mp4,N:S,55.8,0.0,0.0
1015_MTI_DIS_XX.mp4,A,59.4285714285714,-0.558,0.6377
1009_IEO_ANG_HI.mp4,A,82.8,-0.6398,0.7312
1007_TAI_ANG_XX.mp4,A,56.8888888888889,-0.5491,0.6276
1012_TAI_ANG_XX.mp4,N,64.75,0.0824,0.0824
1045_TAI_NEU_XX.mp4,N,67.4444444444444,0.0837,0.0837
1050_TAI_NEU_XX.mp4,N,69.9,0.085,0.085
1074_TSI_NEU_XX.mp4,N,72.1,0.0861,0.0861
1061_TSI_NEU_XX.mp4,N,72.3333333333333,0.0862,0.0862
1036_TSI_ANG_XX.mp4,A:F,65.1,0.0,0.0
1023_TSI_ANG_XX.mp4,A:N,74.625,0.0,0.0
1013_IWL_NEU_XX.mp4,N,64.2727272727273,0.0821,0.0821
1019_ITS_FEA_XX.mp4,F,72.3333333333333,-0.517,0.6032
1006_IWL_NEU_XX.mp4,N,68.5,0.0843,0.0843
1038_ITS_HAP_XX.mp4,H,53.3,0.6132,0.4599
1089_MTI_SAD_XX.mp4,S,61.4444444444444,-0.4843,0.1614
1005_IEO_ANG_MD.mp4,A:D,62.3,0.0,0.0
1010_IEO_ANG_MD.mp4,D,61.3,-0.5645,0.3226
1051_IWL_ANG_XX.mp4,A:N,53.375,0.0,0.0
1044_IWL_ANG_XX.mp4,D,72.8888888888889,-0.6051,0.3458
1014_IEO_ANG_HI.mp4,A,84.0,-0.644,0.736
1001_IEO_ANG_HI.mp4,D,73.4444444444444,-0.6071,0.3469
1008_MTI_DIS_XX.mp4,F:N,54.375,0.0,0.0
1041_TAI_HAP_XX.mp4,N,62.8,0.0814,0.0814
1065_IEO_SAD_MD.mp4,N,60.6666666666667,0.0803,0.0803
1070_IEO_SAD_MD.mp4,N,70.4444444444444,0.0852,0.0852
1054_TAI_HAP_XX.mp4,H,55.8,0.6232,0.4674
1031_IWL_SAD_XX.mp4,N,74.5555555555556,0.0873,0.0873
1060_TAI_FEA_XX.mp4,S,62.7777777777778,-0.4883,0.1628
1075_TAI_FEA_XX.mp4,N,56.3,0.0781,0.0781
1024_IWL_SAD_XX.mp4,N,51.0,0.0755,0.0755
1070_TSI_HAP_XX.mp4,H,47.4,0.5896,0.4422
1088_IOM_HAP_XX.mp4,N,46.3333333333333,0.0732,0.0732
1074_IEO_SAD_HI.mp4,S,68.8,-0.5064,0.1688
1061_IEO_SAD_HI.mp4,N,54.2222222222222,0.0771,0.0771
1065_TSI_HAP_XX.mp4,F,56.375,-0.4691,0.5473
1051_TSI_FEA_XX.mp4,F,61.2,-0.4836,0.5642
1044_TSI_FEA_XX.mp4,F,64.1,-0.4923,0.5743
1017_IWL_HAP_XX.mp4,N,65.625,0.0828,0.0828
1062_IEO_FEA_MD.mp4,S,55.7777777777778,-0.4673,0.1558
1077_IEO_FEA_MD.mp4,N,59.2,0.0796,0.0796
1002_IWL_HAP_XX.mp4,N,58.5,0.0793,0.0793
1043_IEO_HAP_MD.mp4,H,55.7,0.6228,0.4671
1067_TAI_SAD_XX.mp4,N,49.7777777777778,0.0749,0.0749
1036_IWL_FEA_XX.mp4,F:S,65.4,0.0,0.0
1023_IWL_FEA_XX.mp4,N,53.3333333333333,0.0767,0.0767
1072_TAI_SAD_XX.mp4,N,52.8888888888889,0.0764,0.0764
1029_ITS_NEU_XX.mp4,N,54.7777777777778,0.0774,0.0774
1056_IEO_HAP_MD.mp4,H,62.2222222222222,0.6489,0.4867
1073_IEO_FEA_HI.mp4,F,42.5714285714286,-0.4277,0.499
1066_IEO_FEA_HI.mp4,A,56.6,-0.5481,0.6264
1052_IEO_HAP_HI.mp4,H,53.0,0.612,0.459
1056_TSI_SAD_XX.mp4,N,49.0,0.0745,0.0745
1043_TSI_SAD_XX.mp4,N,74.7777777777778,0.0874,0.0874
1047_IEO_HAP_HI.mp4,A,60.6,-0.5621,0.6424
1083_ITH_FEA_XX.mp4,N,51.3,0.0756,0.0756
1089_IWW_NEU_XX.mp4,F,56.6666666666667,-0.47,0.5483
1030_WSI_NEU_XX.mp4,N,65.5,0.0828,0.0828
1086_DFA_DIS_XX.mp4,D,61.0,-0.5635,0.322
1025_WSI_NEU_XX.mp4,N,56.3,0.0781,0.0781
1072_WSI_ANG_XX.mp4,A,48.4285714285714,-0.5195,0.5937
1067_WSI_ANG_XX.mp4,A,83.8,-0.6433,0.7352
1007_DFA_SAD_XX.mp4,N,63.8888888888889,0.0819,0.0819
1012_DFA_SAD_XX.mp4,N,41.7,0.0709,0.0709
1082_IEO_NEU_XX.mp4,N,70.7272727272727,0.0854,0.0854
1091_ITH_SAD_XX.mp4,F:N,68.4,0.0,0.0
1084_ITH_SAD_XX.mp4,N,64.3333333333333,0.0822,0.0822
1036_IEO_ANG_LO.mp4,D,38.7,-0.4854,0.2774
1015_DFA_FEA_XX.mp4,A:F,46.3333333333333,0.0,0.0
1023_IEO_ANG_LO.mp4,N,68.7,0.0844,0.0844
1010_ITH_DIS_XX.mp4,D,56.1111111111111,-0.5464,0.3122
1021_DFA_HAP_XX.mp4,N,67.7,0.0839,0.0839
1034_DFA_HAP_XX.mp4,N,46.8571428571429,0.0734,0.0734
1005_ITH_DIS_XX.mp4,N,33.625,0.0668,0.0668
1015_WSI_FEA_XX.mp4,F:N,42.25,0.0,0.0
1034_WSI_HAP_XX.mp4,D:N,57.5555555555556,0.0,0.0
1021_WSI_HAP_XX.mp4,N,47.9,0.074,0.074
1085_TIE_FEA_XX.mp4,N,47.125,0.0736,0.0736
1090_TIE_FEA_XX.mp4,N,61.7,0.0809,0.0809
1056_IEO_SAD_LO.mp4,N,68.0,0.084,0.084
1043_IEO_SAD_LO.mp4,N,71.1,0.0856,0.0856
1012_WSI_SAD_XX.mp4,N,46.1111111111111,0.0731,0.0731
1003_TIE_DIS_XX.mp4,A,51.0,-0.5285,0.604
1007_WSI_SAD_XX.mp4,S,51.2,-0.4536,0.1512
1016_TIE_DIS_XX.mp4,A:D,63.0,0.0,0.0
1051_IEO_FEA_LO.mp4,N,47.25,0.0736,0.0736
1067_DFA_ANG_XX.mp4,N,70.2222222222222,0.0851,0.0851
1072_DFA_ANG_XX.mp4,A,46.9,-0.5141,0.5876
1044_IEO_FEA_LO.mp4,N,64.7,0.0824,0.0824
1070_IEO_HAP_LO.mp4,N,71.6,0.0858,0.0858
1065_IEO_HAP_LO.mp4,N,64.1111111111111,0.0821,0.0821
1082_TIE_SAD_XX.mp4,S,44.875,-0.4346,0.1449
1025_DFA_NEU_XX.mp4,N,59.1818181818182,0.0796,0.0796
1030_DFA_NEU_XX.mp4,N,50.7,0.0754,0.0754
1086_WSI_DIS_XX.mp4,A:D,47.0,0.0,0.0
1019_IEO_NEU_XX.mp4,N,62.3,0.0811,0.0811
1050_IWW_ANG_XX.mp4,A:D,60.5,0.0,0.0
1045_IWW_ANG_XX.mp4,N,52.0,0.076,0.076
1008_DFA_DIS_XX.mp4,A,49.0,-0.5215,0.596
1039_ITH_HAP_XX.mp4,H,52.5555555555556,0.6102,0.4577
1012_IWW_NEU_XX.mp4,N,40.3333333333333,0.0702,0.0702
1018_ITH_FEA_XX.mp4,N,85.5555555555556,0.0928,0.0928
1007_IWW_NEU_XX.mp4,N,52.0,0.076,0.076
1089_DFA_SAD_XX.mp4,N,51.4444444444444,0.0757,0.0757
1079_TIE_ANG_XX.mp4,A,83.5,-0.6422,0.734
1030_IWW_SAD_XX.mp4,F,45.7,-0.4371,0.51
1025_IWW_SAD_XX.mp4,F,52.3333333333333,-0.457,0.5332
1089_WSI_SAD_XX.mp4,S,56.2,-0.4686,0.1562
1019_TIE_SAD_XX.mp4,F,43.7,-0.4311,0.503
1037_IWW_FEA_XX.mp4,F,48.375,-0.4451,0.5193
1022_IWW_FEA_XX.mp4,F,43.7777777777778,-0.4313,0.5032
1028_ITH_NEU_XX.mp4,N,50.0,0.075,0.075
1016_IWW_HAP_XX.mp4,N,75.7777777777778,0.0879,0.0879
1003_IWW_HAP_XX.mp4,H,81.1,0.7244,0.5433
1059_IEO_DIS_LO.mp4,D,63.5,-0.5722,0.327
1007_MTI_SAD_XX.mp4,N,54.0,0.077,0.077
1012_MTI_SAD_XX.mp4,S,72.8888888888889,-0.5187,0.1729
1082_ITS_FEA_XX.mp4,N,51.5,0.0758,0.0758
1088_IWL_NEU_XX.mp4,N,59.7777777777778,0.0799,0.0799
1086_MTI_DIS_XX.mp4,N,54.0,0.077,0.077
1090_ITS_SAD_XX.mp4,N:S,60.4,0.0,0.0
1085_ITS_SAD_XX.mp4,N,43.3,0.0717,0.0717
1021_MTI_HAP_XX.mp4,N,52.0,0.076,0.076
1089_TAI_ANG_XX.mp4,A,67.5555555555556,-0.5864,0.6702
1034_MTI_HAP_XX.mp4,H:N,53.1428571428571,0.0,0.0
1015_MTI_FEA_XX.mp4,N,52.0,0.076,0.076
1040_IOM_ANG_XX.mp4,N,60.7777777777778,0.0804,0.0804
1055_IOM_ANG_XX.mp4,D:N,59.25,0.0,0.0
1011_ITS_DIS_XX.mp4,N,74.8,0.0874,0.0874
1004_ITS_DIS_XX.mp4,D,53.9,-0.5386,0.3078
1002_IOM_NEU_XX.mp4,N,58.5555555555556,0.0793,0.0793
1017_IOM_NEU_XX.mp4,N,58.25,0.0791,0.0791
1059_TSI_DIS_XX.mp4,N,48.75,0.0744,0.0744
1020_IOM_SAD_XX.mp4,N:S,62.8,0.0,0.0
1035_IOM_SAD_XX.mp4,N,41.6,0.0708,0.0708
1068_TAI_DIS_XX.mp4,A:D,39.0,0.0,0.0
1025_MTI_NEU_XX.mp4,N,50.6666666666667,0.0753,0.0753
1030_MTI_NEU_XX.mp4,N,61.6,0.0808,0.0808
1067_MTI_ANG_XX.mp4,N,65.5555555555556,0.0828,0.0828
1072_MTI_ANG_XX.mp4,N,56.125,0.0781,0.0781
1027_IOM_FEA_XX.mp4,N,73.875,0.0869,0.0869
1032_IOM_FEA_XX.mp4,N,58.1111111111111,0.0791,0.0791
1006_IOM_HAP_XX.mp4,H,50.8,0.6032,0.4524
1013_IOM_HAP_XX.mp4,H,67.3333333333333,0.6693,0.502
1049_ITS_HAP_XX.mp4,H,78.0,0.712,0.534
1077_IWL_NEU_XX.mp4,N,71.8,0.0859,0.0859
1062_IWL_NEU_XX.mp4,N,65.2222222222222,0.0826,0.0826
1068_ITS_FEA_XX.mp4,N,50.625,0.0753,0.0753
1035_IWL_ANG_XX.mp4,D,44.0,-0.504,0.288
1020_IWL_ANG_XX.mp4,A,48.3,-0.5191,0.5932
1061_IEO_ANG_MD.mp4,A,64.2222222222222,-0.5748,0.6569
1074_IEO_ANG_MD.mp4,H,73.375,0.6935,0.5201
1079_MTI_DIS_XX.mp4,N,47.5555555555556,0.0738,0.0738
1070_IEO_ANG_HI.mp4,A,58.0,-0.553,0.632
1065_IEO_ANG_HI.mp4,A,83.6,-0.6426,0.7344
1063_TAI_ANG_XX.mp4,D,63.0,-0.5705,0.326
1076_TAI_ANG_XX.mp4,A,50.6666666666667,-0.5273,0.6027
1021_TAI_NEU_XX.mp4,N,60.0,0.08,0.08
1034_TAI_NEU_XX.mp4,N,63.2222222222222,0.0816,0.0816
1010_TSI_NEU_XX.mp4,N,54.8,0.0774,0.0774
1005_TSI_NEU_XX.mp4,N,75.6,0.0878,0.0878
1052_TSI_ANG_XX.mp4,F,62.6666666666667,-0.488,0.5693
1047_TSI_ANG_XX.mp4,A,63.4,-0.5719,0.6536
1027_IEO_HAP_MD.mp4,N,75.3,0.0877,0.0877
1052_IWL_FEA_XX.mp4,N,53.4,0.0767,0.0767
1003_TAI_SAD_XX.mp4,S,60.5,-0.4815,0.1605
1058_ITS_NEU_XX.mp4,N,68.5555555555556,0.0843,0.0843
1016_TAI_SAD_XX.mp4,D,55.5,-0.5443,0.311
1047_IWL_FEA_XX.mp4,N,54.7,0.0774,0.0774
1032_IEO_HAP_MD.mp4,N,59.8888888888889,0.0799,0.0799
1073_IWL_HAP_XX.mp4,N,55.6666666666667,0.0778,0.0778
1006_IEO_FEA_MD.mp4,N,65.5,0.0828,0.0828
1013_IEO_FEA_MD.mp4,N,63.3333333333333,0.0817,0.0817
1066_IWL_HAP_XX.mp4,N,65.3,0.0827,0.0827
1036_IEO_HAP_HI.mp4,F,46.875,-0.4406,0.5141
1032_TSI_SAD_XX.mp4,H:N,45.3,0.0,0.0
1027_TSI_SAD_XX.mp4,N:S,58.8888888888889,0.0,0.0
1023_IEO_HAP_HI.mp4,H,74.4,0.6976,0.5232
1082_TAI_DIS_XX.mp4,N,67.2,0.0836,0.0836
1017_IEO_FEA_HI.mp4,S,51.1,-0.4533,0.1511
1002_IEO_FEA_HI.mp4,F,72.5,-0.5175,0.6038
1004_TAI_FEA_XX.mp4,N,51.2222222222222,0.0756,0.0756
1091_IEO_DIS_HI.mp4,A,48.6,-0.5201,0.5944
1055_IWL_SAD_XX.mp4,N,54.6666666666667,0.0773,0.0773
1040_IWL_SAD_XX.mp4,N,55.375,0.0777,0.0777
1011_TAI_FEA_XX.mp4,D:N,63.2,0.0,0.0
1084_IEO_DIS_HI.mp4,N,45.2222222222222,0.0726,0.0726
1025_TAI_HAP_XX.mp4,H,49.5,0.598,0.4485
1001_IEO_SAD_MD.mp4,N,40.4,0.0702,0.0702
1014_IEO_SAD_MD.mp4,N,63.1,0.0816,0.0816
1030_TAI_HAP_XX.mp4,H:N,60.1,0.0,0.0
1080_IEO_DIS_MD.mp4,D,47.5,-0.5162,0.295
1035_TSI_FEA_XX.mp4,N,49.2222222222222,0.0746,0.0746
1020_TSI_FEA_XX.mp4,F,47.2,-0.4416,0.5152
1014_TSI_HAP_XX.mp4,F,46.1666666666667,-0.4385,0.5116
1010_IEO_SAD_HI.mp4,D,51.0,-0.5285,0.302
1005_IEO_SAD_HI.mp4,N,62.2,0.0811,0.0811
1001_TSI_HAP_XX.mp4,F,58.2222222222222,-0.4747,0.5538
1045_DFA_HAP_XX.mp4,N,61.7,0.0809,0.0809
1074_ITH_DIS_XX.mp4,N,52.7777777777778,0.0764,0.0764
1061_ITH_DIS_XX.mp4,N,47.2222222222222,0.0736,0.0736
1050_DFA_HAP_XX.mp4,D:N,50.125,0.0,0.0
1064_DFA_FEA_XX.mp4,F,76.25,-0.5287,0.6169
1052_IEO_ANG_LO.mp4,A,74.4,-0.6104,0.6976
1047_IEO_ANG_LO.mp4,A,50.5714285714286,-0.527,0.6023
1071_DFA_FEA_XX.mp4,N,60.4444444444444,0.0802,0.0802
1054_WSI_NEU_XX.mp4,N,52.0,0.076,0.076
1041_WSI_NEU_XX.mp4,N,46.4,0.0732,0.0732
1016_WSI_ANG_XX.mp4,A,79.2,-0.6272,0.7168
1003_WSI_ANG_XX.mp4,A,88.6666666666667,-0.6603,0.7547
1086_TIE_ANG_XX.mp4,A,66.0,-0.581,0.664
1063_DFA_SAD_XX.mp4,N:S,54.2222222222222,0.0,0.0
1076_DFA_SAD_XX.mp4,N,65.5,0.0828,0.0828
1076_WSI_SAD_XX.mp4,N,47.2,0.0736,0.0736
1067_TIE_DIS_XX.mp4,S,50.4,-0.4512,0.1504
1063_WSI_SAD_XX.mp4,N,51.7777777777778,0.0759,0.0759
1072_TIE_DIS_XX.mp4,N,46.5454545454545,0.0733,0.0733
1014_IEO_HAP_LO.mp4,N,59.0,0.0795,0.0795
1001_IEO_HAP_LO.mp4,N,62.0,0.081,0.081
1003_DFA_ANG_XX.mp4,A,76.875,-0.6191,0.7075
1035_IEO_FEA_LO.mp4,N,61.5,0.0808,0.0808
1020_IEO_FEA_LO.mp4,S,51.5555555555556,-0.4547,0.1516
1016_DFA_ANG_XX.mp4,A,75.4444444444444,-0.6141,0.7018
1041_DFA_NEU_XX.mp4,N,66.1818181818182,0.0831,0.0831
1054_DFA_NEU_XX.mp4,N,72.1,0.0861,0.0861
1080_ITH_ANG_XX.mp4,A,62.3,-0.568,0.6492
1050_WSI_HAP_XX.mp4,A,52.7777777777778,-0.5347,0.6111
1045_WSI_HAP_XX.mp4,N,57.75,0.0789,0.0789
1071_WSI_FEA_XX.mp4,H,46.125,0.5845,0.4384
1064_WSI_FEA_XX.mp4,F,62.5,-0.4875,0.5687
1032_IEO_SAD_LO.mp4,N,54.8,0.0774,0.0774
1027_IEO_SAD_LO.mp4,N,66.5454545454545,0.0833,0.0833
1034_IWW_ANG_XX.mp4,F,47.0,-0.441,0.5145
1021_IWW_ANG_XX.mp4,A,60.4,-0.5614,0.6416
1076_IWW_NEU_XX.mp4,N,50.5555555555556,0.0753,0.0753
1063_IWW_NEU_XX.mp4,N,71.1428571428571,0.0856,0.0856
1069_ITH_FEA_XX.mp4,F,47.6666666666667,-0.443,0.5168
1079_DFA_DIS_XX.mp4,N,63.875,0.0819,0.0819
1048_ITH_HAP_XX.mp4,N,71.4,0.0857,0.0857
1008_TIE_ANG_XX.mp4,A,78.8,-0.6258,0.7152
1068_IEO_NEU_XX.mp4,N,66.8,0.0834,0.0834
1072_IWW_HAP_XX.mp4,H,53.4444444444444,0.6138,0.4603
1067_IWW_HAP_XX.mp4,N,74.1428571428571,0.0871,0.0871
1053_IWW_FEA_XX.mp4,F,61.0,-0.483,0.5635
1059_ITH_NEU_XX.mp4,N,58.9,0.0795,0.0795
1046_IWW_FEA_XX.mp4,N,49.4,0.0747,0.0747
1028_IEO_DIS_LO.mp4,N,43.75,0.0719,0.0719
1054_IWW_SAD_XX.mp4,F:S,49.875,0.0,0.0
1041_IWW_SAD_XX.mp4,N,41.8,0.0709,0.0709
1079_WSI_DIS_XX.mp4,S,51.8888888888889,-0.4557,0.1519
1068_TIE_SAD_XX.mp4,N,62.25,0.0811,0.0811
1064_MTI_FEA_XX.mp4,F,44.9,-0.4347,0.5071
1071_MTI_FEA_XX.mp4,N,61.2222222222222,0.0806,0.0806
1045_MTI_HAP_XX.mp4,N,67.4,0.0837,0.0837
1050_MTI_HAP_XX.mp4,N,74.7777777777778,0.0874,0.0874
1024_IOM_ANG_XX.mp4,D,37.6,-0.4816,0.2752
1031_IOM_ANG_XX.mp4,N,60.3,0.0801,0.0801
1066_IOM_NEU_XX.mp4,N,56.4444444444444,0.0782,0.0782
1073_IOM_NEU_XX.mp4,N,61.6666666666667,0.0808,0.0808
1075_ITS_DIS_XX.mp4,N,55.5,0.0778,0.0778
1060_ITS_DIS_XX.mp4,N,59.7,0.0799,0.0799
1063_MTI_SAD_XX.mp4,N,47.3333333333333,0.0737,0.0737
1076_MTI_SAD_XX.mp4,N,51.7777777777778,0.0759,0.0759
1041_MTI_NEU_XX.mp4,N,64.1111111111111,0.0821,0.0821
1054_MTI_NEU_XX.mp4,N,53.0,0.0765,0.0765
1003_MTI_ANG_XX.mp4,A,68.4,-0.5894,0.6736
1016_MTI_ANG_XX.mp4,A,73.4,-0.6069,0.6936
1062_IOM_HAP_XX.mp4,N,60.7777777777778,0.0804,0.0804
1077_IOM_HAP_XX.mp4,N,52.2,0.0761,0.0761
1043_IOM_FEA_XX.mp4,N,66.8,0.0834,0.0834
1056_IOM_FEA_XX.mp4,N,48.7777777777778,0.0744,0.0744
1088_IEO_FEA_MD.mp4,N,47.8,0.0739,0.0739
1028_TSI_DIS_XX.mp4,D:N,53.4,0.0,0.0
1081_ITS_ANG_XX.mp4,N,43.4285714285714,0.0717,0.0717
1019_TAI_DIS_XX.mp4,D,61.2,-0.5642,0.3224
1044_IOM_SAD_XX.mp4,N,52.6666666666667,0.0763,0.0763
1051_IOM_SAD_XX.mp4,N,63.7777777777778,0.0819,0.0819
1048_TSI_ANG_XX.mp4,A,56.4285714285714,-0.5475,0.6257
1079_TAI_ANG_XX.mp4,A,57.1111111111111,-0.5499,0.6284
1075_ITS_SAD_XX.mp4,N,63.2222222222222,0.0816,0.0816
1060_ITS_SAD_XX.mp4,S,52.3333333333333,-0.457,0.1523
1063_MTI_DIS_XX.mp4,N,58.4444444444444,0.0792,0.0792
1076_MTI_DIS_XX.mp4,N,58.1,0.0791,0.0791
1053_ITS_HAP_XX.mp4,H,61.625,0.6465,0.4849
1046_ITS_HAP_XX.mp4,H,75.4444444444444,0.7018,0.5263
1078_IWL_NEU_XX.mp4,N,77.8,0.0889,0.0889
1072_ITS_FEA_XX.mp4,F,82.25,-0.5467,0.6379
1067_ITS_FEA_XX.mp4,F,53.875,-0.4616,0.5386
1082_MTI_ANG_XX.mp4,D,39.3,-0.4875,0.2786
1039_IEO_HAP_HI.mp4,F:H,53.5,0.0,0.0
1028_TSI_SAD_XX.mp4,S,55.0909090909091,-0.4653,0.1551
1018_IEO_FEA_HI.mp4,F,65.6,-0.4968,0.5796
1015_ITS_ANG_XX.mp4,A,34.2222222222222,-0.4698,0.5369
1057_ITS_NEU_XX.mp4,N,61.7,0.0809,0.0809
1028_IEO_HAP_MD.mp4,H,69.5714285714286,0.6783,0.5087
1048_IWL_FEA_XX.mp4,N,35.3,0.0677,0.0677
1042_ITS_NEU_XX.mp4,N,61.9,0.081,0.081
1019_TAI_SAD_XX.mp4,N,58.1818181818182,0.0791,0.0791
1009_IEO_FEA_MD.mp4,A,60.8,-0.5628,0.6432
1044_IOM_DIS_XX.mp4,D,54.3333333333333,-0.5402,0.3087
1069_IWL_HAP_XX.mp4,H,69.1818181818182,0.6767,0.5075
1051_IOM_DIS_XX.mp4,N,49.7,0.0749,0.0749
1089_TIE_ANG_XX.mp4,A,86.0,-0.651,0.744
1079_DFA_SAD_XX.mp4,N,47.3,0.0736,0.0736
1019_WSI_ANG_XX.mp4,A,62.5555555555556,-0.5689,0.6502
1048_IEO_ANG_LO.mp4,A,45.375,-0.5088,0.5815
1028_IEO_SAD_LO.mp4,N,67.5,0.0838,0.0838
1019_DFA_ANG_XX.mp4,A,61.4545454545455,-0.5651,0.6458
1054_IWW_DIS_XX.mp4,F,50.0,-0.45,0.525
1041_IWW_DIS_XX.mp4,D,58.75,-0.5556,0.3175
1068_TIE_DIS_XX.mp4,N,51.2,0.0756,0.0756
1079_WSI_SAD_XX.mp4,S,47.8,-0.4434,0.1478
1074_ITH_SAD_XX.mp4,N,67.7,0.0839,0.0839
1061_ITH_SAD_XX.mp4,N,57.7,0.0789,0.0789
1067_IEO_NEU_XX.mp4,N,49.6,0.0748,0.0748
1072_IEO_NEU_XX.mp4,N,64.875,0.0824,0.0824
1045_TIE_NEU_XX.mp4,N,74.0,0.087,0.087
1050_TIE_NEU_XX.mp4,N,67.5,0.0838,0.0838
1007_TIE_ANG_XX.mp4,A,70.7272727272727,-0.5975,0.6829
1012_TIE_ANG_XX.mp4,A,49.7777777777778,-0.5242,0.5991
1082_WSI_ANG_XX.mp4,A,61.8888888888889,-0.5666,0.6476
1079_IWW_NEU_XX.mp4,N,69.2222222222222,0.0846,0.0846
1073_ITH_FEA_XX.mp4,N,62.3,0.0811,0.0811
1066_ITH_FEA_XX.mp4,F,58.7777777777778,-0.4763,0.5557
1063_DFA_DIS_XX.mp4,N,68.1,0.0841,0.0841
1052_ITH_HAP_XX.mp4,N,58.1111111111111,0.0791,0.0791
1047_ITH_HAP_XX.mp4,N,61.75,0.0809,0.0809
1076_DFA_DIS_XX.mp4,N,41.1,0.0706,0.0706
1067_TIE_SAD_XX.mp4,N,68.875,0.0844,0.0844
1076_WSI_DIS_XX.mp4,D,51.9,-0.5316,0.3038
1072_TIE_SAD_XX.mp4,N,59.8888888888889,0.0799,0.0799
1063_WSI_DIS_XX.mp4,D,61.75,-0.5661,0.3235
1082_DFA_ANG_XX.mp4,A,52.625,-0.5342,0.6105
1080_IEO_HAP_LO.mp4,N,64.2,0.0821,0.0821
1041_TIE_HAP_XX.mp4,N,57.7,0.0789,0.0789
1054_TIE_HAP_XX.mp4,H,38.6,0.5544,0.4158
1060_TIE_FEA_XX.mp4,N,57.125,0.0786,0.0786
1075_TIE_FEA_XX.mp4,N,59.7,0.0799,0.0799
1068_IWW_HAP_XX.mp4,H,56.3,0.6252,0.4689
1056_ITH_NEU_XX.mp4,N,60.6,0.0803,0.0803
1049_IWW_FEA_XX.mp4,F,56.625,-0.4699,0.5482
1043_ITH_NEU_XX.mp4,N,70.3,0.0852,0.0852
1014_ITH_ANG_XX.mp4,D:F:N,40.375,0.0,0.0
1001_ITH_ANG_XX.mp4,A:D:N,70.4,0.0,0.0
1032_IEO_DIS_LO.mp4,D,61.0,-0.5635,0.322
1027_IEO_DIS_LO.mp4,N,60.6,0.0803,0.0803
1079_MTI_SAD_XX.mp4,N,61.0,0.0805,0.0805
1091_TSI_NEU_XX.mp4,N,61.1428571428571,0.0806,0.0806
1069_IOM_NEU_XX.mp4,N,71.0,0.0855,0.0855
1084_TSI_NEU_XX.mp4,N,75.375,0.0877,0.0877
1003_TAI_DIS_XX.mp4,D,57.1,-0.5499,0.3142
1016_TAI_DIS_XX.mp4,D,66.0,-0.581,0.332
1083_IEO_FEA_HI.mp4,F,67.1428571428571,-0.5014,0.585
1087_IEO_FEA_MD.mp4,F,44.0,-0.432,0.504
1032_TSI_DIS_XX.mp4,N,34.6666666666667,0.0673,0.0673
1027_TSI_DIS_XX.mp4,D,40.7777777777778,-0.4927,0.2816
1082_TAI_SAD_XX.mp4,N,73.5,0.0867,0.0867
1055_IWL_DIS_XX.mp4,D,55.625,-0.5447,0.3113
1091_IEO_SAD_HI.mp4,N,64.2,0.0821,0.0821
1080_TSI_HAP_XX.mp4,N,58.8888888888889,0.0794,0.0794
1084_IEO_SAD_HI.mp4,N,45.25,0.0726,0.0726
1078_IOM_HAP_XX.mp4,H,54.2,0.6168,0.4626
1040_IWL_DIS_XX.mp4,N,57.125,0.0786,0.0786
1001_IEO_DIS_MD.mp4,N,72.1818181818182,0.0861,0.0861
1059_IOM_FEA_XX.mp4,F,66.2,-0.4986,0.5817
1014_IEO_DIS_MD.mp4,D,55.6,-0.5446,0.3112
1080_IEO_SAD_MD.mp4,S,60.3333333333333,-0.481,0.1603
1019_MTI_ANG_XX.mp4,A,50.9,-0.5281,0.6036
1085_TAI_FEA_XX.mp4,F,58.375,-0.4751,0.5543
1010_IEO_DIS_HI.mp4,A,75.875,-0.6156,0.7035
1090_TAI_FEA_XX.mp4,N,55.8888888888889,0.0779,0.0779
1005_IEO_DIS_HI.mp4,D,59.6,-0.5586,0.3192
1007_MTI_DIS_XX.mp4,S,56.0,-0.468,0.156
1012_MTI_DIS_XX.mp4,S,51.5,-0.4545,0.1515
1016_ITS_FEA_XX.mp4,N,68.2222222222222,0.0841,0.0841
1009_IWL_NEU_XX.mp4,N,51.4444444444444,0.0757,0.0757
1003_ITS_FEA_XX.mp4,S,56.1,-0.4683,0.1561
1037_ITS_HAP_XX.mp4,F,59.7,-0.4791,0.5589
1022_ITS_HAP_XX.mp4,D,55.2222222222222,-0.5433,0.3104
1086_MTI_SAD_XX.mp4,N,49.5555555555556,0.0748,0.0748
1083_IOM_NEU_XX.mp4,N,77.0,0.0885,0.0885
1090_ITS_DIS_XX.mp4,N,59.7777777777778,0.0799,0.0799
1085_ITS_DIS_XX.mp4,F,60.4444444444444,-0.4813,0.5616
1039_TSI_ANG_XX.mp4,A,62.375,-0.5683,0.6495
1081_MTI_FEA_XX.mp4,N,60.0,0.08,0.08
1008_TAI_ANG_XX.mp4,A,73.1111111111111,-0.6059,0.6924
1011_ITS_SAD_XX.mp4,N,43.6,0.0718,0.0718
1004_ITS_SAD_XX.mp4,F:S,73.6,0.0,0.0
1069_IEO_FEA_HI.mp4,F,68.0,-0.504,0.588
1059_TSI_SAD_XX.mp4,N,59.0,0.0795,0.0795
1048_IEO_HAP_HI.mp4,N,77.7777777777778,0.0889,0.0889
1071_ITS_ANG_XX.mp4,N,62.0,0.081,0.081
1064_ITS_ANG_XX.mp4,A,58.3333333333333,-0.5542,0.6333
1018_IWL_HAP_XX.mp4,A:N,37.3333333333333,0.0,0.0
1020_IOM_DIS_XX.mp4,S,51.5,-0.4545,0.1515
1035_IOM_DIS_XX.mp4,N,49.2,0.0746,0.0746
1078_IEO_FEA_MD.mp4,F:S,58.3333333333333,0.0,0.0
1039_IWL_FEA_XX.mp4,N,65.8888888888889,0.0829,0.0829
1033_ITS_NEU_XX.mp4,N,82.5555555555556,0.0913,0.0913
1068_TAI_SAD_XX.mp4,N,62.1111111111111,0.0811,0.0811
1059_IEO_HAP_MD.mp4,H,61.3333333333333,0.6453,0.484
1026_ITS_NEU_XX.mp4,N,60.25,0.0801,0.0801
1087_IOM_HAP_XX.mp4,N,51.3,0.0756,0.0756
1039_IEO_ANG_LO.mp4,N,61.5555555555556,0.0808,0.0808
1008_DFA_SAD_XX.mp4,N,40.3333333333333,0.0702,0.0702
1086_IWW_NEU_XX.mp4,N,39.7777777777778,0.0699,0.0699
1089_DFA_DIS_XX.mp4,N,52.6666666666667,0.0763,0.0763
1068_WSI_ANG_XX.mp4,A,59.5555555555556,-0.5584,0.6382
1068_DFA_ANG_XX.mp4,A,70.6666666666667,-0.5973,0.6827
1030_IWW_DIS_XX.mp4,N,61.4444444444444,0.0807,0.0807
1025_IWW_DIS_XX.mp4,F,38.0,-0.414,0.483
1089_WSI_DIS_XX.mp4,D,69.1111111111111,-0.5919,0.3382
1019_TIE_DIS_XX.mp4,A:D,52.2,0.0,0.0
1059_IEO_SAD_LO.mp4,S,58.3333333333333,-0.475,0.1583
1082_IWW_HAP_XX.mp4,H,49.0,0.596,0.447
1086_DFA_SAD_XX.mp4,N,59.6666666666667,0.0798,0.0798
1021_TIE_NEU_XX.mp4,N,69.7,0.0849,0.0849
1034_TIE_NEU_XX.mp4,N,65.6,0.0828,0.0828
1063_TIE_ANG_XX.mp4,A,54.5,-0.5407,0.618
1076_TIE_ANG_XX.mp4,A,58.4,-0.5544,0.6336
1036_ITH_HAP_XX.mp4,N,56.5,0.0783,0.0783
1007_DFA_DIS_XX.mp4,N,55.5555555555556,0.0778,0.0778
1012_DFA_DIS_XX.mp4,A:D:N,68.1666666666667,0.0,0.0
1023_ITH_HAP_XX.mp4,N,47.6666666666667,0.0738,0.0738
1017_ITH_FEA_XX.mp4,N,74.8888888888889,0.0874,0.0874
1008_IWW_NEU_XX.mp4,F:N,45.5555555555556,0.0,0.0
1002_ITH_FEA_XX.mp4,F,47.3,-0.4419,0.5155
1091_ITH_DIS_XX.mp4,N,49.2,0.0746,0.0746
1084_ITH_DIS_XX.mp4,N,38.1,0.0691,0.0691
1081_DFA_FEA_XX.mp4,N,67.3,0.0837,0.0837
1010_ITH_SAD_XX.mp4,N,63.1,0.0816,0.0816
1005_ITH_SAD_XX.mp4,N,57.4444444444444,0.0787,0.0787
1003_IEO_NEU_XX.mp4,N,67.7,0.0839,0.0839
1016_IEO_NEU_XX.mp4,N,85.0,0.0925,0.0925
1004_TIE_FEA_XX.mp4,F,62.0,-0.486,0.567
1011_TIE_FEA_XX.mp4,N,61.0,0.0805,0.0805
1025_TIE_HAP_XX.mp4,N,49.2,0.0746,0.0746
1030_TIE_HAP_XX.mp4,N,54.1111111111111,0.0771,0.0771
1038_IWW_FEA_XX.mp4,F,52.3,-0.4569,0.5331
1032_ITH_NEU_XX.mp4,N,62.1,0.0811,0.0811
1027_ITH_NEU_XX.mp4,N,67.8,0.0839,0.0839
1019_IWW_HAP_XX.mp4,H,63.3333333333333,0.6533,0.49
1081_WSI_FEA_XX.mp4,N,54.8571428571429,0.0774,0.0774
1056_IEO_DIS_LO.mp4,D,61.4,-0.5649,0.3228
1043_IEO_DIS_LO.mp4,N,50.6666666666667,0.0753,0.0753
1070_ITH_ANG_XX.mp4,N,63.2,0.0816,0.0816
1065_ITH_ANG_XX.mp4,A,54.2222222222222,-0.5398,0.6169
1003_TIE_SAD_XX.mp4,S,58.6666666666667,-0.476,0.1587
1012_WSI_DIS_XX.mp4,D,53.4,-0.5369,0.3068
1016_TIE_SAD_XX.mp4,N,41.2,0.0706,0.0706
1007_WSI_DIS_XX.mp4,N,57.7,0.0789,0.0789
1082_TIE_DIS_XX.mp4,A:D:F:N,59.7777777777778,0.0,0.0
1086_WSI_SAD_XX.mp4,N,60.6,0.0803,0.0803
1018_IOM_NEU_XX.mp4,N,55.0,0.0775,0.0775
1086_TAI_ANG_XX.mp4,A,67.0,-0.5845,0.668
1089_MTI_DIS_XX.mp4,N,68.75,0.0844,0.0844
1080_IEO_ANG_HI.mp4,A,78.2857142857143,-0.624,0.7131
1084_IEO_ANG_MD.mp4,D:N,52.125,0.0,0.0
1008_MTI_SAD_XX.mp4,S,55.2857142857143,-0.4659,0.1553
1091_IEO_ANG_MD.mp4,F,77.0,-0.531,0.6195
1087_IWL_NEU_XX.mp4,N,54.1,0.0771,0.0771
1065_IEO_DIS_MD.mp4,N,63.875,0.0819,0.0819
1028_IOM_FEA_XX.mp4,S,73.4,-0.5202,0.1734
1070_IEO_DIS_MD.mp4,D,42.8888888888889,-0.5001,0.2858
1009_IOM_HAP_XX.mp4,H,68.7142857142857,0.6749,0.5061
1031_IWL_DIS_XX.mp4,N,60.5,0.0803,0.0803
1024_IWL_DIS_XX.mp4,N,49.8888888888889,0.0749,0.0749
1074_IEO_DIS_HI.mp4,F,52.75,-0.4582,0.5346
1061_IEO_DIS_HI.mp4,D,53.0,-0.5355,0.306
1068_MTI_ANG_XX.mp4,A,55.6666666666667,-0.5448,0.6227
1067_TAI_DIS_XX.mp4,A:D:F:N:S,47.6,0.0,0.0
1072_TAI_DIS_XX.mp4,N,72.2,0.0861,0.0861
1056_TSI_DIS_XX.mp4,H,38.5714285714286,0.5543,0.4157
1083_IWL_HAP_XX.mp4,N,63.4444444444444,0.0817,0.0817
1043_TSI_DIS_XX.mp4,N,52.0,0.076,0.076
1014_IOM_HAP_XX.mp4,N,53.6,0.0768,0.0768
1001_IOM_HAP_XX.mp4,N,52.9090909090909,0.0765,0.0765
1039_IWL_DIS_XX.mp4,D,50.3333333333333,-0.5262,0.3007
1035_IOM_FEA_XX.mp4,N,76.4444444444444,0.0882,0.0882
1078_IEO_DIS_MD.mp4,F,45.1111111111111,-0.4353,0.5079
1020_IOM_FEA_XX.mp4,N,60.3,0.0801,0.0801
1037_MTI_NEU_XX.mp4,N,51.1,0.0756,0.0756
1022_MTI_NEU_XX.mp4,N,61.4,0.0807,0.0807
1075_MTI_ANG_XX.mp4,N,46.8,0.0734,0.0734
1060_MTI_ANG_XX.mp4,N,61.6666666666667,0.0808,0.0808
1069_IEO_DIS_HI.mp4,F,58.6,-0.4758,0.5551
1032_IOM_SAD_XX.mp4,N,67.0,0.0835,0.0835
1027_IOM_SAD_XX.mp4,S,57.1111111111111,-0.4713,0.1571
1052_IOM_ANG_XX.mp4,A,53.875,-0.5386,0.6155
1047_IOM_ANG_XX.mp4,A,63.0,-0.5705,0.652
1010_IOM_NEU_XX.mp4,N,69.6666666666667,0.0848,0.0848
1005_IOM_NEU_XX.mp4,N,66.4,0.0832,0.0832
1003_ITS_DIS_XX.mp4,F,41.4444444444444,-0.4243,0.4951
1016_ITS_DIS_XX.mp4,D,51.8,-0.5313,0.3036
1082_ITS_SAD_XX.mp4,N,58.0,0.079,0.079
1012_MTI_FEA_XX.mp4,F,60.0,-0.48,0.56
1007_MTI_FEA_XX.mp4,N,42.8,0.0714,0.0714
1033_MTI_HAP_XX.mp4,N,60.875,0.0804,0.0804
1026_MTI_HAP_XX.mp4,N,57.75,0.0789,0.0789
1088_IEO_ANG_HI.mp4,A,92.1111111111111,-0.6724,0.7684
1081_MTI_DIS_XX.mp4,N,45.875,0.0729,0.0729
1015_MTI_SAD_XX.mp4,N,53.5,0.0768,0.0768
1085_ITS_FEA_XX.mp4,N,61.4444444444444,0.0807,0.0807
1090_ITS_FEA_XX.mp4,N,56.5454545454545,0.0783,0.0783
1038_TIE_HAP_XX.mp4,H,65.5,0.662,0.4965
1019_TIE_FEA_XX.mp4,N,67.2222222222222,0.0836,0.0836
1089_WSI_FEA_XX.mp4,N,52.5,0.0762,0.0762
1004_IWW_HAP_XX.mp4,H:N,56.1818181818182,0.0,0.0
1011_IWW_HAP_XX.mp4,N,59.8,0.0799,0.0799
1025_IWW_FEA_XX.mp4,F,36.0,-0.408,0.476
1030_IWW_FEA_XX.mp4,F,40.0,-0.42,0.49
1078_ITH_ANG_XX.mp4,A,63.2222222222222,-0.5713,0.6529
1022_IWW_SAD_XX.mp4,F,35.6,-0.4068,0.4746
1037_IWW_SAD_XX.mp4,S,68.8,-0.5064,0.1688
1029_TIE_NEU_XX.mp4,N,69.5,0.0847,0.0847
1042_IWW_ANG_XX.mp4,A,60.4545454545455,-0.5616,0.6418
1057_IWW_ANG_XX.mp4,A,64.0,-0.574,0.656
1015_IWW_NEU_XX.mp4,N,57.4444444444444,0.0787,0.0787
1089_DFA_FEA_XX.mp4,N,49.4545454545455,0.0747,0.0747
1018_ITH_SAD_XX.mp4,N,56.1111111111111,0.0781,0.0781
1062_IEO_HAP_LO.mp4,N,73.1111111111111,0.0866,0.0866
1077_IEO_HAP_LO.mp4,N,80.7777777777778,0.0904,0.0904
1043_IEO_FEA_LO.mp4,N,71.2,0.0856,0.0856
1075_DFA_ANG_XX.mp4,A,65.5,-0.5792,0.662
1060_DFA_ANG_XX.mp4,D,58.6363636363636,-0.5552,0.3173
1056_IEO_FEA_LO.mp4,N,37.75,0.0689,0.0689
1081_WSI_DIS_XX.mp4,D,53.4444444444444,-0.5371,0.3069
1090_TIE_SAD_XX.mp4,N,45.7,0.0729,0.0729
1037_DFA_NEU_XX.mp4,N,76.8333333333333,0.0884,0.0884
1022_DFA_NEU_XX.mp4,N,50.8,0.0754,0.0754
1085_TIE_SAD_XX.mp4,N,66.0,0.083,0.083
1038_IWW_DIS_XX.mp4,F,56.875,-0.4706,0.5491
1011_TIE_DIS_XX.mp4,A,65.2222222222222,-0.5783,0.6609
1004_TIE_DIS_XX.mp4,D,57.625,-0.5517,0.3153
1015_WSI_SAD_XX.mp4,N,71.0,0.0855,0.0855
1082_TIE_FEA_XX.mp4,A,66.0,-0.581,0.664
1044_IEO_SAD_LO.mp4,D:N,52.8888888888889,0.0,0.0
1051_IEO_SAD_LO.mp4,N,61.0,0.0805,0.0805
1026_WSI_HAP_XX.mp4,N,54.7,0.0774,0.0774
1033_WSI_HAP_XX.mp4,A,49.1111111111111,-0.5219,0.5964
1007_WSI_FEA_XX.mp4,N,48.4444444444444,0.0742,0.0742
1012_WSI_FEA_XX.mp4,S,53.5,-0.4605,0.1535
1002_ITH_DIS_XX.mp4,S,43.125,-0.4294,0.1431
1033_DFA_HAP_XX.mp4,N,59.3,0.0796,0.0796
1026_DFA_HAP_XX.mp4,N,68.5454545454545,0.0843,0.0843
1017_ITH_DIS_XX.mp4,N,40.5555555555556,0.0703,0.0703
1024_IEO_ANG_LO.mp4,N,64.8,0.0824,0.0824
1012_DFA_FEA_XX.mp4,N,56.875,0.0784,0.0784
1007_DFA_FEA_XX.mp4,N,58.4444444444444,0.0792,0.0792
1031_IEO_ANG_LO.mp4,N,67.3333333333333,0.0837,0.0837
1090_IEO_NEU_XX.mp4,N,69.2,0.0846,0.0846
1085_IEO_NEU_XX.mp4,N,70.9,0.0855,0.0855
1083_ITH_SAD_XX.mp4,N,52.875,0.0764,0.0764
1015_DFA_SAD_XX.mp4,N,58.4,0.0792,0.0792
1022_WSI_NEU_XX.mp4,N,70.6666666666667,0.0853,0.0853
1081_DFA_DIS_XX.mp4,N,66.0,0.083,0.083
1037_WSI_NEU_XX.mp4,N,83.75,0.0919,0.0919
1084_ITH_FEA_XX.mp4,F:S,53.4,0.0,0.0
1091_ITH_FEA_XX.mp4,F,47.5555555555556,-0.4427,0.5164
1060_WSI_ANG_XX.mp4,N,56.5555555555556,0.0783,0.0783
1075_WSI_ANG_XX.mp4,A,68.5,-0.5897,0.674
1040_IEO_HAP_HI.mp4,S,48.4,-0.4452,0.1484
1044_TSI_SAD_XX.mp4,F,41.6,-0.4248,0.4956
1051_TSI_SAD_XX.mp4,N,57.875,0.0789,0.0789
1055_IEO_HAP_HI.mp4,F,81.8888888888889,-0.5457,0.6366
1061_IEO_FEA_HI.mp4,F,59.875,-0.4796,0.5596
1074_IEO_FEA_HI.mp4,F,70.5555555555556,-0.5117,0.5969
1079_ITS_ANG_XX.mp4,A,49.1,-0.5219,0.5964
1051_IEO_HAP_MD.mp4,N,71.2,0.0856,0.0856
1075_TAI_SAD_XX.mp4,S,38.0,-0.414,0.138
1024_IWL_FEA_XX.mp4,D,40.7142857142857,-0.4925,0.2814
1031_IWL_FEA_XX.mp4,N,62.8888888888889,0.0814,0.0814
1060_TAI_SAD_XX.mp4,S,47.5,-0.4425,0.1475
1044_IEO_HAP_MD.mp4,N,50.4444444444444,0.0752,0.0752
1005_IWL_HAP_XX.mp4,N,59.5454545454545,0.0798,0.0798
1070_IEO_FEA_MD.mp4,H,49.1111111111111,0.5964,0.4473
1065_IEO_FEA_MD.mp4,N,59.125,0.0796,0.0796
1010_IWL_HAP_XX.mp4,H,67.0,0.668,0.501
1028_IOM_DIS_XX.mp4,A:D,75.2857142857143,0.0,0.0
1043_TSI_FEA_XX.mp4,F,56.8,-0.4704,0.5488
1056_TSI_FEA_XX.mp4,F,55.1111111111111,-0.4653,0.5429
1062_TSI_HAP_XX.mp4,N,60.0,0.08,0.08
1066_IEO_SAD_HI.mp4,N,65.2,0.0826,0.0826
1073_IEO_SAD_HI.mp4,N,57.2,0.0786,0.0786
1077_TSI_HAP_XX.mp4,N,58.7777777777778,0.0794,0.0794
1023_IWL_SAD_XX.mp4,N,65.2222222222222,0.0826,0.0826
1072_TAI_FEA_XX.mp4,F:N,53.0,0.0,0.0
1067_TAI_FEA_XX.mp4,F,39.8888888888889,-0.4197,0.4896
1036_IWL_SAD_XX.mp4,S,64.0,-0.492,0.164
1053_TAI_HAP_XX.mp4,N,58.4444444444444,0.0792,0.0792
1077_IEO_SAD_MD.mp4,N,53.7,0.0769,0.0769
1062_IEO_SAD_MD.mp4,N,55.2222222222222,0.0776,0.0776
1046_TAI_HAP_XX.mp4,D:N,53.7777777777778,0.0,0.0
1006_IEO_ANG_HI.mp4,A,76.9,-0.6191,0.7076
1013_IEO_ANG_HI.mp4,A,85.0909090909091,-0.6478,0.7404
1001_IWL_NEU_XX.mp4,N,51.8,0.0759,0.0759
1014_IWL_NEU_XX.mp4,N,63.5,0.0818,0.0818
1043_IWL_ANG_XX.mp4,A,71.6666666666667,-0.6008,0.6867
1056_IWL_ANG_XX.mp4,A,62.3,-0.568,0.6492
1017_IEO_ANG_MD.mp4,F:N,63.7,0.0,0.0
1002_IEO_ANG_MD.mp4,A,60.4,-0.5614,0.6416
1066_TSI_NEU_XX.mp4,N,62.2,0.0811,0.0811
1073_TSI_NEU_XX.mp4,N,68.6666666666667,0.0843,0.0843
1024_TSI_ANG_XX.mp4,N,57.4444444444444,0.0787,0.0787
1031_TSI_ANG_XX.mp4,N,56.4,0.0782,0.0782
1015_TAI_ANG_XX.mp4,A,52.7272727272727,-0.5345,0.6109
1089_MTI_FEA_XX.mp4,S,58.6,-0.4758,0.1586
1057_TAI_NEU_XX.mp4,N,67.0909090909091,0.0835,0.0835
1019_ITS_SAD_XX.mp4,F,62.8,-0.4884,0.5698
1042_TAI_NEU_XX.mp4,N,66.7,0.0834,0.0834
1056_IOM_SAD_XX.mp4,N,69.25,0.0846,0.0846
1043_IOM_SAD_XX.mp4,S,62.0,-0.486,0.162
1086_ITS_ANG_XX.mp4,A:D,49.1,0.0,0.0
1051_IOM_FEA_XX.mp4,N,57.6,0.0788,0.0788
1009_IEO_DIS_MD.mp4,D,47.7272727272727,-0.517,0.2955
1044_IOM_FEA_XX.mp4,N,68.8888888888889,0.0844,0.0844
1088_TSI_HAP_XX.mp4,N,57.2,0.0786,0.0786
1070_IOM_HAP_XX.mp4,N,69.1,0.0846,0.0846
1048_IWL_DIS_XX.mp4,N,45.4285714285714,0.0727,0.0727
1065_IOM_HAP_XX.mp4,N,74.7777777777778,0.0874,0.0874
1053_MTI_NEU_XX.mp4,N,74.1,0.0871,0.0871
1046_MTI_NEU_XX.mp4,N,65.8,0.0829,0.0829
1018_IEO_DIS_HI.mp4,A,54.0,-0.539,0.616
1011_MTI_ANG_XX.mp4,A,61.1111111111111,-0.5639,0.6444
1088_IEO_SAD_MD.mp4,N,55.125,0.0776,0.0776
1004_MTI_ANG_XX.mp4,D,54.5714285714286,-0.541,0.3091
1071_MTI_SAD_XX.mp4,N,69.0,0.0845,0.0845
1064_MTI_SAD_XX.mp4,N,61.875,0.0809,0.0809
1036_IOM_ANG_XX.mp4,A,52.6,-0.5341,0.6104
1023_IOM_ANG_XX.mp4,A,59.2222222222222,-0.5573,0.6369
1067_ITS_DIS_XX.mp4,N,40.6666666666667,0.0703,0.0703
1072_ITS_DIS_XX.mp4,H,55.7777777777778,0.6231,0.4673
1074_IOM_NEU_XX.mp4,N,68.9,0.0845,0.0845
1061_IOM_NEU_XX.mp4,N,70.6,0.0853,0.0853
1057_MTI_HAP_XX.mp4,N,43.4285714285714,0.0717,0.0717
1042_MTI_HAP_XX.mp4,N,54.6,0.0773,0.0773
1076_MTI_FEA_XX.mp4,N,57.7,0.0789,0.0789
1063_MTI_FEA_XX.mp4,D:F:N,51.125,0.0,0.0
1088_IEO_HAP_LO.mp4,N,57.0,0.0785,0.0785
1046_IWW_SAD_XX.mp4,N,56.5,0.0783,0.0783
1053_IWW_SAD_XX.mp4,S,51.6,-0.4548,0.1516
1068_TIE_FEA_XX.mp4,F:S,56.4444444444444,0.0,0.0
1049_TIE_HAP_XX.mp4,H,54.1,0.6164,0.4623
1041_IWW_FEA_XX.mp4,F,51.0,-0.453,0.5285
1054_IWW_FEA_XX.mp4,F,51.5454545454545,-0.4546,0.5304
1060_IWW_HAP_XX.mp4,N,54.375,0.0772,0.0772
1075_IWW_HAP_XX.mp4,N,50.8,0.0754,0.0754
1009_ITH_ANG_XX.mp4,F,54.5,-0.4635,0.5407
1069_ITH_SAD_XX.mp4,F,50.7142857142857,-0.4521,0.5275
1058_TIE_NEU_XX.mp4,N,54.9,0.0775,0.0775
1026_IWW_ANG_XX.mp4,A,60.75,-0.5626,0.643
1033_IWW_ANG_XX.mp4,A,61.5555555555556,-0.5654,0.6462
1064_IWW_NEU_XX.mp4,N,57.4,0.0787,0.0787
1071_IWW_NEU_XX.mp4,F,48.0,-0.444,0.518
1020_IEO_SAD_LO.mp4,N,58.7777777777778,0.0794,0.0794
1035_IEO_SAD_LO.mp4,N,58.0,0.079,0.079
1087_ITH_ANG_XX.mp4,N,61.3,0.0806,0.0806
1063_WSI_FEA_XX.mp4,N,45.4444444444444,0.0727,0.0727
1076_WSI_FEA_XX.mp4,D,50.0,-0.525,0.3
1042_WSI_HAP_XX.mp4,A,52.6666666666667,-0.5343,0.6107
1057_WSI_HAP_XX.mp4,F,50.4,-0.4512,0.5264
1011_DFA_ANG_XX.mp4,A,70.4,-0.5964,0.6816
1027_IEO_FEA_LO.mp4,N,65.0,0.0825,0.0825
1032_IEO_FEA_LO.mp4,N,53.7,0.0769,0.0769
1004_DFA_ANG_XX.mp4,A,71.6666666666667,-0.6008,0.6867
1006_IEO_HAP_LO.mp4,N,56.8888888888889,0.0784,0.0784
1013_IEO_HAP_LO.mp4,N,73.8888888888889,0.0869,0.0869
1049_IWW_DIS_XX.mp4,S,39.375,-0.4181,0.1394
1053_DFA_NEU_XX.mp4,N,69.0,0.0845,0.0845
1046_DFA_NEU_XX.mp4,N,62.7,0.0814,0.0814
1075_TIE_DIS_XX.mp4,N,61.3,0.0806,0.0806
1064_WSI_SAD_XX.mp4,N,67.4444444444444,0.0837,0.0837
1060_TIE_DIS_XX.mp4,N,61.375,0.0807,0.0807
1071_WSI_SAD_XX.mp4,N,55.7777777777778,0.0779,0.0779
1081_TIE_ANG_XX.mp4,A,53.6,-0.5376,0.6144
1071_DFA_SAD_XX.mp4,N,64.7,0.0824,0.0824
1064_DFA_SAD_XX.mp4,S,68.75,-0.5062,0.1688
1046_WSI_NEU_XX.mp4,N,55.0,0.0775,0.0775
1053_WSI_NEU_XX.mp4,N,66.7,0.0834,0.0834
1004_WSI_ANG_XX.mp4,A,64.0,-0.574,0.656
1011_WSI_ANG_XX.mp4,A,75.8,-0.6153,0.7032
1076_DFA_FEA_XX.mp4,N,37.5555555555556,0.0688,0.0688
1040_IEO_ANG_LO.mp4,N,64.9,0.0825,0.0825
1055_IEO_ANG_LO.mp4,N,51.4444444444444,0.0757,0.0757
1063_DFA_FEA_XX.mp4,N,52.3333333333333,0.0762,0.0762
1057_DFA_HAP_XX.mp4,N,62.2222222222222,0.0811,0.0811
1066_ITH_DIS_XX.mp4,D:N,58.125,0.0,0.0
1073_ITH_DIS_XX.mp4,N,53.2,0.0766,0.0766
1042_DFA_HAP_XX.mp4,N,44.8888888888889,0.0724,0.0724
1006_TSI_HAP_XX.mp4,N,61.0,0.0805,0.0805
1002_IEO_SAD_HI.mp4,N,63.1111111111111,0.0816,0.0816
1017_IEO_SAD_HI.mp4,N,46.0,0.073,0.073
1013_TSI_HAP_XX.mp4,A,57.5,-0.5512,0.63
1027_TSI_FEA_XX.mp4,N,51.1111111111111,0.0756,0.0756
1032_TSI_FEA_XX.mp4,D:H,39.4285714285714,0.0,0.0
1087_IEO_DIS_MD.mp4,N,55.6,0.0778,0.0778
1037_TAI_HAP_XX.mp4,H,74.1111111111111,0.6964,0.5223
1013_IEO_SAD_MD.mp4,S,64.9,-0.4947,0.1649
1006_IEO_SAD_MD.mp4,S,43.3,-0.4299,0.1433
1022_TAI_HAP_XX.mp4,H,53.7,0.6148,0.4611
1083_IEO_DIS_HI.mp4,D,60.8888888888889,-0.5631,0.3218
1016_TAI_FEA_XX.mp4,F,57.5454545454545,-0.4726,0.5514
1047_IWL_SAD_XX.mp4,N,59.4,0.0797,0.0797
1052_IWL_SAD_XX.mp4,N,54.6,0.0773,0.0773
1003_TAI_FEA_XX.mp4,S,45.2,-0.4356,0.1452
1005_IEO_FEA_HI.mp4,F,53.7777777777778,-0.4613,0.5382
1090_TAI_DIS_XX.mp4,F,47.8,-0.4434,0.5173
1010_IEO_FEA_HI.mp4,F,71.4,-0.5142,0.5999
1085_TAI_DIS_XX.mp4,D,62.2,-0.5677,0.3244
1024_IEO_HAP_HI.mp4,N,58.25,0.0791,0.0791
1020_TSI_SAD_XX.mp4,N,52.8571428571429,0.0764,0.0764
1035_TSI_SAD_XX.mp4,D,54.0,-0.539,0.308
1031_IEO_HAP_HI.mp4,H:N,49.8,0.0,0.0
1008_ITS_ANG_XX.mp4,A,63.3,-0.5716,0.6532
1061_IWL_HAP_XX.mp4,N,52.5,0.0762,0.0762
1059_IOM_DIS_XX.mp4,D,53.4444444444444,-0.5371,0.3069
1014_IEO_FEA_MD.mp4,N,59.7,0.0799,0.0799
1001_IEO_FEA_MD.mp4,F,57.0,-0.471,0.5495
1074_IWL_HAP_XX.mp4,A,67.0,-0.5845,0.668
1035_IEO_HAP_MD.mp4,A:D:N,60.3333333333333,0.0,0.0
1040_IWL_FEA_XX.mp4,S,44.7777777777778,-0.4343,0.1448
1011_TAI_SAD_XX.mp4,N,50.1111111111111,0.0751,0.0751
1004_TAI_SAD_XX.mp4,F,59.8,-0.4794,0.5593
1055_IWL_FEA_XX.mp4,A,48.5555555555556,-0.5199,0.5942
1020_IEO_HAP_MD.mp4,H,63.75,0.655,0.4912
1002_TSI_NEU_XX.mp4,N,68.8,0.0844,0.0844
1017_TSI_NEU_XX.mp4,N,53.1,0.0766,0.0766
1040_TSI_ANG_XX.mp4,N,55.4,0.0777,0.0777
1055_TSI_ANG_XX.mp4,F,50.6,-0.4518,0.5271
1071_TAI_ANG_XX.mp4,D:N,68.4,0.0,0.0
1064_TAI_ANG_XX.mp4,A,79.8888888888889,-0.6296,0.7196
1068_ITS_SAD_XX.mp4,N,54.75,0.0774,0.0774
1033_TAI_NEU_XX.mp4,N,70.0909090909091,0.085,0.085
1026_TAI_NEU_XX.mp4,N,71.0,0.0855,0.0855
1062_IEO_ANG_HI.mp4,A,61.3333333333333,-0.5647,0.6453
1077_IEO_ANG_HI.mp4,A,86.7777777777778,-0.6537,0.7471
1065_IWL_NEU_XX.mp4,N,81.1,0.0906,0.0906
1070_IWL_NEU_XX.mp4,N,67.4,0.0837,0.0837
1073_IEO_ANG_MD.mp4,A,60.125,-0.5604,0.6405
1066_IEO_ANG_MD.mp4,D:N,53.7777777777778,0.0,0.0
1027_IWL_ANG_XX.mp4,A,69.375,-0.5928,0.6775
1032_IWL_ANG_XX.mp4,N,57.3636363636364,0.0787,0.0787
1090_IWL_NEU_XX.mp4,D,53.0,-0.5355,0.306
1085_IWL_NEU_XX.mp4,N,59.4,0.0797,0.0797
1086_IEO_ANG_MD.mp4,A,66.5555555555556,-0.5829,0.6662
1082_IEO_ANG_HI.mp4,A,73.3,-0.6066,0.6932
1018_MTI_FEA_XX.mp4,F,60.375,-0.4811,0.5613
1084_TAI_ANG_XX.mp4,D,47.1,-0.5149,0.2942
1091_TAI_ANG_XX.mp4,A,52.4444444444444,-0.5336,0.6098
1039_MTI_HAP_XX.mp4,H,57.875,0.6315,0.4736
1088_ITS_SAD_XX.mp4,N,52.6666666666667,0.0763,0.0763
1009_ITS_DIS_XX.mp4,N,62.9,0.0815,0.0815
1058_IOM_ANG_XX.mp4,A,63.8,-0.5733,0.6552
1054_TSI_DIS_XX.mp4,N,57.5714285714286,0.0788,0.0788
1081_IWL_HAP_XX.mp4,N,54.375,0.0772,0.0772
1041_TSI_DIS_XX.mp4,D,63.5555555555556,-0.5724,0.3271
1065_TAI_DIS_XX.mp4,N,44.4444444444444,0.0722,0.0722
1070_TAI_DIS_XX.mp4,D,53.0,-0.5355,0.306
1038_IOM_SAD_XX.mp4,N:S,61.6,0.0,0.0
1076_IEO_DIS_HI.mp4,N,61.5555555555556,0.0808,0.0808
1063_IEO_DIS_HI.mp4,N,46.9,0.0735,0.0735
1028_MTI_NEU_XX.mp4,S,42.9,-0.4287,0.1429
1033_IWL_DIS_XX.mp4,D:N,60.2222222222222,0.0,0.0
1026_IWL_DIS_XX.mp4,N,60.1111111111111,0.0801,0.0801
1067_IEO_DIS_MD.mp4,N:S,69.4444444444444,0.0,0.0
1072_IEO_DIS_MD.mp4,A,76.8888888888889,-0.6191,0.7076
1001_IEO_NEU_XX.mp4,N,71.7272727272727,0.0859,0.0859
1014_IEO_NEU_XX.mp4,N,69.0,0.0845,0.0845
1012_ITH_SAD_XX.mp4,S,39.9,-0.4197,0.1399
1007_ITH_SAD_XX.mp4,N,47.6666666666667,0.0738,0.0738
1083_DFA_FEA_XX.mp4,N:S,51.0,0.0,0.0
1086_ITH_DIS_XX.mp4,D,39.2222222222222,-0.4873,0.2784
1015_ITH_FEA_XX.mp4,N,65.1,0.0825,0.0825
1034_ITH_HAP_XX.mp4,H,51.6666666666667,0.6067,0.455
1005_DFA_DIS_XX.mp4,D,61.375,-0.5648,0.3228
1010_DFA_DIS_XX.mp4,N,60.8888888888889,0.0804,0.0804
1021_ITH_HAP_XX.mp4,N,55.375,0.0777,0.0777
1048_IWW_ANG_XX.mp4,F,52.1,-0.4563,0.5323
1061_TIE_ANG_XX.mp4,A,50.8888888888889,-0.5281,0.6036
1074_TIE_ANG_XX.mp4,A,78.2,-0.6237,0.7128
1084_DFA_SAD_XX.mp4,N,63.3,0.0817,0.0817
1023_TIE_NEU_XX.mp4,N,63.0,0.0815,0.0815
1036_TIE_NEU_XX.mp4,N,54.0,0.077,0.077
1091_DFA_SAD_XX.mp4,N,51.3,0.0756,0.0756
1080_TIE_DIS_XX.mp4,A:N,47.75,0.0,0.0
1091_WSI_SAD_XX.mp4,N,47.4,0.0737,0.0737
1084_WSI_SAD_XX.mp4,N:S,43.8888888888889,0.0,0.0
1028_IWW_SAD_XX.mp4,S,69.3,-0.5079,0.1693
1010_WSI_DIS_XX.mp4,N,47.5,0.0738,0.0738
1001_TIE_SAD_XX.mp4,N,59.3,0.0796,0.0796
1005_WSI_DIS_XX.mp4,D,50.0,-0.525,0.3
1014_TIE_SAD_XX.mp4,N,47.5555555555556,0.0738,0.0738
1072_ITH_ANG_XX.mp4,D,61.2222222222222,-0.5643,0.3224
1067_ITH_ANG_XX.mp4,A:D:F:N,51.625,0.0,0.0
1054_IEO_DIS_LO.mp4,S,51.25,-0.4537,0.1512
1041_IEO_DIS_LO.mp4,N:S,48.0,0.0,0.0
1083_WSI_FEA_XX.mp4,N,53.8888888888889,0.0769,0.0769
1030_ITH_NEU_XX.mp4,N,69.6,0.0848,0.0848
1025_ITH_NEU_XX.mp4,N,60.4545454545455,0.0802,0.0802
1027_TIE_HAP_XX.mp4,N,59.5,0.0798,0.0798
1032_TIE_HAP_XX.mp4,N,68.375,0.0842,0.0842
1006_TIE_FEA_XX.mp4,F,59.0,-0.477,0.5565
1013_TIE_FEA_XX.mp4,F,52.2222222222222,-0.4567,0.5328
1028_WSI_NEU_XX.mp4,N,56.9,0.0785,0.0785
1091_IWW_NEU_XX.mp4,N,63.1111111111111,0.0816,0.0816
1084_IWW_NEU_XX.mp4,N,50.6666666666667,0.0753,0.0753
1089_ITH_SAD_XX.mp4,S,48.1818181818182,-0.4445,0.1482
1008_ITH_DIS_XX.mp4,N,51.875,0.0759,0.0759
1039_DFA_HAP_XX.mp4,N,54.7,0.0774,0.0774
1018_DFA_FEA_XX.mp4,N,72.3333333333333,0.0862,0.0862
1039_WSI_HAP_XX.mp4,H,69.0,0.676,0.507
1018_WSI_FEA_XX.mp4,N,63.1111111111111,0.0816,0.0816
1080_IWW_HAP_XX.mp4,N,60.2222222222222,0.0801,0.0801
1088_TIE_FEA_XX.mp4,A,54.5,-0.5407,0.618
1028_DFA_NEU_XX.mp4,D,59.625,-0.5587,0.3193
1032_IWW_DIS_XX.mp4,N,60.3,0.0801,0.0801
1027_IWW_DIS_XX.mp4,N,54.625,0.0773,0.0773
1068_IEO_HAP_LO.mp4,N,53.3333333333333,0.0767,0.0767
1049_IEO_FEA_LO.mp4,N,56.5,0.0783,0.0783
1013_ITS_SAD_XX.mp4,N:S,46.1111111111111,0.0,0.0
1048_TAI_NEU_XX.mp4,N,49.4,0.0747,0.0747
1006_ITS_SAD_XX.mp4,F:S,73.2222222222222,0.0,0.0
1083_MTI_FEA_XX.mp4,N,55.625,0.0778,0.0778
1087_ITS_DIS_XX.mp4,N,48.75,0.0744,0.0744
1079_TSI_NEU_XX.mp4,N,58.0,0.079,0.079
1081_IOM_NEU_XX.mp4,N:S,62.2,0.0,0.0
1049_IWL_ANG_XX.mp4,A:H,53.1111111111111,0.0,0.0
1008_IEO_ANG_MD.mp4,D,61.2,-0.5642,0.3224
1084_MTI_SAD_XX.mp4,N,57.5,0.0788,0.0788
1091_MTI_SAD_XX.mp4,N,47.1111111111111,0.0736,0.0736
1035_ITS_HAP_XX.mp4,H,51.7777777777778,0.6071,0.4553
1020_ITS_HAP_XX.mp4,H,42.7142857142857,0.5709,0.4281
1014_ITS_FEA_XX.mp4,N,52.3636363636364,0.0762,0.0762
1001_ITS_FEA_XX.mp4,F:H,44.7777777777778,0.0,0.0
1005_MTI_DIS_XX.mp4,N,64.0,0.082,0.082
1010_MTI_DIS_XX.mp4,N,58.2727272727273,0.0791,0.0791
1019_IEO_ANG_HI.mp4,A,80.5,-0.6318,0.722
1029_IWL_SAD_XX.mp4,N,53.0,0.0765,0.0765
1078_TAI_FEA_XX.mp4,F,56.125,-0.4684,0.5464
1068_IEO_SAD_MD.mp4,N,69.6,0.0848,0.0848
1059_TAI_HAP_XX.mp4,H,67.125,0.6685,0.5014
1049_TSI_FEA_XX.mp4,F:N,59.7777777777778,0.0,0.0
1079_IEO_SAD_HI.mp4,N,60.5,0.0803,0.0803
1085_IOM_HAP_XX.mp4,N,57.3333333333333,0.0787,0.0787
1068_TSI_HAP_XX.mp4,N,46.3333333333333,0.0732,0.0732
1090_IOM_HAP_XX.mp4,N,51.3333333333333,0.0757,0.0757
1031_ITS_NEU_XX.mp4,N,65.7,0.0829,0.0829
1024_ITS_NEU_XX.mp4,N,42.6,0.0713,0.0713
1022_IOM_DIS_XX.mp4,D,45.1,-0.5079,0.2902
1037_IOM_DIS_XX.mp4,N,55.2,0.0776,0.0776
1073_ITS_ANG_XX.mp4,N,60.8571428571429,0.0804,0.0804
1066_ITS_ANG_XX.mp4,D,39.6,-0.4886,0.2792
1048_MTI_HAP_XX.mp4,H,52.2,0.6088,0.4566
1069_MTI_FEA_XX.mp4,F:N,59.8571428571429,0.0,0.0
1078_ITS_DIS_XX.mp4,D,60.1111111111111,-0.5604,0.3202
1086_TSI_NEU_XX.mp4,N,54.1,0.0771,0.0771
1029_IOM_ANG_XX.mp4,A,52.8888888888889,-0.5351,0.6116
1087_TAI_FEA_XX.mp4,N,49.8181818181818,0.0749,0.0749
1012_IEO_DIS_HI.mp4,A,65.1111111111111,-0.5779,0.6604
1007_IEO_DIS_HI.mp4,A:D:N,68.0,0.0,0.0
1082_IEO_SAD_MD.mp4,S,59.5555555555556,-0.4787,0.1596
1059_MTI_NEU_XX.mp4,N,80.1,0.0901,0.0901
1003_IEO_DIS_MD.mp4,N,49.6363636363636,0.0748,0.0748
1016_IEO_DIS_MD.mp4,D,67.3,-0.5856,0.3346
1057_IWL_DIS_XX.mp4,H:N,44.4,0.0,0.0
1082_TSI_HAP_XX.mp4,N,70.75,0.0854,0.0854
1086_IEO_SAD_HI.mp4,N,59.3,0.0796,0.0796
1042_IWL_DIS_XX.mp4,A,52.8888888888889,-0.5351,0.6116
1080_TAI_SAD_XX.mp4,F,39.1,-0.4173,0.4868
1085_IEO_FEA_MD.mp4,N,67.375,0.0837,0.0837
1030_TSI_DIS_XX.mp4,N,45.0,0.0725,0.0725
1090_IEO_FEA_MD.mp4,N,62.6,0.0813,0.0813
1025_TSI_DIS_XX.mp4,N,62.2,0.0811,0.0811
1049_IOM_SAD_XX.mp4,N,59.4444444444444,0.0797,0.0797
1001_TAI_DIS_XX.mp4,N,48.375,0.0742,0.0742
1014_TAI_DIS_XX.mp4,D,48.7142857142857,-0.5205,0.2974
1081_IEO_FEA_HI.mp4,F,64.7,-0.4941,0.5765
1061_DFA_DIS_XX.mp4,D,58.7,-0.5554,0.3174
1050_ITH_HAP_XX.mp4,N,47.6,0.0738,0.0738
1045_ITH_HAP_XX.mp4,N,68.875,0.0844,0.0844
1074_DFA_DIS_XX.mp4,N,50.0,0.075,0.075
1071_ITH_FEA_XX.mp4,F,70.0,-0.51,0.595
1064_ITH_FEA_XX.mp4,F,59.0,-0.477,0.5565
1039_IWW_ANG_XX.mp4,A,81.1,-0.6338,0.7244
1080_WSI_ANG_XX.mp4,A,85.9,-0.6506,0.7436
1005_TIE_ANG_XX.mp4,A,59.2222222222222,-0.5573,0.6369
1010_TIE_ANG_XX.mp4,A,41.7777777777778,-0.4962,0.5671
1047_TIE_NEU_XX.mp4,N,57.3,0.0786,0.0786
1052_TIE_NEU_XX.mp4,N,53.1,0.0766,0.0766
1065_IEO_NEU_XX.mp4,N,70.5,0.0853,0.0853
1070_IEO_NEU_XX.mp4,N,69.0,0.0845,0.0845
1076_ITH_SAD_XX.mp4,F,57.4444444444444,-0.4723,0.5511
1063_ITH_SAD_XX.mp4,N,31.6666666666667,0.0658,0.0658
1030_IEO_DIS_LO.mp4,N,64.7,0.0824,0.0824
1025_IEO_DIS_LO.mp4,S,57.3333333333333,-0.472,0.1573
1016_ITH_ANG_XX.mp4,A,79.4545454545455,-0.6281,0.7178
1003_ITH_ANG_XX.mp4,A,69.5,-0.5932,0.678
1054_ITH_NEU_XX.mp4,N,55.5555555555556,0.0778,0.0778
1041_ITH_NEU_XX.mp4,N,66.6666666666667,0.0833,0.0833
1062_TIE_FEA_XX.mp4,N:S,63.9,0.0,0.0
1077_TIE_FEA_XX.mp4,A,58.1,-0.5533,0.6324
1043_TIE_HAP_XX.mp4,A,52.625,-0.5342,0.6105
1056_TIE_HAP_XX.mp4,N,51.625,0.0758,0.0758
1059_IWW_SAD_XX.mp4,F,43.8,-0.4314,0.5033
1082_IEO_HAP_LO.mp4,H,63.2,0.6528,0.4896
1080_DFA_ANG_XX.mp4,A,56.875,-0.5491,0.6275
1074_WSI_DIS_XX.mp4,A,63.5,-0.5722,0.654
1065_TIE_SAD_XX.mp4,N,46.8,0.0734,0.0734
1061_WSI_DIS_XX.mp4,D,52.1,-0.5323,0.3042
1070_TIE_SAD_XX.mp4,N,49.8888888888889,0.0749,0.0749
1069_DFA_FEA_XX.mp4,F,46.0,-0.438,0.511
1079_ITH_DIS_XX.mp4,D,62.3,-0.568,0.3246
1048_DFA_HAP_XX.mp4,H,66.7777777777778,0.6671,0.5003
1059_WSI_NEU_XX.mp4,D,48.0,-0.518,0.296
1056_IWW_DIS_XX.mp4,D,59.2222222222222,-0.5573,0.3184
1043_IWW_DIS_XX.mp4,N,53.2727272727273,0.0766,0.0766
1059_DFA_NEU_XX.mp4,A,52.625,-0.5342,0.6105
1038_IEO_FEA_LO.mp4,N,47.2,0.0736,0.0736
1019_IEO_HAP_LO.mp4,N,67.8888888888889,0.0839,0.0839
1069_WSI_FEA_XX.mp4,F,58.3333333333333,-0.475,0.5542
1048_WSI_HAP_XX.mp4,N,51.8571428571429,0.0759,0.0759
1079_IEO_ANG_MD.mp4,A,62.2222222222222,-0.5678,0.6489
1038_IWL_ANG_XX.mp4,A,43.3333333333333,-0.5017,0.5733
1070_ITS_FEA_XX.mp4,N,74.2727272727273,0.0871,0.0871
1065_ITS_FEA_XX.mp4,N,44.4444444444444,0.0722,0.0722
1051_ITS_HAP_XX.mp4,N,59.7,0.0799,0.0799
1044_ITS_HAP_XX.mp4,H,54.1428571428571,0.6166,0.4624
1068_IEO_ANG_HI.mp4,A,86.3333333333333,-0.6522,0.7453
1061_MTI_DIS_XX.mp4,D,61.6666666666667,-0.5658,0.3233
1074_MTI_DIS_XX.mp4,N,57.5555555555556,0.0788,0.0788
1077_ITS_SAD_XX.mp4,N,78.8,0.0894,0.0894
1062_ITS_SAD_XX.mp4,N,49.7777777777778,0.0749,0.0749
1039_TAI_NEU_XX.mp4,N,58.7,0.0794,0.0794
1008_TSI_NEU_XX.mp4,N,85.4,0.0927,0.0927
1046_IOM_DIS_XX.mp4,N,61.2222222222222,0.0806,0.0806
1053_IOM_DIS_XX.mp4,N,48.5,0.0742,0.0742
1055_ITS_NEU_XX.mp4,N,73.75,0.0869,0.0869
1040_ITS_NEU_XX.mp4,N,44.4444444444444,0.0722,0.0722
1017_ITS_ANG_XX.mp4,N,38.4,0.0692,0.0692
1002_ITS_ANG_XX.mp4,N,56.1,0.0781,0.0781
1080_MTI_ANG_XX.mp4,A,64.2222222222222,-0.5748,0.6569
1028_TAI_HAP_XX.mp4,F,64.1666666666667,-0.4925,0.5746
1019_IEO_SAD_MD.mp4,N,64.3333333333333,0.0822,0.0822
1058_IWL_SAD_XX.mp4,N:S,56.3636363636364,0.0,0.0
1009_TAI_FEA_XX.mp4,F,51.25,-0.4537,0.5294
1089_IEO_DIS_HI.mp4,S,45.6666666666667,-0.437,0.1457
1019_TSI_HAP_XX.mp4,H:N,44.25,0.0,0.0
1008_IEO_SAD_HI.mp4,S,53.0,-0.459,0.153
1038_TSI_FEA_XX.mp4,F,73.7777777777778,-0.5213,0.6082
1037_IEO_HAP_MD.mp4,N,48.1111111111111,0.0741,0.0741
1042_IWL_FEA_XX.mp4,A,60.2857142857143,-0.561,0.6411
1048_ITS_NEU_XX.mp4,N,60.75,0.0804,0.0804
1013_TAI_SAD_XX.mp4,N,58.8181818181818,0.0794,0.0794
1006_TAI_SAD_XX.mp4,S,60.4,-0.4812,0.1604
1057_IWL_FEA_XX.mp4,N,56.0,0.078,0.078
1022_IEO_HAP_MD.mp4,H:N,51.8888888888889,0.0,0.0
1063_IWL_HAP_XX.mp4,H,37.3333333333333,0.5493,0.412
1016_IEO_FEA_MD.mp4,N,48.0,0.074,0.074
1003_IEO_FEA_MD.mp4,N,54.2222222222222,0.0771,0.0771
1076_IWL_HAP_XX.mp4,A,34.25,-0.4699,0.537
1026_IEO_HAP_HI.mp4,N,57.6,0.0788,0.0788
1022_TSI_SAD_XX.mp4,F:S,55.8,0.0,0.0
1037_TSI_SAD_XX.mp4,S,73.1111111111111,-0.5193,0.1731
1033_IEO_HAP_HI.mp4,H,49.625,0.5985,0.4489
1007_IEO_FEA_HI.mp4,F,61.9,-0.4857,0.5666
1012_IEO_FEA_HI.mp4,F,67.4,-0.5022,0.5859
1087_TAI_DIS_XX.mp4,N,73.2,0.0866,0.0866
1081_IEO_DIS_HI.mp4,D,66.1111111111111,-0.5814,0.3322
1014_TAI_FEA_XX.mp4,N,39.8,0.0699,0.0699
1045_IWL_SAD_XX.mp4,N,59.5555555555556,0.0798,0.0798
1050_IWL_SAD_XX.mp4,N,46.9,0.0735,0.0735
1001_TAI_FEA_XX.mp4,A,55.8888888888889,-0.5456,0.6236
1035_TAI_HAP_XX.mp4,D,67.625,-0.5867,0.3353
1011_IEO_SAD_MD.mp4,N,61.1,0.0806,0.0806
1004_IEO_SAD_MD.mp4,N,61.0,0.0805,0.0805
1088_MTI_ANG_XX.mp4,N,52.8888888888889,0.0764,0.0764
1020_TAI_HAP_XX.mp4,F:H,60.7,0.0,0.0
1025_TSI_FEA_XX.mp4,N,66.125,0.0831,0.0831
1090_IEO_DIS_MD.mp4,D,45.25,-0.5084,0.2905
1030_TSI_FEA_XX.mp4,N,57.4444444444444,0.0787,0.0787
1085_IEO_DIS_MD.mp4,D,56.5555555555556,-0.5479,0.3131
1004_TSI_HAP_XX.mp4,N,46.5,0.0733,0.0733
1015_IEO_SAD_HI.mp4,N,59.7,0.0799,0.0799
1011_TSI_HAP_XX.mp4,N,58.25,0.0791,0.0791
1025_IWL_ANG_XX.mp4,A,44.0,-0.504,0.576
1030_IWL_ANG_XX.mp4,A,63.4,-0.5719,0.6536
1071_IEO_ANG_MD.mp4,N,48.3,0.0742,0.0742
1064_IEO_ANG_MD.mp4,A,75.6666666666667,-0.6148,0.7027
1059_ITS_HAP_XX.mp4,H:N,60.3333333333333,0.0,0.0
1067_IWL_NEU_XX.mp4,N,81.625,0.0908,0.0908
1072_IWL_NEU_XX.mp4,N,64.5,0.0823,0.0823
1078_ITS_FEA_XX.mp4,F,61.2727272727273,-0.4838,0.5645
1069_MTI_DIS_XX.mp4,N,55.1111111111111,0.0776,0.0776
1060_IEO_ANG_HI.mp4,A,58.3,-0.554,0.6332
1075_IEO_ANG_HI.mp4,A,76.2,-0.6167,0.7048
1031_TAI_NEU_XX.mp4,N,54.4,0.0772,0.0772
1024_TAI_NEU_XX.mp4,N,66.2,0.0831,0.0831
1073_TAI_ANG_XX.mp4,N,58.8571428571429,0.0794,0.0794
1066_TAI_ANG_XX.mp4,D,44.5555555555556,-0.5059,0.2891
1042_TSI_ANG_XX.mp4,D,63.5555555555556,-0.5724,0.3271
1057_TSI_ANG_XX.mp4,A,68.75,-0.5906,0.675
1015_TSI_NEU_XX.mp4,N,56.25,0.0781,0.0781
1066_WSI_SAD_XX.mp4,N,49.3,0.0746,0.0746
1077_TIE_DIS_XX.mp4,N,47.0,0.0735,0.0735
1073_WSI_SAD_XX.mp4,N,64.4,0.0822,0.0822
1062_TIE_DIS_XX.mp4,N,61.6666666666667,0.0808,0.0808
1051_DFA_NEU_XX.mp4,N,60.2,0.0801,0.0801
1044_DFA_NEU_XX.mp4,N,56.2222222222222,0.0781,0.0781
1004_IEO_HAP_LO.mp4,N,50.1,0.0751,0.0751
1011_IEO_HAP_LO.mp4,N,56.5,0.0783,0.0783
1013_DFA_ANG_XX.mp4,A,81.1,-0.6338,0.7244
1025_IEO_FEA_LO.mp4,N,61.1111111111111,0.0806,0.0806
1030_IEO_FEA_LO.mp4,N,64.2222222222222,0.0821,0.0821
1006_DFA_ANG_XX.mp4,A,74.75,-0.6116,0.699
1040_WSI_HAP_XX.mp4,N,43.8888888888889,0.0719,0.0719
1055_WSI_HAP_XX.mp4,A:H,66.6666666666667,0.0,0.0
1061_WSI_FEA_XX.mp4,N,50.375,0.0752,0.0752
1074_WSI_FEA_XX.mp4,D,52.625,-0.5342,0.3053
1085_ITH_ANG_XX.mp4,A,62.4,-0.5684,0.6496
1090_ITH_ANG_XX.mp4,D,58.6666666666667,-0.5553,0.3173
1022_IEO_SAD_LO.mp4,N,63.0,0.0815,0.0815
1037_IEO_SAD_LO.mp4,N,69.3,0.0847,0.0847
1055_DFA_HAP_XX.mp4,N,64.7142857142857,0.0824,0.0824
1064_ITH_DIS_XX.mp4,N,53.2222222222222,0.0766,0.0766
1071_ITH_DIS_XX.mp4,N,69.8888888888889,0.0849,0.0849
1040_DFA_HAP_XX.mp4,H:N,55.5555555555556,0.0,0.0
1074_DFA_FEA_XX.mp4,N,60.8888888888889,0.0804,0.0804
1042_IEO_ANG_LO.mp4,A,45.2222222222222,-0.5083,0.5809
1057_IEO_ANG_LO.mp4,A,51.6363636363636,-0.5307,0.6065
1061_DFA_FEA_XX.mp4,N,34.8888888888889,0.0674,0.0674
1006_WSI_ANG_XX.mp4,A,60.4,-0.5614,0.6416
1013_WSI_ANG_XX.mp4,A,82.4444444444444,-0.6386,0.7298
1044_WSI_NEU_XX.mp4,N,46.0,0.073,0.073
1051_WSI_NEU_XX.mp4,N,77.1111111111111,0.0886,0.0886
1073_DFA_SAD_XX.mp4,N,63.6,0.0818,0.0818
1066_DFA_SAD_XX.mp4,N,53.0,0.0765,0.0765
1083_TIE_ANG_XX.mp4,N,53.7,0.0769,0.0769
1038_IEO_DIS_LO.mp4,N,55.125,0.0776,0.0776
1062_IWW_HAP_XX.mp4,N,59.5,0.0798,0.0798
1077_IWW_HAP_XX.mp4,N,60.3333333333333,0.0802,0.0802
1043_IWW_FEA_XX.mp4,F,62.25,-0.4868,0.5679
1049_ITH_NEU_XX.mp4,N:S,41.8888888888889,0.0,0.0
1056_IWW_FEA_XX.mp4,D,45.125,-0.5079,0.2903
1044_IWW_SAD_XX.mp4,F,72.375,-0.5171,0.6033
1051_IWW_SAD_XX.mp4,F,51.4444444444444,-0.4543,0.5301
1088_DFA_ANG_XX.mp4,A,47.3333333333333,-0.5157,0.5893
1069_WSI_DIS_XX.mp4,N,54.6666666666667,0.0773,0.0773
1078_TIE_SAD_XX.mp4,N,56.5555555555556,0.0783,0.0783
1066_IWW_NEU_XX.mp4,N,57.8888888888889,0.0789,0.0789
1073_IWW_NEU_XX.mp4,N,63.4,0.0817,0.0817
1079_ITH_FEA_XX.mp4,F,60.1,-0.4803,0.5603
1069_DFA_DIS_XX.mp4,D,59.8888888888889,-0.5596,0.3198
1058_ITH_HAP_XX.mp4,N,42.7777777777778,0.0714,0.0714
1088_WSI_ANG_XX.mp4,A,72.0,-0.602,0.688
1024_IWW_ANG_XX.mp4,N,56.0,0.078,0.078
1031_IWW_ANG_XX.mp4,A:F,37.3333333333333,0.0,0.0
1018_TIE_ANG_XX.mp4,A,67.875,-0.5876,0.6715
1078_IEO_NEU_XX.mp4,N,54.8888888888889,0.0774,0.0774
1013_MTI_ANG_XX.mp4,A,70.4,-0.5964,0.6816
1006_MTI_ANG_XX.mp4,A,66.5,-0.5827,0.666
1051_MTI_NEU_XX.mp4,N,82.3,0.0912,0.0912
1044_MTI_NEU_XX.mp4,N,58.5,0.0793,0.0793
1072_IOM_HAP_XX.mp4,F:N,62.5,0.0,0.0
1067_IOM_HAP_XX.mp4,H:N,56.6666666666667,0.0,0.0
1053_IOM_FEA_XX.mp4,F:N:S,53.0,0.0,0.0
1046_IOM_FEA_XX.mp4,S,39.3333333333333,-0.418,0.1393
1084_ITS_ANG_XX.mp4,D,56.0,-0.546,0.312
1091_ITS_ANG_XX.mp4,N,57.75,0.0789,0.0789
1038_TSI_DIS_XX.mp4,D,54.4285714285714,-0.5405,0.3089
1088_TAI_SAD_XX.mp4,N:S,49.4444444444444,0.0,0.0
1089_IEO_FEA_HI.mp4,F:H,74.5555555555556,0.0,0.0
1009_TAI_DIS_XX.mp4,F,55.5555555555556,-0.4667,0.5444
1054_IOM_SAD_XX.mp4,N:S,37.5,0.0,0.0
1041_IOM_SAD_XX.mp4,N,60.0,0.08,0.08
1074_MTI_FEA_XX.mp4,A,57.8888888888889,-0.5526,0.6316
1061_MTI_FEA_XX.mp4,N,55.6666666666667,0.0778,0.0778
1055_MTI_HAP_XX.mp4,N,36.2222222222222,0.0681,0.0681
1040_MTI_HAP_XX.mp4,S,42.1111111111111,-0.4263,0.1421
1076_IOM_NEU_XX.mp4,N,76.5714285714286,0.0883,0.0883
1063_IOM_NEU_XX.mp4,N,53.375,0.0767,0.0767
1065_ITS_DIS_XX.mp4,N,54.3333333333333,0.0772,0.0772
1070_ITS_DIS_XX.mp4,N,85.625,0.0928,0.0928
1034_IOM_ANG_XX.mp4,D,72.6,-0.6041,0.3452
1021_IOM_ANG_XX.mp4,A,56.8,-0.5488,0.6272
1073_MTI_SAD_XX.mp4,N,62.0,0.081,0.081
1066_MTI_SAD_XX.mp4,N,47.0,0.0735,0.0735
1051_TAI_HAP_XX.mp4,N,52.6666666666667,0.0763,0.0763
1075_IEO_SAD_MD.mp4,N,52.5714285714286,0.0763,0.0763
1060_IEO_SAD_MD.mp4,N,54.2,0.0771,0.0771
1044_TAI_HAP_XX.mp4,H,55.625,0.6225,0.4669
1021_IWL_SAD_XX.mp4,N,55.125,0.0776,0.0776
1070_TAI_FEA_XX.mp4,N,54.3,0.0771,0.0771
1065_TAI_FEA_XX.mp4,N,47.7777777777778,0.0739,0.0739
1034_IWL_SAD_XX.mp4,N,67.1428571428571,0.0836,0.0836
1060_TSI_HAP_XX.mp4,D:F,47.5,0.0,0.0
1064_IEO_SAD_HI.mp4,S,71.1,-0.5133,0.1711
1071_IEO_SAD_HI.mp4,N,59.4,0.0797,0.0797
1075_TSI_HAP_XX.mp4,N,57.75,0.0789,0.0789
1041_TSI_FEA_XX.mp4,F:N,55.9090909090909,0.0,0.0
1054_TSI_FEA_XX.mp4,F,65.5555555555556,-0.4967,0.5794
1007_IWL_HAP_XX.mp4,H:N,65.1,0.0,0.0
1072_IEO_FEA_MD.mp4,N,46.2,0.0731,0.0731
1067_IEO_FEA_MD.mp4,D:N:S,50.3333333333333,0.0,0.0
1012_IWL_HAP_XX.mp4,N,61.5714285714286,0.0808,0.0808
1053_IEO_HAP_MD.mp4,N,47.5,0.0738,0.0738
1077_TAI_SAD_XX.mp4,N,56.7142857142857,0.0784,0.0784
1026_IWL_FEA_XX.mp4,F,56.375,-0.4691,0.5473
1033_IWL_FEA_XX.mp4,N,36.7,0.0684,0.0684
1039_ITS_NEU_XX.mp4,N,72.6,0.0863,0.0863
1062_TAI_SAD_XX.mp4,N,51.1,0.0756,0.0756
1046_IEO_HAP_MD.mp4,N,58.8,0.0794,0.0794
1063_IEO_FEA_HI.mp4,F,63.1818181818182,-0.4895,0.5711
1076_IEO_FEA_HI.mp4,F,64.875,-0.4946,0.5771
1042_IEO_HAP_HI.mp4,H,57.4,0.6296,0.4722
1046_TSI_SAD_XX.mp4,N,46.8,0.0734,0.0734
1053_TSI_SAD_XX.mp4,N,47.7,0.0739,0.0739
1057_IEO_HAP_HI.mp4,F,63.6,-0.4908,0.5726
1055_TAI_NEU_XX.mp4,N,76.3333333333333,0.0882,0.0882
1040_TAI_NEU_XX.mp4,N,61.7,0.0809,0.0809
1017_TAI_ANG_XX.mp4,N,61.7,0.0809,0.0809
1002_TAI_ANG_XX.mp4,D,62.3333333333333,-0.5682,0.3247
1026_TSI_ANG_XX.mp4,A,74.8,-0.6118,0.6992
1033_TSI_ANG_XX.mp4,A,51.25,-0.5294,0.605
1064_TSI_NEU_XX.mp4,N,79.1111111111111,0.0896,0.0896
1071_TSI_NEU_XX.mp4,N,70.5555555555556,0.0853,0.0853
1089_IOM_NEU_XX.mp4,N,58.7,0.0794,0.0794
1015_IEO_ANG_MD.mp4,A:D,54.8,0.0,0.0
1041_IWL_ANG_XX.mp4,A,69.2222222222222,-0.5923,0.6769
1054_IWL_ANG_XX.mp4,N,62.5,0.0813,0.0813
1003_IWL_NEU_XX.mp4,N,54.6,0.0773,0.0773
1009_ITS_FEA_XX.mp4,F,64.6666666666667,-0.494,0.5763
1016_IWL_NEU_XX.mp4,N,56.9090909090909,0.0785,0.0785
1028_ITS_HAP_XX.mp4,H,49.7272727272727,0.5989,0.4492
1004_IEO_ANG_HI.mp4,A,85.1,-0.6478,0.7404
1011_IEO_ANG_HI.mp4,A,76.6,-0.6181,0.7064
1018_MTI_DIS_XX.mp4,S,51.2,-0.4536,0.1512
1005_WSI_FEA_XX.mp4,N:S,48.8,0.0,0.0
1088_IWW_HAP_XX.mp4,F,53.8,-0.4614,0.5383
1010_WSI_FEA_XX.mp4,A,61.0,-0.5635,0.644
1024_WSI_HAP_XX.mp4,N,57.75,0.0789,0.0789
1031_WSI_HAP_XX.mp4,N,52.8888888888889,0.0764,0.0764
1046_IEO_SAD_LO.mp4,N,56.1,0.0781,0.0781
1053_IEO_SAD_LO.mp4,N,56.4,0.0782,0.0782
1080_TIE_FEA_XX.mp4,F,55.75,-0.4672,0.5451
1002_WSI_SAD_XX.mp4,N,63.3,0.0817,0.0817
1013_TIE_DIS_XX.mp4,D,50.1,-0.5253,0.3002
1017_WSI_SAD_XX.mp4,D,35.1428571428571,-0.473,0.2703
1006_TIE_DIS_XX.mp4,D,51.2222222222222,-0.5293,0.3024
1083_WSI_DIS_XX.mp4,D,57.5,-0.5512,0.315
1035_DFA_NEU_XX.mp4,N,64.4444444444444,0.0822,0.0822
1020_DFA_NEU_XX.mp4,N,61.125,0.0806,0.0806
1087_TIE_SAD_XX.mp4,N,52.6666666666667,0.0763,0.0763
1041_IEO_FEA_LO.mp4,N,50.6666666666667,0.0753,0.0753
1077_DFA_ANG_XX.mp4,A:N,55.4444444444444,0.0,0.0
1062_DFA_ANG_XX.mp4,A,62.625,-0.5692,0.6505
1054_IEO_FEA_LO.mp4,N,47.6,0.0738,0.0738
1060_IEO_HAP_LO.mp4,H:N,45.75,0.0,0.0
1075_IEO_HAP_LO.mp4,N,62.6666666666667,0.0813,0.0813
1062_WSI_ANG_XX.mp4,A,52.7,-0.5344,0.6108
1077_WSI_ANG_XX.mp4,A:D,69.7777777777778,0.0,0.0
1086_ITH_FEA_XX.mp4,F,57.6666666666667,-0.473,0.5518
1020_WSI_NEU_XX.mp4,N,54.0,0.077,0.077
1083_DFA_DIS_XX.mp4,N,53.2222222222222,0.0766,0.0766
1035_WSI_NEU_XX.mp4,N,47.6,0.0738,0.0738
1017_DFA_SAD_XX.mp4,N,58.4,0.0792,0.0792
1002_DFA_SAD_XX.mp4,N,55.2222222222222,0.0776,0.0776
1081_ITH_SAD_XX.mp4,S,49.3333333333333,-0.448,0.1493
1087_IEO_NEU_XX.mp4,N,58.0,0.079,0.079
1026_IEO_ANG_LO.mp4,D,45.6,-0.5096,0.2912
1010_DFA_FEA_XX.mp4,F,52.375,-0.4571,0.5333
1005_DFA_FEA_XX.mp4,F,52.7777777777778,-0.4583,0.5347
1033_IEO_ANG_LO.mp4,N,56.3333333333333,0.0782,0.0782
1031_DFA_HAP_XX.mp4,N,51.1,0.0756,0.0756
1024_DFA_HAP_XX.mp4,N,52.2222222222222,0.0761,0.0761
1015_ITH_DIS_XX.mp4,S,46.0,-0.438,0.146
1020_IWW_SAD_XX.mp4,F:N,44.6,0.0,0.0
1035_IWW_SAD_XX.mp4,D:F:S,46.125,0.0,0.0
1088_TIE_DIS_XX.mp4,N,51.4444444444444,0.0757,0.0757
1018_WSI_DIS_XX.mp4,D,49.6,-0.5236,0.2992
1009_TIE_SAD_XX.mp4,N,49.1111111111111,0.0746,0.0746
1049_IEO_DIS_LO.mp4,D,40.2222222222222,-0.4908,0.2804
1027_IWW_FEA_XX.mp4,N,48.9,0.0745,0.0745
1032_IWW_FEA_XX.mp4,N,62.7777777777778,0.0814,0.0814
1038_ITH_NEU_XX.mp4,N,69.0,0.0845,0.0845
1006_IWW_HAP_XX.mp4,H,46.2857142857143,0.5851,0.4389
1013_IWW_HAP_XX.mp4,N,57.2222222222222,0.0786,0.0786
1009_IEO_NEU_XX.mp4,N,75.0,0.0875,0.0875
1018_DFA_DIS_XX.mp4,N,56.6666666666667,0.0783,0.0783
1029_ITH_HAP_XX.mp4,H,67.1111111111111,0.6684,0.5013
1002_IWW_NEU_XX.mp4,F:N,47.3333333333333,0.0,0.0
1008_ITH_FEA_XX.mp4,F,62.1111111111111,-0.4863,0.5674
1017_IWW_NEU_XX.mp4,N,46.5,0.0733,0.0733
1040_IWW_ANG_XX.mp4,N,62.5,0.0813,0.0813
1055_IWW_ANG_XX.mp4,D,66.8,-0.5838,0.3336
1069_TIE_ANG_XX.mp4,A,78.1818181818182,-0.6236,0.7127
1089_IWL_HAP_XX.mp4,H,52.1,0.6084,0.4563
1049_TSI_DIS_XX.mp4,A,63.8571428571429,-0.5735,0.6554
1030_IOM_SAD_XX.mp4,N,54.1111111111111,0.0771,0.0771
1025_IOM_SAD_XX.mp4,D:S,57.0,0.0,0.0
1078_TAI_DIS_XX.mp4,D:S,42.5,0.0,0.0
1077_MTI_ANG_XX.mp4,N,65.375,0.0827,0.0827
1062_MTI_ANG_XX.mp4,N,68.1,0.0841,0.0841
1035_MTI_NEU_XX.mp4,N,87.5555555555556,0.0938,0.0938
1020_MTI_NEU_XX.mp4,N,60.1,0.0801,0.0801
1037_IOM_FEA_XX.mp4,N,63.0,0.0815,0.0815
1022_IOM_FEA_XX.mp4,N,75.7,0.0879,0.0879
1016_IOM_HAP_XX.mp4,N,52.3333333333333,0.0762,0.0762
1003_IOM_HAP_XX.mp4,H,71.0,0.684,0.513
1087_ITS_FEA_XX.mp4,N,57.6666666666667,0.0788,0.0788
1017_MTI_SAD_XX.mp4,N,60.4444444444444,0.0802,0.0802
1002_MTI_SAD_XX.mp4,F,45.9,-0.4377,0.5107
1083_MTI_DIS_XX.mp4,N,51.25,0.0756,0.0756
1031_MTI_HAP_XX.mp4,N,50.2,0.0751,0.0751
1024_MTI_HAP_XX.mp4,H,57.5,0.63,0.4725
1010_MTI_FEA_XX.mp4,S,56.5,-0.4695,0.1565
1005_MTI_FEA_XX.mp4,F,51.0,-0.453,0.5285
1080_ITS_SAD_XX.mp4,N,76.1428571428571,0.0881,0.0881
1001_ITS_DIS_XX.mp4,N,45.6666666666667,0.0728,0.0728
1014_ITS_DIS_XX.mp4,N,46.8181818181818,0.0734,0.0734
1012_IOM_NEU_XX.mp4,N,44.6363636363636,0.0723,0.0723
1007_IOM_NEU_XX.mp4,N,62.7,0.0814,0.0814
1050_IOM_ANG_XX.mp4,A,57.4,-0.5509,0.6296
1045_IOM_ANG_XX.mp4,N,54.2,0.0771,0.0771
1079_IEO_FEA_HI.mp4,H,84.7142857142857,0.7389,0.5541
1049_TSI_SAD_XX.mp4,N,48.4,0.0742,0.0742
1058_IEO_HAP_HI.mp4,F,70.0,-0.51,0.595
1008_IWL_HAP_XX.mp4,H,65.7777777777778,0.6631,0.4973
1030_IOM_DIS_XX.mp4,D,55.1,-0.5429,0.3102
1025_IOM_DIS_XX.mp4,N,48.8888888888889,0.0744,0.0744
1068_IEO_FEA_MD.mp4,F,52.3,-0.4569,0.5331
1029_IWL_FEA_XX.mp4,N,52.5,0.0762,0.0762
1078_TAI_SAD_XX.mp4,N,44.5,0.0723,0.0723
1023_ITS_NEU_XX.mp4,N,54.7777777777778,0.0774,0.0774
1049_IEO_HAP_MD.mp4,H,71.2222222222222,0.6849,0.5137
1036_ITS_NEU_XX.mp4,N,55.0,0.0775,0.0775
1061_ITS_ANG_XX.mp4,D,65.5714285714286,-0.5795,0.3311
1074_ITS_ANG_XX.mp4,D,78.6666666666667,-0.6253,0.3573
1082_IOM_HAP_XX.mp4,H,41.7777777777778,0.5671,0.4253
1017_MTI_DIS_XX.mp4,A,60.8571428571429,-0.563,0.6434
1002_MTI_DIS_XX.mp4,S,61.0909090909091,-0.4833,0.1611
1083_MTI_SAD_XX.mp4,N:S,59.4,0.0,0.0
1006_ITS_FEA_XX.mp4,F,54.3333333333333,-0.463,0.5402
1019_IWL_NEU_XX.mp4,N,71.4,0.0857,0.0857
1013_ITS_FEA_XX.mp4,N,63.8,0.0819,0.0819
1027_ITS_HAP_XX.mp4,H,59.9,0.6396,0.4797
1032_ITS_HAP_XX.mp4,N,52.2727272727273,0.0761,0.0761
1029_TSI_ANG_XX.mp4,A,61.1111111111111,-0.5639,0.6444
1086_IOM_NEU_XX.mp4,N,63.2,0.0816,0.0816
1080_ITS_DIS_XX.mp4,D,55.3,-0.5435,0.3106
1001_ITS_SAD_XX.mp4,N,58.1,0.0791,0.0791
1014_ITS_SAD_XX.mp4,F,64.9,-0.4947,0.5771
1091_MTI_FEA_XX.mp4,N,55.5714285714286,0.0778,0.0778
1084_MTI_FEA_XX.mp4,S,60.5,-0.4815,0.1605
1018_TAI_ANG_XX.mp4,A:D,58.9,0.0,0.0
1020_IWW_DIS_XX.mp4,N,45.4285714285714,0.0727,0.0727
1035_IWW_DIS_XX.mp4,F,72.5555555555556,-0.5177,0.6039
1088_TIE_SAD_XX.mp4,N,59.0,0.0795,0.0795
1078_DFA_ANG_XX.mp4,A,75.7777777777778,-0.6152,0.7031
1009_TIE_DIS_XX.mp4,D,62.75,-0.5696,0.3255
1018_WSI_SAD_XX.mp4,N,62.1,0.0811,0.0811
1049_IEO_SAD_LO.mp4,N,64.4444444444444,0.0822,0.0822
1087_IWW_HAP_XX.mp4,N,52.2222222222222,0.0761,0.0761
1029_IEO_ANG_LO.mp4,D:N,53.7272727272727,0.0,0.0
1088_IEO_NEU_XX.mp4,N,53.2,0.0766,0.0766
1018_DFA_SAD_XX.mp4,N,54.4,0.0772,0.0772
1078_WSI_ANG_XX.mp4,A,74.2727272727273,-0.61,0.6971
1089_ITH_FEA_XX.mp4,N,67.2,0.0836,0.0836
1083_IWW_NEU_XX.mp4,N,65.5,0.0828,0.0828
1014_TIE_FEA_XX.mp4,F,49.8,-0.4494,0.5243
1001_TIE_FEA_XX.mp4,A,42.3636363636364,-0.4983,0.5695
1035_TIE_HAP_XX.mp4,A:D:H:N,49.375,0.0,0.0
1020_TIE_HAP_XX.mp4,H,62.4444444444444,0.6498,0.4873
1046_IEO_DIS_LO.mp4,N,68.6,0.0843,0.0843
1053_IEO_DIS_LO.mp4,N,51.1111111111111,0.0756,0.0756
1060_ITH_ANG_XX.mp4,N,65.2222222222222,0.0826,0.0826
1075_ITH_ANG_XX.mp4,D,70.6666666666667,-0.5973,0.3413
1028_IWW_FEA_XX.mp4,S,85.5,-0.5565,0.1855
1022_ITH_NEU_XX.mp4,N,70.2,0.0851,0.0851
1037_ITH_NEU_XX.mp4,N,63.9,0.082,0.082
1009_IWW_HAP_XX.mp4,H:N,36.1111111111111,0.0,0.0
1084_WSI_FEA_XX.mp4,N,54.1,0.0771,0.0771
1091_WSI_FEA_XX.mp4,S,46.25,-0.4387,0.1462
1013_TIE_SAD_XX.mp4,N,50.25,0.0751,0.0751
1002_WSI_DIS_XX.mp4,A,55.2,-0.5432,0.6208
1006_TIE_SAD_XX.mp4,S,55.5555555555556,-0.4667,0.1556
1017_WSI_DIS_XX.mp4,A,31.1111111111111,-0.4589,0.5244
1083_WSI_SAD_XX.mp4,N,41.4,0.0707,0.0707
1087_TIE_DIS_XX.mp4,N,57.7777777777778,0.0789,0.0789
1073_TIE_ANG_XX.mp4,A,53.5714285714286,-0.5375,0.6143
1066_TIE_ANG_XX.mp4,N,63.4,0.0817,0.0817
1031_TIE_NEU_XX.mp4,N,57.6666666666667,0.0788,0.0788
1024_TIE_NEU_XX.mp4,N,59.4,0.0797,0.0797
1083_DFA_SAD_XX.mp4,S,55.8888888888889,-0.4677,0.1559
1026_ITH_HAP_XX.mp4,N,56.7777777777778,0.0784,0.0784
1017_DFA_DIS_XX.mp4,N,41.0,0.0705,0.0705
1002_DFA_DIS_XX.mp4,D,60.9,-0.5631,0.3218
1033_ITH_HAP_XX.mp4,N,49.0,0.0745,0.0745
1007_ITH_FEA_XX.mp4,N,78.2222222222222,0.0891,0.0891
1018_IWW_NEU_XX.mp4,F:N,32.4,0.0,0.0
1012_ITH_FEA_XX.mp4,F,64.6666666666667,-0.494,0.5763
1081_ITH_DIS_XX.mp4,S,67.625,-0.5029,0.1676
1091_DFA_FEA_XX.mp4,N,67.75,0.0839,0.0839
1084_DFA_FEA_XX.mp4,N:S,60.8181818181818,0.0,0.0
1013_IEO_NEU_XX.mp4,N,76.9,0.0885,0.0885
1006_IEO_NEU_XX.mp4,N,48.0,0.074,0.074
1015_ITH_SAD_XX.mp4,N:S,39.8888888888889,0.0,0.0
1075_IEO_DIS_MD.mp4,N,57.5555555555556,0.0788,0.0788
1038_IOM_FEA_XX.mp4,A:F:N,41.875,0.0,0.0
1060_IEO_DIS_MD.mp4,N,43.3333333333333,0.0717,0.0717
1019_IOM_HAP_XX.mp4,N,61.0,0.0805,0.0805
1021_IWL_DIS_XX.mp4,N:S,58.0,0.0,0.0
1034_IWL_DIS_XX.mp4,D,47.9,-0.5177,0.2958
1064_IEO_DIS_HI.mp4,D,66.5,-0.5827,0.333
1071_IEO_DIS_HI.mp4,N,65.5,0.0828,0.0828
1078_MTI_ANG_XX.mp4,A,58.3333333333333,-0.5542,0.6333
1077_TAI_DIS_XX.mp4,D,52.0,-0.532,0.304
1062_TAI_DIS_XX.mp4,N,74.3,0.0872,0.0872
1046_TSI_DIS_XX.mp4,N,66.1111111111111,0.0831,0.0831
1086_IWL_HAP_XX.mp4,H,63.8888888888889,0.6556,0.4917
1053_TSI_DIS_XX.mp4,N,62.0,0.081,0.081
1008_IOM_NEU_XX.mp4,N,39.7777777777778,0.0699,0.0699
1083_TAI_ANG_XX.mp4,N,56.7,0.0784,0.0784
1085_IEO_ANG_HI.mp4,A,83.6,-0.6426,0.7344
1090_IEO_ANG_HI.mp4,A,65.3,-0.5786,0.6612
1088_ITS_FEA_XX.mp4,F,71.75,-0.5152,0.6011
1082_IWL_NEU_XX.mp4,N,63.3333333333333,0.0817,0.0817
1018_MTI_SAD_XX.mp4,N,55.5555555555556,0.0778,0.0778
1081_IEO_ANG_MD.mp4,A,73.6,-0.6076,0.6944
1087_MTI_ANG_XX.mp4,N,72.25,0.0861,0.0861
1029_IEO_HAP_HI.mp4,H,54.5,0.618,0.4635
1038_TSI_SAD_XX.mp4,N,75.3,0.0877,0.0877
1008_IEO_FEA_HI.mp4,S,74.5,-0.5235,0.1745
1088_TAI_DIS_XX.mp4,N,52.7777777777778,0.0764,0.0764
1047_ITS_NEU_XX.mp4,N,61.1818181818182,0.0806,0.0806
1038_IEO_HAP_MD.mp4,H,54.7272727272727,0.6189,0.4642
1058_IWL_FEA_XX.mp4,S,59.25,-0.4778,0.1593
1009_TAI_SAD_XX.mp4,N,54.6,0.0773,0.0773
1052_ITS_NEU_XX.mp4,N,61.7,0.0809,0.0809
1019_IEO_FEA_MD.mp4,A:D,42.1111111111111,0.0,0.0
1054_IOM_DIS_XX.mp4,D,64.3,-0.575,0.3286
1079_IWL_HAP_XX.mp4,H,70.1,0.6804,0.5103
1041_IOM_DIS_XX.mp4,N,70.5,0.0853,0.0853
1005_ITS_ANG_XX.mp4,D:H,57.5,0.0,0.0
1010_ITS_ANG_XX.mp4,A:D:N,69.8888888888889,0.0,0.0
1058_TSI_ANG_XX.mp4,A,63.0,-0.5705,0.652
1065_ITS_SAD_XX.mp4,N,62.0,0.081,0.081
1070_ITS_SAD_XX.mp4,N,60.8888888888889,0.0804,0.0804
1069_TAI_ANG_XX.mp4,A,63.9,-0.5736,0.6556
1073_MTI_DIS_XX.mp4,N,46.8,0.0734,0.0734
1066_MTI_DIS_XX.mp4,D,46.7777777777778,-0.5137,0.2936
1043_ITS_HAP_XX.mp4,H:N,56.625,0.0,0.0
1056_ITS_HAP_XX.mp4,H,50.75,0.603,0.4522
1068_IWL_NEU_XX.mp4,N,67.7272727272727,0.0839,0.0839
1062_ITS_FEA_XX.mp4,N,35.75,0.0679,0.0679
1077_ITS_FEA_XX.mp4,N,48.6,0.0743,0.0743
1038_IEO_SAD_LO.mp4,N,64.2,0.0821,0.0821
1044_IWW_DIS_XX.mp4,F,43.8888888888889,-0.4317,0.5036
1051_IWW_DIS_XX.mp4,F,55.0,-0.465,0.5425
1009_DFA_ANG_XX.mp4,A,51.75,-0.5311,0.607
1078_TIE_DIS_XX.mp4,S,54.4285714285714,-0.4633,0.1544
1069_WSI_SAD_XX.mp4,S,73.5,-0.5205,0.1735
1069_DFA_SAD_XX.mp4,N,57.0,0.0785,0.0785
1009_WSI_ANG_XX.mp4,A,80.6666666666667,-0.6323,0.7227
1058_IEO_ANG_LO.mp4,D:N:S,46.1,0.0,0.0
1087_DFA_ANG_XX.mp4,A,60.7777777777778,-0.5627,0.6431
1085_IEO_HAP_LO.mp4,N,68.6666666666667,0.0843,0.0843
1090_IEO_HAP_LO.mp4,N,55.9,0.078,0.078
1077_TIE_SAD_XX.mp4,N,58.4,0.0792,0.0792
1066_WSI_DIS_XX.mp4,A,49.625,-0.5237,0.5985
1062_TIE_SAD_XX.mp4,S,64.6,-0.4938,0.1646
1073_WSI_DIS_XX.mp4,N,57.0,0.0785,0.0785
1051_TIE_HAP_XX.mp4,N,61.8,0.0809,0.0809
1044_TIE_HAP_XX.mp4,N,54.25,0.0771,0.0771
1070_TIE_FEA_XX.mp4,A,56.7777777777778,-0.5487,0.6271
1065_TIE_FEA_XX.mp4,N,62.6,0.0813,0.0813
1004_ITH_ANG_XX.mp4,A,83.4,-0.6419,0.7336
1011_ITH_ANG_XX.mp4,N,64.4,0.0822,0.0822
1022_IEO_DIS_LO.mp4,N,57.3,0.0786,0.0786
1037_IEO_DIS_LO.mp4,S,51.5555555555556,-0.4547,0.1516
1078_IWW_HAP_XX.mp4,N,50.5454545454545,0.0753,0.0753
1046_ITH_NEU_XX.mp4,N,67.3333333333333,0.0837,0.0837
1059_IWW_FEA_XX.mp4,F,74.0,-0.522,0.609
1053_ITH_NEU_XX.mp4,N,80.6666666666667,0.0903,0.0903
1077_IEO_NEU_XX.mp4,N,68.3,0.0842,0.0842
1062_IEO_NEU_XX.mp4,N,72.2222222222222,0.0861,0.0861
1064_ITH_SAD_XX.mp4,N,55.6,0.0778,0.0778
1071_ITH_SAD_XX.mp4,N,50.0,0.075,0.075
1017_TIE_ANG_XX.mp4,D,48.1,-0.5183,0.2962
1002_TIE_ANG_XX.mp4,A,80.2222222222222,-0.6308,0.7209
1055_TIE_NEU_XX.mp4,N,51.3333333333333,0.0757,0.0757
1040_TIE_NEU_XX.mp4,N,59.2222222222222,0.0796,0.0796
1069_IWW_NEU_XX.mp4,N,61.5,0.0808,0.0808
1063_ITH_FEA_XX.mp4,F,57.7,-0.4731,0.5519
1076_ITH_FEA_XX.mp4,N,46.25,0.0731,0.0731
1073_DFA_DIS_XX.mp4,N,56.8,0.0784,0.0784
1042_ITH_HAP_XX.mp4,H:N,60.0,0.0,0.0
1057_ITH_HAP_XX.mp4,N,74.6666666666667,0.0873,0.0873
1066_DFA_DIS_XX.mp4,N,53.2222222222222,0.0766,0.0766
1087_WSI_ANG_XX.mp4,A,59.1111111111111,-0.5569,0.6364
1086_IEO_FEA_HI.mp4,F,58.875,-0.4766,0.5561
1013_TAI_DIS_XX.mp4,D,53.2727272727273,-0.5365,0.3065
1006_TAI_DIS_XX.mp4,D,57.8,-0.5523,0.3156
1022_TSI_DIS_XX.mp4,D,46.4444444444444,-0.5126,0.2929
1037_TSI_DIS_XX.mp4,N,52.3,0.0762,0.0762
1082_IEO_FEA_MD.mp4,N,58.125,0.0791,0.0791
1087_TAI_SAD_XX.mp4,N,67.5555555555556,0.0838,0.0838
1045_IWL_DIS_XX.mp4,N,55.6,0.0778,0.0778
1081_IEO_SAD_HI.mp4,N,37.8,0.0689,0.0689
1085_TSI_HAP_XX.mp4,N,60.6666666666667,0.0803,0.0803
1090_TSI_HAP_XX.mp4,F,56.7,-0.4701,0.5484
1068_IOM_HAP_XX.mp4,N,52.6,0.0763,0.0763
1050_IWL_DIS_XX.mp4,A,52.3,-0.5331,0.6092
1011_IEO_DIS_MD.mp4,D,60.4444444444444,-0.5616,0.3209
1049_IOM_FEA_XX.mp4,F,49.9,-0.4497,0.5247
1004_IEO_DIS_MD.mp4,D,58.9090909090909,-0.5562,0.3178
1090_IEO_SAD_MD.mp4,N,64.6,0.0823,0.0823
1085_IEO_SAD_MD.mp4,N,45.7,0.0729,0.0729
1015_IEO_DIS_HI.mp4,N,65.1818181818182,0.0826,0.0826
1080_TAI_FEA_XX.mp4,F,50.6666666666667,-0.452,0.5273
1069_MTI_SAD_XX.mp4,N:S,53.4,0.0,0.0
1081_TSI_NEU_XX.mp4,N,70.8,0.0854,0.0854
1079_IOM_NEU_XX.mp4,N,74.1111111111111,0.0871,0.0871
1061_MTI_SAD_XX.mp4,N,43.8,0.0719,0.0719
1074_MTI_SAD_XX.mp4,N,62.1,0.0811,0.0811
1077_ITS_DIS_XX.mp4,D:S,59.75,0.0,0.0
1062_ITS_DIS_XX.mp4,N,51.3,0.0756,0.0756
1064_IOM_NEU_XX.mp4,N,72.0,0.086,0.086
1089_TSI_NEU_XX.mp4,N,56.4,0.0782,0.0782
1071_IOM_NEU_XX.mp4,N,56.7,0.0784,0.0784
1026_IOM_ANG_XX.mp4,A,75.3333333333333,-0.6137,0.7013
1033_IOM_ANG_XX.mp4,A:D,46.0,0.0,0.0
1047_MTI_HAP_XX.mp4,N,52.1,0.0761,0.0761
1052_MTI_HAP_XX.mp4,H,62.6666666666667,0.6507,0.488
1066_MTI_FEA_XX.mp4,N,55.9,0.078,0.078
1073_MTI_FEA_XX.mp4,N,60.6666666666667,0.0803,0.0803
1046_IOM_SAD_XX.mp4,N,52.25,0.0761,0.0761
1053_IOM_SAD_XX.mp4,N,68.4444444444444,0.0842,0.0842
1083_ITS_ANG_XX.mp4,D,44.2,-0.5047,0.2884
1041_IOM_FEA_XX.mp4,N,70.875,0.0854,0.0854
1019_IEO_DIS_MD.mp4,D,41.0,-0.4935,0.282
1054_IOM_FEA_XX.mp4,N,55.7777777777778,0.0779,0.0779
1060_IOM_HAP_XX.mp4,N,47.9090909090909,0.074,0.074
1058_IWL_DIS_XX.mp4,D,51.4444444444444,-0.5301,0.3029
1075_IOM_HAP_XX.mp4,H,57.0,0.628,0.471
1089_IEO_SAD_HI.mp4,N,74.6666666666667,0.0873,0.0873
1088_TAI_FEA_XX.mp4,N,46.5,0.0733,0.0733
1008_IEO_DIS_HI.mp4,D,60.2222222222222,-0.5608,0.3204
1001_MTI_ANG_XX.mp4,N,67.3333333333333,0.0837,0.0837
1014_MTI_ANG_XX.mp4,N,61.75,0.0809,0.0809
1043_MTI_NEU_XX.mp4,N,53.25,0.0766,0.0766
1056_MTI_NEU_XX.mp4,N,75.0,0.0875,0.0875
1079_ITH_SAD_XX.mp4,S,58.25,-0.4748,0.1583
1048_TIE_NEU_XX.mp4,N,46.2222222222222,0.0731,0.0731
1074_IWW_NEU_XX.mp4,N,61.3,0.0806,0.0806
1061_IWW_NEU_XX.mp4,F,71.5555555555556,-0.5147,0.6004
1036_IWW_ANG_XX.mp4,A,68.7,-0.5905,0.6748
1023_IWW_ANG_XX.mp4,F,54.7777777777778,-0.4643,0.5417
1056_IWW_SAD_XX.mp4,N,50.9,0.0755,0.0755
1043_IWW_SAD_XX.mp4,F,47.1,-0.4413,0.5149
1078_TIE_FEA_XX.mp4,F,47.375,-0.4421,0.5158
1059_TIE_HAP_XX.mp4,A,73.0,-0.6055,0.692
1051_IWW_FEA_XX.mp4,F,78.8,-0.5364,0.6258
1044_IWW_FEA_XX.mp4,F,55.25,-0.4657,0.5434
1070_IWW_HAP_XX.mp4,N,42.8888888888889,0.0714,0.0714
1065_IWW_HAP_XX.mp4,H,46.5454545454545,0.5862,0.4396
1061_DFA_SAD_XX.mp4,N,76.6666666666667,0.0883,0.0883
1074_DFA_SAD_XX.mp4,N,74.9,0.0875,0.0875
1084_TIE_ANG_XX.mp4,N,63.0,0.0815,0.0815
1091_TIE_ANG_XX.mp4,A,62.9,-0.5701,0.6516
1014_WSI_ANG_XX.mp4,A,68.9090909090909,-0.5912,0.6756
1001_WSI_ANG_XX.mp4,A,54.1,-0.5393,0.6164
1056_WSI_NEU_XX.mp4,N,60.2,0.0801,0.0801
1043_WSI_NEU_XX.mp4,N,54.6666666666667,0.0773,0.0773
1066_DFA_FEA_XX.mp4,N,68.9,0.0845,0.0845
1050_IEO_ANG_LO.mp4,A,45.5,-0.5092,0.582
1045_IEO_ANG_LO.mp4,N,64.4444444444444,0.0822,0.0822
1073_DFA_FEA_XX.mp4,N,63.8888888888889,0.0819,0.0819
1047_DFA_HAP_XX.mp4,H,62.2222222222222,0.6489,0.4867
1076_ITH_DIS_XX.mp4,N,54.8,0.0774,0.0774
1063_ITH_DIS_XX.mp4,N,40.5555555555556,0.0703,0.0703
1052_DFA_HAP_XX.mp4,N,65.25,0.0826,0.0826
1030_IEO_SAD_LO.mp4,N,42.6666666666667,0.0713,0.0713
1025_IEO_SAD_LO.mp4,S,79.125,-0.5374,0.1791
1073_WSI_FEA_XX.mp4,N,60.8571428571429,0.0804,0.0804
1066_WSI_FEA_XX.mp4,N,41.7,0.0709,0.0709
1052_WSI_HAP_XX.mp4,D:H:N,48.5,0.0,0.0
1047_WSI_HAP_XX.mp4,H,46.3333333333333,0.5853,0.439
1082_ITH_ANG_XX.mp4,N,47.9,0.074,0.074
1059_IWW_DIS_XX.mp4,F,41.2,-0.4236,0.4942
1043_DFA_NEU_XX.mp4,N,62.8888888888889,0.0814,0.0814
1056_DFA_NEU_XX.mp4,N,60.8888888888889,0.0804,0.0804
1001_DFA_ANG_XX.mp4,A,54.6666666666667,-0.5413,0.6187
1037_IEO_FEA_LO.mp4,N,66.1428571428571,0.0831,0.0831
1022_IEO_FEA_LO.mp4,N,53.5555555555556,0.0768,0.0768
1014_DFA_ANG_XX.mp4,A,65.4444444444444,-0.5791,0.6618
1016_IEO_HAP_LO.mp4,H,47.8,0.5912,0.4434
1003_IEO_HAP_LO.mp4,N,61.7272727272727,0.0809,0.0809
1065_TIE_DIS_XX.mp4,N,68.3333333333333,0.0842,0.0842
1074_WSI_SAD_XX.mp4,N,53.0,0.0765,0.0765
1070_TIE_DIS_XX.mp4,D,38.75,-0.4856,0.2775
1061_WSI_SAD_XX.mp4,N,52.0,0.076,0.076
1050_TSI_ANG_XX.mp4,A,81.9,-0.6366,0.7276
1045_TSI_ANG_XX.mp4,N,57.4,0.0787,0.0787
1012_TSI_NEU_XX.mp4,N,67.3,0.0837,0.0837
1007_TSI_NEU_XX.mp4,N,59.4444444444444,0.0797,0.0797
1023_TAI_NEU_XX.mp4,N,71.4285714285714,0.0857,0.0857
1078_ITS_SAD_XX.mp4,F:S,52.3,0.0,0.0
1036_TAI_NEU_XX.mp4,N,82.5,0.0912,0.0912
1061_TAI_ANG_XX.mp4,D,64.0,-0.574,0.328
1074_TAI_ANG_XX.mp4,A,66.3,-0.582,0.6652
1072_IEO_ANG_HI.mp4,A,71.1111111111111,-0.5989,0.6844
1067_IEO_ANG_HI.mp4,A:F,66.875,0.0,0.0
1063_IEO_ANG_MD.mp4,A,37.3,-0.4805,0.5492
1076_IEO_ANG_MD.mp4,D,58.3333333333333,-0.5542,0.3167
1037_IWL_ANG_XX.mp4,A:D:N,51.0,0.0,0.0
1022_IWL_ANG_XX.mp4,A,66.25,-0.5819,0.665
1075_IWL_NEU_XX.mp4,N,61.3333333333333,0.0807,0.0807
1060_IWL_NEU_XX.mp4,N,53.4,0.0767,0.0767
1016_TSI_HAP_XX.mp4,F:N,63.9,0.0,0.0
1012_IEO_SAD_HI.mp4,F,61.4,-0.4842,0.5649
1007_IEO_SAD_HI.mp4,N,59.0,0.0795,0.0795
1003_TSI_HAP_XX.mp4,H:N:S,50.75,0.0,0.0
1082_IEO_DIS_MD.mp4,D,64.1,-0.5743,0.3282
1037_TSI_FEA_XX.mp4,F,69.8,-0.5094,0.5943
1022_TSI_FEA_XX.mp4,N,53.8888888888889,0.0769,0.0769
1027_TAI_HAP_XX.mp4,N,50.75,0.0754,0.0754
1003_IEO_SAD_MD.mp4,N,53.6666666666667,0.0768,0.0768
1016_IEO_SAD_MD.mp4,N,45.2,0.0726,0.0726
1032_TAI_HAP_XX.mp4,N,48.4,0.0742,0.0742
1006_TAI_FEA_XX.mp4,S,66.2222222222222,-0.4987,0.1662
1057_IWL_SAD_XX.mp4,N,65.875,0.0829,0.0829
1042_IWL_SAD_XX.mp4,N,72.0,0.086,0.086
1013_TAI_FEA_XX.mp4,F,47.1818181818182,-0.4415,0.5151
1086_IEO_DIS_HI.mp4,D:S,57.0,0.0,0.0
1080_TAI_DIS_XX.mp4,N,62.375,0.0812,0.0812
1015_IEO_FEA_HI.mp4,F,68.4444444444444,-0.5053,0.5896
1034_IEO_HAP_HI.mp4,D,63.5,-0.5722,0.327
1030_TSI_SAD_XX.mp4,N,54.2,0.0771,0.0771
1025_TSI_SAD_XX.mp4,N,59.6363636363636,0.0798,0.0798
1021_IEO_HAP_HI.mp4,D,45.1,-0.5079,0.2902
1071_IWL_HAP_XX.mp4,N,78.25,0.0891,0.0891
1049_IOM_DIS_XX.mp4,N,63.75,0.0819,0.0819
1004_IEO_FEA_MD.mp4,D:N,49.8888888888889,0.0,0.0
1011_IEO_FEA_MD.mp4,N,72.5454545454545,0.0863,0.0863
1064_IWL_HAP_XX.mp4,N,66.7777777777778,0.0834,0.0834
1025_IEO_HAP_MD.mp4,N,60.2,0.0801,0.0801
1050_IWL_FEA_XX.mp4,F,69.0,-0.507,0.5915
1001_TAI_SAD_XX.mp4,N,47.0,0.0735,0.0735
1014_TAI_SAD_XX.mp4,S,64.3333333333333,-0.493,0.1643
1045_IWL_FEA_XX.mp4,N,59.1111111111111,0.0796,0.0796
1030_IEO_HAP_MD.mp4,N,52.8,0.0764,0.0764
1018_ITS_ANG_XX.mp4,A:D,53.6,0.0,0.0
1015_IOM_NEU_XX.mp4,N,61.375,0.0807,0.0807
1013_ITS_DIS_XX.mp4,D,44.1111111111111,-0.5044,0.2882
1006_ITS_DIS_XX.mp4,D:F:N:S,53.5,0.0,0.0
1042_IOM_ANG_XX.mp4,A,52.3,-0.5331,0.6092
1057_IOM_ANG_XX.mp4,A,57.3333333333333,-0.5507,0.6293
1002_MTI_FEA_XX.mp4,N,57.1818181818182,0.0786,0.0786
1017_MTI_FEA_XX.mp4,N,60.2727272727273,0.0801,0.0801
1023_MTI_HAP_XX.mp4,H:N,45.4444444444444,0.0,0.0
1036_MTI_HAP_XX.mp4,F:N,62.6666666666667,0.0,0.0
1087_ITS_SAD_XX.mp4,N,61.4545454545455,0.0807,0.0807
1084_MTI_DIS_XX.mp4,N,50.25,0.0751,0.0751
1091_MTI_DIS_XX.mp4,N,59.0,0.0795,0.0795
1080_ITS_FEA_XX.mp4,F,52.2222222222222,-0.4567,0.5328
1005_MTI_SAD_XX.mp4,N,60.5,0.0803,0.0803
1089_IEO_ANG_MD.mp4,A,43.1111111111111,-0.5009,0.5724
1010_MTI_SAD_XX.mp4,N,54.0,0.077,0.077
1004_IOM_HAP_XX.mp4,H,72.4545454545455,0.6898,0.5174
1011_IOM_HAP_XX.mp4,N,28.5555555555556,0.0643,0.0643
1029_IWL_DIS_XX.mp4,A,70.6666666666667,-0.5973,0.6827
1025_IOM_FEA_XX.mp4,N,58.0,0.079,0.079
1068_IEO_DIS_MD.mp4,N,63.3333333333333,0.0817,0.0817
1030_IOM_FEA_XX.mp4,N,71.1111111111111,0.0856,0.0856
1065_MTI_ANG_XX.mp4,A,53.7,-0.5379,0.6148
1070_MTI_ANG_XX.mp4,D,71.8888888888889,-0.6016,0.3438
1079_IEO_DIS_HI.mp4,A,57.8571428571429,-0.5525,0.6314
1027_MTI_NEU_XX.mp4,N,52.125,0.0761,0.0761
1032_MTI_NEU_XX.mp4,N,51.6,0.0758,0.0758
1022_IOM_SAD_XX.mp4,N,53.1818181818182,0.0766,0.0766
1037_IOM_SAD_XX.mp4,N,52.1,0.0761,0.0761
1039_TIE_NEU_XX.mp4,N,65.4545454545455,0.0827,0.0827
1010_IWW_NEU_XX.mp4,N,32.4545454545455,0.0662,0.0662
1005_IWW_NEU_XX.mp4,N,58.3333333333333,0.0792,0.0792
1052_IWW_ANG_XX.mp4,A,74.1,-0.6093,0.6964
1047_IWW_ANG_XX.mp4,A,50.1111111111111,-0.5254,0.6004
1089_ITH_DIS_XX.mp4,D:N,49.0,0.0,0.0
1008_ITH_SAD_XX.mp4,N,57.8888888888889,0.0789,0.0789
1028_TIE_HAP_XX.mp4,N,63.8888888888889,0.0819,0.0819
1009_TIE_FEA_XX.mp4,F,69.2,-0.5076,0.5922
1068_ITH_ANG_XX.mp4,A,58.5,-0.5547,0.634
1014_IWW_HAP_XX.mp4,D:N,49.4444444444444,0.0,0.0
1001_IWW_HAP_XX.mp4,N,59.8571428571429,0.0799,0.0799
1035_IWW_FEA_XX.mp4,F,54.4,-0.4632,0.5404
1020_IWW_FEA_XX.mp4,F,53.4,-0.4602,0.5369
1032_IWW_SAD_XX.mp4,N,60.5,0.0803,0.0803
1027_IWW_SAD_XX.mp4,F,54.5,-0.4635,0.5407
1012_ITH_DIS_XX.mp4,D:N,56.3,0.0,0.0
1023_DFA_HAP_XX.mp4,H,57.2222222222222,0.6289,0.4717
1036_DFA_HAP_XX.mp4,N,64.75,0.0824,0.0824
1007_ITH_DIS_XX.mp4,D,59.1,-0.5568,0.3182
1034_IEO_ANG_LO.mp4,N,55.1111111111111,0.0776,0.0776
1002_DFA_FEA_XX.mp4,F,53.1111111111111,-0.4593,0.5359
1017_DFA_FEA_XX.mp4,N,55.0,0.0775,0.0775
1021_IEO_ANG_LO.mp4,N,64.0,0.082,0.082
1086_ITH_SAD_XX.mp4,N,60.2,0.0801,0.0801
1080_IEO_NEU_XX.mp4,N,65.7272727272727,0.0829,0.0829
1005_DFA_SAD_XX.mp4,N,72.4,0.0862,0.0862
1010_DFA_SAD_XX.mp4,N,48.7777777777778,0.0744,0.0744
1070_WSI_ANG_XX.mp4,A,70.2222222222222,-0.5958,0.6809
1065_WSI_ANG_XX.mp4,A,67.4444444444444,-0.5861,0.6698
1032_WSI_NEU_XX.mp4,N,46.2727272727273,0.0731,0.0731
1084_DFA_DIS_XX.mp4,N,62.3,0.0811,0.0811
1091_DFA_DIS_XX.mp4,N,60.4444444444444,0.0802,0.0802
1027_WSI_NEU_XX.mp4,N,49.6666666666667,0.0748,0.0748
1081_ITH_FEA_XX.mp4,F,53.5555555555556,-0.4607,0.5374
1091_WSI_DIS_XX.mp4,N,54.2222222222222,0.0771,0.0771
1080_TIE_SAD_XX.mp4,S,50.7,-0.4521,0.1507
1027_DFA_NEU_XX.mp4,N,78.7777777777778,0.0894,0.0894
1032_DFA_NEU_XX.mp4,N,52.6,0.0763,0.0763
1084_WSI_DIS_XX.mp4,N,64.3,0.0822,0.0822
1028_IWW_DIS_XX.mp4,D,68.4444444444444,-0.5896,0.3369
1072_IEO_HAP_LO.mp4,N,58.3333333333333,0.0792,0.0792
1067_IEO_HAP_LO.mp4,N,46.2222222222222,0.0731,0.0731
1053_IEO_FEA_LO.mp4,N,51.5,0.0758,0.0758
1065_DFA_ANG_XX.mp4,A,62.6,-0.5691,0.6504
1070_DFA_ANG_XX.mp4,A,63.1111111111111,-0.5709,0.6524
1046_IEO_FEA_LO.mp4,N,63.2222222222222,0.0816,0.0816
1001_TIE_DIS_XX.mp4,D,48.1111111111111,-0.5184,0.2962
1010_WSI_SAD_XX.mp4,N,61.1111111111111,0.0806,0.0806
1014_TIE_DIS_XX.mp4,A,60.7777777777778,-0.5627,0.6431
1005_WSI_SAD_XX.mp4,N:S,46.3,0.0,0.0
1054_IEO_SAD_LO.mp4,N,52.1,0.0761,0.0761
1041_IEO_SAD_LO.mp4,N,65.8888888888889,0.0829,0.0829
1087_TIE_FEA_XX.mp4,S,50.375,-0.4511,0.1504
1036_WSI_HAP_XX.mp4,A,63.0,-0.5705,0.652
1023_WSI_HAP_XX.mp4,N,47.5,0.0738,0.0738
1017_WSI_FEA_XX.mp4,A,41.6,-0.4956,0.5664
1002_WSI_FEA_XX.mp4,N:S,59.1666666666667,0.0,0.0
1016_IEO_ANG_HI.mp4,A,81.75,-0.6361,0.727
1003_IEO_ANG_HI.mp4,A,77.7777777777778,-0.6222,0.7111
1053_IWL_ANG_XX.mp4,A:N,56.9,0.0,0.0
1046_IWL_ANG_XX.mp4,A,45.8888888888889,-0.5106,0.5836
1007_IEO_ANG_MD.mp4,N,65.4,0.0827,0.0827
1012_IEO_ANG_MD.mp4,A,48.9,-0.5211,0.5956
1011_IWL_NEU_XX.mp4,N,56.7,0.0784,0.0784
1004_IWL_NEU_XX.mp4,N,56.1111111111111,0.0781,0.0781
1034_TSI_ANG_XX.mp4,N,64.4444444444444,0.0822,0.0822
1021_TSI_ANG_XX.mp4,A,59.2,-0.5572,0.6368
1088_ITS_DIS_XX.mp4,N,58.6,0.0793,0.0793
1076_TSI_NEU_XX.mp4,N,64.1,0.0821,0.0821
1063_TSI_NEU_XX.mp4,N,66.8888888888889,0.0834,0.0834
1047_TAI_NEU_XX.mp4,N,74.0,0.087,0.087
1052_TAI_NEU_XX.mp4,N,74.4444444444444,0.0872,0.0872
1009_ITS_SAD_XX.mp4,F:N,61.2222222222222,0.0,0.0
1005_TAI_ANG_XX.mp4,D,58.8,-0.5558,0.3176
1010_TAI_ANG_XX.mp4,A,67.0,-0.5845,0.668
1050_IEO_HAP_HI.mp4,A,61.3,-0.5645,0.6452
1054_TSI_SAD_XX.mp4,F,46.25,-0.4387,0.5119
1041_TSI_SAD_XX.mp4,N,65.375,0.0827,0.0827
1045_IEO_HAP_HI.mp4,N,62.2222222222222,0.0811,0.0811
1071_IEO_FEA_HI.mp4,F:N,43.3333333333333,0.0,0.0
1064_IEO_FEA_HI.mp4,F,87.8571428571429,-0.5636,0.6575
1041_IEO_HAP_MD.mp4,N,61.6,0.0808,0.0808
1065_TAI_SAD_XX.mp4,N,64.4444444444444,0.0822,0.0822
1034_IWL_FEA_XX.mp4,N,69.375,0.0847,0.0847
1021_IWL_FEA_XX.mp4,N,63.75,0.0819,0.0819
1070_TAI_SAD_XX.mp4,D:S,54.8888888888889,0.0,0.0
1054_IEO_HAP_MD.mp4,D,51.75,-0.5311,0.3035
1015_IWL_HAP_XX.mp4,N,60.7777777777778,0.0804,0.0804
1060_IEO_FEA_MD.mp4,N,63.3333333333333,0.0817,0.0817
1075_IEO_FEA_MD.mp4,N,55.8888888888889,0.0779,0.0779
1038_IOM_DIS_XX.mp4,D,42.5,-0.4987,0.285
1069_ITS_ANG_XX.mp4,A,68.8888888888889,-0.5911,0.6756
1053_TSI_FEA_XX.mp4,F,67.9,-0.5037,0.5877
1046_TSI_FEA_XX.mp4,F,48.8888888888889,-0.4467,0.5211
1072_TSI_HAP_XX.mp4,H,59.25,0.637,0.4778
1076_IEO_SAD_HI.mp4,S,69.2222222222222,-0.5077,0.1692
1063_IEO_SAD_HI.mp4,F,67.6666666666667,-0.503,0.5868
1067_TSI_HAP_XX.mp4,N,60.5555555555556,0.0803,0.0803
1033_IWL_SAD_XX.mp4,N,72.3333333333333,0.0862,0.0862
1062_TAI_FEA_XX.mp4,S,42.1111111111111,-0.4263,0.1421
1077_TAI_FEA_XX.mp4,D:N,56.2222222222222,0.0,0.0
1026_IWL_SAD_XX.mp4,A,41.6,-0.4956,0.5664
1043_TAI_HAP_XX.mp4,D:N,48.8888888888889,0.0,0.0
1067_IEO_SAD_MD.mp4,N,46.875,0.0734,0.0734
1072_IEO_SAD_MD.mp4,F,47.6,-0.4428,0.5166
1056_TAI_HAP_XX.mp4,N,66.5714285714286,0.0833,0.0833
1043_IWL_SAD_XX.mp4,S,66.875,-0.5006,0.1669
1012_TAI_FEA_XX.mp4,F,53.75,-0.4612,0.5381
1087_IEO_DIS_HI.mp4,D,54.5,-0.5407,0.309
1007_TAI_FEA_XX.mp4,N,51.8888888888889,0.0759,0.0759
1056_IWL_SAD_XX.mp4,N,64.8888888888889,0.0824,0.0824
1017_IEO_SAD_MD.mp4,N,50.6,0.0753,0.0753
1033_TAI_HAP_XX.mp4,N,51.25,0.0756,0.0756
1026_TAI_HAP_XX.mp4,N,55.3333333333333,0.0777,0.0777
1002_IEO_SAD_MD.mp4,N,48.1,0.0741,0.0741
1023_TSI_FEA_XX.mp4,F,59.3,-0.4779,0.5575
1083_IEO_DIS_MD.mp4,N,57.9,0.079,0.079
1036_TSI_FEA_XX.mp4,F,89.1111111111111,-0.5673,0.6619
1006_IEO_SAD_HI.mp4,N,52.9,0.0765,0.0765
1002_TSI_HAP_XX.mp4,F,41.7777777777778,-0.4253,0.4962
1017_TSI_HAP_XX.mp4,N,58.8181818181818,0.0794,0.0794
1013_IEO_SAD_HI.mp4,S,71.2222222222222,-0.5137,0.1712
1019_ITS_ANG_XX.mp4,F,49.375,-0.4481,0.5228
1015_TAI_SAD_XX.mp4,N,66.875,0.0834,0.0834
1044_IWL_FEA_XX.mp4,A:F,50.25,0.0,0.0
1031_IEO_HAP_MD.mp4,N,72.7777777777778,0.0864,0.0864
1024_IEO_HAP_MD.mp4,N,74.7272727272727,0.0874,0.0874
1051_IWL_FEA_XX.mp4,N,64.3333333333333,0.0822,0.0822
1010_IEO_FEA_MD.mp4,N:S,55.5555555555556,0.0,0.0
1065_IWL_HAP_XX.mp4,H,40.1111111111111,0.5604,0.4203
1070_IWL_HAP_XX.mp4,N,58.3333333333333,0.0792,0.0792
1048_IOM_DIS_XX.mp4,A,53.3333333333333,-0.5367,0.6133
1005_IEO_FEA_MD.mp4,N,62.4,0.0812,0.0812
1024_TSI_SAD_XX.mp4,N,44.5,0.0723,0.0723
1020_IEO_HAP_HI.mp4,S,67.6,-0.5028,0.1676
1035_IEO_HAP_HI.mp4,A,62.875,-0.5701,0.6515
1031_TSI_SAD_XX.mp4,N,54.3333333333333,0.0772,0.0772
1001_IEO_FEA_HI.mp4,D:F,67.7272727272727,0.0,0.0
1081_TAI_DIS_XX.mp4,N,46.3,0.0732,0.0732
1014_IEO_FEA_HI.mp4,F,69.9,-0.5097,0.5947
1075_TAI_ANG_XX.mp4,A,39.75,-0.4891,0.559
1060_TAI_ANG_XX.mp4,A,70.7,-0.5975,0.6828
1037_TAI_NEU_XX.mp4,N,60.0,0.08,0.08
1022_TAI_NEU_XX.mp4,N,63.8,0.0819,0.0819
1079_ITS_SAD_XX.mp4,N,52.1,0.0761,0.0761
1006_TSI_NEU_XX.mp4,N,65.75,0.0829,0.0829
1013_TSI_NEU_XX.mp4,N,60.3333333333333,0.0802,0.0802
1044_TSI_ANG_XX.mp4,F,49.1111111111111,-0.4473,0.5219
1051_TSI_ANG_XX.mp4,F,42.1428571428571,-0.4264,0.4975
1061_IWL_NEU_XX.mp4,N,53.0,0.0765,0.0765
1074_IWL_NEU_XX.mp4,N,54.2727272727273,0.0771,0.0771
1023_IWL_ANG_XX.mp4,A,53.8888888888889,-0.5386,0.6156
1036_IWL_ANG_XX.mp4,A,84.1111111111111,-0.6444,0.7364
1077_IEO_ANG_MD.mp4,A,67.0,-0.5845,0.668
1062_IEO_ANG_MD.mp4,H,60.25,0.641,0.4808
1066_IEO_ANG_HI.mp4,A,69.4444444444444,-0.5931,0.6778
1073_IEO_ANG_HI.mp4,A,62.7,-0.5695,0.6508
1083_ITH_ANG_XX.mp4,A,58.2,-0.5537,0.6328
1046_WSI_HAP_XX.mp4,A,47.7777777777778,-0.5172,0.5911
1053_WSI_HAP_XX.mp4,A,36.0,-0.476,0.544
1067_WSI_FEA_XX.mp4,N,57.6,0.0788,0.0788
1072_WSI_FEA_XX.mp4,F,72.875,-0.5186,0.6051
1024_IEO_SAD_LO.mp4,N,57.4,0.0787,0.0787
1031_IEO_SAD_LO.mp4,N,58.625,0.0793,0.0793
1071_TIE_DIS_XX.mp4,N,59.5,0.0798,0.0798
1060_WSI_SAD_XX.mp4,N,54.6666666666667,0.0773,0.0773
1064_TIE_DIS_XX.mp4,A,34.6666666666667,-0.4713,0.5387
1075_WSI_SAD_XX.mp4,N,68.4285714285714,0.0842,0.0842
1002_IEO_HAP_LO.mp4,F,59.2,-0.4776,0.5572
1017_IEO_HAP_LO.mp4,N,63.9,0.082,0.082
1023_IEO_FEA_LO.mp4,N,73.8,0.0869,0.0869
1015_DFA_ANG_XX.mp4,A,47.7,-0.517,0.5908
1036_IEO_FEA_LO.mp4,F,58.875,-0.4766,0.5561
1057_DFA_NEU_XX.mp4,N,59.8181818181818,0.0799,0.0799
1042_DFA_NEU_XX.mp4,N,67.0,0.0835,0.0835
1058_IWW_DIS_XX.mp4,D,34.5555555555556,-0.4709,0.2691
1042_WSI_NEU_XX.mp4,N,70.125,0.0851,0.0851
1057_WSI_NEU_XX.mp4,N,59.8571428571429,0.0799,0.0799
1015_WSI_ANG_XX.mp4,A,50.9,-0.5281,0.6036
1090_TIE_ANG_XX.mp4,A,63.4444444444444,-0.5721,0.6538
1085_TIE_ANG_XX.mp4,A,71.5,-0.6002,0.686
1075_DFA_SAD_XX.mp4,N,50.75,0.0754,0.0754
1060_DFA_SAD_XX.mp4,N,55.0,0.0775,0.0775
1062_ITH_DIS_XX.mp4,D,47.6666666666667,-0.5168,0.2953
1053_DFA_HAP_XX.mp4,N,48.0,0.074,0.074
1046_DFA_HAP_XX.mp4,H:N,54.5,0.0,0.0
1077_ITH_DIS_XX.mp4,N,64.0,0.082,0.082
1044_IEO_ANG_LO.mp4,A,62.3,-0.568,0.6492
1072_DFA_FEA_XX.mp4,F:H,53.0,0.0,0.0
1067_DFA_FEA_XX.mp4,N,51.25,0.0756,0.0756
1051_IEO_ANG_LO.mp4,D,46.7777777777778,-0.5137,0.2936
1042_IWW_SAD_XX.mp4,F,42.4444444444444,-0.4273,0.4986
1057_IWW_SAD_XX.mp4,F,59.875,-0.4796,0.5596
1064_IWW_HAP_XX.mp4,N,44.5555555555556,0.0723,0.0723
1071_IWW_HAP_XX.mp4,N,67.4444444444444,0.0837,0.0837
1045_IWW_FEA_XX.mp4,N,43.875,0.0719,0.0719
1050_IWW_FEA_XX.mp4,N,44.375,0.0722,0.0722
1018_ITH_ANG_XX.mp4,A,47.3,-0.5155,0.5892
1058_TIE_HAP_XX.mp4,A,52.0,-0.532,0.608
1079_TIE_FEA_XX.mp4,A,62.1,-0.5673,0.6484
1078_ITH_SAD_XX.mp4,S,59.3333333333333,-0.478,0.1593
1022_IWW_ANG_XX.mp4,A:D,77.4444444444444,0.0,0.0
1037_IWW_ANG_XX.mp4,A,78.2857142857143,-0.624,0.7131
1060_IWW_NEU_XX.mp4,N,45.4444444444444,0.0727,0.0727
1075_IWW_NEU_XX.mp4,N,71.3333333333333,0.0857,0.0857
1049_TIE_NEU_XX.mp4,N,66.75,0.0834,0.0834
1082_ITS_ANG_XX.mp4,N,65.5555555555556,0.0828,0.0828
1052_IOM_SAD_XX.mp4,N,65.0,0.0825,0.0825
1047_IOM_SAD_XX.mp4,N,52.8,0.0764,0.0764
1057_MTI_NEU_XX.mp4,N,65.2,0.0826,0.0826
1042_MTI_NEU_XX.mp4,N,73.125,0.0866,0.0866
1015_MTI_ANG_XX.mp4,A:D,41.375,0.0,0.0
1009_IEO_DIS_HI.mp4,A,74.6,-0.6111,0.6984
1089_TAI_FEA_XX.mp4,S,70.0,-0.51,0.17
1074_IOM_HAP_XX.mp4,N,59.1111111111111,0.0796,0.0796
1088_IEO_SAD_HI.mp4,N,54.3333333333333,0.0772,0.0772
1061_IOM_HAP_XX.mp4,N,63.0,0.0815,0.0815
1059_IWL_DIS_XX.mp4,A:D:N,56.4444444444444,0.0,0.0
1018_IEO_DIS_MD.mp4,D,55.2,-0.5432,0.3104
1055_IOM_FEA_XX.mp4,F,51.6666666666667,-0.455,0.5308
1040_IOM_FEA_XX.mp4,N,42.625,0.0713,0.0713
1075_MTI_SAD_XX.mp4,S,50.8,-0.4524,0.1508
1060_MTI_SAD_XX.mp4,S,66.2,-0.4986,0.1662
1072_MTI_FEA_XX.mp4,F:N,51.7,0.0,0.0
1067_MTI_FEA_XX.mp4,N,49.7,0.0749,0.0749
1053_MTI_HAP_XX.mp4,N,65.4285714285714,0.0827,0.0827
1046_MTI_HAP_XX.mp4,N,46.0,0.073,0.073
1032_IOM_ANG_XX.mp4,D,45.5555555555556,-0.5094,0.2911
1027_IOM_ANG_XX.mp4,A,73.7777777777778,-0.6082,0.6951
1088_TSI_NEU_XX.mp4,N,65.7,0.0829,0.0829
1070_IOM_NEU_XX.mp4,N,75.8888888888889,0.0879,0.0879
1065_IOM_NEU_XX.mp4,N,65.1,0.0825,0.0825
1063_ITS_DIS_XX.mp4,F:N,54.0,0.0,0.0
1076_ITS_DIS_XX.mp4,N,47.1,0.0736,0.0736
1068_ITS_ANG_XX.mp4,N,58.0,0.079,0.079
1074_IEO_FEA_MD.mp4,N,56.6,0.0783,0.0783
1001_IWL_HAP_XX.mp4,N,46.7,0.0734,0.0734
1039_IOM_DIS_XX.mp4,N,55.5454545454545,0.0778,0.0778
1014_IWL_HAP_XX.mp4,N,52.1,0.0761,0.0761
1061_IEO_FEA_MD.mp4,N,57.6666666666667,0.0788,0.0788
1020_IWL_FEA_XX.mp4,S,45.125,-0.4354,0.1451
1071_TAI_SAD_XX.mp4,N,61.3333333333333,0.0807,0.0807
1055_IEO_HAP_MD.mp4,N,61.2222222222222,0.0806,0.0806
1040_IEO_HAP_MD.mp4,H,63.9,0.6556,0.4917
1064_TAI_SAD_XX.mp4,N,52.6,0.0763,0.0763
1035_IWL_FEA_XX.mp4,N,60.1111111111111,0.0801,0.0801
1065_IEO_FEA_HI.mp4,N,67.9,0.084,0.084
1070_IEO_FEA_HI.mp4,H,49.2222222222222,0.5969,0.4477
1040_TSI_SAD_XX.mp4,N,52.625,0.0763,0.0763
1044_IEO_HAP_HI.mp4,N,51.5,0.0758,0.0758
1051_IEO_HAP_HI.mp4,N,49.6,0.0748,0.0748
1055_TSI_SAD_XX.mp4,N,63.8,0.0819,0.0819
1073_IEO_SAD_MD.mp4,N,61.8888888888889,0.0809,0.0809
1057_TAI_HAP_XX.mp4,F,49.5555555555556,-0.4487,0.5234
1042_TAI_HAP_XX.mp4,H,55.2222222222222,0.6209,0.4657
1066_IEO_SAD_MD.mp4,N,47.4444444444444,0.0737,0.0737
1076_TAI_FEA_XX.mp4,F,51.875,-0.4556,0.5316
1027_IWL_SAD_XX.mp4,N,48.7777777777778,0.0744,0.0744
1032_IWL_SAD_XX.mp4,N,56.0,0.078,0.078
1063_TAI_FEA_XX.mp4,F,64.7777777777778,-0.4943,0.5767
1062_IEO_SAD_HI.mp4,N,68.4,0.0842,0.0842
1066_TSI_HAP_XX.mp4,N,65.5555555555556,0.0828,0.0828
1073_TSI_HAP_XX.mp4,N,50.1,0.0751,0.0751
1077_IEO_SAD_HI.mp4,N,56.125,0.0781,0.0781
1047_TSI_FEA_XX.mp4,F,50.6666666666667,-0.452,0.5273
1052_TSI_FEA_XX.mp4,F,61.2857142857143,-0.4839,0.5645
1005_IWL_NEU_XX.mp4,N,66.8888888888889,0.0834,0.0834
1010_IWL_NEU_XX.mp4,N,55.2727272727273,0.0776,0.0776
1013_IEO_ANG_MD.mp4,A,62.75,-0.5696,0.651
1006_IEO_ANG_MD.mp4,A:H:N,51.1111111111111,0.0,0.0
1047_IWL_ANG_XX.mp4,N,60.5,0.0803,0.0803
1052_IWL_ANG_XX.mp4,A:D,65.7142857142857,0.0,0.0
1002_IEO_ANG_HI.mp4,D,55.4444444444444,-0.5441,0.3109
1017_IEO_ANG_HI.mp4,D,71.2222222222222,-0.5993,0.3424
1011_TAI_ANG_XX.mp4,A,61.625,-0.5657,0.6465
1004_TAI_ANG_XX.mp4,A:D,60.9,0.0,0.0
1053_TAI_NEU_XX.mp4,N,78.6,0.0893,0.0893
1008_ITS_SAD_XX.mp4,F,47.0,-0.441,0.5145
1046_TAI_NEU_XX.mp4,N,64.8888888888889,0.0824,0.0824
1062_TSI_NEU_XX.mp4,N,68.7777777777778,0.0844,0.0844
1077_TSI_NEU_XX.mp4,N,58.9,0.0795,0.0795
1089_ITS_DIS_XX.mp4,F,52.5,-0.4575,0.5337
1020_TSI_ANG_XX.mp4,D:N,50.5,0.0,0.0
1035_TSI_ANG_XX.mp4,F,73.7142857142857,-0.5211,0.608
1015_TIE_DIS_XX.mp4,N,41.0,0.0705,0.0705
1004_WSI_SAD_XX.mp4,N,47.1111111111111,0.0736,0.0736
1011_WSI_SAD_XX.mp4,N,60.5555555555556,0.0803,0.0803
1071_DFA_ANG_XX.mp4,N,52.8,0.0764,0.0764
1047_IEO_FEA_LO.mp4,N,65.5555555555556,0.0828,0.0828
1052_IEO_FEA_LO.mp4,N,70.6,0.0853,0.0853
1064_DFA_ANG_XX.mp4,A,76.875,-0.6191,0.7075
1066_IEO_HAP_LO.mp4,N,53.0,0.0765,0.0765
1073_IEO_HAP_LO.mp4,N,71.0,0.0855,0.0855
1029_IWW_DIS_XX.mp4,N,50.0,0.075,0.075
1033_DFA_NEU_XX.mp4,N,68.9,0.0845,0.0845
1085_WSI_DIS_XX.mp4,D,60.7777777777778,-0.5627,0.3216
1090_WSI_DIS_XX.mp4,A,67.6,-0.5866,0.6704
1081_TIE_SAD_XX.mp4,N,54.625,0.0773,0.0773
1026_DFA_NEU_XX.mp4,N,53.1,0.0766,0.0766
1003_WSI_FEA_XX.mp4,S,65.5,-0.4965,0.1655
1016_WSI_FEA_XX.mp4,S,52.875,-0.4586,0.1529
1022_WSI_HAP_XX.mp4,H,50.5,0.602,0.4515
1037_WSI_HAP_XX.mp4,H,47.3333333333333,0.5893,0.442
1086_TIE_FEA_XX.mp4,A,58.6666666666667,-0.5553,0.6347
1040_IEO_SAD_LO.mp4,N,43.625,0.0718,0.0718
1055_IEO_SAD_LO.mp4,N,37.5555555555556,0.0688,0.0688
1081_IEO_NEU_XX.mp4,N,87.1,0.0936,0.0936
1087_ITH_SAD_XX.mp4,N,60.5555555555556,0.0803,0.0803
1016_DFA_FEA_XX.mp4,F:N,47.6666666666667,0.0,0.0
1020_IEO_ANG_LO.mp4,A,35.2,-0.4732,0.5408
1035_IEO_ANG_LO.mp4,N,46.5555555555556,0.0733,0.0733
1003_DFA_FEA_XX.mp4,F:N:S,51.1111111111111,0.0,0.0
1037_DFA_HAP_XX.mp4,H:N,76.875,0.0,0.0
1006_ITH_DIS_XX.mp4,D,41.0,-0.4935,0.282
1013_ITH_DIS_XX.mp4,D,58.0,-0.553,0.316
1022_DFA_HAP_XX.mp4,H,58.7272727272727,0.6349,0.4762
1080_ITH_FEA_XX.mp4,F,52.0,-0.456,0.532
1090_DFA_DIS_XX.mp4,D,60.4,-0.5614,0.3208
1026_WSI_NEU_XX.mp4,N,64.0,0.082,0.082
1033_WSI_NEU_XX.mp4,N,62.6,0.0813,0.0813
1085_DFA_DIS_XX.mp4,A,48.6666666666667,-0.5203,0.5947
1064_WSI_ANG_XX.mp4,A,73.9,-0.6087,0.6956
1071_WSI_ANG_XX.mp4,A,56.7,-0.5484,0.6268
1011_DFA_SAD_XX.mp4,N,55.2,0.0776,0.0776
1004_DFA_SAD_XX.mp4,N,56.3333333333333,0.0782,0.0782
1021_IWW_FEA_XX.mp4,N,62.375,0.0812,0.0812
1034_IWW_FEA_XX.mp4,N,44.0,0.072,0.072
1015_IWW_HAP_XX.mp4,H,45.8888888888889,0.5836,0.4377
1069_ITH_ANG_XX.mp4,A,69.8888888888889,-0.5946,0.6796
1008_TIE_FEA_XX.mp4,S,48.875,-0.4466,0.1489
1029_TIE_HAP_XX.mp4,N,49.9,0.075,0.075
1026_IWW_SAD_XX.mp4,N,65.2222222222222,0.0826,0.0826
1033_IWW_SAD_XX.mp4,F:S,45.8888888888889,0.0,0.0
1046_IWW_ANG_XX.mp4,F:N,55.5,0.0,0.0
1053_IWW_ANG_XX.mp4,A,53.8181818181818,-0.5384,0.6153
1004_IWW_NEU_XX.mp4,N,53.4545454545455,0.0767,0.0767
1011_IWW_NEU_XX.mp4,N,63.75,0.0819,0.0819
1038_TIE_NEU_XX.mp4,N,61.5,0.0808,0.0808
1009_ITH_SAD_XX.mp4,N,52.5,0.0762,0.0762
1088_ITH_DIS_XX.mp4,N,66.4,0.0832,0.0832
1033_MTI_NEU_XX.mp4,N,58.6666666666667,0.0793,0.0793
1026_MTI_NEU_XX.mp4,S,54.625,-0.4639,0.1546
1078_IEO_DIS_HI.mp4,S,65.8888888888889,-0.4977,0.1659
1071_MTI_ANG_XX.mp4,N,49.1818181818182,0.0746,0.0746
1064_MTI_ANG_XX.mp4,D,63.3,-0.5716,0.3266
1031_IOM_FEA_XX.mp4,N,46.7777777777778,0.0734,0.0734
1024_IOM_FEA_XX.mp4,N,44.4,0.0722,0.0722
1069_IEO_DIS_MD.mp4,D,60.3333333333333,-0.5612,0.3207
1010_IOM_HAP_XX.mp4,N,69.0,0.0845,0.0845
1028_IWL_DIS_XX.mp4,N,50.4545454545455,0.0752,0.0752
1005_IOM_HAP_XX.mp4,H,71.8333333333333,0.6873,0.5155
1036_IOM_SAD_XX.mp4,F:S,68.0909090909091,0.0,0.0
1023_IOM_SAD_XX.mp4,N,80.2,0.0901,0.0901
1086_ITS_SAD_XX.mp4,F,45.3333333333333,-0.436,0.5087
1037_MTI_HAP_XX.mp4,F,70.3,-0.5109,0.596
1022_MTI_HAP_XX.mp4,N,68.0,0.084,0.084
1016_MTI_FEA_XX.mp4,F,48.3636363636364,-0.4451,0.5193
1003_MTI_FEA_XX.mp4,N,71.1111111111111,0.0856,0.0856
1056_IOM_ANG_XX.mp4,A,30.0,-0.455,0.52
1043_IOM_ANG_XX.mp4,A,47.375,-0.5158,0.5895
1007_ITS_DIS_XX.mp4,S,58.3,-0.4749,0.1583
1012_ITS_DIS_XX.mp4,D,46.875,-0.5141,0.2938
1014_IOM_NEU_XX.mp4,N,59.1,0.0796,0.0796
1001_IOM_NEU_XX.mp4,N,56.6363636363636,0.0783,0.0783
1011_MTI_SAD_XX.mp4,N:S,66.3333333333333,0.0,0.0
1004_MTI_SAD_XX.mp4,S,52.8888888888889,-0.4587,0.1529
1088_IEO_ANG_MD.mp4,A,52.7777777777778,-0.5347,0.6111
1081_ITS_FEA_XX.mp4,F:N,49.8888888888889,0.0,0.0
1090_MTI_DIS_XX.mp4,N,47.8,0.0739,0.0739
1085_MTI_DIS_XX.mp4,N,49.1111111111111,0.0746,0.0746
1082_TAI_ANG_XX.mp4,F,54.0,-0.462,0.539
1009_IOM_NEU_XX.mp4,N,64.5,0.0823,0.0823
1080_IEO_ANG_MD.mp4,D,48.875,-0.5211,0.2978
1019_MTI_SAD_XX.mp4,N,66.4,0.0832,0.0832
1089_ITS_FEA_XX.mp4,F,63.8888888888889,-0.4917,0.5736
1083_IWL_NEU_XX.mp4,N,81.125,0.0906,0.0906
1091_IEO_ANG_HI.mp4,A,84.4545454545455,-0.6456,0.7378
1084_IEO_ANG_HI.mp4,A,74.4,-0.6104,0.6976
1079_MTI_ANG_XX.mp4,D,62.75,-0.5696,0.3255
1070_IEO_DIS_HI.mp4,D,54.25,-0.5399,0.3085
1065_IEO_DIS_HI.mp4,N,46.4444444444444,0.0732,0.0732
1035_IWL_DIS_XX.mp4,D,53.5,-0.5373,0.307
1018_IOM_HAP_XX.mp4,N,63.0,0.0815,0.0815
1020_IWL_DIS_XX.mp4,N,59.125,0.0796,0.0796
1061_IEO_DIS_MD.mp4,D,62.0,-0.567,0.324
1074_IEO_DIS_MD.mp4,H:N,74.5555555555556,0.0,0.0
1039_IOM_FEA_XX.mp4,N,49.2,0.0746,0.0746
1052_TSI_DIS_XX.mp4,N,64.1,0.0821,0.0821
1047_TSI_DIS_XX.mp4,N,53.1111111111111,0.0766,0.0766
1087_IWL_HAP_XX.mp4,N,64.625,0.0823,0.0823
1063_TAI_DIS_XX.mp4,F,46.875,-0.4406,0.5141
1076_TAI_DIS_XX.mp4,N,56.6,0.0783,0.0783
1019_IWW_NEU_XX.mp4,N,58.6,0.0793,0.0793
1013_ITH_FEA_XX.mp4,F,56.6666666666667,-0.47,0.5483
1006_ITH_FEA_XX.mp4,N,54.7777777777778,0.0774,0.0774
1003_DFA_DIS_XX.mp4,N,62.1,0.0811,0.0811
1032_ITH_HAP_XX.mp4,N,69.1111111111111,0.0846,0.0846
1027_ITH_HAP_XX.mp4,N,34.625,0.0673,0.0673
1016_DFA_DIS_XX.mp4,A,49.2222222222222,-0.5223,0.5969
1025_TIE_NEU_XX.mp4,N,59.0,0.0795,0.0795
1082_DFA_SAD_XX.mp4,N,51.3,0.0756,0.0756
1030_TIE_NEU_XX.mp4,N,62.6666666666667,0.0813,0.0813
1067_TIE_ANG_XX.mp4,A,57.2222222222222,-0.5503,0.6289
1072_TIE_ANG_XX.mp4,A,73.3,-0.6066,0.6932
1014_ITH_SAD_XX.mp4,N,55.3,0.0776,0.0776
1001_ITH_SAD_XX.mp4,N,60.8,0.0804,0.0804
1007_IEO_NEU_XX.mp4,N,66.1111111111111,0.0831,0.0831
1012_IEO_NEU_XX.mp4,N,64.4,0.0822,0.0822
1085_DFA_FEA_XX.mp4,N,66.9,0.0835,0.0835
1090_DFA_FEA_XX.mp4,N,54.1111111111111,0.0771,0.0771
1080_ITH_DIS_XX.mp4,D,58.9,-0.5561,0.3178
1090_WSI_FEA_XX.mp4,N,53.125,0.0766,0.0766
1008_IWW_HAP_XX.mp4,H,42.4444444444444,0.5698,0.4273
1085_WSI_FEA_XX.mp4,N,66.5,0.0833,0.0833
1036_ITH_NEU_XX.mp4,N,72.3333333333333,0.0862,0.0862
1029_IWW_FEA_XX.mp4,F,50.2,-0.4506,0.5257
1023_ITH_NEU_XX.mp4,N,65.9,0.083,0.083
1074_ITH_ANG_XX.mp4,N,73.9,0.087,0.087
1061_ITH_ANG_XX.mp4,D,66.5,-0.5827,0.333
1052_IEO_DIS_LO.mp4,N,61.5555555555556,0.0808,0.0808
1047_IEO_DIS_LO.mp4,F:N:S,52.7777777777778,0.0,0.0
1021_TIE_HAP_XX.mp4,N,67.4,0.0837,0.0837
1034_TIE_HAP_XX.mp4,A:N,65.4,0.0,0.0
1015_TIE_FEA_XX.mp4,F,55.125,-0.4654,0.5429
1086_TIE_DIS_XX.mp4,N,53.4,0.0767,0.0767
1082_WSI_SAD_XX.mp4,N,50.3333333333333,0.0752,0.0752
1007_TIE_SAD_XX.mp4,N,64.1,0.0821,0.0821
1016_WSI_DIS_XX.mp4,A,72.0,-0.602,0.688
1012_TIE_SAD_XX.mp4,N,41.6,0.0708,0.0708
1003_WSI_DIS_XX.mp4,A:D,61.1111111111111,0.0,0.0
1089_IEO_NEU_XX.mp4,N,59.6666666666667,0.0798,0.0798
1028_IEO_ANG_LO.mp4,N,67.5555555555556,0.0838,0.0838
1088_ITH_FEA_XX.mp4,F,60.8888888888889,-0.4827,0.5631
1082_IWW_NEU_XX.mp4,N,50.2,0.0751,0.0751
1079_WSI_ANG_XX.mp4,A,74.8888888888889,-0.6121,0.6996
1019_DFA_SAD_XX.mp4,N,56.0,0.078,0.078
1008_TIE_DIS_XX.mp4,S,73.2222222222222,-0.5197,0.1732
1019_WSI_SAD_XX.mp4,S,64.4444444444444,-0.4933,0.1644
1079_DFA_ANG_XX.mp4,A,59.8888888888889,-0.5596,0.6396
1089_TIE_SAD_XX.mp4,S,62.0,-0.486,0.162
1034_IWW_DIS_XX.mp4,F:N,66.2222222222222,0.0,0.0
1021_IWW_DIS_XX.mp4,N,44.0,0.072,0.072
1086_IWW_HAP_XX.mp4,N,58.2,0.0791,0.0791
1048_IEO_SAD_LO.mp4,N,51.1,0.0756,0.0756
1033_ITS_HAP_XX.mp4,F,50.2,-0.4506,0.5257
1026_ITS_HAP_XX.mp4,A:F,42.6666666666667,0.0,0.0
1018_IWL_NEU_XX.mp4,N,68.1111111111111,0.0841,0.0841
1012_ITS_FEA_XX.mp4,F,73.2222222222222,-0.5197,0.6063
1007_ITS_FEA_XX.mp4,N,47.0,0.0735,0.0735
1082_MTI_SAD_XX.mp4,N,58.6,0.0793,0.0793
1003_MTI_DIS_XX.mp4,S,60.4285714285714,-0.4813,0.1604
1016_MTI_DIS_XX.mp4,H,65.5555555555556,0.6622,0.4967
1019_TAI_ANG_XX.mp4,A,60.6363636363636,-0.5622,0.6425
1085_MTI_FEA_XX.mp4,N:S,51.7777777777778,0.0,0.0
1090_MTI_FEA_XX.mp4,N,51.1,0.0756,0.0756
1015_ITS_SAD_XX.mp4,N,68.8333333333333,0.0844,0.0844
1081_ITS_DIS_XX.mp4,D:N,63.5,0.0,0.0
1087_IOM_NEU_XX.mp4,N,56.0,0.078,0.078
1028_TSI_ANG_XX.mp4,A,76.3636363636364,-0.6173,0.7055
1075_ITS_ANG_XX.mp4,A,68.2222222222222,-0.5888,0.6729
1060_ITS_ANG_XX.mp4,N,55.2222222222222,0.0776,0.0776
1048_IEO_HAP_MD.mp4,N,50.2,0.0751,0.0751
1037_ITS_NEU_XX.mp4,N,63.8888888888889,0.0819,0.0819
1028_IWL_FEA_XX.mp4,S,71.3333333333333,-0.514,0.1713
1079_TAI_SAD_XX.mp4,N:S,57.8,0.0,0.0
1022_ITS_NEU_XX.mp4,N,66.0,0.083,0.083
1024_IOM_DIS_XX.mp4,D,45.5,-0.5092,0.291
1069_IEO_FEA_MD.mp4,N,64.8888888888889,0.0824,0.0824
1009_IWL_HAP_XX.mp4,H,63.0,0.652,0.489
1031_IOM_DIS_XX.mp4,N,57.8,0.0789,0.0789
1059_IEO_HAP_HI.mp4,H,60.375,0.6415,0.4811
1048_TSI_SAD_XX.mp4,N,43.0,0.0715,0.0715
1078_IEO_FEA_HI.mp4,F,72.2,-0.5166,0.6027
1083_IOM_HAP_XX.mp4,N,62.8888888888889,0.0814,0.0814
1068_MTI_SAD_XX.mp4,N,54.2222222222222,0.0771,0.0771
1080_TSI_NEU_XX.mp4,N,79.2,0.0896,0.0896
1078_IOM_NEU_XX.mp4,N,64.0,0.082,0.082
1086_TAI_SAD_XX.mp4,A:N,59.6666666666667,0.0,0.0
1036_TSI_DIS_XX.mp4,D,59.1666666666667,-0.5571,0.3183
1083_IEO_FEA_MD.mp4,N,54.8,0.0774,0.0774
1023_TSI_DIS_XX.mp4,N,52.3333333333333,0.0762,0.0762
1007_TAI_DIS_XX.mp4,S,49.5,-0.4485,0.1495
1087_IEO_FEA_HI.mp4,F,59.4,-0.4782,0.5579
1012_TAI_DIS_XX.mp4,D,53.0,-0.5355,0.306
1014_IEO_DIS_HI.mp4,A,56.25,-0.5469,0.625
1081_TAI_FEA_XX.mp4,N,56.4,0.0782,0.0782
1001_IEO_DIS_HI.mp4,A,53.4545454545455,-0.5371,0.6138
1008_MTI_ANG_XX.mp4,N,53.4285714285714,0.0767,0.0767
1084_IEO_SAD_MD.mp4,N:S,43.5,0.0,0.0
1091_IEO_SAD_MD.mp4,N,70.3333333333333,0.0852,0.0852
1048_IOM_FEA_XX.mp4,N,65.3636363636364,0.0827,0.0827
1005_IEO_DIS_MD.mp4,N,67.75,0.0839,0.0839
1010_IEO_DIS_MD.mp4,D,61.5,-0.5652,0.323
1091_TSI_HAP_XX.mp4,N,76.0,0.088,0.088
1069_IOM_HAP_XX.mp4,N,62.2,0.0811,0.0811
1051_IWL_DIS_XX.mp4,N,59.0,0.0795,0.0795
1044_IWL_DIS_XX.mp4,A,68.6666666666667,-0.5903,0.6747
1080_IEO_SAD_HI.mp4,A:D:N:S,45.2222222222222,0.0,0.0
1084_TSI_HAP_XX.mp4,N,48.7777777777778,0.0744,0.0744
1070_ITH_SAD_XX.mp4,N,43.5,0.0718,0.0718
1065_ITH_SAD_XX.mp4,N,58.4444444444444,0.0792,0.0792
1063_IEO_NEU_XX.mp4,N,59.3,0.0796,0.0796
1076_IEO_NEU_XX.mp4,N,59.3333333333333,0.0797,0.0797
1086_WSI_ANG_XX.mp4,A,86.6,-0.6531,0.7464
1056_ITH_HAP_XX.mp4,N,53.7777777777778,0.0769,0.0769
1067_DFA_DIS_XX.mp4,N,63.125,0.0816,0.0816
1072_DFA_DIS_XX.mp4,N,45.2857142857143,0.0726,0.0726
1043_ITH_HAP_XX.mp4,N,59.3333333333333,0.0797,0.0797
1077_ITH_FEA_XX.mp4,N,61.4545454545455,0.0807,0.0807
1068_IWW_NEU_XX.mp4,N,59.4444444444444,0.0797,0.0797
1062_ITH_FEA_XX.mp4,N,52.3,0.0762,0.0762
1041_TIE_NEU_XX.mp4,N,62.5555555555556,0.0813,0.0813
1054_TIE_NEU_XX.mp4,N,63.1,0.0816,0.0816
1003_TIE_ANG_XX.mp4,A,58.3,-0.554,0.6332
1016_TIE_ANG_XX.mp4,A,65.6,-0.5796,0.6624
1063_TIE_SAD_XX.mp4,N,58.25,0.0791,0.0791
1072_WSI_DIS_XX.mp4,D,63.9,-0.5736,0.3278
1076_TIE_SAD_XX.mp4,N,56.1111111111111,0.0781,0.0781
1067_WSI_DIS_XX.mp4,N,46.5,0.0733,0.0733
1091_IEO_HAP_LO.mp4,N,67.625,0.0838,0.0838
1084_IEO_HAP_LO.mp4,N,76.6,0.0883,0.0883
1086_DFA_ANG_XX.mp4,A,53.0,-0.5355,0.612
1058_IWW_FEA_XX.mp4,F,64.875,-0.4946,0.5771
1052_ITH_NEU_XX.mp4,N,63.5,0.0818,0.0818
1047_ITH_NEU_XX.mp4,N,56.2,0.0781,0.0781
1079_IWW_HAP_XX.mp4,H,66.7,0.6668,0.5001
1036_IEO_DIS_LO.mp4,D,62.9,-0.5701,0.3258
1023_IEO_DIS_LO.mp4,N,63.7,0.0819,0.0819
1010_ITH_ANG_XX.mp4,A,55.5555555555556,-0.5444,0.6222
1005_ITH_ANG_XX.mp4,A,47.875,-0.5176,0.5915
1064_TIE_FEA_XX.mp4,A,46.625,-0.5132,0.5865
1071_TIE_FEA_XX.mp4,N,64.0,0.082,0.082
1045_TIE_HAP_XX.mp4,N,63.1,0.0816,0.0816
1050_TIE_HAP_XX.mp4,N,53.8,0.0769,0.0769
1068_DFA_SAD_XX.mp4,N,51.7777777777778,0.0759,0.0759
1059_IEO_ANG_LO.mp4,N,62.5,0.0813,0.0813
1039_IEO_SAD_LO.mp4,N,64.6666666666667,0.0823,0.0823
1079_TIE_DIS_XX.mp4,D:N,60.5,0.0,0.0
1068_WSI_SAD_XX.mp4,N,47.0,0.0735,0.0735
1008_DFA_ANG_XX.mp4,A,57.4,-0.5509,0.6296
1050_IWW_DIS_XX.mp4,D,55.2222222222222,-0.5433,0.3104
1045_IWW_DIS_XX.mp4,N,60.1818181818182,0.0801,0.0801
1068_TAI_ANG_XX.mp4,A,59.1,-0.5568,0.6364
1071_ITS_SAD_XX.mp4,N:S,52.2222222222222,0.0,0.0
1064_ITS_SAD_XX.mp4,S,60.3636363636364,-0.4811,0.1604
1059_TSI_ANG_XX.mp4,A,81.1111111111111,-0.6339,0.7244
1076_ITS_FEA_XX.mp4,F:N,64.5555555555556,0.0,0.0
1069_IWL_NEU_XX.mp4,N,65.8,0.0829,0.0829
1063_ITS_FEA_XX.mp4,F,53.2,-0.4596,0.5362
1057_ITS_HAP_XX.mp4,N,62.0,0.081,0.081
1042_ITS_HAP_XX.mp4,H:N,47.2,0.0,0.0
1067_MTI_DIS_XX.mp4,N,67.7777777777778,0.0839,0.0839
1072_MTI_DIS_XX.mp4,N,61.4444444444444,0.0807,0.0807
1086_MTI_ANG_XX.mp4,N,57.4444444444444,0.0787,0.0787
1011_ITS_ANG_XX.mp4,D,70.8888888888889,-0.5981,0.3418
1004_ITS_ANG_XX.mp4,A:D,61.3333333333333,0.0,0.0
1078_IWL_HAP_XX.mp4,N,63.7,0.0819,0.0819
1040_IOM_DIS_XX.mp4,N,40.2,0.0701,0.0701
1018_IEO_FEA_MD.mp4,S,63.1,-0.4893,0.1631
1055_IOM_DIS_XX.mp4,D,40.8888888888889,-0.4931,0.2818
1059_IWL_FEA_XX.mp4,N,75.0,0.0875,0.0875
1008_TAI_SAD_XX.mp4,A:F:N,52.125,0.0,0.0
1053_ITS_NEU_XX.mp4,N,60.3333333333333,0.0802,0.0802
1046_ITS_NEU_XX.mp4,N,52.0,0.076,0.076
1039_IEO_HAP_MD.mp4,H,48.9090909090909,0.5956,0.4467
1089_TAI_DIS_XX.mp4,D,41.4444444444444,-0.4951,0.2829
1009_IEO_FEA_HI.mp4,F,79.0,-0.537,0.6265
1039_TSI_SAD_XX.mp4,N,58.9,0.0795,0.0795
1028_IEO_HAP_HI.mp4,N,42.8888888888889,0.0714,0.0714
1020_IOM_ANG_XX.mp4,A:D,60.3,0.0,0.0
1035_IOM_ANG_XX.mp4,A,70.0,-0.595,0.68
1071_ITS_DIS_XX.mp4,N,59.3,0.0796,0.0796
1064_ITS_DIS_XX.mp4,D,67.0,-0.5845,0.334
1062_IOM_NEU_XX.mp4,N,67.6666666666667,0.0838,0.0838
1077_IOM_NEU_XX.mp4,N,78.7777777777778,0.0894,0.0894
1041_MTI_HAP_XX.mp4,N,64.2,0.0821,0.0821
1054_MTI_HAP_XX.mp4,S,49.4,-0.4482,0.1494
1060_MTI_FEA_XX.mp4,S,41.7,-0.4251,0.1417
1075_MTI_FEA_XX.mp4,N,75.25,0.0876,0.0876
1067_MTI_SAD_XX.mp4,N,63.125,0.0816,0.0816
1072_MTI_SAD_XX.mp4,N:S,40.5555555555556,0.0,0.0
1047_IOM_FEA_XX.mp4,N,58.0,0.079,0.079
1052_IOM_FEA_XX.mp4,N,60.6666666666667,0.0803,0.0803
1066_IOM_HAP_XX.mp4,N,65.6666666666667,0.0828,0.0828
1073_IOM_HAP_XX.mp4,N,50.3,0.0752,0.0752
1045_MTI_NEU_XX.mp4,N,76.0,0.088,0.088
1050_MTI_NEU_XX.mp4,N,62.7,0.0814,0.0814
1007_MTI_ANG_XX.mp4,A:D:F:N,39.7777777777778,0.0,0.0
1012_MTI_ANG_XX.mp4,N,58.9,0.0795,0.0795
1040_IOM_SAD_XX.mp4,S,50.0,-0.45,0.15
1055_IOM_SAD_XX.mp4,N,67.9,0.084,0.084
1008_TAI_DIS_XX.mp4,A,51.2222222222222,-0.5293,0.6049
1088_IEO_FEA_HI.mp4,F,61.4444444444444,-0.4843,0.5651
1089_TAI_SAD_XX.mp4,S,73.8888888888889,-0.5217,0.1739
1039_TSI_DIS_XX.mp4,N,53.4,0.0767,0.0767
1090_ITS_ANG_XX.mp4,D,54.5,-0.5407,0.309
1085_ITS_ANG_XX.mp4,A,62.3333333333333,-0.5682,0.6493
1019_TIE_ANG_XX.mp4,A,75.2222222222222,-0.6133,0.7009
1030_IWW_ANG_XX.mp4,D,50.8,-0.5278,0.3016
1025_IWW_ANG_XX.mp4,A,74.75,-0.6116,0.699
1089_WSI_ANG_XX.mp4,A,57.6666666666667,-0.5518,0.6307
1068_DFA_DIS_XX.mp4,N,58.1111111111111,0.0791,0.0791
1059_ITH_HAP_XX.mp4,H:N,54.1111111111111,0.0,0.0
1072_IWW_NEU_XX.mp4,N,53.0,0.0765,0.0765
1078_ITH_FEA_XX.mp4,F,59.5454545454545,-0.4786,0.5584
1067_IWW_NEU_XX.mp4,F,51.6666666666667,-0.455,0.5308
1079_IEO_NEU_XX.mp4,N,81.1111111111111,0.0906,0.0906
1057_IWW_FEA_XX.mp4,F,60.2222222222222,-0.4807,0.5608
1042_IWW_FEA_XX.mp4,F,60.6,-0.4818,0.5621
1048_ITH_NEU_XX.mp4,N,63.8,0.0819,0.0819
1076_IWW_HAP_XX.mp4,A,60.9,-0.5631,0.6436
1063_IWW_HAP_XX.mp4,H,59.875,0.6395,0.4796
1039_IEO_DIS_LO.mp4,N:S,61.8,0.0,0.0
1068_WSI_DIS_XX.mp4,A,53.4,-0.5369,0.6136
1079_TIE_SAD_XX.mp4,S,46.3333333333333,-0.439,0.1463
1089_DFA_ANG_XX.mp4,N,69.1111111111111,0.0846,0.0846
1050_IWW_SAD_XX.mp4,N,47.9,0.074,0.074
1045_IWW_SAD_XX.mp4,F,49.875,-0.4496,0.5246
1056_IEO_ANG_LO.mp4,A,65.7777777777778,-0.5802,0.6631
1060_DFA_FEA_XX.mp4,N,50.0,0.075,0.075
1075_DFA_FEA_XX.mp4,N,53.5,0.0768,0.0768
1043_IEO_ANG_LO.mp4,N,53.8888888888889,0.0769,0.0769
1070_ITH_DIS_XX.mp4,N,47.0,0.0735,0.0735
1041_DFA_HAP_XX.mp4,H,52.9,0.6116,0.4587
1054_DFA_HAP_XX.mp4,H,61.6,0.6464,0.4848
1065_ITH_DIS_XX.mp4,N,43.6,0.0718,0.0718
1082_TIE_ANG_XX.mp4,A,58.7777777777778,-0.5557,0.6351
1067_DFA_SAD_XX.mp4,N,56.4,0.0782,0.0782
1072_DFA_SAD_XX.mp4,N,60.2,0.0801,0.0801
1050_WSI_NEU_XX.mp4,N,54.0,0.077,0.077
1045_WSI_NEU_XX.mp4,N,77.0,0.0885,0.0885
1012_WSI_ANG_XX.mp4,A,58.0909090909091,-0.5533,0.6324
1007_WSI_ANG_XX.mp4,A,72.5,-0.6038,0.69
1031_IEO_FEA_LO.mp4,N,70.5555555555556,0.0853,0.0853
1007_DFA_ANG_XX.mp4,A,36.0,-0.476,0.544
1012_DFA_ANG_XX.mp4,A,64.9,-0.5771,0.6596
1024_IEO_FEA_LO.mp4,S,51.1111111111111,-0.4533,0.1511
1010_IEO_HAP_LO.mp4,N,68.4444444444444,0.0842,0.0842
1005_IEO_HAP_LO.mp4,N,70.8888888888889,0.0854,0.0854
1045_DFA_NEU_XX.mp4,N,78.375,0.0892,0.0892
1050_DFA_NEU_XX.mp4,N,62.25,0.0811,0.0811
1072_WSI_SAD_XX.mp4,N,53.2,0.0766,0.0766
1063_TIE_DIS_XX.mp4,N,53.0,0.0765,0.0765
1067_WSI_SAD_XX.mp4,N,59.875,0.0799,0.0799
1076_TIE_DIS_XX.mp4,A:D,62.5,0.0,0.0
1036_IEO_SAD_LO.mp4,N,44.1,0.0721,0.0721
1023_IEO_SAD_LO.mp4,N,55.9,0.078,0.078
1091_ITH_ANG_XX.mp4,N,68.6,0.0843,0.0843
1084_ITH_ANG_XX.mp4,N,45.1111111111111,0.0726,0.0726
1075_WSI_FEA_XX.mp4,N,57.4444444444444,0.0787,0.0787
1060_WSI_FEA_XX.mp4,S,47.8571428571429,-0.4436,0.1479
1054_WSI_HAP_XX.mp4,N,49.7777777777778,0.0749,0.0749
1041_WSI_HAP_XX.mp4,N,64.6,0.0823,0.0823
1074_IEO_ANG_HI.mp4,A,85.5,-0.6492,0.742
1061_IEO_ANG_HI.mp4,A,86.3333333333333,-0.6522,0.7453
1068_MTI_DIS_XX.mp4,N,63.4444444444444,0.0817,0.0817
1073_IWL_NEU_XX.mp4,N,65.4444444444444,0.0827,0.0827
1079_ITS_FEA_XX.mp4,F,70.5555555555556,-0.5117,0.5969
1066_IWL_NEU_XX.mp4,N,75.7777777777778,0.0879,0.0879
1058_ITS_HAP_XX.mp4,H,49.1428571428571,0.5966,0.4474
1065_IEO_ANG_MD.mp4,A,41.4444444444444,-0.4951,0.5658
1070_IEO_ANG_MD.mp4,A,60.8571428571429,-0.563,0.6434
1031_IWL_ANG_XX.mp4,N,47.9,0.074,0.074
1024_IWL_ANG_XX.mp4,A:N,47.6666666666667,0.0,0.0
1014_TSI_NEU_XX.mp4,N,59.7777777777778,0.0799,0.0799
1001_TSI_NEU_XX.mp4,N,70.5,0.0853,0.0853
1056_TSI_ANG_XX.mp4,A,63.5454545454545,-0.5724,0.6542
1043_TSI_ANG_XX.mp4,F,51.8333333333333,-0.4555,0.5314
1067_TAI_ANG_XX.mp4,D,56.6666666666667,-0.5483,0.3133
1072_TAI_ANG_XX.mp4,A,71.3333333333333,-0.5997,0.6853
1025_TAI_NEU_XX.mp4,N,74.2,0.0871,0.0871
1030_TAI_NEU_XX.mp4,N,51.4444444444444,0.0757,0.0757
1013_IEO_FEA_HI.mp4,F,67.5454545454545,-0.5026,0.5864
1086_TAI_DIS_XX.mp4,N,55.1111111111111,0.0776,0.0776
1006_IEO_FEA_HI.mp4,S,54.5555555555556,-0.4637,0.1546
1036_TSI_SAD_XX.mp4,F,61.5555555555556,-0.4847,0.5654
1032_IEO_HAP_HI.mp4,N,70.0,0.085,0.085
1027_IEO_HAP_HI.mp4,F,59.8888888888889,-0.4797,0.5596
1023_TSI_SAD_XX.mp4,N,50.2222222222222,0.0751,0.0751
1002_IEO_FEA_MD.mp4,D,48.2222222222222,-0.5188,0.2964
1077_IWL_HAP_XX.mp4,N,51.9,0.076,0.076
1062_IWL_HAP_XX.mp4,N,72.3333333333333,0.0862,0.0862
1017_IEO_FEA_MD.mp4,N,77.8,0.0889,0.0889
1007_TAI_SAD_XX.mp4,S,80.0,-0.54,0.18
1056_IWL_FEA_XX.mp4,N,56.6,0.0783,0.0783
1023_IEO_HAP_MD.mp4,N,52.0,0.076,0.076
1036_IEO_HAP_MD.mp4,N,56.5,0.0783,0.0783
1043_IWL_FEA_XX.mp4,N,66.2857142857143,0.0831,0.0831
1049_ITS_NEU_XX.mp4,N,65.125,0.0826,0.0826
1012_TAI_SAD_XX.mp4,N:S,52.2,0.0,0.0
1014_IEO_SAD_HI.mp4,N,51.8888888888889,0.0759,0.0759
1010_TSI_HAP_XX.mp4,F,63.75,-0.4912,0.5731
1005_TSI_HAP_XX.mp4,H,70.5555555555556,0.6822,0.5117
1001_IEO_SAD_HI.mp4,N,51.8888888888889,0.0759,0.0759
1031_TSI_FEA_XX.mp4,N,59.625,0.0798,0.0798
1084_IEO_DIS_MD.mp4,D,51.8,-0.5313,0.3036
1024_TSI_FEA_XX.mp4,F,65.9,-0.4977,0.5806
1091_IEO_DIS_MD.mp4,S,60.0,-0.48,0.16
1005_IEO_SAD_MD.mp4,N,50.9,0.0755,0.0755
1089_MTI_ANG_XX.mp4,D,53.0,-0.5355,0.306
1021_TAI_HAP_XX.mp4,H,57.9,0.6316,0.4737
1034_TAI_HAP_XX.mp4,N,54.1,0.0771,0.0771
1010_IEO_SAD_MD.mp4,N,54.7777777777778,0.0774,0.0774
1051_IWL_SAD_XX.mp4,N,68.5555555555556,0.0843,0.0843
1080_IEO_DIS_HI.mp4,D,58.875,-0.5561,0.3178
1015_TAI_FEA_XX.mp4,F,39.6363636363636,-0.4189,0.4887
1044_IWL_SAD_XX.mp4,N,55.1111111111111,0.0776,0.0776
1082_MTI_DIS_XX.mp4,N,76.2,0.0881,0.0881
1003_MTI_SAD_XX.mp4,N,69.7142857142857,0.0849,0.0849
1016_MTI_SAD_XX.mp4,N,45.2222222222222,0.0726,0.0726
1086_ITS_FEA_XX.mp4,F,51.4,-0.4542,0.5299
1044_IOM_ANG_XX.mp4,N,64.1,0.0821,0.0821
1051_IOM_ANG_XX.mp4,A,54.5555555555556,-0.5409,0.6182
1006_IOM_NEU_XX.mp4,N,83.4,0.0917,0.0917
1013_IOM_NEU_XX.mp4,N,75.6,0.0878,0.0878
1015_ITS_DIS_XX.mp4,N,32.2222222222222,0.0661,0.0661
1081_ITS_SAD_XX.mp4,N,45.6666666666667,0.0728,0.0728
1004_MTI_FEA_XX.mp4,F:N:S,49.7777777777778,0.0,0.0
1011_MTI_FEA_XX.mp4,S,37.5555555555556,-0.4127,0.1376
1025_MTI_HAP_XX.mp4,H:N,59.125,0.0,0.0
1030_MTI_HAP_XX.mp4,N,59.5,0.0798,0.0798
1079_TAI_DIS_XX.mp4,D:F,55.9,0.0,0.0
1024_IOM_SAD_XX.mp4,N,55.8888888888889,0.0779,0.0779
1031_IOM_SAD_XX.mp4,N,56.875,0.0784,0.0784
1088_IWL_HAP_XX.mp4,N,48.0,0.074,0.074
1048_TSI_DIS_XX.mp4,D,41.6,-0.4956,0.2832
1002_IOM_HAP_XX.mp4,N,66.2222222222222,0.0831,0.0831
1017_IOM_HAP_XX.mp4,N,59.3,0.0796,0.0796
1023_IOM_FEA_XX.mp4,N,55.4,0.0777,0.0777
1036_IOM_FEA_XX.mp4,S,72.7,-0.5181,0.1727
1021_MTI_NEU_XX.mp4,N,70.125,0.0851,0.0851
1034_MTI_NEU_XX.mp4,N,82.25,0.0911,0.0911
1063_MTI_ANG_XX.mp4,A,54.1428571428571,-0.5395,0.6166
1076_MTI_ANG_XX.mp4,D:N,70.4444444444444,0.0,0.0
1008_IEO_NEU_XX.mp4,N,61.0,0.0805,0.0805
1068_TIE_ANG_XX.mp4,A,53.3,-0.5365,0.6132
1054_IWW_ANG_XX.mp4,A,70.7272727272727,-0.5975,0.6829
1041_IWW_ANG_XX.mp4,A,76.1,-0.6163,0.7044
1016_IWW_NEU_XX.mp4,N,39.0,0.0695,0.0695
1003_IWW_NEU_XX.mp4,N,59.75,0.0799,0.0799
1009_ITH_FEA_XX.mp4,F,56.5555555555556,-0.4697,0.5479
1019_DFA_DIS_XX.mp4,D,47.0,-0.5145,0.294
1028_ITH_HAP_XX.mp4,N,57.7777777777778,0.0789,0.0789
1019_WSI_DIS_XX.mp4,A:D,53.375,0.0,0.0
1008_TIE_SAD_XX.mp4,S,80.0,-0.54,0.18
1089_TIE_DIS_XX.mp4,D,66.0,-0.581,0.332
1034_IWW_SAD_XX.mp4,N,49.9,0.075,0.075
1021_IWW_SAD_XX.mp4,N,64.9,0.0825,0.0825
1012_IWW_HAP_XX.mp4,F,65.1,-0.4953,0.5778
1007_IWW_HAP_XX.mp4,N,51.3,0.0756,0.0756
1033_IWW_FEA_XX.mp4,F,50.25,-0.4507,0.5259
1039_ITH_NEU_XX.mp4,N,61.4444444444444,0.0807,0.0807
1026_IWW_FEA_XX.mp4,N,60.2222222222222,0.0801,0.0801
1048_IEO_DIS_LO.mp4,N,69.3333333333333,0.0847,0.0847
1003_DFA_SAD_XX.mp4,N:S,56.6666666666667,0.0,0.0
1016_DFA_SAD_XX.mp4,S,59.0,-0.477,0.159
1082_DFA_DIS_XX.mp4,A,46.3333333333333,-0.5122,0.5853
1034_WSI_NEU_XX.mp4,N,65.8,0.0829,0.0829
1021_WSI_NEU_XX.mp4,N,63.3333333333333,0.0817,0.0817
1087_ITH_FEA_XX.mp4,N,45.3,0.0726,0.0726
1076_WSI_ANG_XX.mp4,A,74.6363636363636,-0.6112,0.6985
1063_WSI_ANG_XX.mp4,A,78.5,-0.6248,0.714
1025_DFA_HAP_XX.mp4,H,59.6,0.6384,0.4788
1014_ITH_DIS_XX.mp4,F,46.4444444444444,-0.4393,0.5126
1001_ITH_DIS_XX.mp4,N,55.4545454545455,0.0777,0.0777
1030_DFA_HAP_XX.mp4,H,71.2857142857143,0.6851,0.5139
1004_DFA_FEA_XX.mp4,D,68.5555555555556,-0.5899,0.3371
1032_IEO_ANG_LO.mp4,N:S,52.5,0.0,0.0
1027_IEO_ANG_LO.mp4,N,69.9,0.085,0.085
1011_DFA_FEA_XX.mp4,N,61.2222222222222,0.0806,0.0806
1086_IEO_NEU_XX.mp4,N,68.6,0.0843,0.0843
1080_ITH_SAD_XX.mp4,F:S,53.0,0.0,0.0
1081_TIE_FEA_XX.mp4,N,58.0,0.079,0.079
1052_IEO_SAD_LO.mp4,N,63.5,0.0818,0.0818
1047_IEO_SAD_LO.mp4,N,56.0,0.078,0.078
1030_WSI_HAP_XX.mp4,A,54.6,-0.5411,0.6184
1025_WSI_HAP_XX.mp4,A,36.1428571428571,-0.4765,0.5446
1011_WSI_FEA_XX.mp4,N,58.8,0.0794,0.0794
1004_WSI_FEA_XX.mp4,S,50.5714285714286,-0.4517,0.1506
1089_IWW_HAP_XX.mp4,F:H,75.5,0.0,0.0
1074_IEO_HAP_LO.mp4,H,50.9,0.6036,0.4527
1061_IEO_HAP_LO.mp4,N,63.1,0.0816,0.0816
1063_DFA_ANG_XX.mp4,N,56.1111111111111,0.0781,0.0781
1055_IEO_FEA_LO.mp4,N,75.6666666666667,0.0878,0.0878
1040_IEO_FEA_LO.mp4,N,35.5,0.0678,0.0678
1076_DFA_ANG_XX.mp4,A,49.7777777777778,-0.5242,0.5991
1021_DFA_NEU_XX.mp4,N,55.8,0.0779,0.0779
1086_TIE_SAD_XX.mp4,N,62.1,0.0811,0.0811
1082_WSI_DIS_XX.mp4,A:D,57.7,0.0,0.0
1034_DFA_NEU_XX.mp4,N,37.375,0.0687,0.0687
1016_WSI_SAD_XX.mp4,N,52.875,0.0764,0.0764
1007_TIE_DIS_XX.mp4,S,55.7272727272727,-0.4672,0.1557
1003_WSI_SAD_XX.mp4,S,63.9,-0.4917,0.1639
1012_TIE_DIS_XX.mp4,D,57.7777777777778,-0.5522,0.3156
1070_TSI_NEU_XX.mp4,N,73.0,0.0865,0.0865
1088_IOM_NEU_XX.mp4,N,54.4,0.0772,0.0772
1065_TSI_NEU_XX.mp4,N,71.3,0.0857,0.0857
1032_TSI_ANG_XX.mp4,D,48.1,-0.5183,0.2962
1027_TSI_ANG_XX.mp4,A,82.9,-0.6401,0.7316
1003_TAI_ANG_XX.mp4,F,64.6666666666667,-0.494,0.5763
1016_TAI_ANG_XX.mp4,F,47.7777777777778,-0.4433,0.5172
1041_TAI_NEU_XX.mp4,N,59.7777777777778,0.0799,0.0799
1054_TAI_NEU_XX.mp4,N,60.8,0.0804,0.0804
1019_MTI_DIS_XX.mp4,N,54.8,0.0774,0.0774
1010_IEO_ANG_HI.mp4,A,86.4545454545455,-0.6526,0.7458
1005_IEO_ANG_HI.mp4,A,82.2,-0.6377,0.7288
1029_ITS_HAP_XX.mp4,H,58.0,0.632,0.474
1017_IWL_NEU_XX.mp4,N,59.7,0.0799,0.0799
1002_IWL_NEU_XX.mp4,N,63.4444444444444,0.0817,0.0817
1008_ITS_FEA_XX.mp4,S,64.0,-0.492,0.164
1055_IWL_ANG_XX.mp4,A,74.1,-0.6093,0.6964
1040_IWL_ANG_XX.mp4,A,66.5555555555556,-0.5829,0.6662
1001_IEO_ANG_MD.mp4,A:D,50.5833333333333,0.0,0.0
1014_IEO_ANG_MD.mp4,A,64.7777777777778,-0.5767,0.6591
1055_TSI_FEA_XX.mp4,F,74.4285714285714,-0.5233,0.6105
1040_TSI_FEA_XX.mp4,F,53.6,-0.4608,0.5376
1070_IEO_SAD_HI.mp4,N,72.375,0.0862,0.0862
1074_TSI_HAP_XX.mp4,A,66.125,-0.5814,0.6645
1061_TSI_HAP_XX.mp4,H,47.2,0.5888,0.4416
1065_IEO_SAD_HI.mp4,N,41.0,0.0705,0.0705
1064_TAI_FEA_XX.mp4,D,75.0,-0.6125,0.35
1035_IWL_SAD_XX.mp4,N,55.5555555555556,0.0778,0.0778
1020_IWL_SAD_XX.mp4,S,54.9,-0.4647,0.1549
1071_TAI_FEA_XX.mp4,N,54.3333333333333,0.0772,0.0772
1061_IEO_SAD_MD.mp4,N,40.9,0.0704,0.0704
1045_TAI_HAP_XX.mp4,N,67.9,0.084,0.084
1050_TAI_HAP_XX.mp4,N,82.1428571428571,0.0911,0.0911
1074_IEO_SAD_MD.mp4,N,65.2,0.0826,0.0826
1052_TSI_SAD_XX.mp4,N,65.1111111111111,0.0826,0.0826
1056_IEO_HAP_HI.mp4,H,64.125,0.6565,0.4924
1043_IEO_HAP_HI.mp4,F,53.7,-0.4611,0.5379
1047_TSI_SAD_XX.mp4,N,55.3333333333333,0.0777,0.0777
1077_IEO_FEA_HI.mp4,N,64.1,0.0821,0.0821
1062_IEO_FEA_HI.mp4,D:F:N,55.0,0.0,0.0
1032_IWL_FEA_XX.mp4,S,45.3333333333333,-0.436,0.1453
1038_ITS_NEU_XX.mp4,N,49.8,0.0749,0.0749
1063_TAI_SAD_XX.mp4,N,63.7777777777778,0.0819,0.0819
1047_IEO_HAP_MD.mp4,N,51.4,0.0757,0.0757
1052_IEO_HAP_MD.mp4,N,55.5555555555556,0.0778,0.0778
1076_TAI_SAD_XX.mp4,N,50.8,0.0754,0.0754
1027_IWL_FEA_XX.mp4,N,51.7777777777778,0.0759,0.0759
1066_IEO_FEA_MD.mp4,N,59.1,0.0796,0.0796
1013_IWL_HAP_XX.mp4,H,53.0909090909091,0.6124,0.4593
1006_IWL_HAP_XX.mp4,H,83.625,0.7345,0.5509
1073_IEO_FEA_MD.mp4,N,58.0,0.079,0.079
1069_TSI_HAP_XX.mp4,D,43.1111111111111,-0.5009,0.2862
1091_IOM_HAP_XX.mp4,H,54.0,0.616,0.462
1078_IEO_SAD_HI.mp4,S,63.6,-0.4908,0.1636
1084_IOM_HAP_XX.mp4,N,54.9,0.0775,0.0775
1048_TSI_FEA_XX.mp4,N,48.6666666666667,0.0743,0.0743
1058_TAI_HAP_XX.mp4,F:H:N,41.125,0.0,0.0
1069_IEO_SAD_MD.mp4,N,54.3,0.0771,0.0771
1028_IWL_SAD_XX.mp4,S,68.0,-0.504,0.168
1079_TAI_FEA_XX.mp4,F,68.9,-0.5067,0.5911
1067_ITS_ANG_XX.mp4,N,59.5,0.0798,0.0798
1072_ITS_ANG_XX.mp4,N,60.8888888888889,0.0804,0.0804
1036_IOM_DIS_XX.mp4,N,48.1428571428571,0.0741,0.0741
1023_IOM_DIS_XX.mp4,F,63.125,-0.4894,0.5709
1025_ITS_NEU_XX.mp4,N,63.6363636363636,0.0818,0.0818
1030_ITS_NEU_XX.mp4,N,64.2222222222222,0.0821,0.0821
1078_TSI_NEU_XX.mp4,N,66.5555555555556,0.0833,0.0833
1080_IOM_NEU_XX.mp4,N,52.6666666666667,0.0763,0.0763
1086_ITS_DIS_XX.mp4,N,55.375,0.0777,0.0777
1082_MTI_FEA_XX.mp4,N,51.25,0.0756,0.0756
1007_ITS_SAD_XX.mp4,F:S,53.1111111111111,0.0,0.0
1012_ITS_SAD_XX.mp4,S,61.6666666666667,-0.485,0.1617
1049_TAI_NEU_XX.mp4,N,69.7777777777778,0.0849,0.0849
1018_IEO_ANG_HI.mp4,A,77.6,-0.6216,0.7104
1011_MTI_DIS_XX.mp4,N,63.7777777777778,0.0819,0.0819
1004_MTI_DIS_XX.mp4,N,65.1111111111111,0.0826,0.0826
1015_ITS_FEA_XX.mp4,N,64.6666666666667,0.0823,0.0823
1021_ITS_HAP_XX.mp4,N,66.1,0.0831,0.0831
1034_ITS_HAP_XX.mp4,H:N,70.4444444444444,0.0,0.0
1090_MTI_SAD_XX.mp4,N,53.8888888888889,0.0769,0.0769
1009_IEO_ANG_MD.mp4,A,71.7777777777778,-0.6012,0.6871
1085_MTI_SAD_XX.mp4,S,51.7,-0.4551,0.1517
1048_IWL_ANG_XX.mp4,A,60.7272727272727,-0.5625,0.6429
1089_TIE_FEA_XX.mp4,F,54.9,-0.4647,0.5421
1081_IWW_HAP_XX.mp4,N,48.1,0.0741,0.0741
1019_WSI_FEA_XX.mp4,S,61.6,-0.4848,0.1616
1038_WSI_HAP_XX.mp4,H,50.4444444444444,0.6018,0.4513
1048_IEO_FEA_LO.mp4,F,59.8888888888889,-0.4797,0.5596
1069_IEO_HAP_LO.mp4,N,54.1428571428571,0.0771,0.0771
1026_IWW_DIS_XX.mp4,D,65.25,-0.5784,0.3305
1033_IWW_DIS_XX.mp4,D:F,49.2727272727273,0.0,0.0
1029_DFA_NEU_XX.mp4,N,58.1111111111111,0.0791,0.0791
1085_IWW_NEU_XX.mp4,N,53.8,0.0769,0.0769
1090_IWW_NEU_XX.mp4,N,55.0,0.0775,0.0775
1029_WSI_NEU_XX.mp4,N,48.4,0.0742,0.0742
1019_DFA_FEA_XX.mp4,F,47.3,-0.4419,0.5155
1009_ITH_DIS_XX.mp4,N,50.4,0.0752,0.0752
1038_DFA_HAP_XX.mp4,N,55.5,0.0778,0.0778
1088_ITH_SAD_XX.mp4,N,48.0,0.074,0.074
1004_WSI_DIS_XX.mp4,D,53.5,-0.5373,0.307
1015_TIE_SAD_XX.mp4,N,57.9,0.079,0.079
1011_WSI_DIS_XX.mp4,D,53.8,-0.5383,0.3076
1029_IWW_SAD_XX.mp4,F,45.3,-0.4359,0.5085
1085_WSI_SAD_XX.mp4,N,52.8888888888889,0.0764,0.0764
1081_TIE_DIS_XX.mp4,N,57.6,0.0788,0.0788
1090_WSI_SAD_XX.mp4,N,54.4,0.0772,0.0772
1012_TIE_FEA_XX.mp4,F,55.0,-0.465,0.5425
1007_TIE_FEA_XX.mp4,S,60.9090909090909,-0.4827,0.1609
1033_TIE_HAP_XX.mp4,A,30.8571428571429,-0.458,0.5234
1026_TIE_HAP_XX.mp4,H:N,68.6666666666667,0.0,0.0
1024_ITH_NEU_XX.mp4,N:S,53.6363636363636,0.0,0.0
1031_ITH_NEU_XX.mp4,N,71.2222222222222,0.0856,0.0856
1082_WSI_FEA_XX.mp4,N,58.0,0.079,0.079
1040_IEO_DIS_LO.mp4,N,51.4285714285714,0.0757,0.0757
1055_IEO_DIS_LO.mp4,N,45.3333333333333,0.0727,0.0727
1066_ITH_ANG_XX.mp4,N,65.7,0.0829,0.0829
1073_ITH_ANG_XX.mp4,N,55.3,0.0776,0.0776
1087_ITH_DIS_XX.mp4,N,66.1111111111111,0.0831,0.0831
1082_DFA_FEA_XX.mp4,A,56.7777777777778,-0.5487,0.6271
1006_ITH_SAD_XX.mp4,S,55.3,-0.4659,0.1553
1013_ITH_SAD_XX.mp4,S,56.1818181818182,-0.4685,0.1562
1015_IEO_NEU_XX.mp4,N,61.3636363636364,0.0807,0.0807
1037_TIE_NEU_XX.mp4,N:S,65.4,0.0,0.0
1090_DFA_SAD_XX.mp4,N,57.8,0.0789,0.0789
1085_DFA_SAD_XX.mp4,N,69.1111111111111,0.0846,0.0846
1022_TIE_NEU_XX.mp4,N,75.1,0.0876,0.0876
1075_TIE_ANG_XX.mp4,A,57.3333333333333,-0.5507,0.6293
1060_TIE_ANG_XX.mp4,A,50.5,-0.5267,0.602
1049_IWW_ANG_XX.mp4,A:F,66.3333333333333,0.0,0.0
1011_DFA_DIS_XX.mp4,N,60.9,0.0805,0.0805
1020_ITH_HAP_XX.mp4,N,75.125,0.0876,0.0876
1035_ITH_HAP_XX.mp4,H:N,53.4444444444444,0.0,0.0
1004_DFA_DIS_XX.mp4,D,65.5,-0.5792,0.331
1001_ITH_FEA_XX.mp4,F,53.8888888888889,-0.4617,0.5386
1014_ITH_FEA_XX.mp4,F,58.1111111111111,-0.4743,0.5534
1039_IOM_SAD_XX.mp4,N,63.5555555555556,0.0818,0.0818
1071_TAI_DIS_XX.mp4,N,45.1111111111111,0.0726,0.0726
1064_TAI_DIS_XX.mp4,N,60.4285714285714,0.0802,0.0802
1080_IWL_HAP_XX.mp4,N,61.4444444444444,0.0807,0.0807
1040_TSI_DIS_XX.mp4,D,59.4444444444444,-0.5581,0.3189
1055_TSI_DIS_XX.mp4,D,60.9,-0.5631,0.3218
1073_IEO_DIS_MD.mp4,N,47.1111111111111,0.0736,0.0736
1066_IEO_DIS_MD.mp4,D,58.125,-0.5534,0.3163
1027_IWL_DIS_XX.mp4,N,63.1,0.0816,0.0816
1032_IWL_DIS_XX.mp4,A,61.0,-0.5635,0.644
1029_MTI_NEU_XX.mp4,N,64.0,0.082,0.082
1062_IEO_DIS_HI.mp4,F:N,58.7,0.0,0.0
1077_IEO_DIS_HI.mp4,N,60.5,0.0803,0.0803
1083_IEO_ANG_HI.mp4,A,58.0,-0.553,0.632
1087_IEO_ANG_MD.mp4,D,53.3333333333333,-0.5367,0.3067
1084_IWL_NEU_XX.mp4,N,40.5,0.0703,0.0703
1091_IWL_NEU_XX.mp4,N,58.3,0.0791,0.0791
1059_IOM_ANG_XX.mp4,A,78.8888888888889,-0.6261,0.7156
1008_ITS_DIS_XX.mp4,S,50.9,-0.4527,0.1509
1089_ITS_SAD_XX.mp4,F,55.125,-0.4654,0.5429
1090_TAI_ANG_XX.mp4,N,52.9,0.0765,0.0765
1038_MTI_HAP_XX.mp4,N,51.4,0.0757,0.0757
1085_TAI_ANG_XX.mp4,A,56.375,-0.5473,0.6255
1019_MTI_FEA_XX.mp4,S,66.0,-0.498,0.166
1003_ITS_ANG_XX.mp4,A,63.4444444444444,-0.5721,0.6538
1016_ITS_ANG_XX.mp4,A,64.1,-0.5743,0.6564
1041_ITS_NEU_XX.mp4,N,63.8888888888889,0.0819,0.0819
1054_ITS_NEU_XX.mp4,N,65.6666666666667,0.0828,0.0828
1052_IOM_DIS_XX.mp4,N,66.2222222222222,0.0831,0.0831
1047_IOM_DIS_XX.mp4,N,60.4,0.0802,0.0802
1039_TSI_FEA_XX.mp4,F,54.6666666666667,-0.464,0.5413
1009_IEO_SAD_HI.mp4,N,52.0,0.076,0.076
1018_TSI_HAP_XX.mp4,N,62.25,0.0811,0.0811
1088_IEO_DIS_HI.mp4,N,62.4,0.0812,0.0812
1059_IWL_SAD_XX.mp4,S,48.4,-0.4452,0.1484
1008_TAI_FEA_XX.mp4,F,74.375,-0.5231,0.6103
1018_IEO_SAD_MD.mp4,S,52.4,-0.4572,0.1524
1081_MTI_ANG_XX.mp4,A,54.2,-0.5397,0.6168
1029_TAI_HAP_XX.mp4,N,64.2857142857143,0.0821,0.0821
1075_MTI_DIS_XX.mp4,N,41.8888888888889,0.0709,0.0709
1060_MTI_DIS_XX.mp4,N,72.8571428571429,0.0864,0.0864
1069_IEO_ANG_HI.mp4,A,76.3333333333333,-0.6172,0.7053
1045_ITS_HAP_XX.mp4,N,62.5714285714286,0.0813,0.0813
1050_ITS_HAP_XX.mp4,H,49.625,0.5985,0.4489
1064_ITS_FEA_XX.mp4,F,74.1,-0.5223,0.6093
1071_ITS_FEA_XX.mp4,F,54.3333333333333,-0.463,0.5402
1039_IWL_ANG_XX.mp4,A,60.5555555555556,-0.5619,0.6422
1078_IEO_ANG_MD.mp4,A,57.1,-0.5499,0.6284
1009_TSI_NEU_XX.mp4,N,65.6,0.0828,0.0828
1063_ITS_SAD_XX.mp4,S,61.75,-0.4853,0.1618
1038_TAI_NEU_XX.mp4,N,64.0,0.082,0.082
1076_ITS_SAD_XX.mp4,N,55.4444444444444,0.0777,0.0777
1018_IEO_HAP_LO.mp4,N,61.0,0.0805,0.0805
1039_IEO_FEA_LO.mp4,N,54.1,0.0771,0.0771
1058_DFA_NEU_XX.mp4,A:N,56.5,0.0,0.0
1042_IWW_DIS_XX.mp4,F,37.0,-0.411,0.4795
1057_IWW_DIS_XX.mp4,N,56.4444444444444,0.0782,0.0782
1049_WSI_HAP_XX.mp4,H,60.0,0.64,0.48
1068_WSI_FEA_XX.mp4,D,52.8888888888889,-0.5351,0.3058
1078_ITH_DIS_XX.mp4,D,60.4545454545455,-0.5616,0.3209
1049_DFA_HAP_XX.mp4,H,59.375,0.6375,0.4781
1068_DFA_FEA_XX.mp4,N,51.7,0.0759,0.0759
1058_WSI_NEU_XX.mp4,N,48.7,0.0744,0.0744
1057_TIE_HAP_XX.mp4,A,54.2222222222222,-0.5398,0.6169
1042_TIE_HAP_XX.mp4,A,47.6,-0.5166,0.5904
1076_TIE_FEA_XX.mp4,N,41.0,0.0705,0.0705
1063_TIE_FEA_XX.mp4,N,60.2,0.0801,0.0801
1040_ITH_NEU_XX.mp4,N,63.6,0.0818,0.0818
1055_ITH_NEU_XX.mp4,N,56.4444444444444,0.0782,0.0782
1002_ITH_ANG_XX.mp4,D,39.8,-0.4893,0.2796
1017_ITH_ANG_XX.mp4,D,41.5,-0.4952,0.283
1024_IEO_DIS_LO.mp4,N,51.5,0.0758,0.0758
1031_IEO_DIS_LO.mp4,N,65.5555555555556,0.0828,0.0828
1060_WSI_DIS_XX.mp4,N,54.1111111111111,0.0771,0.0771
1071_TIE_SAD_XX.mp4,N,53.7142857142857,0.0769,0.0769
1075_WSI_DIS_XX.mp4,N:S,62.2,0.0,0.0
1064_TIE_SAD_XX.mp4,N,57.5,0.0788,0.0788
1081_DFA_ANG_XX.mp4,A,67.0,-0.5845,0.668
1083_IEO_HAP_LO.mp4,H,46.7,0.5868,0.4401
1058_IWW_SAD_XX.mp4,N,52.5555555555556,0.0763,0.0763
1053_TIE_NEU_XX.mp4,N,59.4,0.0797,0.0797
1046_TIE_NEU_XX.mp4,N,64.4444444444444,0.0822,0.0822
1011_TIE_ANG_XX.mp4,D,54.1,-0.5393,0.3082
1004_TIE_ANG_XX.mp4,A,87.9,-0.6576,0.7516
1081_WSI_ANG_XX.mp4,N:S,45.1111111111111,0.0,0.0
1038_IWW_ANG_XX.mp4,F,53.0,-0.459,0.5355
1065_ITH_FEA_XX.mp4,N,61.5,0.0808,0.0808
1070_ITH_FEA_XX.mp4,N,53.2,0.0766,0.0766
1044_ITH_HAP_XX.mp4,N,44.7777777777778,0.0724,0.0724
1075_DFA_DIS_XX.mp4,N:S,47.7272727272727,0.0,0.0
1060_DFA_DIS_XX.mp4,N,50.7777777777778,0.0754,0.0754
1051_ITH_HAP_XX.mp4,N,57.2,0.0786,0.0786
1062_ITH_SAD_XX.mp4,N,57.2,0.0786,0.0786
1077_ITH_SAD_XX.mp4,N,69.8888888888889,0.0849,0.0849
1071_IEO_NEU_XX.mp4,N,61.5,0.0808,0.0808
1064_IEO_NEU_XX.mp4,N,72.5,0.0863,0.0863
1083_TSI_HAP_XX.mp4,N,67.7,0.0839,0.0839
1087_IEO_SAD_HI.mp4,S,74.6666666666667,-0.524,0.1747
1043_IWL_DIS_XX.mp4,N,57.75,0.0789,0.0789
1056_IWL_DIS_XX.mp4,A,46.1111111111111,-0.5114,0.5844
1017_IEO_DIS_MD.mp4,N,45.0,0.0725,0.0725
1002_IEO_DIS_MD.mp4,F,62.4,-0.4872,0.5684
1058_MTI_NEU_XX.mp4,N,60.7142857142857,0.0804,0.0804
1083_IEO_SAD_MD.mp4,N,51.0,0.0755,0.0755
1006_IEO_DIS_HI.mp4,D,65.75,-0.5801,0.3315
1086_TAI_FEA_XX.mp4,F,53.7,-0.4611,0.5379
1013_IEO_DIS_HI.mp4,S,54.1,-0.4623,0.1541
1015_TAI_DIS_XX.mp4,F,51.7777777777778,-0.4553,0.5312
1080_IEO_FEA_HI.mp4,F,80.2,-0.5406,0.6307
1048_IOM_SAD_XX.mp4,N,62.9,0.0815,0.0815
1091_IEO_FEA_MD.mp4,F:N,49.4,0.0,0.0
1024_TSI_DIS_XX.mp4,D,47.5,-0.5162,0.295
1084_IEO_FEA_MD.mp4,N,65.8888888888889,0.0829,0.0829
1031_TSI_DIS_XX.mp4,N,68.0,0.084,0.084
1081_TAI_SAD_XX.mp4,N:S,50.0,0.0,0.0
1028_IOM_ANG_XX.mp4,A,71.7777777777778,-0.6012,0.6871
1087_TSI_NEU_XX.mp4,N,76.2222222222222,0.0881,0.0881
1079_ITS_DIS_XX.mp4,D:N,57.0,0.0,0.0
1068_MTI_FEA_XX.mp4,F,48.7,-0.4461,0.5204
1049_MTI_HAP_XX.mp4,H,61.8,0.6472,0.4854
1071_DFA_NEU_XX.mp4,D,54.4444444444444,-0.5406,0.3089
1064_DFA_NEU_XX.mp4,N,68.9,0.0845,0.0845
1024_IEO_HAP_LO.mp4,N,55.1818181818182,0.0776,0.0776
1031_IEO_HAP_LO.mp4,N,61.125,0.0806,0.0806
1005_IEO_FEA_LO.mp4,N,67.3333333333333,0.0837,0.0837
1033_DFA_ANG_XX.mp4,A,63.1,-0.5708,0.6524
1026_DFA_ANG_XX.mp4,A,76.6666666666667,-0.6183,0.7067
1010_IEO_FEA_LO.mp4,N:S,57.375,0.0,0.0
1057_TIE_DIS_XX.mp4,D:S,58.5555555555556,0.0,0.0
1046_WSI_SAD_XX.mp4,N,55.2222222222222,0.0776,0.0776
1042_TIE_DIS_XX.mp4,D,55.6666666666667,-0.5448,0.3113
1053_WSI_SAD_XX.mp4,N,54.875,0.0774,0.0774
1002_IEO_SAD_LO.mp4,S,54.2,-0.4626,0.1542
1017_IEO_SAD_LO.mp4,N,66.5,0.0833,0.0833
1060_WSI_HAP_XX.mp4,N,41.5555555555556,0.0708,0.0708
1075_WSI_HAP_XX.mp4,N,38.9,0.0694,0.0694
1041_WSI_FEA_XX.mp4,N,56.3333333333333,0.0782,0.0782
1054_WSI_FEA_XX.mp4,F,49.3,-0.4479,0.5225
1083_IEO_DIS_LO.mp4,N,64.8,0.0824,0.0824
1044_ITH_DIS_XX.mp4,N,62.125,0.0811,0.0811
1075_DFA_HAP_XX.mp4,H,51.6666666666667,0.6067,0.455
1060_DFA_HAP_XX.mp4,N,65.0,0.0825,0.0825
1051_ITH_DIS_XX.mp4,N,60.8888888888889,0.0804,0.0804
1062_IEO_ANG_LO.mp4,N,50.2,0.0751,0.0751
1054_DFA_FEA_XX.mp4,N,59.0,0.0795,0.0795
1041_DFA_FEA_XX.mp4,N,48.6666666666667,0.0743,0.0743
1077_IEO_ANG_LO.mp4,N,57.1111111111111,0.0786,0.0786
1053_DFA_SAD_XX.mp4,N,52.1,0.0761,0.0761
1046_DFA_SAD_XX.mp4,N,57.8,0.0789,0.0789
1026_WSI_ANG_XX.mp4,A,70.1111111111111,-0.5954,0.6804
1033_WSI_ANG_XX.mp4,A,68.1,-0.5883,0.6724
1064_WSI_NEU_XX.mp4,N,42.0,0.071,0.071
1071_WSI_NEU_XX.mp4,D:N,56.9,0.0,0.0
1006_IEO_HAP_HI.mp4,H,47.9,0.5916,0.4437
1002_TSI_SAD_XX.mp4,N,54.4,0.0772,0.0772
1017_TSI_SAD_XX.mp4,N,64.875,0.0824,0.0824
1013_IEO_HAP_HI.mp4,F,69.8888888888889,-0.5097,0.5946
1027_IEO_FEA_HI.mp4,H,57.7777777777778,0.6311,0.4733
1032_IEO_FEA_HI.mp4,F,68.3333333333333,-0.505,0.5892
1017_IEO_HAP_MD.mp4,N,55.8888888888889,0.0779,0.0779
1033_TAI_SAD_XX.mp4,F,47.25,-0.4417,0.5154
1068_ITS_NEU_XX.mp4,N,60.8,0.0804,0.0804
1062_IWL_FEA_XX.mp4,N:S,55.4,0.0,0.0
1077_IWL_FEA_XX.mp4,N,55.1111111111111,0.0776,0.0776
1026_TAI_SAD_XX.mp4,N,50.5,0.0752,0.0752
1002_IEO_HAP_MD.mp4,N,61.8888888888889,0.0809,0.0809
1043_IWL_HAP_XX.mp4,N,66.2222222222222,0.0831,0.0831
1036_IEO_FEA_MD.mp4,N,74.7,0.0873,0.0873
1083_TSI_DIS_XX.mp4,D,66.375,-0.5823,0.3327
1023_IEO_FEA_MD.mp4,N,69.25,0.0846,0.0846
1056_IWL_HAP_XX.mp4,H:N,73.0,0.0,0.0
1005_TSI_FEA_XX.mp4,F,55.3333333333333,-0.466,0.5437
1010_TSI_FEA_XX.mp4,F,57.4444444444444,-0.4723,0.5511
1024_TSI_HAP_XX.mp4,N,51.1111111111111,0.0756,0.0756
1020_IEO_SAD_HI.mp4,S,69.6,-0.5088,0.1696
1035_IEO_SAD_HI.mp4,N:S,61.75,0.0,0.0
1031_TSI_HAP_XX.mp4,H,51.8888888888889,0.6076,0.4557
1065_IWL_SAD_XX.mp4,N,49.3,0.0746,0.0746
1034_TAI_FEA_XX.mp4,N,70.4444444444444,0.0852,0.0852
1021_TAI_FEA_XX.mp4,S,50.9090909090909,-0.4527,0.1509
1070_IWL_SAD_XX.mp4,N,64.7777777777778,0.0824,0.0824
1015_TAI_HAP_XX.mp4,H,58.0,0.632,0.474
1031_IEO_SAD_MD.mp4,N,63.1111111111111,0.0816,0.0816
1024_IEO_SAD_MD.mp4,N,57.8888888888889,0.0789,0.0789
1049_MTI_DIS_XX.mp4,A:D,51.2222222222222,0.0,0.0
1040_IEO_ANG_HI.mp4,A,86.2,-0.6517,0.7448
1055_IEO_ANG_HI.mp4,A,91.0,-0.6685,0.764
1005_IWL_ANG_XX.mp4,A,59.8,-0.5593,0.6392
1010_IWL_ANG_XX.mp4,A,77.3333333333333,-0.6207,0.7093
1051_IEO_ANG_MD.mp4,A,40.5,-0.4917,0.562
1044_IEO_ANG_MD.mp4,A,57.5,-0.5512,0.63
1079_ITS_HAP_XX.mp4,H,46.5,0.586,0.4395
1047_IWL_NEU_XX.mp4,N,70.75,0.0854,0.0854
1058_ITS_FEA_XX.mp4,F,53.6666666666667,-0.461,0.5378
1052_IWL_NEU_XX.mp4,N,70.8,0.0854,0.0854
1062_TSI_ANG_XX.mp4,F,52.1111111111111,-0.4563,0.5324
1077_TSI_ANG_XX.mp4,F,65.125,-0.4954,0.5779
1020_TSI_NEU_XX.mp4,N,67.7,0.0839,0.0839
1035_TSI_NEU_XX.mp4,N,67.4444444444444,0.0837,0.0837
1011_TAI_NEU_XX.mp4,N,70.9,0.0855,0.0855
1004_TAI_NEU_XX.mp4,N,74.0,0.087,0.087
1053_TAI_ANG_XX.mp4,A,78.1111111111111,-0.6234,0.7124
1046_TAI_ANG_XX.mp4,A:D,54.8,0.0,0.0
1052_IOM_HAP_XX.mp4,H:N,57.4444444444444,0.0,0.0
1047_IOM_HAP_XX.mp4,H,64.3333333333333,0.6573,0.493
1073_IOM_FEA_XX.mp4,N,64.9,0.0825,0.0825
1066_IOM_FEA_XX.mp4,N,49.6,0.0748,0.0748
1033_MTI_ANG_XX.mp4,N,61.0,0.0805,0.0805
1026_MTI_ANG_XX.mp4,D,73.4444444444444,-0.6071,0.3469
1071_MTI_NEU_XX.mp4,N,61.6666666666667,0.0808,0.0808
1064_MTI_NEU_XX.mp4,N,67.3,0.0837,0.0837
1029_TAI_DIS_XX.mp4,A,50.2222222222222,-0.5258,0.6009
1088_IEO_HAP_HI.mp4,A:H:N,61.9,0.0,0.0
1074_IOM_SAD_XX.mp4,N,64.8,0.0824,0.0824
1061_IOM_SAD_XX.mp4,N,58.1428571428571,0.0791,0.0791
1018_TSI_DIS_XX.mp4,D,50.5555555555556,-0.5269,0.3011
1056_IOM_NEU_XX.mp4,N,74.5,0.0873,0.0873
1043_IOM_NEU_XX.mp4,N,77.3,0.0887,0.0887
1045_ITS_DIS_XX.mp4,N,52.0,0.076,0.076
1050_ITS_DIS_XX.mp4,F,62.3333333333333,-0.487,0.5682
1014_IOM_ANG_XX.mp4,A,60.1818181818182,-0.5606,0.6407
1001_IOM_ANG_XX.mp4,N,58.1,0.0791,0.0791
1054_MTI_FEA_XX.mp4,N,63.0,0.0815,0.0815
1041_MTI_FEA_XX.mp4,F:N,42.1,0.0,0.0
1075_MTI_HAP_XX.mp4,H,52.8888888888889,0.6116,0.4587
1060_MTI_HAP_XX.mp4,N,68.7777777777778,0.0844,0.0844
1053_MTI_SAD_XX.mp4,S,46.8,-0.4404,0.1468
1046_MTI_SAD_XX.mp4,N,54.2222222222222,0.0771,0.0771
1018_IEO_DIS_LO.mp4,D,65.9,-0.5806,0.3318
1042_IWW_HAP_XX.mp4,A,52.6666666666667,-0.5343,0.6107
1057_IWW_HAP_XX.mp4,A,54.0,-0.539,0.616
1069_ITH_NEU_XX.mp4,N,61.9,0.081,0.081
1063_IWW_FEA_XX.mp4,F,61.25,-0.4838,0.5644
1076_IWW_FEA_XX.mp4,F,56.5555555555556,-0.4697,0.5479
1058_TIE_SAD_XX.mp4,A:N,54.5,0.0,0.0
1049_WSI_DIS_XX.mp4,D,43.75,-0.5031,0.2875
1064_IWW_SAD_XX.mp4,F,53.1111111111111,-0.4593,0.5359
1071_IWW_SAD_XX.mp4,N,51.7,0.0759,0.0759
1038_TIE_ANG_XX.mp4,A:N,50.75,0.0,0.0
1046_IWW_NEU_XX.mp4,N,60.5555555555556,0.0803,0.0803
1059_ITH_FEA_XX.mp4,F,52.0,-0.456,0.532
1053_IWW_NEU_XX.mp4,N,57.6666666666667,0.0788,0.0788
1078_ITH_HAP_XX.mp4,H,66.5,0.666,0.4995
1049_DFA_DIS_XX.mp4,N,57.4444444444444,0.0787,0.0787
1004_IWW_ANG_XX.mp4,D,67.7272727272727,-0.587,0.3355
1011_IWW_ANG_XX.mp4,D,48.2,-0.5187,0.2964
1058_IEO_NEU_XX.mp4,N,83.7,0.0919,0.0919
1066_IEO_SAD_LO.mp4,N,59.0,0.0795,0.0795
1073_IEO_SAD_LO.mp4,N,73.8,0.0869,0.0869
1081_TIE_HAP_XX.mp4,H:N,47.4444444444444,0.0,0.0
1025_WSI_FEA_XX.mp4,F:S,43.1,0.0,0.0
1030_WSI_FEA_XX.mp4,N,65.7,0.0829,0.0829
1089_IWW_FEA_XX.mp4,F,50.2222222222222,-0.4507,0.5258
1083_ITH_NEU_XX.mp4,N,65.6,0.0828,0.0828
1004_WSI_HAP_XX.mp4,D,47.5,-0.5162,0.295
1011_WSI_HAP_XX.mp4,N,53.3333333333333,0.0767,0.0767
1015_DFA_NEU_XX.mp4,N,38.125,0.0691,0.0691
1057_DFA_ANG_XX.mp4,A,61.6666666666667,-0.5658,0.6467
1061_IEO_FEA_LO.mp4,N,39.8888888888889,0.0699,0.0699
1074_IEO_FEA_LO.mp4,N,62.5555555555556,0.0813,0.0813
1042_DFA_ANG_XX.mp4,A,62.7,-0.5695,0.6508
1040_IEO_HAP_LO.mp4,H,69.2222222222222,0.6769,0.5077
1055_IEO_HAP_LO.mp4,H,54.0,0.616,0.462
1033_TIE_DIS_XX.mp4,N,47.0,0.0735,0.0735
1022_WSI_SAD_XX.mp4,S,49.75,-0.4492,0.1498
1026_TIE_DIS_XX.mp4,A,67.875,-0.5876,0.6715
1037_WSI_SAD_XX.mp4,N,55.3333333333333,0.0777,0.0777
1090_TIE_NEU_XX.mp4,N,44.8,0.0724,0.0724
1037_DFA_SAD_XX.mp4,S,60.8,-0.4824,0.1608
1022_DFA_SAD_XX.mp4,N,55.0,0.0775,0.0775
1085_TIE_NEU_XX.mp4,N,68.2857142857143,0.0841,0.0841
1042_WSI_ANG_XX.mp4,A,56.6,-0.5481,0.6264
1057_WSI_ANG_XX.mp4,A,62.9,-0.5701,0.6516
1087_ITH_HAP_XX.mp4,N,63.1111111111111,0.0816,0.0816
1015_WSI_NEU_XX.mp4,N,65.8888888888889,0.0829,0.0829
1030_DFA_FEA_XX.mp4,N,50.8888888888889,0.0754,0.0754
1006_IEO_ANG_LO.mp4,N,63.1111111111111,0.0816,0.0816
1013_IEO_ANG_LO.mp4,A,61.1111111111111,-0.5639,0.6444
1025_DFA_FEA_XX.mp4,N,67.4,0.0837,0.0837
1011_DFA_HAP_XX.mp4,N,62.1111111111111,0.0811,0.0811
1020_ITH_DIS_XX.mp4,N,47.6,0.0738,0.0738
1035_ITH_DIS_XX.mp4,D,47.8888888888889,-0.5176,0.2958
1004_DFA_HAP_XX.mp4,H,76.8,0.7072,0.5304
1040_TSI_HAP_XX.mp4,F,56.3,-0.4689,0.547
1044_IEO_SAD_HI.mp4,N,62.7777777777778,0.0814,0.0814
1080_IWL_DIS_XX.mp4,A,33.0,-0.4655,0.532
1051_IEO_SAD_HI.mp4,N,49.4444444444444,0.0747,0.0747
1055_TSI_HAP_XX.mp4,H,47.5,0.59,0.4425
1061_TSI_FEA_XX.mp4,N,50.125,0.0751,0.0751
1074_TSI_FEA_XX.mp4,F:N:S,76.6,0.0,0.0
1071_TAI_HAP_XX.mp4,N,77.0909090909091,0.0885,0.0885
1055_IEO_SAD_MD.mp4,N,45.7,0.0729,0.0729
1040_IEO_SAD_MD.mp4,N,50.0,0.075,0.075
1064_TAI_HAP_XX.mp4,N,54.1111111111111,0.0771,0.0771
1050_TAI_FEA_XX.mp4,F,52.4,-0.4572,0.5334
1001_IWL_SAD_XX.mp4,N,53.7,0.0769,0.0769
1014_IWL_SAD_XX.mp4,N:S,50.0,0.0,0.0
1045_TAI_FEA_XX.mp4,F,54.1,-0.4623,0.5393
1043_IEO_FEA_HI.mp4,F,66.8,-0.5004,0.5838
1056_IEO_FEA_HI.mp4,F,59.25,-0.4778,0.5574
1062_IEO_HAP_HI.mp4,N,41.1428571428571,0.0706,0.0706
1066_TSI_SAD_XX.mp4,N,44.2,0.0721,0.0721
1073_TSI_SAD_XX.mp4,N,62.7142857142857,0.0814,0.0814
1077_IEO_HAP_HI.mp4,N,54.0,0.077,0.077
1027_IWL_HAP_XX.mp4,N,53.6,0.0768,0.0768
1052_IEO_FEA_MD.mp4,N,61.1,0.0806,0.0806
1047_IEO_FEA_MD.mp4,F,68.5454545454545,-0.5056,0.5899
1032_IWL_HAP_XX.mp4,H:N,52.25,0.0,0.0
1073_IEO_HAP_MD.mp4,N,57.3,0.0786,0.0786
1006_IWL_FEA_XX.mp4,N,61.25,0.0806,0.0806
1057_TAI_SAD_XX.mp4,N,54.0,0.077,0.077
1042_TAI_SAD_XX.mp4,N,45.6666666666667,0.0728,0.0728
1019_ITS_NEU_XX.mp4,N,69.5454545454545,0.0848,0.0848
1013_IWL_FEA_XX.mp4,N,64.3333333333333,0.0822,0.0822
1066_IEO_HAP_MD.mp4,N,78.4444444444444,0.0892,0.0892
1006_TSI_ANG_XX.mp4,A,65.4444444444444,-0.5791,0.6618
1013_TSI_ANG_XX.mp4,A,69.6,-0.5936,0.6784
1044_TSI_NEU_XX.mp4,N,64.2,0.0821,0.0821
1051_TSI_NEU_XX.mp4,N,64.7777777777778,0.0824,0.0824
1075_TAI_NEU_XX.mp4,N,56.375,0.0782,0.0782
1060_TAI_NEU_XX.mp4,N,64.6666666666667,0.0823,0.0823
1037_TAI_ANG_XX.mp4,A,77.9,-0.6226,0.7116
1022_TAI_ANG_XX.mp4,A,67.7,-0.5869,0.6708
1024_IEO_ANG_HI.mp4,A,69.4444444444444,-0.5931,0.6778
1031_IEO_ANG_HI.mp4,A,88.3333333333333,-0.6592,0.7533
1038_MTI_DIS_XX.mp4,N,39.125,0.0696,0.0696
1035_IEO_ANG_MD.mp4,A,65.0,-0.5775,0.66
1020_IEO_ANG_MD.mp4,A,58.6,-0.5551,0.6344
1061_IWL_ANG_XX.mp4,A,70.2222222222222,-0.5958,0.6809
1074_IWL_ANG_XX.mp4,A,52.7,-0.5344,0.6108
1029_ITS_FEA_XX.mp4,F,73.2,-0.5196,0.6062
1023_IWL_NEU_XX.mp4,N,71.7,0.0859,0.0859
1036_IWL_NEU_XX.mp4,N,46.3,0.0732,0.0732
1008_ITS_HAP_XX.mp4,H,57.4,0.6296,0.4722
1010_IOM_SAD_XX.mp4,N,67.7142857142857,0.0839,0.0839
1005_IOM_SAD_XX.mp4,S,58.2222222222222,-0.4747,0.1582
1058_TAI_DIS_XX.mp4,D:N:S,54.0,0.0,0.0
1088_IWL_FEA_XX.mp4,N,53.875,0.0769,0.0769
1082_ITS_NEU_XX.mp4,N,60.7,0.0804,0.0804
1091_IOM_DIS_XX.mp4,N,59.4444444444444,0.0797,0.0797
1069_TSI_DIS_XX.mp4,D:F:N,53.1,0.0,0.0
1084_IOM_DIS_XX.mp4,N,53.125,0.0766,0.0766
1017_IOM_FEA_XX.mp4,N,65.2,0.0826,0.0826
1002_IOM_FEA_XX.mp4,N,61.0,0.0805,0.0805
1036_IOM_HAP_XX.mp4,H:N,39.7777777777778,0.0,0.0
1023_IOM_HAP_XX.mp4,H,51.2222222222222,0.6049,0.4537
1057_MTI_ANG_XX.mp4,N,51.4,0.0757,0.0757
1042_MTI_ANG_XX.mp4,N,60.4444444444444,0.0802,0.0802
1015_MTI_NEU_XX.mp4,N,68.25,0.0841,0.0841
1086_ITS_HAP_XX.mp4,H,58.9090909090909,0.6356,0.4767
1037_MTI_SAD_XX.mp4,S,74.9,-0.5247,0.1749
1022_MTI_SAD_XX.mp4,N:S,53.4545454545455,0.0,0.0
1021_ITS_DIS_XX.mp4,D:N,44.0,0.0,0.0
1034_ITS_DIS_XX.mp4,N,57.375,0.0787,0.0787
1032_IOM_NEU_XX.mp4,N,59.4444444444444,0.0797,0.0797
1027_IOM_NEU_XX.mp4,N,66.8,0.0834,0.0834
1070_IOM_ANG_XX.mp4,A,67.1111111111111,-0.5849,0.6684
1088_TSI_ANG_XX.mp4,A,68.5,-0.5897,0.674
1065_IOM_ANG_XX.mp4,A,57.6666666666667,-0.5518,0.6307
1011_MTI_HAP_XX.mp4,N,68.3,0.0842,0.0842
1004_MTI_HAP_XX.mp4,N,64.5454545454545,0.0823,0.0823
1030_MTI_FEA_XX.mp4,N,65.875,0.0829,0.0829
1025_MTI_FEA_XX.mp4,N,56.875,0.0784,0.0784
1029_TIE_SAD_XX.mp4,S,71.8,-0.5154,0.1718
1038_WSI_DIS_XX.mp4,D,51.1,-0.5289,0.3022
1081_IWW_DIS_XX.mp4,D,68.4,-0.5894,0.3368
1015_IWW_SAD_XX.mp4,F,54.3333333333333,-0.463,0.5402
1069_IEO_DIS_LO.mp4,D,48.1,-0.5183,0.2962
1007_IWW_FEA_XX.mp4,N,54.8,0.0774,0.0774
1018_ITH_NEU_XX.mp4,N,46.5,0.0733,0.0733
1012_IWW_FEA_XX.mp4,F,46.8888888888889,-0.4407,0.5141
1026_IWW_HAP_XX.mp4,N,43.625,0.0718,0.0718
1033_IWW_HAP_XX.mp4,N,64.4,0.0822,0.0822
1088_IEO_ANG_LO.mp4,A,42.5555555555556,-0.4989,0.5702
1029_IEO_NEU_XX.mp4,N,69.3,0.0847,0.0847
1049_TIE_ANG_XX.mp4,A,71.5555555555556,-0.6004,0.6862
1009_ITH_HAP_XX.mp4,H,66.9,0.6676,0.5007
1038_DFA_DIS_XX.mp4,D,53.7777777777778,-0.5382,0.3076
1028_ITH_FEA_XX.mp4,F,62.3,-0.4869,0.568
1022_IWW_NEU_XX.mp4,N,63.0,0.0815,0.0815
1037_IWW_NEU_XX.mp4,N,68.1,0.0841,0.0841
1060_IWW_ANG_XX.mp4,A:D,46.9,0.0,0.0
1075_IWW_ANG_XX.mp4,A,41.6666666666667,-0.4958,0.5667
1080_IEO_ANG_LO.mp4,F:N,50.8888888888889,0.0,0.0
1082_DFA_HAP_XX.mp4,N,65.7777777777778,0.0829,0.0829
1021_IEO_NEU_XX.mp4,N,50.4444444444444,0.0752,0.0752
1034_IEO_NEU_XX.mp4,N,80.5555555555556,0.0903,0.0903
1032_ITH_SAD_XX.mp4,N,53.4444444444444,0.0767,0.0767
1027_ITH_SAD_XX.mp4,S,56.1,-0.4683,0.1561
1041_TIE_ANG_XX.mp4,A,58.0909090909091,-0.5533,0.6324
1054_TIE_ANG_XX.mp4,D,57.1111111111111,-0.5499,0.3142
1003_TIE_NEU_XX.mp4,N,63.3333333333333,0.0817,0.0817
1016_TIE_NEU_XX.mp4,N,68.6666666666667,0.0843,0.0843
1035_ITH_FEA_XX.mp4,N,55.0,0.0775,0.0775
1020_ITH_FEA_XX.mp4,N,56.8571428571429,0.0784,0.0784
1025_DFA_DIS_XX.mp4,N,53.4444444444444,0.0767,0.0767
1014_ITH_HAP_XX.mp4,N,54.1111111111111,0.0771,0.0771
1086_WSI_NEU_XX.mp4,N,71.1111111111111,0.0856,0.0856
1001_ITH_HAP_XX.mp4,F:N,52.875,0.0,0.0
1030_DFA_DIS_XX.mp4,N,55.75,0.0779,0.0779
1068_IWW_ANG_XX.mp4,A,63.3,-0.5716,0.6532
1089_IWW_DIS_XX.mp4,F,43.75,-0.4312,0.5031
1086_DFA_NEU_XX.mp4,N,57.4444444444444,0.0787,0.0787
1021_TIE_SAD_XX.mp4,D:S,48.3,0.0,0.0
1030_WSI_DIS_XX.mp4,A,43.4444444444444,-0.5021,0.5738
1034_TIE_SAD_XX.mp4,N,45.1,0.0726,0.0726
1025_WSI_DIS_XX.mp4,S,43.7142857142857,-0.4311,0.1437
1008_IWW_SAD_XX.mp4,D:F,62.1,0.0,0.0
1007_TIE_HAP_XX.mp4,N,54.0,0.077,0.077
1012_TIE_HAP_XX.mp4,N,65.5555555555556,0.0828,0.0828
1026_TIE_FEA_XX.mp4,A,68.6,-0.5901,0.6744
1033_TIE_FEA_XX.mp4,S,51.8571428571429,-0.4556,0.1519
1052_ITH_ANG_XX.mp4,A,72.4444444444444,-0.6036,0.6898
1047_ITH_ANG_XX.mp4,A,59.7142857142857,-0.559,0.6389
1074_IEO_DIS_LO.mp4,D,52.6666666666667,-0.5343,0.3053
1061_IEO_DIS_LO.mp4,D,46.3333333333333,-0.5122,0.2927
1010_ITH_NEU_XX.mp4,N,56.7,0.0784,0.0784
1005_ITH_NEU_XX.mp4,N,62.3333333333333,0.0812,0.0812
1082_WSI_HAP_XX.mp4,H,62.875,0.6515,0.4886
1029_ITS_DIS_XX.mp4,A,64.8,-0.5768,0.6592
1078_IOM_ANG_XX.mp4,A,73.3333333333333,-0.6067,0.6933
1080_TSI_ANG_XX.mp4,A,65.6666666666667,-0.5798,0.6627
1038_MTI_FEA_XX.mp4,H:N,49.0,0.0,0.0
1019_MTI_HAP_XX.mp4,N,64.0909090909091,0.082,0.082
1045_TAI_DIS_XX.mp4,N,61.2,0.0806,0.0806
1050_TAI_DIS_XX.mp4,N,45.1,0.0726,0.0726
1018_IOM_SAD_XX.mp4,S,73.75,-0.5212,0.1738
1074_TSI_DIS_XX.mp4,F:N,47.6,0.0,0.0
1061_TSI_DIS_XX.mp4,D,67.8888888888889,-0.5876,0.3358
1080_IWL_FEA_XX.mp4,N,59.0,0.0795,0.0795
1013_IWL_DIS_XX.mp4,D,50.4285714285714,-0.5265,0.3009
1006_IWL_DIS_XX.mp4,D,59.2222222222222,-0.5573,0.3184
1047_IEO_DIS_MD.mp4,A,59.0,-0.5565,0.636
1052_IEO_DIS_MD.mp4,N,67.0,0.0835,0.0835
1056_IEO_DIS_HI.mp4,N,57.2,0.0786,0.0786
1043_IEO_DIS_HI.mp4,D,43.9,-0.5037,0.2878
1087_IWL_SAD_XX.mp4,N,53.9,0.077,0.077
1008_MTI_NEU_XX.mp4,N,66.5,0.0833,0.0833
1059_TSI_NEU_XX.mp4,N,74.8888888888889,0.0874,0.0874
1068_TAI_NEU_XX.mp4,N,74.6666666666667,0.0873,0.0873
1033_ITS_SAD_XX.mp4,N,52.375,0.0762,0.0762
1026_ITS_SAD_XX.mp4,F:N,47.1,0.0,0.0
1082_MTI_HAP_XX.mp4,N,66.8888888888889,0.0834,0.0834
1025_MTI_DIS_XX.mp4,N,59.7272727272727,0.0799,0.0799
1030_MTI_DIS_XX.mp4,N,61.125,0.0806,0.0806
1039_IEO_ANG_HI.mp4,A,71.2222222222222,-0.5993,0.6849
1069_IWL_ANG_XX.mp4,D,53.3333333333333,-0.5367,0.3067
1028_IEO_ANG_MD.mp4,A,51.0,-0.5285,0.604
1015_ITS_HAP_XX.mp4,F:H:N,52.7,0.0,0.0
1034_ITS_FEA_XX.mp4,N,56.8,0.0784,0.0784
1021_ITS_FEA_XX.mp4,N:S,59.5,0.0,0.0
1084_IOM_FEA_XX.mp4,N,63.375,0.0817,0.0817
1091_IOM_FEA_XX.mp4,N,54.6666666666667,0.0773,0.0773
1069_TSI_FEA_XX.mp4,F,63.1111111111111,-0.4893,0.5709
1059_IEO_SAD_HI.mp4,S,68.375,-0.5051,0.1684
1048_TSI_HAP_XX.mp4,N,62.7777777777778,0.0814,0.0814
1088_IWL_DIS_XX.mp4,S,56.9,-0.4707,0.1569
1086_MTI_NEU_XX.mp4,N,68.7,0.0844,0.0844
1058_TAI_FEA_XX.mp4,F,60.5,-0.4815,0.5617
1009_IWL_SAD_XX.mp4,N,40.6666666666667,0.0703,0.0703
1048_IEO_SAD_MD.mp4,N,55.1,0.0776,0.0776
1079_TAI_HAP_XX.mp4,H,62.0,0.648,0.486
1083_IOM_SAD_XX.mp4,S,64.3333333333333,-0.493,0.1643
1011_ITS_NEU_XX.mp4,N,63.4,0.0817,0.0817
1004_ITS_NEU_XX.mp4,N,54.1,0.0771,0.0771
1002_IOM_DIS_XX.mp4,F,59.75,-0.4793,0.5591
1017_IOM_DIS_XX.mp4,A,50.9,-0.5281,0.6036
1053_ITS_ANG_XX.mp4,D,43.5,-0.5022,0.287
1046_ITS_ANG_XX.mp4,N,56.8888888888889,0.0784,0.0784
1019_DFA_HAP_XX.mp4,N,51.0,0.0755,0.0755
1028_ITH_DIS_XX.mp4,N,62.3,0.0811,0.0811
1038_DFA_FEA_XX.mp4,F,46.1111111111111,-0.4383,0.5114
1089_TIE_HAP_XX.mp4,H,57.8888888888889,0.6316,0.4737
1019_WSI_HAP_XX.mp4,N,57.2,0.0786,0.0786
1081_IWW_FEA_XX.mp4,N,61.0,0.0805,0.0805
1038_WSI_FEA_XX.mp4,A,47.125,-0.5149,0.5885
1008_DFA_NEU_XX.mp4,N,57.4444444444444,0.0787,0.0787
1012_IWW_DIS_XX.mp4,D,57.125,-0.5499,0.3143
1007_IWW_DIS_XX.mp4,D:F,39.6,0.0,0.0
1048_IEO_HAP_LO.mp4,N,69.8888888888889,0.0849,0.0849
1069_IEO_FEA_LO.mp4,N,58.375,0.0792,0.0792
1086_IWW_SAD_XX.mp4,F,51.4444444444444,-0.4543,0.5301
1025_TIE_ANG_XX.mp4,A,63.1,-0.5708,0.6524
1030_TIE_ANG_XX.mp4,A,57.0,-0.5495,0.628
1067_TIE_NEU_XX.mp4,N,52.875,0.0764,0.0764
1072_TIE_NEU_XX.mp4,N,51.7,0.0759,0.0759
1070_ITH_HAP_XX.mp4,N,59.4444444444444,0.0797,0.0797
1041_DFA_DIS_XX.mp4,N,47.1111111111111,0.0736,0.0736
1054_DFA_DIS_XX.mp4,N,50.7,0.0754,0.0754
1065_ITH_HAP_XX.mp4,F,53.5,-0.4605,0.5373
1051_ITH_FEA_XX.mp4,N,62.0,0.081,0.081
1044_ITH_FEA_XX.mp4,F:N,50.3,0.0,0.0
1019_IWW_ANG_XX.mp4,A,54.4545454545455,-0.5406,0.6178
1045_IEO_NEU_XX.mp4,N,75.8888888888889,0.0879,0.0879
1050_IEO_NEU_XX.mp4,N,63.1,0.0816,0.0816
1056_ITH_SAD_XX.mp4,N,68.5,0.0843,0.0843
1043_ITH_SAD_XX.mp4,N:S,53.125,0.0,0.0
1042_TIE_FEA_XX.mp4,N,68.1111111111111,0.0841,0.0841
1057_TIE_FEA_XX.mp4,N,59.0,0.0795,0.0795
1063_TIE_HAP_XX.mp4,N,48.1111111111111,0.0741,0.0741
1076_TIE_HAP_XX.mp4,A:H,48.5,0.0,0.0
1091_IEO_SAD_LO.mp4,N,64.4,0.0822,0.0822
1084_IEO_SAD_LO.mp4,N,54.5,0.0772,0.0772
1010_IEO_DIS_LO.mp4,N,64.0,0.082,0.082
1005_IEO_DIS_LO.mp4,N,67.5,0.0838,0.0838
1036_ITH_ANG_XX.mp4,D,70.6,-0.5971,0.3412
1023_ITH_ANG_XX.mp4,A,41.8,-0.4963,0.5672
1074_ITH_NEU_XX.mp4,N,66.1,0.0831,0.0831
1061_ITH_NEU_XX.mp4,N,76.1111111111111,0.0881,0.0881
1083_IEO_FEA_LO.mp4,N,74.2222222222222,0.0871,0.0871
1045_TIE_SAD_XX.mp4,N,66.875,0.0834,0.0834
1054_WSI_DIS_XX.mp4,D,52.7142857142857,-0.5345,0.3054
1050_TIE_SAD_XX.mp4,N,54.1111111111111,0.0771,0.0771
1041_WSI_DIS_XX.mp4,A,39.2,-0.4872,0.5568
1079_IWW_SAD_XX.mp4,F,36.6,-0.4098,0.4781
1058_ITS_DIS_XX.mp4,N,42.0,0.071,0.071
1009_IOM_ANG_XX.mp4,A,53.2727272727273,-0.5365,0.6131
1068_MTI_HAP_XX.mp4,N,57.875,0.0789,0.0789
1049_MTI_FEA_XX.mp4,S,39.4285714285714,-0.4183,0.1394
1082_TAI_NEU_XX.mp4,N,75.2222222222222,0.0876,0.0876
1083_IWL_ANG_XX.mp4,A,59.0,-0.5565,0.636
1023_IEO_DIS_MD.mp4,F:N,64.1428571428571,0.0,0.0
1083_TSI_FEA_XX.mp4,N,49.0,0.0745,0.0745
1036_IEO_DIS_MD.mp4,D,59.0909090909091,-0.5568,0.3182
1077_IWL_DIS_XX.mp4,D:N,55.1111111111111,0.0,0.0
1062_IWL_DIS_XX.mp4,N,50.4444444444444,0.0752,0.0752
1032_IEO_DIS_HI.mp4,D,54.5555555555556,-0.5409,0.3091
1027_IEO_DIS_HI.mp4,D,49.5555555555556,-0.5234,0.2991
1086_TAI_HAP_XX.mp4,H,56.6,0.6264,0.4698
1079_MTI_NEU_XX.mp4,N,64.3,0.0822,0.0822
1091_TSI_SAD_XX.mp4,N,50.0,0.075,0.075
1069_IOM_SAD_XX.mp4,N,50.75,0.0754,0.0754
1080_IEO_HAP_HI.mp4,H,64.6666666666667,0.6587,0.494
1084_TSI_SAD_XX.mp4,N,50.1,0.0751,0.0751
1021_TAI_DIS_XX.mp4,N,73.6,0.0868,0.0868
1034_TAI_DIS_XX.mp4,D,57.9,-0.5526,0.3158
1084_IEO_HAP_MD.mp4,N,59.8,0.0799,0.0799
1091_IEO_HAP_MD.mp4,D:N,48.1111111111111,0.0,0.0
1010_TSI_DIS_XX.mp4,N,60.1,0.0801,0.0801
1005_TSI_DIS_XX.mp4,D,53.8181818181818,-0.5384,0.3076
1048_IEO_ANG_HI.mp4,A,77.0909090909091,-0.6198,0.7084
1041_MTI_DIS_XX.mp4,N,57.2222222222222,0.0786,0.0786
1054_MTI_DIS_XX.mp4,D:N,57.625,0.0,0.0
1059_IEO_ANG_MD.mp4,A,71.2222222222222,-0.5993,0.6849
1018_IWL_ANG_XX.mp4,A:D,57.3333333333333,0.0,0.0
1050_ITS_FEA_XX.mp4,N,56.3,0.0781,0.0781
1045_ITS_FEA_XX.mp4,N,55.5555555555556,0.0778,0.0778
1071_ITS_HAP_XX.mp4,H:N,56.7,0.0,0.0
1064_ITS_HAP_XX.mp4,H,52.7,0.6108,0.4581
1087_IOM_ANG_XX.mp4,N,51.9,0.076,0.076
1028_TSI_NEU_XX.mp4,N,63.1,0.0816,0.0816
1057_ITS_SAD_XX.mp4,N,64.3333333333333,0.0822,0.0822
1019_TAI_NEU_XX.mp4,N,65.3636363636364,0.0827,0.0827
1042_ITS_SAD_XX.mp4,D,49.5,-0.5232,0.299
1066_IOM_DIS_XX.mp4,N,51.6363636363636,0.0758,0.0758
1073_IOM_DIS_XX.mp4,D,55.5555555555556,-0.5444,0.3111
1075_ITS_NEU_XX.mp4,N,65.8181818181818,0.0829,0.0829
1060_ITS_NEU_XX.mp4,N,63.2,0.0816,0.0816
1037_ITS_ANG_XX.mp4,N,53.625,0.0768,0.0768
1022_ITS_ANG_XX.mp4,A:D,73.625,0.0,0.0
1039_TSI_HAP_XX.mp4,H,58.4285714285714,0.6337,0.4753
1028_IEO_SAD_HI.mp4,N:S,63.0,0.0,0.0
1018_TSI_FEA_XX.mp4,F,71.625,-0.5149,0.6007
1008_TAI_HAP_XX.mp4,N,69.1,0.0846,0.0846
1039_IEO_SAD_MD.mp4,N,63.6666666666667,0.0818,0.0818
1029_TAI_FEA_XX.mp4,F,60.3333333333333,-0.481,0.5612
1078_IWL_SAD_XX.mp4,S,57.7,-0.4731,0.1577
1049_DFA_FEA_XX.mp4,S,66.4,-0.4992,0.1664
1068_DFA_HAP_XX.mp4,N,60.0,0.08,0.08
1059_ITH_DIS_XX.mp4,D,50.4,-0.5264,0.3008
1082_IWW_ANG_XX.mp4,A:F,59.3333333333333,0.0,0.0
1079_WSI_NEU_XX.mp4,N,54.3333333333333,0.0772,0.0772
1076_IWW_DIS_XX.mp4,F,36.5555555555556,-0.4097,0.4779
1063_IWW_DIS_XX.mp4,F,55.4444444444444,-0.4663,0.5441
1079_DFA_NEU_XX.mp4,N,51.2222222222222,0.0756,0.0756
1018_IEO_FEA_LO.mp4,N,54.5555555555556,0.0773,0.0773
1039_IEO_HAP_LO.mp4,N,64.0,0.082,0.082
1049_WSI_FEA_XX.mp4,S,47.5555555555556,-0.4427,0.1476
1068_WSI_HAP_XX.mp4,N,50.5555555555556,0.0753,0.0753
1059_ITH_SAD_XX.mp4,S,53.8888888888889,-0.4617,0.1539
1054_IWW_NEU_XX.mp4,N,61.25,0.0806,0.0806
1041_IWW_NEU_XX.mp4,F,39.8571428571429,-0.4196,0.4895
1016_IWW_ANG_XX.mp4,A,71.5555555555556,-0.6004,0.6862
1003_IWW_ANG_XX.mp4,A,69.1111111111111,-0.5919,0.6764
1068_TIE_NEU_XX.mp4,N,68.5555555555556,0.0843,0.0843
1076_IWW_SAD_XX.mp4,F,37.9,-0.4137,0.4826
1063_IWW_SAD_XX.mp4,N,63.2222222222222,0.0816,0.0816
1039_ITH_ANG_XX.mp4,A,87.6,-0.6566,0.7504
1071_IWW_FEA_XX.mp4,N,48.1111111111111,0.0741,0.0741
1064_IWW_FEA_XX.mp4,F,67.6,-0.5028,0.5866
1050_IWW_HAP_XX.mp4,D,42.375,-0.4983,0.2848
1045_IWW_HAP_XX.mp4,H,31.375,0.5255,0.3941
1058_TIE_FEA_XX.mp4,F,60.2,-0.4806,0.5607
1079_TIE_HAP_XX.mp4,H,58.3333333333333,0.6333,0.475
1041_MTI_SAD_XX.mp4,N,62.0,0.081,0.081
1054_MTI_SAD_XX.mp4,S,71.0,-0.513,0.171
1067_MTI_HAP_XX.mp4,N,59.8888888888889,0.0799,0.0799
1072_MTI_HAP_XX.mp4,H,61.7,0.6468,0.4851
1046_MTI_FEA_XX.mp4,N,73.7,0.0869,0.0869
1053_MTI_FEA_XX.mp4,F,66.2,-0.4986,0.5817
1057_ITS_DIS_XX.mp4,N,50.9,0.0755,0.0755
1042_ITS_DIS_XX.mp4,D:N,44.0,0.0,0.0
1044_IOM_NEU_XX.mp4,N,59.9090909090909,0.08,0.08
1051_IOM_NEU_XX.mp4,N,54.4444444444444,0.0772,0.0772
1006_IOM_ANG_XX.mp4,A,70.9,-0.5981,0.6836
1013_IOM_ANG_XX.mp4,A,78.4545454545455,-0.6246,0.7138
1066_IOM_SAD_XX.mp4,N:S,56.6,0.0,0.0
1073_IOM_SAD_XX.mp4,N,59.7777777777778,0.0799,0.0799
1028_IEO_DIS_HI.mp4,F,54.5,-0.4635,0.5407
1089_TAI_HAP_XX.mp4,H,56.9,0.6276,0.4707
1021_MTI_ANG_XX.mp4,D,48.7777777777778,-0.5207,0.2976
1034_MTI_ANG_XX.mp4,N,75.2,0.0876,0.0876
1063_MTI_NEU_XX.mp4,N,69.0,0.0845,0.0845
1076_MTI_NEU_XX.mp4,N,51.5714285714286,0.0758,0.0758
1061_IOM_FEA_XX.mp4,N,43.25,0.0716,0.0716
1039_IEO_DIS_MD.mp4,N,74.9,0.0875,0.0875
1074_IOM_FEA_XX.mp4,N,65.7777777777778,0.0829,0.0829
1078_IWL_DIS_XX.mp4,N,62.0,0.081,0.081
1040_IOM_HAP_XX.mp4,N,63.0,0.0815,0.0815
1055_IOM_HAP_XX.mp4,H,46.0,0.584,0.438
1058_ITS_SAD_XX.mp4,S,52.5,-0.4575,0.1525
1003_TAI_NEU_XX.mp4,N,57.6666666666667,0.0788,0.0788
1016_TAI_NEU_XX.mp4,N,41.2,0.0706,0.0706
1041_TAI_ANG_XX.mp4,A,69.0,-0.5915,0.676
1054_TAI_ANG_XX.mp4,A,57.5555555555556,-0.5514,0.6302
1088_IOM_ANG_XX.mp4,D,69.6666666666667,-0.5938,0.3393
1070_TSI_ANG_XX.mp4,A,48.0,-0.518,0.592
1065_TSI_ANG_XX.mp4,F,67.7,-0.5031,0.5869
1032_TSI_NEU_XX.mp4,N,56.7142857142857,0.0784,0.0784
1027_TSI_NEU_XX.mp4,N,51.7,0.0759,0.0759
1043_IEO_ANG_MD.mp4,A,46.6,-0.5131,0.5864
1056_IEO_ANG_MD.mp4,A,74.7777777777778,-0.6117,0.6991
1017_IWL_ANG_XX.mp4,N,44.25,0.0721,0.0721
1002_IWL_ANG_XX.mp4,A,56.5555555555556,-0.5479,0.6262
1055_IWL_NEU_XX.mp4,N,71.9,0.086,0.086
1040_IWL_NEU_XX.mp4,N,77.5714285714286,0.0888,0.0888
1052_IEO_ANG_HI.mp4,A,81.1111111111111,-0.6339,0.7244
1047_IEO_ANG_HI.mp4,A,81.8888888888889,-0.6366,0.7276
1007_TAI_HAP_XX.mp4,S,46.0,-0.438,0.146
1023_IEO_SAD_MD.mp4,N,59.625,0.0798,0.0798
1036_IEO_SAD_MD.mp4,S,67.7777777777778,-0.5033,0.1678
1012_TAI_HAP_XX.mp4,N,53.9090909090909,0.077,0.077
1077_IWL_SAD_XX.mp4,N,68.4444444444444,0.0842,0.0842
1026_TAI_FEA_XX.mp4,N,59.9,0.08,0.08
1033_TAI_FEA_XX.mp4,N,51.1,0.0756,0.0756
1062_IWL_SAD_XX.mp4,N,67.3333333333333,0.0837,0.0837
1036_TSI_HAP_XX.mp4,F,50.2222222222222,-0.4507,0.5258
1032_IEO_SAD_HI.mp4,N,66.6,0.0833,0.0833
1027_IEO_SAD_HI.mp4,N,36.625,0.0683,0.0683
1023_TSI_HAP_XX.mp4,H,50.0,0.6,0.45
1017_TSI_FEA_XX.mp4,N,47.875,0.0739,0.0739
1002_TSI_FEA_XX.mp4,N,63.2222222222222,0.0816,0.0816
1069_IOM_DIS_XX.mp4,N,60.3,0.0801,0.0801
1051_IWL_HAP_XX.mp4,N,74.7777777777778,0.0874,0.0874
1091_TSI_DIS_XX.mp4,N,51.0,0.0755,0.0755
1024_IEO_FEA_MD.mp4,S,58.2222222222222,-0.4747,0.1582
1084_TSI_DIS_XX.mp4,D,57.7,-0.5519,0.3154
1031_IEO_FEA_MD.mp4,N,48.3,0.0742,0.0742
1044_IWL_HAP_XX.mp4,N,56.1,0.0781,0.0781
1005_IEO_HAP_MD.mp4,N,63.4444444444444,0.0817,0.0817
1021_TAI_SAD_XX.mp4,N,66.1111111111111,0.0831,0.0831
1070_IWL_FEA_XX.mp4,N,50.3,0.0752,0.0752
1065_IWL_FEA_XX.mp4,N,75.3333333333333,0.0877,0.0877
1034_TAI_SAD_XX.mp4,N,67.4545454545455,0.0837,0.0837
1010_IEO_HAP_MD.mp4,N,56.8888888888889,0.0784,0.0784
1038_ITS_ANG_XX.mp4,A,65.2222222222222,-0.5783,0.6609
1035_IEO_FEA_HI.mp4,A,77.2,-0.6202,0.7088
1020_IEO_FEA_HI.mp4,F,65.2,-0.4956,0.5782
1014_IEO_HAP_HI.mp4,H,72.5,0.69,0.5175
1010_TSI_SAD_XX.mp4,N,63.7142857142857,0.0819,0.0819
1005_TSI_SAD_XX.mp4,D:F,58.6,0.0,0.0
1001_IEO_HAP_HI.mp4,H,57.6,0.6304,0.4728
1034_WSI_ANG_XX.mp4,D:N,63.75,0.0,0.0
1021_WSI_ANG_XX.mp4,A,71.4444444444444,-0.6001,0.6858
1076_WSI_NEU_XX.mp4,D,60.1111111111111,-0.5604,0.3202
1063_WSI_NEU_XX.mp4,N,71.1111111111111,0.0856,0.0856
1041_DFA_SAD_XX.mp4,N,49.8888888888889,0.0749,0.0749
1054_DFA_SAD_XX.mp4,N,62.1111111111111,0.0811,0.0811
1070_IEO_ANG_LO.mp4,A:N,45.9,0.0,0.0
1046_DFA_FEA_XX.mp4,N,41.2857142857143,0.0706,0.0706
1053_DFA_FEA_XX.mp4,N,57.7777777777778,0.0789,0.0789
1065_IEO_ANG_LO.mp4,A:D:N,46.0,0.0,0.0
1056_ITH_DIS_XX.mp4,N,59.5,0.0798,0.0798
1067_DFA_HAP_XX.mp4,N,70.8888888888889,0.0854,0.0854
1072_DFA_HAP_XX.mp4,D:H:N,62.375,0.0,0.0
1043_ITH_DIS_XX.mp4,N,54.5,0.0772,0.0772
1053_WSI_FEA_XX.mp4,F,53.4444444444444,-0.4603,0.5371
1046_WSI_FEA_XX.mp4,D,50.125,-0.5254,0.3003
1072_WSI_HAP_XX.mp4,N,55.6666666666667,0.0778,0.0778
1067_WSI_HAP_XX.mp4,N,41.375,0.0707,0.0707
1091_IEO_DIS_LO.mp4,S,49.0,-0.447,0.149
1084_IEO_DIS_LO.mp4,N,61.5555555555556,0.0808,0.0808
1010_IEO_SAD_LO.mp4,N:S,55.9,0.0,0.0
1005_IEO_SAD_LO.mp4,N,52.0,0.076,0.076
1054_WSI_SAD_XX.mp4,N,43.4,0.0717,0.0717
1045_TIE_DIS_XX.mp4,N,52.2,0.0761,0.0761
1041_WSI_SAD_XX.mp4,N,47.3,0.0736,0.0736
1050_TIE_DIS_XX.mp4,D,53.125,-0.5359,0.3063
1079_IWW_DIS_XX.mp4,D,50.3,-0.5261,0.3006
1063_DFA_NEU_XX.mp4,N,78.3,0.0892,0.0892
1076_DFA_NEU_XX.mp4,N,63.4444444444444,0.0817,0.0817
1017_IEO_FEA_LO.mp4,N,61.0,0.0805,0.0805
1021_DFA_ANG_XX.mp4,A,45.4,-0.5089,0.5816
1034_DFA_ANG_XX.mp4,D,33.8888888888889,-0.4686,0.2678
1002_IEO_FEA_LO.mp4,F,60.375,-0.4811,0.5613
1036_IEO_HAP_LO.mp4,N,64.0,0.082,0.082
1023_IEO_HAP_LO.mp4,H,66.1,0.6644,0.4983
1030_IWW_NEU_XX.mp4,N,53.0,0.0765,0.0765
1025_IWW_NEU_XX.mp4,N,54.4,0.0772,0.0772
1089_WSI_NEU_XX.mp4,N,72.0,0.086,0.086
1072_IWW_ANG_XX.mp4,A,75.0,-0.6125,0.7
1067_IWW_ANG_XX.mp4,N,47.3,0.0736,0.0736
1019_TIE_NEU_XX.mp4,N,65.5,0.0828,0.0828
1028_ITH_SAD_XX.mp4,S,69.5555555555556,-0.5087,0.1696
1048_ITH_ANG_XX.mp4,A,31.4285714285714,-0.46,0.5257
1034_IWW_HAP_XX.mp4,N,51.3333333333333,0.0757,0.0757
1021_IWW_HAP_XX.mp4,N,42.5555555555556,0.0713,0.0713
1015_IWW_FEA_XX.mp4,F,54.3,-0.4629,0.54
1008_TIE_HAP_XX.mp4,H,57.3333333333333,0.6293,0.472
1029_TIE_FEA_XX.mp4,N,65.3333333333333,0.0827,0.0827
1012_IWW_SAD_XX.mp4,F,56.25,-0.4688,0.5469
1007_IWW_SAD_XX.mp4,F:N:S,57.5454545454545,0.0,0.0
1086_IWW_DIS_XX.mp4,N,55.0,0.0775,0.0775
1089_DFA_NEU_XX.mp4,N,72.0,0.086,0.086
1022_MTI_FEA_XX.mp4,N,68.3,0.0842,0.0842
1037_MTI_FEA_XX.mp4,S,54.1428571428571,-0.4624,0.1541
1003_MTI_HAP_XX.mp4,N,59.1,0.0796,0.0796
1016_MTI_HAP_XX.mp4,N,67.5555555555556,0.0838,0.0838
1020_IOM_NEU_XX.mp4,N,70.9,0.0855,0.0855
1035_IOM_NEU_XX.mp4,N,62.1,0.0811,0.0811
1033_ITS_DIS_XX.mp4,D,56.1111111111111,-0.5464,0.3122
1026_ITS_DIS_XX.mp4,F,43.4444444444444,-0.4303,0.5021
1062_IOM_ANG_XX.mp4,N,59.1,0.0796,0.0796
1077_IOM_ANG_XX.mp4,N,65.7142857142857,0.0829,0.0829
1081_ITS_HAP_XX.mp4,F,56.4444444444444,-0.4693,0.5476
1025_MTI_SAD_XX.mp4,N,60.0,0.08,0.08
1030_MTI_SAD_XX.mp4,N,46.6666666666667,0.0733,0.0733
1045_MTI_ANG_XX.mp4,N,67.4444444444444,0.0837,0.0837
1050_MTI_ANG_XX.mp4,A,85.4,-0.6489,0.7416
1059_IEO_DIS_HI.mp4,D:N,59.5,0.0,0.0
1088_IWL_SAD_XX.mp4,N,53.4444444444444,0.0767,0.0767
1007_MTI_NEU_XX.mp4,N,66.2,0.0831,0.0831
1012_MTI_NEU_XX.mp4,N,72.7,0.0863,0.0863
1024_IOM_HAP_XX.mp4,N,59.5,0.0798,0.0798
1009_IWL_DIS_XX.mp4,D,33.7,-0.4679,0.2674
1031_IOM_HAP_XX.mp4,N,59.9,0.08,0.08
1005_IOM_FEA_XX.mp4,N:S,45.125,0.0,0.0
1048_IEO_DIS_MD.mp4,N,54.1,0.0771,0.0771
1010_IOM_FEA_XX.mp4,N,65.4,0.0827,0.0827
1083_IOM_DIS_XX.mp4,N,47.6666666666667,0.0738,0.0738
1090_ITS_NEU_XX.mp4,N,68.3333333333333,0.0842,0.0842
1085_ITS_NEU_XX.mp4,N,56.75,0.0784,0.0784
1002_IOM_SAD_XX.mp4,N,62.4,0.0812,0.0812
1017_IOM_SAD_XX.mp4,N,65.5555555555556,0.0828,0.0828
1073_IWL_ANG_XX.mp4,A,63.2,-0.5712,0.6528
1066_IWL_ANG_XX.mp4,A,62.1111111111111,-0.5674,0.6484
1027_IEO_ANG_MD.mp4,A,60.0,-0.56,0.64
1032_IEO_ANG_MD.mp4,A,57.25,-0.5504,0.629
1031_IWL_NEU_XX.mp4,N,74.1,0.0871,0.0871
1024_IWL_NEU_XX.mp4,N,75.5555555555556,0.0878,0.0878
1036_IEO_ANG_HI.mp4,A,77.9,-0.6226,0.7116
1023_IEO_ANG_HI.mp4,A,90.9,-0.6682,0.7636
1067_TAI_NEU_XX.mp4,N,60.6,0.0803,0.0803
1029_ITS_SAD_XX.mp4,F,69.3,-0.5079,0.5926
1072_TAI_NEU_XX.mp4,N,74.7,0.0873,0.0873
1025_TAI_ANG_XX.mp4,A,42.7777777777778,-0.4997,0.5711
1030_TAI_ANG_XX.mp4,A,56.7777777777778,-0.5487,0.6271
1014_TSI_ANG_XX.mp4,A,60.4,-0.5614,0.6416
1001_TSI_ANG_XX.mp4,D,65.3333333333333,-0.5787,0.3307
1056_TSI_NEU_XX.mp4,N,69.1111111111111,0.0846,0.0846
1043_TSI_NEU_XX.mp4,N,70.9,0.0855,0.0855
1061_IEO_HAP_MD.mp4,H:N,64.5555555555556,0.0,0.0
1014_IWL_FEA_XX.mp4,N,51.875,0.0759,0.0759
1045_TAI_SAD_XX.mp4,N,53.2857142857143,0.0766,0.0766
1050_TAI_SAD_XX.mp4,N,56.0,0.078,0.078
1001_IWL_FEA_XX.mp4,A,42.25,-0.4979,0.569
1074_IEO_HAP_MD.mp4,H,71.2857142857143,0.6851,0.5139
1035_IWL_HAP_XX.mp4,N,65.9,0.083,0.083
1040_IEO_FEA_MD.mp4,N,44.3333333333333,0.0722,0.0722
1055_IEO_FEA_MD.mp4,N,59.2,0.0796,0.0796
1018_IOM_DIS_XX.mp4,D,56.3333333333333,-0.5472,0.3127
1020_IWL_HAP_XX.mp4,H,66.3333333333333,0.6653,0.499
1049_ITS_ANG_XX.mp4,N,53.4444444444444,0.0767,0.0767
1070_IEO_HAP_HI.mp4,N,71.3,0.0857,0.0857
1074_TSI_SAD_XX.mp4,N,58.7,0.0794,0.0794
1061_TSI_SAD_XX.mp4,N,58.25,0.0791,0.0791
1065_IEO_HAP_HI.mp4,N,46.2222222222222,0.0731,0.0731
1051_IEO_FEA_HI.mp4,N,55.8,0.0779,0.0779
1044_IEO_FEA_HI.mp4,F,65.1,-0.4953,0.5778
1089_MTI_NEU_XX.mp4,N,65.8,0.0829,0.0829
1042_TAI_FEA_XX.mp4,N,49.6666666666667,0.0748,0.0748
1013_IWL_SAD_XX.mp4,N,53.9090909090909,0.077,0.077
1006_IWL_SAD_XX.mp4,S,43.7777777777778,-0.4313,0.1438
1057_TAI_FEA_XX.mp4,N,57.0,0.0785,0.0785
1063_TAI_HAP_XX.mp4,H,56.7,0.6268,0.4701
1047_IEO_SAD_MD.mp4,N,56.8,0.0784,0.0784
1052_IEO_SAD_MD.mp4,N,61.5,0.0808,0.0808
1076_TAI_HAP_XX.mp4,H,51.5555555555556,0.6062,0.4547
1073_TSI_FEA_XX.mp4,N,41.3,0.0707,0.0707
1066_TSI_FEA_XX.mp4,F:N,52.625,0.0,0.0
1052_TSI_HAP_XX.mp4,N,55.2857142857143,0.0776,0.0776
1056_IEO_SAD_HI.mp4,N,57.5,0.0788,0.0788
1087_IWL_DIS_XX.mp4,N,52.5,0.0762,0.0762
1043_IEO_SAD_HI.mp4,N,60.7777777777778,0.0804,0.0804
1047_TSI_HAP_XX.mp4,F,44.2222222222222,-0.4327,0.5048
1003_DFA_HAP_XX.mp4,H:S,48.625,0.0,0.0
1032_ITH_DIS_XX.mp4,S,60.75,-0.4822,0.1608
1027_ITH_DIS_XX.mp4,N,62.8888888888889,0.0814,0.0814
1016_DFA_HAP_XX.mp4,N,70.375,0.0852,0.0852
1022_DFA_FEA_XX.mp4,N,64.9,0.0825,0.0825
1014_IEO_ANG_LO.mp4,D,67.0,-0.5845,0.334
1001_IEO_ANG_LO.mp4,N,52.7,0.0764,0.0764
1037_DFA_FEA_XX.mp4,N,49.4,0.0747,0.0747
1050_WSI_ANG_XX.mp4,A,83.7,-0.643,0.7348
1045_WSI_ANG_XX.mp4,A,45.25,-0.5084,0.581
1012_WSI_NEU_XX.mp4,N,47.0,0.0735,0.0735
1080_ITH_HAP_XX.mp4,N,62.1,0.0811,0.0811
1007_WSI_NEU_XX.mp4,A,38.5,-0.4847,0.554
1082_TIE_NEU_XX.mp4,N,67.2,0.0836,0.0836
1025_DFA_SAD_XX.mp4,N,62.0,0.081,0.081
1030_DFA_SAD_XX.mp4,S,61.125,-0.4834,0.1611
1089_IWW_SAD_XX.mp4,S,60.8,-0.4824,0.1608
1030_WSI_SAD_XX.mp4,N,48.6,0.0743,0.0743
1021_TIE_DIS_XX.mp4,N,56.1111111111111,0.0781,0.0781
1025_WSI_SAD_XX.mp4,N:S,47.2222222222222,0.0,0.0
1034_TIE_DIS_XX.mp4,D:N,40.1,0.0,0.0
1007_DFA_NEU_XX.mp4,N,64.875,0.0824,0.0824
1012_DFA_NEU_XX.mp4,N,47.5,0.0738,0.0738
1008_IWW_DIS_XX.mp4,F,42.4285714285714,-0.4273,0.4985
1052_IEO_HAP_LO.mp4,N,44.9,0.0725,0.0725
1047_IEO_HAP_LO.mp4,N,74.2,0.0871,0.0871
1045_DFA_ANG_XX.mp4,N,68.5714285714286,0.0843,0.0843
1073_IEO_FEA_LO.mp4,N,68.625,0.0843,0.0843
1066_IEO_FEA_LO.mp4,N,65.5,0.0828,0.0828
1050_DFA_ANG_XX.mp4,A,79.5555555555556,-0.6284,0.7182
1091_ITH_NEU_XX.mp4,N,50.6,0.0753,0.0753
1016_WSI_HAP_XX.mp4,A,52.2,-0.5327,0.6088
1003_WSI_HAP_XX.mp4,S,60.375,-0.4811,0.1604
1084_ITH_NEU_XX.mp4,N,70.3,0.0852,0.0852
1037_WSI_FEA_XX.mp4,F,63.5,-0.4905,0.5722
1022_WSI_FEA_XX.mp4,N,57.4444444444444,0.0787,0.0787
1074_IEO_SAD_LO.mp4,N,67.5,0.0838,0.0838
1061_IEO_SAD_LO.mp4,N,36.75,0.0684,0.0684
1086_TIE_HAP_XX.mp4,A,58.25,-0.5539,0.633
1038_WSI_SAD_XX.mp4,A,30.8888888888889,-0.4581,0.5236
1029_TIE_DIS_XX.mp4,A,45.5555555555556,-0.5094,0.5822
1081_IWW_SAD_XX.mp4,N,58.7777777777778,0.0794,0.0794
1015_IWW_DIS_XX.mp4,N,56.5,0.0783,0.0783
1058_DFA_ANG_XX.mp4,A,60.4,-0.5614,0.6416
1086_IWW_FEA_XX.mp4,F,53.6,-0.4608,0.5376
1069_IEO_SAD_LO.mp4,N,61.5,0.0808,0.0808
1009_IEO_ANG_LO.mp4,N,57.5555555555556,0.0788,0.0788
1058_WSI_ANG_XX.mp4,A,72.5555555555556,-0.6039,0.6902
1088_ITH_HAP_XX.mp4,N,70.125,0.0851,0.0851
1038_DFA_SAD_XX.mp4,F:N,46.8888888888889,0.0,0.0
1010_IOM_DIS_XX.mp4,N,53.1,0.0766,0.0766
1028_IWL_HAP_XX.mp4,H,55.6,0.6224,0.4668
1005_IOM_DIS_XX.mp4,D,55.2,-0.5432,0.3104
1048_IEO_FEA_MD.mp4,F,71.7,-0.5151,0.6009
1003_ITS_NEU_XX.mp4,N,55.8,0.0779,0.0779
1058_TAI_SAD_XX.mp4,S,67.25,-0.5017,0.1673
1009_IWL_FEA_XX.mp4,A:H,57.6666666666667,0.0,0.0
1069_IEO_HAP_MD.mp4,H,63.0,0.652,0.489
1016_ITS_NEU_XX.mp4,N,57.5,0.0788,0.0788
1041_ITS_ANG_XX.mp4,A,68.4444444444444,-0.5896,0.6738
1054_ITS_ANG_XX.mp4,N,70.2222222222222,0.0851,0.0851
1059_IEO_FEA_HI.mp4,A,67.8,-0.5873,0.6712
1069_TSI_SAD_XX.mp4,N,61.8888888888889,0.0809,0.0809
1091_IOM_SAD_XX.mp4,S,73.0,-0.519,0.173
1084_IOM_SAD_XX.mp4,N,55.6,0.0778,0.0778
1078_IEO_HAP_HI.mp4,F,83.2,-0.5496,0.6412
1081_MTI_NEU_XX.mp4,N,47.7,0.0739,0.0739
1083_IOM_FEA_XX.mp4,S,58.5555555555556,-0.4757,0.1586
1026_ITS_FEA_XX.mp4,N,46.5,0.0733,0.0733
1033_ITS_FEA_XX.mp4,F,68.7777777777778,-0.5063,0.5907
1039_IWL_NEU_XX.mp4,N,61.8888888888889,0.0809,0.0809
1007_ITS_HAP_XX.mp4,N,80.625,0.0903,0.0903
1012_ITS_HAP_XX.mp4,N,57.625,0.0788,0.0788
1037_MTI_DIS_XX.mp4,N,51.125,0.0756,0.0756
1022_MTI_DIS_XX.mp4,N,49.6,0.0748,0.0748
1021_ITS_SAD_XX.mp4,N,43.6,0.0718,0.0718
1034_ITS_SAD_XX.mp4,N,55.5,0.0778,0.0778
1090_MTI_HAP_XX.mp4,N,65.7,0.0829,0.0829
1038_TAI_ANG_XX.mp4,A,73.1428571428571,-0.606,0.6926
1085_MTI_HAP_XX.mp4,N,68.3333333333333,0.0842,0.0842
1009_TSI_ANG_XX.mp4,A,83.4,-0.6419,0.7336
1080_IWL_SAD_XX.mp4,N,52.2222222222222,0.0761,0.0761
1044_IEO_DIS_HI.mp4,D,60.3333333333333,-0.5612,0.3207
1051_IEO_DIS_HI.mp4,D,51.375,-0.5298,0.3028
1058_MTI_ANG_XX.mp4,D,65.25,-0.5784,0.3305
1055_IEO_DIS_MD.mp4,D,43.0,-0.5005,0.286
1018_IOM_FEA_XX.mp4,N,54.3,0.0771,0.0771
1040_IEO_DIS_MD.mp4,N,68.3333333333333,0.0842,0.0842
1001_IWL_DIS_XX.mp4,N,56.5555555555556,0.0783,0.0783
1039_IOM_HAP_XX.mp4,H,39.0,0.556,0.417
1014_IWL_DIS_XX.mp4,A:D,41.5,0.0,0.0
1087_IWL_FEA_XX.mp4,N,56.6666666666667,0.0783,0.0783
1066_TSI_DIS_XX.mp4,D,70.1,-0.5953,0.3402
1073_TSI_DIS_XX.mp4,N,59.3333333333333,0.0797,0.0797
1057_TAI_DIS_XX.mp4,N,58.2,0.0791,0.0791
1042_TAI_DIS_XX.mp4,A,52.8,-0.5348,0.6112
1028_IOM_NEU_XX.mp4,N,81.0,0.0905,0.0905
1087_TSI_ANG_XX.mp4,A,62.625,-0.5692,0.6505
1089_ITS_HAP_XX.mp4,N,46.75,0.0734,0.0734
1038_MTI_SAD_XX.mp4,N,51.1111111111111,0.0756,0.0756
1066_IEO_DIS_LO.mp4,N,59.625,0.0798,0.0798
1073_IEO_DIS_LO.mp4,N,66.2,0.0831,0.0831
1040_ITH_ANG_XX.mp4,N,41.8,0.0709,0.0709
1055_ITH_ANG_XX.mp4,A,57.875,-0.5526,0.6315
1085_WSI_HAP_XX.mp4,D,62.1,-0.5673,0.3242
1002_ITH_NEU_XX.mp4,N,55.8888888888889,0.0779,0.0779
1008_IWW_FEA_XX.mp4,F,62.125,-0.4864,0.5674
1017_ITH_NEU_XX.mp4,N,57.8,0.0789,0.0789
1090_WSI_HAP_XX.mp4,H,52.2222222222222,0.6089,0.4567
1029_IWW_HAP_XX.mp4,N,61.6,0.0808,0.0808
1034_TIE_FEA_XX.mp4,A:N,31.4444444444444,0.0,0.0
1021_TIE_FEA_XX.mp4,N,65.0,0.0825,0.0825
1015_TIE_HAP_XX.mp4,N,61.5555555555556,0.0808,0.0808
1022_WSI_DIS_XX.mp4,A:D,55.3333333333333,0.0,0.0
1033_TIE_SAD_XX.mp4,S,44.3333333333333,-0.433,0.1443
1037_WSI_DIS_XX.mp4,N,53.4285714285714,0.0767,0.0767
1026_TIE_SAD_XX.mp4,N,59.7,0.0799,0.0799
1081_DFA_NEU_XX.mp4,N,58.8,0.0794,0.0794
1037_DFA_DIS_XX.mp4,D:N,52.0,0.0,0.0
1006_ITH_HAP_XX.mp4,H:N,51.9,0.0,0.0
1081_WSI_NEU_XX.mp4,N,49.6,0.0748,0.0748
1013_ITH_HAP_XX.mp4,A:H,43.0,0.0,0.0
1022_DFA_DIS_XX.mp4,D,66.7272727272727,-0.5835,0.3335
1027_ITH_FEA_XX.mp4,F:N,55.1428571428571,0.0,0.0
1032_ITH_FEA_XX.mp4,F:N,54.3333333333333,0.0,0.0
1038_IWW_NEU_XX.mp4,N,53.6666666666667,0.0768,0.0768
1053_TIE_ANG_XX.mp4,A,65.5555555555556,-0.5794,0.6622
1046_TIE_ANG_XX.mp4,N,69.2857142857143,0.0846,0.0846
1011_TIE_NEU_XX.mp4,N,53.7777777777778,0.0769,0.0769
1004_TIE_NEU_XX.mp4,N,52.7,0.0764,0.0764
1033_IEO_NEU_XX.mp4,N,72.8,0.0864,0.0864
1026_IEO_NEU_XX.mp4,N,57.7777777777778,0.0789,0.0789
1020_ITH_SAD_XX.mp4,S,77.875,-0.5336,0.1779
1035_ITH_SAD_XX.mp4,N,51.125,0.0756,0.0756
1090_DFA_HAP_XX.mp4,N,51.3,0.0756,0.0756
1085_DFA_HAP_XX.mp4,H,54.8888888888889,0.6196,0.4647
1087_IEO_ANG_LO.mp4,N,67.6,0.0838,0.0838
1018_IEO_SAD_LO.mp4,N:S,60.3333333333333,0.0,0.0
1049_WSI_SAD_XX.mp4,N,70.4444444444444,0.0852,0.0852
1058_TIE_DIS_XX.mp4,N,54.3333333333333,0.0772,0.0772
1064_IWW_DIS_XX.mp4,D:F:N,58.4,0.0,0.0
1071_IWW_DIS_XX.mp4,F,46.4,-0.4392,0.5124
1029_DFA_ANG_XX.mp4,A,68.3636363636364,-0.5893,0.6735
1085_IWW_ANG_XX.mp4,D,64.4,-0.5754,0.3288
1090_IWW_ANG_XX.mp4,D,61.8,-0.5663,0.3236
1029_WSI_ANG_XX.mp4,A,92.8,-0.6748,0.7712
1049_DFA_SAD_XX.mp4,N,63.375,0.0817,0.0817
1078_IEO_ANG_LO.mp4,N,59.5555555555556,0.0798,0.0798
1067_ITS_NEU_XX.mp4,N,56.5,0.0783,0.0783
1018_IEO_HAP_MD.mp4,N,66.8,0.0834,0.0834
1072_ITS_NEU_XX.mp4,N,59.875,0.0799,0.0799
1029_TAI_SAD_XX.mp4,F,51.0,-0.453,0.5285
1078_IWL_FEA_XX.mp4,F,48.4444444444444,-0.4453,0.5196
1039_IEO_FEA_MD.mp4,N,62.6,0.0813,0.0813
1074_IOM_DIS_XX.mp4,D,52.5555555555556,-0.5339,0.3051
1061_IOM_DIS_XX.mp4,N,52.8888888888889,0.0764,0.0764
1059_IWL_HAP_XX.mp4,A,64.1111111111111,-0.5744,0.6564
1025_ITS_ANG_XX.mp4,D,47.2727272727273,-0.5155,0.2945
1030_ITS_ANG_XX.mp4,D,51.1,-0.5289,0.3022
1009_IEO_HAP_HI.mp4,A,67.0,-0.5845,0.668
1018_TSI_SAD_XX.mp4,N,55.1,0.0776,0.0776
1028_IEO_FEA_HI.mp4,F,68.1,-0.5043,0.5883
1045_ITS_SAD_XX.mp4,N,41.0,0.0705,0.0705
1050_ITS_SAD_XX.mp4,N,40.0,0.07,0.07
1049_TAI_ANG_XX.mp4,A,70.3333333333333,-0.5962,0.6813
1080_IOM_ANG_XX.mp4,A,52.0,-0.532,0.608
1078_TSI_ANG_XX.mp4,A,65.4444444444444,-0.5791,0.6618
1063_ITS_HAP_XX.mp4,H,61.0,0.644,0.483
1076_ITS_HAP_XX.mp4,H,52.375,0.6095,0.4571
1042_ITS_FEA_XX.mp4,N,56.9,0.0785,0.0785
1048_IWL_NEU_XX.mp4,N,70.8888888888889,0.0854,0.0854
1057_ITS_FEA_XX.mp4,N,57.6666666666667,0.0788,0.0788
1053_MTI_DIS_XX.mp4,S,51.6666666666667,-0.455,0.1517
1046_MTI_DIS_XX.mp4,N,68.5,0.0843,0.0843
1002_TSI_DIS_XX.mp4,D,77.5,-0.6212,0.355
1017_TSI_DIS_XX.mp4,D:F,75.0,0.0,0.0
1083_IEO_HAP_MD.mp4,H,50.0,0.6,0.45
1033_TAI_DIS_XX.mp4,N,59.5555555555556,0.0798,0.0798
1026_TAI_DIS_XX.mp4,A,51.25,-0.5294,0.605
1083_TSI_SAD_XX.mp4,N,55.5,0.0778,0.0778
1087_IEO_HAP_HI.mp4,F:H:N,54.75,0.0,0.0
1081_TAI_HAP_XX.mp4,F,62.7,-0.4881,0.5695
1029_MTI_ANG_XX.mp4,A,81.125,-0.6339,0.7245
1020_IEO_DIS_HI.mp4,S,55.2222222222222,-0.4657,0.1552
1035_IEO_DIS_HI.mp4,F,57.875,-0.4736,0.5526
1065_IWL_DIS_XX.mp4,N,65.8888888888889,0.0829,0.0829
1070_IWL_DIS_XX.mp4,N,55.9,0.078,0.078
1048_IOM_HAP_XX.mp4,N,65.8,0.0829,0.0829
1031_IEO_DIS_MD.mp4,N,73.7,0.0869,0.0869
1084_TSI_FEA_XX.mp4,N,60.2,0.0801,0.0801
1069_IOM_FEA_XX.mp4,N,51.9,0.076,0.076
1024_IEO_DIS_MD.mp4,D,50.7,-0.5274,0.3014
1091_TSI_FEA_XX.mp4,F,66.3,-0.4989,0.582
1049_MTI_SAD_XX.mp4,N,51.0,0.0755,0.0755
1084_IWL_ANG_XX.mp4,A,51.7,-0.5309,0.6068
1091_IWL_ANG_XX.mp4,N,37.4444444444444,0.0687,0.0687
1090_TAI_NEU_XX.mp4,N,71.9,0.086,0.086
1085_TAI_NEU_XX.mp4,N,70.7777777777778,0.0854,0.0854
1059_IOM_NEU_XX.mp4,N,64.3,0.0822,0.0822
1084_IEO_FEA_LO.mp4,N,52.6,0.0763,0.0763
1091_IEO_FEA_LO.mp4,S,45.7,-0.4371,0.1457
1046_WSI_DIS_XX.mp4,N,71.4444444444444,0.0857,0.0857
1057_TIE_SAD_XX.mp4,N:S,39.1111111111111,0.0,0.0
1053_WSI_DIS_XX.mp4,A,48.4,-0.5194,0.5936
1042_TIE_SAD_XX.mp4,N,49.7,0.0749,0.0749
1024_ITH_ANG_XX.mp4,N,71.25,0.0856,0.0856
1031_ITH_ANG_XX.mp4,N,47.5555555555556,0.0738,0.0738
1002_IEO_DIS_LO.mp4,N,57.5714285714286,0.0788,0.0788
1017_IEO_DIS_LO.mp4,S,46.2222222222222,-0.4387,0.1462
1058_IWW_HAP_XX.mp4,F,39.75,-0.4192,0.4891
1066_ITH_NEU_XX.mp4,N,55.4444444444444,0.0777,0.0777
1073_ITH_NEU_XX.mp4,N,75.6,0.0878,0.0878
1079_IWW_FEA_XX.mp4,F:S,62.2222222222222,0.0,0.0
1071_TIE_HAP_XX.mp4,N,71.625,0.0858,0.0858
1064_TIE_HAP_XX.mp4,H,73.0,0.692,0.519
1050_TIE_FEA_XX.mp4,N,59.7777777777778,0.0799,0.0799
1045_TIE_FEA_XX.mp4,N,59.0,0.0795,0.0795
1083_IEO_SAD_LO.mp4,N,54.25,0.0771,0.0771
1057_IEO_NEU_XX.mp4,N,72.5,0.0863,0.0863
1042_IEO_NEU_XX.mp4,N,57.5,0.0788,0.0788
1044_ITH_SAD_XX.mp4,F:N,45.125,0.0,0.0
1051_ITH_SAD_XX.mp4,N,68.2857142857143,0.0841,0.0841
1043_ITH_FEA_XX.mp4,N,58.5,0.0793,0.0793
1049_IWW_NEU_XX.mp4,N,67.5,0.0838,0.0838
1056_ITH_FEA_XX.mp4,F:N,62.6,0.0,0.0
1062_ITH_HAP_XX.mp4,N,71.7777777777778,0.0859,0.0859
1053_DFA_DIS_XX.mp4,D,55.2,-0.5432,0.3104
1046_DFA_DIS_XX.mp4,N,57.5,0.0788,0.0788
1077_ITH_HAP_XX.mp4,N,75.2857142857143,0.0876,0.0876
1037_TIE_ANG_XX.mp4,A,82.6666666666667,-0.6393,0.7307
1022_TIE_ANG_XX.mp4,A,61.5555555555556,-0.5654,0.6462
1075_TIE_NEU_XX.mp4,N,58.875,0.0794,0.0794
1060_TIE_NEU_XX.mp4,N,55.3333333333333,0.0777,0.0777
1005_TIE_NEU_XX.mp4,N,76.0,0.088,0.088
1010_TIE_NEU_XX.mp4,N,55.9,0.078,0.078
1047_TIE_ANG_XX.mp4,A,69.9090909090909,-0.5947,0.6796
1052_TIE_ANG_XX.mp4,A,86.7,-0.6534,0.7468
1033_ITH_FEA_XX.mp4,F,49.6,-0.4488,0.5236
1039_IWW_NEU_XX.mp4,N,53.0909090909091,0.0765,0.0765
1026_ITH_FEA_XX.mp4,N,54.8888888888889,0.0774,0.0774
1012_ITH_HAP_XX.mp4,N,44.8888888888889,0.0724,0.0724
1023_DFA_DIS_XX.mp4,N,67.2,0.0836,0.0836
1036_DFA_DIS_XX.mp4,A,58.3333333333333,-0.5542,0.6333
1007_ITH_HAP_XX.mp4,N,53.6666666666667,0.0768,0.0768
1080_WSI_NEU_XX.mp4,D,46.0,-0.511,0.292
1086_IEO_ANG_LO.mp4,A,51.7,-0.5309,0.6068
1084_DFA_HAP_XX.mp4,N,62.3333333333333,0.0812,0.0812
1091_DFA_HAP_XX.mp4,H,70.1,0.6804,0.5103
1034_ITH_SAD_XX.mp4,N,55.4,0.0777,0.0777
1021_ITH_SAD_XX.mp4,N,51.4,0.0757,0.0757
1027_IEO_NEU_XX.mp4,N,69.9,0.085,0.085
1032_IEO_NEU_XX.mp4,N,77.25,0.0886,0.0886
1001_TIE_HAP_XX.mp4,N,62.5714285714286,0.0813,0.0813
1014_TIE_HAP_XX.mp4,A,61.2,-0.5642,0.6448
1020_TIE_FEA_XX.mp4,N,54.2,0.0771,0.0771
1035_TIE_FEA_XX.mp4,A,67.375,-0.5858,0.6695
1028_IWW_HAP_XX.mp4,H,53.9,0.6156,0.4617
1016_ITH_NEU_XX.mp4,N,59.2727272727273,0.0796,0.0796
1091_WSI_HAP_XX.mp4,N,62.4,0.0812,0.0812
1084_WSI_HAP_XX.mp4,N,69.1,0.0846,0.0846
1003_ITH_NEU_XX.mp4,N,76.9,0.0885,0.0885
1009_IWW_FEA_XX.mp4,F,64.6,-0.4938,0.5761
1054_ITH_ANG_XX.mp4,F,53.6666666666667,-0.461,0.5378
1041_ITH_ANG_XX.mp4,A,59.5555555555556,-0.5584,0.6382
1072_IEO_DIS_LO.mp4,N:S,62.375,0.0,0.0
1067_IEO_DIS_LO.mp4,D,64.0,-0.574,0.328
1036_WSI_DIS_XX.mp4,D,61.3333333333333,-0.5647,0.3227
1027_TIE_SAD_XX.mp4,N,65.4,0.0827,0.0827
1080_DFA_NEU_XX.mp4,N,60.7142857142857,0.0804,0.0804
1023_WSI_DIS_XX.mp4,N,73.8,0.0869,0.0869
1032_TIE_SAD_XX.mp4,N,55.7,0.0779,0.0779
1086_TSI_ANG_XX.mp4,A,66.5555555555556,-0.5829,0.6662
1029_IOM_NEU_XX.mp4,N,65.0,0.0825,0.0825
1039_MTI_SAD_XX.mp4,S,70.7777777777778,-0.5123,0.1708
1088_ITS_HAP_XX.mp4,F,61.4,-0.4842,0.5649
1015_IWL_DIS_XX.mp4,N,55.2222222222222,0.0776,0.0776
1038_IOM_HAP_XX.mp4,N,61.625,0.0808,0.0808
1041_IEO_DIS_MD.mp4,D,57.2222222222222,-0.5503,0.3144
1054_IEO_DIS_MD.mp4,D,55.6666666666667,-0.5448,0.3113
1019_IOM_FEA_XX.mp4,S,54.6666666666667,-0.464,0.1547
1059_MTI_ANG_XX.mp4,A,80.7142857142857,-0.6325,0.7229
1050_IEO_DIS_HI.mp4,N,72.4444444444444,0.0862,0.0862
1081_IWL_SAD_XX.mp4,N,51.0,0.0755,0.0755
1045_IEO_DIS_HI.mp4,N:S,48.1111111111111,0.0,0.0
1043_TAI_DIS_XX.mp4,N,45.1111111111111,0.0726,0.0726
1056_TAI_DIS_XX.mp4,A,42.375,-0.4983,0.5695
1072_TSI_DIS_XX.mp4,N,51.5555555555556,0.0758,0.0758
1067_TSI_DIS_XX.mp4,N,49.6666666666667,0.0748,0.0748
1086_IWL_FEA_XX.mp4,N,57.8888888888889,0.0789,0.0789
1023_MTI_DIS_XX.mp4,F,56.7777777777778,-0.4703,0.5487
1036_MTI_DIS_XX.mp4,D,53.3,-0.5365,0.3066
1013_ITS_HAP_XX.mp4,H,64.8,0.6592,0.4944
1006_ITS_HAP_XX.mp4,H,71.2222222222222,0.6849,0.5137
1032_ITS_FEA_XX.mp4,F,72.5555555555556,-0.5177,0.6039
1038_IWL_NEU_XX.mp4,N,63.25,0.0816,0.0816
1027_ITS_FEA_XX.mp4,F:N,47.4,0.0,0.0
1008_TSI_ANG_XX.mp4,A,81.3,-0.6345,0.7252
1084_MTI_HAP_XX.mp4,N,58.0,0.079,0.079
1091_MTI_HAP_XX.mp4,N,45.3333333333333,0.0727,0.0727
1039_TAI_ANG_XX.mp4,A,67.625,-0.5867,0.6705
1035_ITS_SAD_XX.mp4,D:N,44.375,0.0,0.0
1020_ITS_SAD_XX.mp4,S,47.7777777777778,-0.4433,0.1478
1085_IOM_SAD_XX.mp4,N,50.6666666666667,0.0753,0.0753
1079_IEO_HAP_HI.mp4,H,68.0,0.672,0.504
1068_TSI_SAD_XX.mp4,N,58.0,0.079,0.079
1090_IOM_SAD_XX.mp4,S,55.7,-0.4671,0.1557
1058_IEO_FEA_HI.mp4,F,71.0,-0.513,0.5985
1055_ITS_ANG_XX.mp4,N,50.0,0.075,0.075
1040_ITS_ANG_XX.mp4,N,63.5,0.0818,0.0818
1068_IEO_HAP_MD.mp4,N,70.125,0.0851,0.0851
1017_ITS_NEU_XX.mp4,N,57.125,0.0786,0.0786
1002_ITS_NEU_XX.mp4,F,57.8888888888889,-0.4737,0.5526
1059_TAI_SAD_XX.mp4,S,70.7,-0.5121,0.1707
1008_IWL_FEA_XX.mp4,S,64.8,-0.4944,0.1648
1004_IOM_DIS_XX.mp4,N,64.4,0.0822,0.0822
1049_IEO_FEA_MD.mp4,D,56.1111111111111,-0.5464,0.3122
1011_IOM_DIS_XX.mp4,N,49.1,0.0746,0.0746
1029_IWL_HAP_XX.mp4,H,57.5,0.63,0.4725
1082_IOM_FEA_XX.mp4,N,57.5555555555556,0.0788,0.0788
1080_MTI_NEU_XX.mp4,N,76.2222222222222,0.0881,0.0881
1008_IEO_ANG_LO.mp4,D,56.4444444444444,-0.5476,0.3129
1039_DFA_SAD_XX.mp4,S,50.875,-0.4526,0.1509
1089_ITH_HAP_XX.mp4,H:N,67.6,0.0,0.0
1059_WSI_ANG_XX.mp4,A,75.6,-0.6146,0.7024
1059_DFA_ANG_XX.mp4,A,70.4444444444444,-0.5966,0.6818
1014_IWW_DIS_XX.mp4,A,54.0,-0.539,0.616
1001_IWW_DIS_XX.mp4,N,57.0,0.0785,0.0785
1080_IWW_SAD_XX.mp4,D:S,47.3333333333333,0.0,0.0
1039_WSI_SAD_XX.mp4,S,47.1,-0.4413,0.1471
1028_TIE_DIS_XX.mp4,D,67.75,-0.5871,0.3355
1068_IEO_SAD_LO.mp4,N:S,56.25,0.0,0.0
1087_IWW_FEA_XX.mp4,F:N,53.6,0.0,0.0
1050_ITH_SAD_XX.mp4,N,45.3333333333333,0.0727,0.0727
1045_ITH_SAD_XX.mp4,N,65.4,0.0827,0.0827
1043_IEO_NEU_XX.mp4,N,59.3333333333333,0.0797,0.0797
1056_IEO_NEU_XX.mp4,N,69.0,0.0845,0.0845
1061_TIE_NEU_XX.mp4,N,63.7,0.0819,0.0819
1074_TIE_NEU_XX.mp4,N,72.0,0.086,0.086
1023_TIE_ANG_XX.mp4,A,69.1111111111111,-0.5919,0.6764
1036_TIE_ANG_XX.mp4,N,47.3,0.0736,0.0736
1047_DFA_DIS_XX.mp4,N,54.9,0.0775,0.0775
1076_ITH_HAP_XX.mp4,N,58.5,0.0793,0.0793
1063_ITH_HAP_XX.mp4,H,73.2,0.6928,0.5196
1052_DFA_DIS_XX.mp4,N,40.0,0.07,0.07
1057_ITH_FEA_XX.mp4,S,53.0,-0.459,0.153
1042_ITH_FEA_XX.mp4,N,64.4444444444444,0.0822,0.0822
1048_IWW_NEU_XX.mp4,N,54.6666666666667,0.0773,0.0773
1052_WSI_DIS_XX.mp4,N,64.4444444444444,0.0822,0.0822
1043_TIE_SAD_XX.mp4,N,63.2857142857143,0.0816,0.0816
1047_WSI_DIS_XX.mp4,A,55.9,-0.5456,0.6236
1056_TIE_SAD_XX.mp4,N:S,64.1111111111111,0.0,0.0
1090_IEO_FEA_LO.mp4,N,65.5555555555556,0.0828,0.0828
1085_IEO_FEA_LO.mp4,N,58.1,0.0791,0.0791
1082_IEO_SAD_LO.mp4,N,55.4444444444444,0.0777,0.0777
1044_TIE_FEA_XX.mp4,A,57.5555555555556,-0.5514,0.6302
1051_TIE_FEA_XX.mp4,F,55.0,-0.465,0.5425
1065_TIE_HAP_XX.mp4,H,53.75,0.615,0.4612
1070_TIE_HAP_XX.mp4,N,72.75,0.0864,0.0864
1072_ITH_NEU_XX.mp4,N,48.1,0.0741,0.0741
1078_IWW_FEA_XX.mp4,F,79.2222222222222,-0.5377,0.6273
1067_ITH_NEU_XX.mp4,N,68.4444444444444,0.0842,0.0842
1059_IWW_HAP_XX.mp4,A,50.125,-0.5254,0.6005
1016_IEO_DIS_LO.mp4,D,40.25,-0.4909,0.2805
1003_IEO_DIS_LO.mp4,N,61.0909090909091,0.0805,0.0805
1030_ITH_ANG_XX.mp4,N,60.0,0.08,0.08
1025_ITH_ANG_XX.mp4,F:N,61.6666666666667,0.0,0.0
1090_IWL_ANG_XX.mp4,A,52.1111111111111,-0.5324,0.6084
1085_IWL_ANG_XX.mp4,A,71.9,-0.6017,0.6876
1048_MTI_SAD_XX.mp4,N,56.0,0.078,0.078
1058_IOM_NEU_XX.mp4,N,63.8888888888889,0.0819,0.0819
1084_TAI_NEU_XX.mp4,N,64.8181818181818,0.0824,0.0824
1091_TAI_NEU_XX.mp4,N,65.4,0.0827,0.0827
1082_TSI_SAD_XX.mp4,N,72.9,0.0865,0.0865
1086_IEO_HAP_HI.mp4,H,81.2857142857143,0.7251,0.5439
1027_TAI_DIS_XX.mp4,N,46.1111111111111,0.0731,0.0731
1032_TAI_DIS_XX.mp4,N,50.5555555555556,0.0753,0.0753
1082_IEO_HAP_MD.mp4,N,73.5,0.0867,0.0867
1016_TSI_DIS_XX.mp4,D,68.0,-0.588,0.336
1003_TSI_DIS_XX.mp4,D,74.375,-0.6103,0.3488
1068_IOM_FEA_XX.mp4,N,58.1,0.0791,0.0791
1025_IEO_DIS_MD.mp4,F,57.3333333333333,-0.472,0.5507
1090_TSI_FEA_XX.mp4,N,57.5,0.0788,0.0788
1030_IEO_DIS_MD.mp4,N,48.8888888888889,0.0744,0.0744
1085_TSI_FEA_XX.mp4,N,61.375,0.0807,0.0807
1071_IWL_DIS_XX.mp4,D,45.6,-0.5096,0.2912
1049_IOM_HAP_XX.mp4,H:N,68.5,0.0,0.0
1064_IWL_DIS_XX.mp4,N,53.1,0.0766,0.0766
1034_IEO_DIS_HI.mp4,A:H,59.7,0.0,0.0
1021_IEO_DIS_HI.mp4,D,46.6,-0.5131,0.2932
1080_TAI_HAP_XX.mp4,N,57.8888888888889,0.0789,0.0789
1028_MTI_ANG_XX.mp4,A,69.2,-0.5922,0.6768
1081_IOM_ANG_XX.mp4,A:N,48.5,0.0,0.0
1079_TSI_ANG_XX.mp4,A,68.8888888888889,-0.5911,0.6756
1048_TAI_ANG_XX.mp4,D,58.5555555555556,-0.5549,0.3171
1051_ITS_SAD_XX.mp4,N,45.7777777777778,0.0729,0.0729
1044_ITS_SAD_XX.mp4,N,51.3,0.0756,0.0756
1047_MTI_DIS_XX.mp4,D,60.0,-0.56,0.32
1052_MTI_DIS_XX.mp4,D,56.0,-0.546,0.312
1056_ITS_FEA_XX.mp4,F,49.8,-0.4494,0.5243
1043_ITS_FEA_XX.mp4,F,58.0,-0.474,0.553
1049_IWL_NEU_XX.mp4,N,56.3333333333333,0.0782,0.0782
1077_ITS_HAP_XX.mp4,H:N,59.7,0.0,0.0
1062_ITS_HAP_XX.mp4,N,56.0,0.078,0.078
1029_IEO_FEA_HI.mp4,F,59.2,-0.4776,0.5572
1019_TSI_SAD_XX.mp4,N,63.1111111111111,0.0816,0.0816
1008_IEO_HAP_HI.mp4,F,75.4444444444444,-0.5263,0.6141
1031_ITS_ANG_XX.mp4,N,54.2222222222222,0.0771,0.0771
1024_ITS_ANG_XX.mp4,H,38.2222222222222,0.5529,0.4147
1060_IOM_DIS_XX.mp4,N,69.6666666666667,0.0848,0.0848
1058_IWL_HAP_XX.mp4,H,64.7,0.6588,0.4941
1038_IEO_FEA_MD.mp4,N,69.25,0.0846,0.0846
1075_IOM_DIS_XX.mp4,F:N:S,57.4,0.0,0.0
1073_ITS_NEU_XX.mp4,N,75.8888888888889,0.0879,0.0879
1028_TAI_SAD_XX.mp4,S,73.9,-0.5217,0.1739
1079_IWL_FEA_XX.mp4,S,56.0,-0.468,0.156
1066_ITS_NEU_XX.mp4,N,55.6666666666667,0.0778,0.0778
1019_IEO_HAP_MD.mp4,N,69.2222222222222,0.0846,0.0846
1048_DFA_SAD_XX.mp4,N,64.4,0.0822,0.0822
1028_WSI_ANG_XX.mp4,A,69.2,-0.5922,0.6768
1091_IWW_ANG_XX.mp4,D,46.6,-0.5131,0.2932
1084_IWW_ANG_XX.mp4,F,53.4,-0.4602,0.5369
1079_IEO_ANG_LO.mp4,A,61.3333333333333,-0.5647,0.6453
1019_IEO_SAD_LO.mp4,N,63.2,0.0816,0.0816
1028_DFA_ANG_XX.mp4,A,65.9090909090909,-0.5807,0.6636
1070_IWW_DIS_XX.mp4,D,55.75,-0.5451,0.3115
1065_IWW_DIS_XX.mp4,F:N,51.1111111111111,0.0,0.0
1048_WSI_SAD_XX.mp4,S,65.5555555555556,-0.4967,0.1656
1059_TIE_DIS_XX.mp4,A:D,64.75,0.0,0.0
1004_IEO_SAD_LO.mp4,S,55.3333333333333,-0.466,0.1553
1011_IEO_SAD_LO.mp4,D:S,59.8,0.0,0.0
1085_IEO_DIS_LO.mp4,D,50.0,-0.525,0.3
1090_IEO_DIS_LO.mp4,N,69.7777777777778,0.0849,0.0849
1066_WSI_HAP_XX.mp4,A:H:N,46.25,0.0,0.0
1073_WSI_HAP_XX.mp4,D,53.4,-0.5369,0.3068
1047_WSI_FEA_XX.mp4,N,47.3,0.0736,0.0736
1052_WSI_FEA_XX.mp4,F,43.6666666666667,-0.431,0.5028
1022_IEO_HAP_LO.mp4,N,74.8888888888889,0.0874,0.0874
1037_IEO_HAP_LO.mp4,N,49.4,0.0747,0.0747
1035_DFA_ANG_XX.mp4,D,56.0,-0.546,0.312
1003_IEO_FEA_LO.mp4,D,43.3,-0.5015,0.2866
1016_IEO_FEA_LO.mp4,N,35.875,0.0679,0.0679
1020_DFA_ANG_XX.mp4,A,46.8,-0.5138,0.5872
1077_DFA_NEU_XX.mp4,N,48.4,0.0742,0.0742
1062_DFA_NEU_XX.mp4,N,72.6,0.0863,0.0863
1078_IWW_DIS_XX.mp4,N,38.4,0.0692,0.0692
1040_WSI_SAD_XX.mp4,N,54.4444444444444,0.0772,0.0772
1051_TIE_DIS_XX.mp4,D,47.6666666666667,-0.5168,0.2953
1055_WSI_SAD_XX.mp4,N,53.6666666666667,0.0768,0.0768
1044_TIE_DIS_XX.mp4,A,70.0,-0.595,0.68
1055_DFA_SAD_XX.mp4,S,64.2222222222222,-0.4927,0.1642
1040_DFA_SAD_XX.mp4,N,57.1,0.0786,0.0786
1062_WSI_NEU_XX.mp4,N,69.0,0.0845,0.0845
1077_WSI_NEU_XX.mp4,N,54.4,0.0772,0.0772
1020_WSI_ANG_XX.mp4,A,73.3,-0.6066,0.6932
1035_WSI_ANG_XX.mp4,A,74.0909090909091,-0.6093,0.6964
1073_DFA_HAP_XX.mp4,N,49.6666666666667,0.0748,0.0748
1042_ITH_DIS_XX.mp4,A:D,62.0,0.0,0.0
1057_ITH_DIS_XX.mp4,N,48.5454545454545,0.0743,0.0743
1066_DFA_HAP_XX.mp4,N,71.4444444444444,0.0857,0.0857
1052_DFA_FEA_XX.mp4,F,45.8888888888889,-0.4377,0.5106
1064_IEO_ANG_LO.mp4,A,56.0,-0.546,0.624
1071_IEO_ANG_LO.mp4,D,46.625,-0.5132,0.2933
1047_DFA_FEA_XX.mp4,F:N,50.5,0.0,0.0
1003_TSI_FEA_XX.mp4,F,68.375,-0.5051,0.5893
1016_TSI_FEA_XX.mp4,F,59.1,-0.4773,0.5568
1026_IEO_SAD_HI.mp4,F,50.2,-0.4506,0.5257
1022_TSI_HAP_XX.mp4,N,71.625,0.0858,0.0858
1037_TSI_HAP_XX.mp4,A:F,65.2,0.0,0.0
1033_IEO_SAD_HI.mp4,N,80.6666666666667,0.0903,0.0903
1032_TAI_FEA_XX.mp4,N,45.875,0.0729,0.0729
1063_IWL_SAD_XX.mp4,N,48.8571428571429,0.0744,0.0744
1076_IWL_SAD_XX.mp4,N,44.2,0.0721,0.0721
1027_TAI_FEA_XX.mp4,F,58.5,-0.4755,0.5547
1037_IEO_SAD_MD.mp4,N,59.3333333333333,0.0797,0.0797
1013_TAI_HAP_XX.mp4,H,54.3333333333333,0.6173,0.463
1006_TAI_HAP_XX.mp4,H,50.4444444444444,0.6018,0.4513
1022_IEO_SAD_MD.mp4,N,57.7,0.0789,0.0789
1004_TSI_SAD_XX.mp4,N,54.2,0.0771,0.0771
1015_IEO_HAP_HI.mp4,N,51.7777777777778,0.0759,0.0759
1011_TSI_SAD_XX.mp4,N,62.3333333333333,0.0812,0.0812
1021_IEO_FEA_HI.mp4,S,48.9090909090909,-0.4467,0.1489
1034_IEO_FEA_HI.mp4,A,72.3333333333333,-0.6032,0.6893
1039_ITS_ANG_XX.mp4,A:D,61.6,0.0,0.0
1064_IWL_FEA_XX.mp4,N:S,52.0,0.0,0.0
1035_TAI_SAD_XX.mp4,D,51.6,-0.5306,0.3032
1011_IEO_HAP_MD.mp4,N,57.8,0.0789,0.0789
1004_IEO_HAP_MD.mp4,D,50.6666666666667,-0.5273,0.3013
1020_TAI_SAD_XX.mp4,S,54.2222222222222,-0.4627,0.1542
1071_IWL_FEA_XX.mp4,N,63.4444444444444,0.0817,0.0817
1085_TSI_DIS_XX.mp4,N,56.5555555555556,0.0783,0.0783
1030_IEO_FEA_MD.mp4,N,62.9,0.0815,0.0815
1045_IWL_HAP_XX.mp4,N,63.9,0.082,0.082
1068_IOM_DIS_XX.mp4,N,52.3,0.0762,0.0762
1050_IWL_HAP_XX.mp4,D:N,49.3333333333333,0.0,0.0
1090_TSI_DIS_XX.mp4,N,55.0,0.0775,0.0775
1025_IEO_FEA_MD.mp4,N,58.5555555555556,0.0793,0.0793
1026_TSI_NEU_XX.mp4,N,52.8,0.0764,0.0764
1033_TSI_NEU_XX.mp4,N,66.3,0.0832,0.0832
1064_TSI_ANG_XX.mp4,A,72.9,-0.6051,0.6916
1089_IOM_ANG_XX.mp4,A,64.9,-0.5771,0.6596
1071_TSI_ANG_XX.mp4,D,53.625,-0.5377,0.3073
1055_TAI_ANG_XX.mp4,A,58.7777777777778,-0.5557,0.6351
1040_TAI_ANG_XX.mp4,A:S,35.875,0.0,0.0
1017_TAI_NEU_XX.mp4,N,69.5555555555556,0.0848,0.0848
1059_ITS_SAD_XX.mp4,N,57.5,0.0788,0.0788
1002_TAI_NEU_XX.mp4,N,52.6666666666667,0.0763,0.0763
1046_IEO_ANG_HI.mp4,A,65.0,-0.5775,0.66
1053_IEO_ANG_HI.mp4,A,93.0,-0.6755,0.772
1041_IWL_NEU_XX.mp4,N,71.3333333333333,0.0857,0.0857
1054_IWL_NEU_XX.mp4,N,65.4444444444444,0.0827,0.0827
1003_IWL_ANG_XX.mp4,A,78.7,-0.6254,0.7148
1016_IWL_ANG_XX.mp4,A,62.3636363636364,-0.5683,0.6495
1057_IEO_ANG_MD.mp4,A,59.625,-0.5587,0.6385
1042_IEO_ANG_MD.mp4,A:D,55.2222222222222,0.0,0.0
1072_IOM_SAD_XX.mp4,N,36.0,0.068,0.068
1067_IOM_SAD_XX.mp4,N,48.625,0.0743,0.0743
1054_IOM_HAP_XX.mp4,N,68.5,0.0843,0.0843
1079_IWL_DIS_XX.mp4,N,52.8888888888889,0.0764,0.0764
1041_IOM_HAP_XX.mp4,N,68.3333333333333,0.0842,0.0842
1038_IEO_DIS_MD.mp4,D,55.0,-0.5425,0.31
1075_IOM_FEA_XX.mp4,N,76.6666666666667,0.0883,0.0883
1060_IOM_FEA_XX.mp4,S,43.4,-0.4302,0.1434
1077_MTI_NEU_XX.mp4,N,74.7,0.0873,0.0873
1062_MTI_NEU_XX.mp4,N,75.0909090909091,0.0875,0.0875
1035_MTI_ANG_XX.mp4,D:F:H:N,59.6666666666667,0.0,0.0
1088_TAI_HAP_XX.mp4,N:S,66.0,0.0,0.0
1020_MTI_ANG_XX.mp4,H,61.8,0.6472,0.4854
1029_IEO_DIS_HI.mp4,A,91.0,-0.6685,0.764
1055_MTI_SAD_XX.mp4,N,60.5,0.0803,0.0803
1040_MTI_SAD_XX.mp4,S,50.1,-0.4503,0.1501
1012_IOM_ANG_XX.mp4,A,62.8888888888889,-0.5701,0.6516
1007_IOM_ANG_XX.mp4,A,60.8181818181818,-0.5629,0.6433
1050_IOM_NEU_XX.mp4,N,53.9,0.077,0.077
1045_IOM_NEU_XX.mp4,N,67.6363636363636,0.0838,0.0838
1043_ITS_DIS_XX.mp4,N,48.2222222222222,0.0741,0.0741
1056_ITS_DIS_XX.mp4,N,49.1,0.0746,0.0746
1052_MTI_FEA_XX.mp4,F,56.75,-0.4702,0.5486
1047_MTI_FEA_XX.mp4,N,57.2222222222222,0.0786,0.0786
1073_MTI_HAP_XX.mp4,N,60.8,0.0804,0.0804
1066_MTI_HAP_XX.mp4,N,70.3,0.0852,0.0852
1062_IWW_SAD_XX.mp4,N,56.8,0.0784,0.0784
1077_IWW_SAD_XX.mp4,N,67.1111111111111,0.0836,0.0836
1078_TIE_HAP_XX.mp4,A:N,52.0,0.0,0.0
1059_TIE_FEA_XX.mp4,F,52.0,-0.456,0.532
1044_IWW_HAP_XX.mp4,N,60.875,0.0804,0.0804
1051_IWW_HAP_XX.mp4,F,52.4,-0.4572,0.5334
1065_IWW_FEA_XX.mp4,D,45.1111111111111,-0.5079,0.2902
1070_IWW_FEA_XX.mp4,N,57.75,0.0789,0.0789
1038_ITH_ANG_XX.mp4,A:D,60.2,0.0,0.0
1058_ITH_SAD_XX.mp4,N,55.5,0.0778,0.0778
1069_TIE_NEU_XX.mp4,A:N:S,47.5,0.0,0.0
1002_IWW_ANG_XX.mp4,A,66.7142857142857,-0.5835,0.6669
1017_IWW_ANG_XX.mp4,N,41.9,0.0709,0.0709
1040_IWW_NEU_XX.mp4,N,70.0,0.085,0.085
1055_IWW_NEU_XX.mp4,N,73.875,0.0869,0.0869
1067_IEO_FEA_LO.mp4,D:N,42.5,0.0,0.0
1051_DFA_ANG_XX.mp4,A,51.8888888888889,-0.5316,0.6076
1044_DFA_ANG_XX.mp4,A,68.2,-0.5887,0.6728
1072_IEO_FEA_LO.mp4,F:N,60.6666666666667,0.0,0.0
1046_IEO_HAP_LO.mp4,N,68.7,0.0844,0.0844
1053_IEO_HAP_LO.mp4,N,63.0,0.0815,0.0815
1009_IWW_DIS_XX.mp4,F,59.75,-0.4793,0.5591
1013_DFA_NEU_XX.mp4,N,73.4,0.0867,0.0867
1006_DFA_NEU_XX.mp4,N,59.3,0.0796,0.0796
1024_WSI_SAD_XX.mp4,N,47.0,0.0735,0.0735
1035_TIE_DIS_XX.mp4,H,71.75,0.687,0.5152
1031_WSI_SAD_XX.mp4,N,60.1,0.0801,0.0801
1020_TIE_DIS_XX.mp4,D:N,60.2,0.0,0.0
1088_IWW_SAD_XX.mp4,N,44.3,0.0722,0.0722
1087_TIE_HAP_XX.mp4,N,73.0,0.0865,0.0865
1060_IEO_SAD_LO.mp4,N,55.5,0.0778,0.0778
1075_IEO_SAD_LO.mp4,N,51.8,0.0759,0.0759
1023_WSI_FEA_XX.mp4,A,66.2857142857143,-0.582,0.6651
1036_WSI_FEA_XX.mp4,F,81.2222222222222,-0.5437,0.6343
1002_WSI_HAP_XX.mp4,A,61.0,-0.5635,0.644
1085_ITH_NEU_XX.mp4,N,68.2222222222222,0.0841,0.0841
1090_ITH_NEU_XX.mp4,N,49.2727272727273,0.0746,0.0746
1017_WSI_HAP_XX.mp4,A,53.3,-0.5365,0.6132
1036_DFA_FEA_XX.mp4,F,51.1111111111111,-0.4533,0.5289
1023_DFA_FEA_XX.mp4,N,55.4,0.0777,0.0777
1015_IEO_ANG_LO.mp4,A,39.1,-0.4868,0.5564
1026_ITH_DIS_XX.mp4,D,62.125,-0.5674,0.3242
1017_DFA_HAP_XX.mp4,N,75.1428571428571,0.0876,0.0876
1002_DFA_HAP_XX.mp4,H,49.7,0.5988,0.4491
1033_ITH_DIS_XX.mp4,D:N,42.6666666666667,0.0,0.0
1031_DFA_SAD_XX.mp4,N,74.7777777777778,0.0874,0.0874
1083_TIE_NEU_XX.mp4,N,49.2,0.0746,0.0746
1024_DFA_SAD_XX.mp4,N,63.1111111111111,0.0816,0.0816
1081_ITH_HAP_XX.mp4,H,48.5,0.594,0.4455
1006_WSI_NEU_XX.mp4,N,48.5454545454545,0.0743,0.0743
1013_WSI_NEU_XX.mp4,A,57.7777777777778,-0.5522,0.6311
1044_WSI_ANG_XX.mp4,A,67.8,-0.5873,0.6712
1051_WSI_ANG_XX.mp4,N,63.4,0.0817,0.0817
1045_IEO_FEA_HI.mp4,F,59.5555555555556,-0.4787,0.5584
1050_IEO_FEA_HI.mp4,A,92.2,-0.6727,0.7688
1060_TSI_SAD_XX.mp4,N,34.4444444444444,0.0672,0.0672
1064_IEO_HAP_HI.mp4,F,63.0,-0.489,0.5705
1071_IEO_HAP_HI.mp4,N,56.1,0.0781,0.0781
1075_TSI_SAD_XX.mp4,S,52.6,-0.4578,0.1526
1048_ITS_ANG_XX.mp4,N,64.2,0.0821,0.0821
1054_IEO_FEA_MD.mp4,F,50.2,-0.4506,0.5257
1019_IOM_DIS_XX.mp4,D,69.0,-0.5915,0.338
1021_IWL_HAP_XX.mp4,N,58.375,0.0792,0.0792
1034_IWL_HAP_XX.mp4,N,54.2222222222222,0.0771,0.0771
1041_IEO_FEA_MD.mp4,S,35.0,-0.405,0.135
1051_TAI_SAD_XX.mp4,S,55.8571428571429,-0.4676,0.1559
1075_IEO_HAP_MD.mp4,N,62.6,0.0813,0.0813
1060_IEO_HAP_MD.mp4,H,55.4444444444444,0.6218,0.4663
1015_IWL_FEA_XX.mp4,F,37.8571428571429,-0.4136,0.4825
1044_TAI_SAD_XX.mp4,F,49.7,-0.4491,0.524
1086_IWL_DIS_XX.mp4,N,68.7777777777778,0.0844,0.0844
1042_IEO_SAD_HI.mp4,N,58.9,0.0795,0.0795
1046_TSI_HAP_XX.mp4,N,50.5555555555556,0.0753,0.0753
1053_TSI_HAP_XX.mp4,A,51.0,-0.5285,0.604
1057_IEO_SAD_HI.mp4,N,54.5454545454545,0.0773,0.0773
1067_TSI_FEA_XX.mp4,N,52.3333333333333,0.0762,0.0762
1072_TSI_FEA_XX.mp4,F,74.5,-0.5235,0.6108
1053_IEO_SAD_MD.mp4,N,72.1111111111111,0.0861,0.0861
1077_TAI_HAP_XX.mp4,N,69.2,0.0846,0.0846
1062_TAI_HAP_XX.mp4,N,71.375,0.0857,0.0857
1046_IEO_SAD_MD.mp4,N,53.1111111111111,0.0766,0.0766
1007_IWL_SAD_XX.mp4,N,65.2,0.0826,0.0826
1056_TAI_FEA_XX.mp4,F,49.1111111111111,-0.4473,0.5219
1043_TAI_FEA_XX.mp4,S,36.25,-0.4088,0.1363
1012_IWL_SAD_XX.mp4,N,48.8888888888889,0.0744,0.0744
1088_MTI_NEU_XX.mp4,N,65.5,0.0828,0.0828
1022_IEO_ANG_HI.mp4,A,83.0,-0.6405,0.732
1037_IEO_ANG_HI.mp4,A,80.1,-0.6303,0.7204
1025_IWL_NEU_XX.mp4,N,54.8888888888889,0.0774,0.0774
1030_IWL_NEU_XX.mp4,N,71.1,0.0856,0.0856
1033_IEO_ANG_MD.mp4,A,64.0,-0.574,0.656
1026_IEO_ANG_MD.mp4,A,54.0,-0.539,0.616
1067_IWL_ANG_XX.mp4,D:N,50.8888888888889,0.0,0.0
1072_IWL_ANG_XX.mp4,A,61.3,-0.5645,0.6452
1042_TSI_NEU_XX.mp4,N,58.4444444444444,0.0792,0.0792
1057_TSI_NEU_XX.mp4,N,62.6666666666667,0.0813,0.0813
1015_TSI_ANG_XX.mp4,A,65.375,-0.5788,0.6615
1031_TAI_ANG_XX.mp4,N,70.5,0.0853,0.0853
1024_TAI_ANG_XX.mp4,N,69.625,0.0848,0.0848
1028_ITS_SAD_XX.mp4,S,70.0,-0.51,0.17
1073_TAI_NEU_XX.mp4,N,75.5,0.0877,0.0877
1066_TAI_NEU_XX.mp4,N,55.4,0.0777,0.0777
1011_IOM_FEA_XX.mp4,N,60.3,0.0801,0.0801
1004_IOM_FEA_XX.mp4,N,54.2,0.0771,0.0771
1049_IEO_DIS_MD.mp4,H,54.2,0.6168,0.4626
1008_IWL_DIS_XX.mp4,A:N,56.3333333333333,0.0,0.0
1030_IOM_HAP_XX.mp4,N,70.2,0.0851,0.0851
1025_IOM_HAP_XX.mp4,H,62.6363636363636,0.6505,0.4879
1013_MTI_NEU_XX.mp4,N,58.8,0.0794,0.0794
1006_MTI_NEU_XX.mp4,N,54.3333333333333,0.0772,0.0772
1089_IWL_SAD_XX.mp4,S,59.6,-0.4788,0.1596
1058_IEO_DIS_HI.mp4,D,42.2222222222222,-0.4978,0.2844
1051_MTI_ANG_XX.mp4,A,52.0,-0.532,0.608
1044_MTI_ANG_XX.mp4,N,65.6,0.0828,0.0828
1016_IOM_SAD_XX.mp4,N,60.1111111111111,0.0801,0.0801
1003_IOM_SAD_XX.mp4,S,46.0,-0.438,0.146
1084_ITS_NEU_XX.mp4,N,60.0,0.08,0.08
1091_ITS_NEU_XX.mp4,N,57.3,0.0786,0.0786
1082_IOM_DIS_XX.mp4,N,54.3,0.0771,0.0771
1076_IOM_ANG_XX.mp4,D,47.7777777777778,-0.5172,0.2956
1063_IOM_ANG_XX.mp4,A,54.0,-0.539,0.616
1027_ITS_DIS_XX.mp4,N,46.7777777777778,0.0734,0.0734
1032_ITS_DIS_XX.mp4,N,50.3,0.0752,0.0752
1034_IOM_NEU_XX.mp4,N,58.75,0.0794,0.0794
1021_IOM_NEU_XX.mp4,N,60.7,0.0804,0.0804
1017_MTI_HAP_XX.mp4,N,55.1,0.0776,0.0776
1002_MTI_HAP_XX.mp4,F:H:N,49.5555555555556,0.0,0.0
1036_MTI_FEA_XX.mp4,F,76.125,-0.5284,0.6164
1023_MTI_FEA_XX.mp4,N,49.1,0.0746,0.0746
1031_MTI_SAD_XX.mp4,N,58.875,0.0794,0.0794
1024_MTI_SAD_XX.mp4,N,60.1111111111111,0.0801,0.0801
1080_ITS_HAP_XX.mp4,N,57.25,0.0786,0.0786
1028_TIE_FEA_XX.mp4,S,53.3,-0.4599,0.1533
1009_TIE_HAP_XX.mp4,D,44.0,-0.504,0.288
1001_IWW_FEA_XX.mp4,A,51.75,-0.5311,0.607
1014_IWW_FEA_XX.mp4,F,48.875,-0.4466,0.5211
1020_IWW_HAP_XX.mp4,N,59.4444444444444,0.0797,0.0797
1035_IWW_HAP_XX.mp4,H,46.6666666666667,0.5867,0.44
1049_ITH_ANG_XX.mp4,F,72.25,-0.5168,0.6029
1088_DFA_NEU_XX.mp4,N,73.1,0.0866,0.0866
1087_IWW_DIS_XX.mp4,N,40.5,0.0703,0.0703
1006_IWW_SAD_XX.mp4,S,57.8888888888889,-0.4737,0.1579
1013_IWW_SAD_XX.mp4,F,41.1,-0.4233,0.4938
1018_TIE_NEU_XX.mp4,N,70.1,0.0851,0.0851
1066_IWW_ANG_XX.mp4,A:D,51.2222222222222,0.0,0.0
1073_IWW_ANG_XX.mp4,A,60.1,-0.5603,0.6404
1088_WSI_NEU_XX.mp4,N,55.1,0.0776,0.0776
1024_IWW_NEU_XX.mp4,N,49.1111111111111,0.0746,0.0746
1031_IWW_NEU_XX.mp4,N,56.5,0.0783,0.0783
1029_ITH_SAD_XX.mp4,F,59.0,-0.477,0.5565
1039_WSI_FEA_XX.mp4,S,72.0,-0.516,0.172
1080_IWW_FEA_XX.mp4,F,41.5555555555556,-0.4247,0.4954
1018_WSI_HAP_XX.mp4,H:N,61.375,0.0,0.0
1088_TIE_HAP_XX.mp4,N,69.0,0.0845,0.0845
1087_IWW_SAD_XX.mp4,N,48.2222222222222,0.0741,0.0741
1068_IEO_FEA_LO.mp4,N,52.1,0.0761,0.0761
1049_IEO_HAP_LO.mp4,N,46.2222222222222,0.0731,0.0731
1006_IWW_DIS_XX.mp4,N,40.5555555555556,0.0703,0.0703
1013_IWW_DIS_XX.mp4,D,58.0,-0.553,0.316
1009_DFA_NEU_XX.mp4,N,53.8,0.0769,0.0769
1009_WSI_NEU_XX.mp4,N,64.2,0.0821,0.0821
1039_DFA_FEA_XX.mp4,N,46.3,0.0732,0.0732
1018_DFA_HAP_XX.mp4,H,74.625,0.6985,0.5239
1029_ITH_DIS_XX.mp4,A,57.6666666666667,-0.5518,0.6307
1078_TAI_HAP_XX.mp4,H:N,63.7777777777778,0.0,0.0
1049_IEO_SAD_MD.mp4,S,61.5555555555556,-0.4847,0.1616
1059_TAI_FEA_XX.mp4,F,56.625,-0.4699,0.5482
1008_IWL_SAD_XX.mp4,N,68.625,0.0843,0.0843
1087_MTI_NEU_XX.mp4,N,60.1,0.0801,0.0801
1049_TSI_HAP_XX.mp4,F,78.5555555555556,-0.5357,0.6249
1089_IWL_DIS_XX.mp4,H,37.625,0.5505,0.4129
1058_IEO_SAD_HI.mp4,S,91.2222222222222,-0.5737,0.1912
1090_IOM_FEA_XX.mp4,N:S,56.1,0.0,0.0
1068_TSI_FEA_XX.mp4,N,54.0,0.077,0.077
1085_IOM_FEA_XX.mp4,S,44.0,-0.432,0.144
1047_ITS_ANG_XX.mp4,A:N,55.6,0.0,0.0
1052_ITS_ANG_XX.mp4,A,51.2222222222222,-0.5293,0.6049
1016_IOM_DIS_XX.mp4,N,58.5,0.0793,0.0793
1003_IOM_DIS_XX.mp4,D,58.8,-0.5558,0.3176
1005_ITS_NEU_XX.mp4,N,66.7777777777778,0.0834,0.0834
1010_ITS_NEU_XX.mp4,N,57.625,0.0788,0.0788
1082_IOM_SAD_XX.mp4,S,52.5,-0.4575,0.1525
1083_MTI_HAP_XX.mp4,N,66.4444444444444,0.0832,0.0832
1027_ITS_SAD_XX.mp4,F,40.5,-0.4215,0.4917
1069_TAI_NEU_XX.mp4,N,65.3333333333333,0.0827,0.0827
1032_ITS_SAD_XX.mp4,N:S,60.0,0.0,0.0
1058_TSI_NEU_XX.mp4,N,62.6,0.0813,0.0813
1020_ITS_FEA_XX.mp4,N,51.5,0.0758,0.0758
1035_ITS_FEA_XX.mp4,F,64.8181818181818,-0.4945,0.5769
1001_ITS_HAP_XX.mp4,H,48.5,0.594,0.4455
1014_ITS_HAP_XX.mp4,H:N,58.2222222222222,0.0,0.0
1029_IEO_ANG_MD.mp4,A,63.625,-0.5727,0.6545
1068_IWL_ANG_XX.mp4,A,58.6,-0.5551,0.6344
1038_IEO_ANG_HI.mp4,A,80.1,-0.6303,0.7204
1031_MTI_DIS_XX.mp4,N,59.5555555555556,0.0798,0.0798
1024_MTI_DIS_XX.mp4,D,42.8888888888889,-0.5001,0.2858
1081_IWL_FEA_XX.mp4,N,54.5,0.0772,0.0772
1060_TSI_DIS_XX.mp4,N,47.5,0.0738,0.0738
1075_TSI_DIS_XX.mp4,N,58.0909090909091,0.079,0.079
1019_IOM_SAD_XX.mp4,N,63.0,0.0815,0.0815
1051_TAI_DIS_XX.mp4,D:N,50.2727272727273,0.0,0.0
1044_TAI_DIS_XX.mp4,D,71.4285714285714,-0.6,0.3429
1042_IEO_DIS_HI.mp4,D,70.4444444444444,-0.5966,0.3409
1086_IWL_SAD_XX.mp4,N,58.25,0.0791,0.0791
1057_IEO_DIS_HI.mp4,N,44.1,0.0721,0.0721
1053_IEO_DIS_MD.mp4,D,53.6,-0.5376,0.3072
1046_IEO_DIS_MD.mp4,N,54.9,0.0775,0.0775
1007_IWL_DIS_XX.mp4,N,49.1111111111111,0.0746,0.0746
1012_IWL_DIS_XX.mp4,D,44.9,-0.5071,0.2898
1018_MTI_HAP_XX.mp4,H:S,46.3333333333333,0.0,0.0
1039_MTI_FEA_XX.mp4,S,56.8,-0.4704,0.1568
1079_IOM_ANG_XX.mp4,A,50.6,-0.5271,0.6024
1081_TSI_ANG_XX.mp4,A,66.7777777777778,-0.5837,0.6671
1028_ITS_DIS_XX.mp4,D,54.4,-0.5404,0.3088
1009_IWW_SAD_XX.mp4,N,56.1,0.0781,0.0781
1035_TIE_SAD_XX.mp4,N,47.75,0.0739,0.0739
1024_WSI_DIS_XX.mp4,S,62.375,-0.4871,0.1624
1087_DFA_NEU_XX.mp4,N,38.7777777777778,0.0694,0.0694
1020_TIE_SAD_XX.mp4,F:N:S,49.9,0.0,0.0
1031_WSI_DIS_XX.mp4,N,61.5,0.0808,0.0808
1088_IWW_DIS_XX.mp4,N,50.4444444444444,0.0752,0.0752
1004_ITH_NEU_XX.mp4,N,66.4,0.0832,0.0832
1083_WSI_HAP_XX.mp4,N,50.8,0.0754,0.0754
1011_ITH_NEU_XX.mp4,N,71.8888888888889,0.0859,0.0859
1060_IEO_DIS_LO.mp4,N:S,65.8,0.0,0.0
1075_IEO_DIS_LO.mp4,N,58.7777777777778,0.0794,0.0794
1046_ITH_ANG_XX.mp4,N,60.2222222222222,0.0801,0.0801
1053_ITH_ANG_XX.mp4,A,64.0,-0.574,0.656
1032_TIE_FEA_XX.mp4,D:N,48.8,0.0,0.0
1027_TIE_FEA_XX.mp4,N,56.9,0.0785,0.0785
1013_TIE_HAP_XX.mp4,N,67.8333333333333,0.0839,0.0839
1006_TIE_HAP_XX.mp4,N,59.1111111111111,0.0796,0.0796
1026_ITH_SAD_XX.mp4,N,52.1,0.0761,0.0761
1033_ITH_SAD_XX.mp4,N,55.7777777777778,0.0779,0.0779
1035_IEO_NEU_XX.mp4,N,77.4,0.0887,0.0887
1020_IEO_NEU_XX.mp4,N,72.4,0.0862,0.0862
1083_DFA_HAP_XX.mp4,N,52.1,0.0761,0.0761
1081_IEO_ANG_LO.mp4,D:N,55.7777777777778,0.0,0.0
1069_IWW_ANG_XX.mp4,A,69.0,-0.5915,0.676
1087_WSI_NEU_XX.mp4,N,66.3,0.0832,0.0832
1031_DFA_DIS_XX.mp4,N,62.1111111111111,0.0811,0.0811
1024_DFA_DIS_XX.mp4,A:D,61.1111111111111,0.0,0.0
1015_ITH_HAP_XX.mp4,N,63.7,0.0819,0.0819
1021_ITH_FEA_XX.mp4,N:S,46.1111111111111,0.0,0.0
1034_ITH_FEA_XX.mp4,N,66.25,0.0831,0.0831
1017_TIE_NEU_XX.mp4,N,61.5,0.0808,0.0808
1055_TIE_ANG_XX.mp4,A,70.7,-0.5975,0.6828
1040_TIE_ANG_XX.mp4,A:D:N,64.5555555555556,0.0,0.0
1038_IEO_HAP_LO.mp4,N,66.5,0.0833,0.0833
1019_IEO_FEA_LO.mp4,N,46.5,0.0733,0.0733
1078_DFA_NEU_XX.mp4,N,52.3333333333333,0.0762,0.0762
1062_IWW_DIS_XX.mp4,F,46.1111111111111,-0.4383,0.5114
1077_IWW_DIS_XX.mp4,N,55.7,0.0779,0.0779
1069_WSI_HAP_XX.mp4,A:H,48.375,0.0,0.0
1048_WSI_FEA_XX.mp4,N,38.5555555555556,0.0693,0.0693
1069_DFA_HAP_XX.mp4,H,63.4444444444444,0.6538,0.4903
1058_ITH_DIS_XX.mp4,N,69.3333333333333,0.0847,0.0847
1048_DFA_FEA_XX.mp4,N,53.5,0.0768,0.0768
1078_WSI_NEU_XX.mp4,N,51.0,0.0755,0.0755
1083_IWW_ANG_XX.mp4,D,53.4444444444444,-0.5371,0.3069
1023_ITS_ANG_XX.mp4,D,37.5,-0.4812,0.275
1036_ITS_ANG_XX.mp4,A,70.1111111111111,-0.5954,0.6804
1061_ITS_NEU_XX.mp4,N,51.9,0.076,0.076
1074_ITS_NEU_XX.mp4,N,68.2,0.0841,0.0841
1072_IOM_DIS_XX.mp4,D,51.625,-0.5307,0.3033
1067_IOM_DIS_XX.mp4,N:S,54.0,0.0,0.0
1028_TAI_FEA_XX.mp4,S,55.1,-0.4653,0.1551
1079_IWL_SAD_XX.mp4,N,60.9,0.0805,0.0805
1038_IEO_SAD_MD.mp4,N,68.3,0.0842,0.0842
1009_TAI_HAP_XX.mp4,F,62.4444444444444,-0.4873,0.5686
1019_TSI_FEA_XX.mp4,F,48.6,-0.4458,0.5201
1029_IEO_SAD_HI.mp4,S,80.6,-0.5418,0.1806
1038_TSI_HAP_XX.mp4,N,66.8,0.0834,0.0834
1065_ITS_HAP_XX.mp4,H:N,59.5,0.0,0.0
1070_ITS_HAP_XX.mp4,N,47.5,0.0738,0.0738
1044_ITS_FEA_XX.mp4,F,52.0,-0.456,0.532
1051_ITS_FEA_XX.mp4,F,44.5,-0.4335,0.5058
1019_IWL_ANG_XX.mp4,A,48.5454545454545,-0.5199,0.5942
1058_IEO_ANG_MD.mp4,A,72.8,-0.6048,0.6912
1055_MTI_DIS_XX.mp4,N,57.0,0.0785,0.0785
1040_MTI_DIS_XX.mp4,N,65.0,0.0825,0.0825
1049_IEO_ANG_HI.mp4,A,73.5,-0.6072,0.694
1018_TAI_NEU_XX.mp4,N,57.2,0.0786,0.0786
1043_ITS_SAD_XX.mp4,N,48.8888888888889,0.0744,0.0744
1056_ITS_SAD_XX.mp4,N,52.1111111111111,0.0761,0.0761
1029_TSI_NEU_XX.mp4,N,44.9,0.0725,0.0725
1086_IOM_ANG_XX.mp4,A:D,63.1111111111111,0.0,0.0
1078_MTI_NEU_XX.mp4,N,44.0909090909091,0.072,0.072
1087_TAI_HAP_XX.mp4,N,57.4,0.0787,0.0787
1026_IEO_DIS_HI.mp4,A,48.5,-0.5197,0.594
1033_IEO_DIS_HI.mp4,D,49.5,-0.5232,0.299
1063_IWL_DIS_XX.mp4,D:N,43.2727272727273,0.0,0.0
1076_IWL_DIS_XX.mp4,N,53.0,0.0765,0.0765
1082_TSI_FEA_XX.mp4,N,73.6,0.0868,0.0868
1037_IEO_DIS_MD.mp4,S,65.3,-0.4959,0.1653
1022_IEO_DIS_MD.mp4,N,58.8888888888889,0.0794,0.0794
1004_TSI_DIS_XX.mp4,D,62.1,-0.5673,0.3242
1011_TSI_DIS_XX.mp4,D,48.7777777777778,-0.5207,0.2976
1090_IEO_HAP_MD.mp4,N,55.875,0.0779,0.0779
1085_IEO_HAP_MD.mp4,D:N,63.5,0.0,0.0
1035_TAI_DIS_XX.mp4,F,60.375,-0.4811,0.5613
1020_TAI_DIS_XX.mp4,D,57.2222222222222,-0.5503,0.3144
1081_IEO_HAP_HI.mp4,H,74.0,0.696,0.522
1085_TSI_SAD_XX.mp4,N,40.0,0.07,0.07
1090_TSI_SAD_XX.mp4,D:F,57.7,0.0,0.0
1068_IOM_SAD_XX.mp4,N,68.3,0.0842,0.0842
1083_TAI_NEU_XX.mp4,N,63.6,0.0818,0.0818
1048_MTI_FEA_XX.mp4,S,62.8,-0.4884,0.1628
1069_MTI_HAP_XX.mp4,H,62.0,0.648,0.486
1008_IOM_ANG_XX.mp4,D,64.8,-0.5768,0.3296
1059_ITS_DIS_XX.mp4,N,45.0,0.0725,0.0725
1082_IWL_ANG_XX.mp4,N,58.6666666666667,0.0793,0.0793
1060_ITH_NEU_XX.mp4,N,58.875,0.0794,0.0794
1075_ITH_NEU_XX.mp4,N,65.0909090909091,0.0825,0.0825
1022_ITH_ANG_XX.mp4,N,64.7272727272727,0.0824,0.0824
1037_ITH_ANG_XX.mp4,D,41.9,-0.4966,0.2838
1004_IEO_DIS_LO.mp4,N,70.0,0.085,0.085
1011_IEO_DIS_LO.mp4,N,60.375,0.0802,0.0802
1085_IEO_SAD_LO.mp4,N,54.2222222222222,0.0771,0.0771
1090_IEO_SAD_LO.mp4,N,62.0,0.081,0.081
1077_TIE_HAP_XX.mp4,N,61.625,0.0808,0.0808
1062_TIE_HAP_XX.mp4,N,57.4,0.0787,0.0787
1056_TIE_FEA_XX.mp4,F,46.9090909090909,-0.4407,0.5142
1043_TIE_FEA_XX.mp4,F:N,51.3333333333333,0.0,0.0
1078_IWW_SAD_XX.mp4,N,55.3,0.0776,0.0776
1051_TIE_SAD_XX.mp4,N,72.625,0.0863,0.0863
1040_WSI_DIS_XX.mp4,S,58.3333333333333,-0.475,0.1583
1044_TIE_SAD_XX.mp4,N,46.1,0.0731,0.0731
1055_WSI_DIS_XX.mp4,D,53.5555555555556,-0.5374,0.3071
1082_IEO_FEA_LO.mp4,N,52.7,0.0764,0.0764
1018_IWW_ANG_XX.mp4,A,55.875,-0.5456,0.6235
1045_ITH_FEA_XX.mp4,N,55.0,0.0775,0.0775
1050_ITH_FEA_XX.mp4,F,58.1428571428571,-0.4744,0.5535
1055_DFA_DIS_XX.mp4,N,56.1111111111111,0.0781,0.0781
1064_ITH_HAP_XX.mp4,H,54.8571428571429,0.6194,0.4646
1071_ITH_HAP_XX.mp4,N,63.875,0.0819,0.0819
1040_DFA_DIS_XX.mp4,N,47.5555555555556,0.0738,0.0738
1073_TIE_NEU_XX.mp4,N,63.8,0.0819,0.0819
1066_TIE_NEU_XX.mp4,N,65.7272727272727,0.0829,0.0829
1031_TIE_ANG_XX.mp4,N,54.375,0.0772,0.0772
1024_TIE_ANG_XX.mp4,N,65.6,0.0828,0.0828
1042_ITH_SAD_XX.mp4,N,56.4444444444444,0.0782,0.0782
1057_ITH_SAD_XX.mp4,N,54.3333333333333,0.0772,0.0772
1051_IEO_NEU_XX.mp4,N,66.4545454545455,0.0832,0.0832
1044_IEO_NEU_XX.mp4,N,81.9,0.091,0.091
1010_IWW_ANG_XX.mp4,A,73.5555555555556,-0.6074,0.6942
1005_IWW_ANG_XX.mp4,D:F,45.4545454545455,0.0,0.0
1079_ITH_HAP_XX.mp4,H,51.5,0.606,0.4545
1048_DFA_DIS_XX.mp4,D,54.25,-0.5399,0.3085
1058_ITH_FEA_XX.mp4,F,69.6,-0.5088,0.5936
1052_IWW_NEU_XX.mp4,N,59.1,0.0796,0.0796
1047_IWW_NEU_XX.mp4,N,65.4444444444444,0.0827,0.0827
1039_TIE_ANG_XX.mp4,A,85.5,-0.6492,0.742
1059_IEO_NEU_XX.mp4,N,49.2222222222222,0.0746,0.0746
1077_IWW_FEA_XX.mp4,A:D,61.2,0.0,0.0
1068_ITH_NEU_XX.mp4,N,63.4,0.0817,0.0817
1062_IWW_FEA_XX.mp4,N,56.6666666666667,0.0783,0.0783
1056_IWW_HAP_XX.mp4,F,47.2222222222222,-0.4417,0.5153
1043_IWW_HAP_XX.mp4,N,48.375,0.0742,0.0742
1019_IEO_DIS_LO.mp4,F:N,56.4444444444444,0.0,0.0
1070_IWW_SAD_XX.mp4,D:N,43.5,0.0,0.0
1065_IWW_SAD_XX.mp4,N,61.0,0.0805,0.0805
1059_TIE_SAD_XX.mp4,S,70.4444444444444,-0.5113,0.1704
1048_WSI_DIS_XX.mp4,D,45.5,-0.5092,0.291
1061_MTI_HAP_XX.mp4,N,34.5,0.0673,0.0673
1074_MTI_HAP_XX.mp4,H,50.7777777777778,0.6031,0.4523
1040_MTI_FEA_XX.mp4,N,66.375,0.0832,0.0832
1055_MTI_FEA_XX.mp4,S,63.375,-0.4901,0.1634
1015_IOM_ANG_XX.mp4,A:D,51.5454545454545,0.0,0.0
1051_ITS_DIS_XX.mp4,N,58.3333333333333,0.0792,0.0792
1044_ITS_DIS_XX.mp4,N,50.5555555555556,0.0753,0.0753
1042_IOM_NEU_XX.mp4,N,51.0,0.0755,0.0755
1057_IOM_NEU_XX.mp4,N,59.1111111111111,0.0796,0.0796
1047_MTI_SAD_XX.mp4,N,49.6666666666667,0.0748,0.0748
1052_MTI_SAD_XX.mp4,N,50.2,0.0751,0.0751
1065_MTI_NEU_XX.mp4,N,60.8888888888889,0.0804,0.0804
1070_MTI_NEU_XX.mp4,N,70.7142857142857,0.0854,0.0854
1027_MTI_ANG_XX.mp4,A,81.0,-0.6335,0.724
1032_MTI_ANG_XX.mp4,N,40.125,0.0701,0.0701
1067_IOM_FEA_XX.mp4,N,52.1111111111111,0.0761,0.0761
1072_IOM_FEA_XX.mp4,N,53.6,0.0768,0.0768
1046_IOM_HAP_XX.mp4,N,59.7777777777778,0.0799,0.0799
1053_IOM_HAP_XX.mp4,H,52.7777777777778,0.6111,0.4583
1019_TSI_DIS_XX.mp4,N,65.1111111111111,0.0826,0.0826
1060_IOM_SAD_XX.mp4,S,61.8,-0.4854,0.1618
1089_IEO_HAP_HI.mp4,H,67.6666666666667,0.6707,0.503
1075_IOM_SAD_XX.mp4,N,48.8181818181818,0.0744,0.0744
1028_TAI_DIS_XX.mp4,D:N:S,67.125,0.0,0.0
1059_ITS_FEA_XX.mp4,F,64.7,-0.4941,0.5765
1053_IWL_NEU_XX.mp4,N,61.1,0.0806,0.0806
1046_IWL_NEU_XX.mp4,N,61.0,0.0805,0.0805
1078_ITS_HAP_XX.mp4,H,52.5714285714286,0.6103,0.4577
1045_IEO_ANG_MD.mp4,N,54.8,0.0774,0.0774
1050_IEO_ANG_MD.mp4,A,58.8888888888889,-0.5561,0.6356
1011_IWL_ANG_XX.mp4,A,38.5,-0.4847,0.554
1004_IWL_ANG_XX.mp4,A,63.7777777777778,-0.5732,0.6551
1054_IEO_ANG_HI.mp4,A,73.3333333333333,-0.6067,0.6933
1041_IEO_ANG_HI.mp4,A,72.5,-0.6038,0.69
1048_MTI_DIS_XX.mp4,N,64.3,0.0822,0.0822
1047_TAI_ANG_XX.mp4,N,48.375,0.0742,0.0742
1052_TAI_ANG_XX.mp4,A,66.0,-0.581,0.664
1005_TAI_NEU_XX.mp4,N,63.25,0.0816,0.0816
1010_TAI_NEU_XX.mp4,N,58.8,0.0794,0.0794
1034_TSI_NEU_XX.mp4,N,64.0,0.082,0.082
1021_TSI_NEU_XX.mp4,N,65.4444444444444,0.0827,0.0827
1076_TSI_ANG_XX.mp4,A,64.5,-0.5757,0.658
1063_TSI_ANG_XX.mp4,F,53.7,-0.4611,0.5379
1022_IEO_FEA_MD.mp4,N,65.0,0.0825,0.0825
1057_IWL_HAP_XX.mp4,A,67.2,-0.5852,0.6688
1042_IWL_HAP_XX.mp4,N,64.3333333333333,0.0822,0.0822
1037_IEO_FEA_MD.mp4,S,54.125,-0.4624,0.1541
1082_TSI_DIS_XX.mp4,N,63.8,0.0819,0.0819
1076_IWL_FEA_XX.mp4,N,67.25,0.0836,0.0836
1027_TAI_SAD_XX.mp4,N,56.4,0.0782,0.0782
1003_IEO_HAP_MD.mp4,N,63.5,0.0818,0.0818
1016_IEO_HAP_MD.mp4,N,59.7,0.0799,0.0799
1032_TAI_SAD_XX.mp4,N,56.2222222222222,0.0781,0.0781
1069_ITS_NEU_XX.mp4,N,59.7,0.0799,0.0799
1063_IWL_FEA_XX.mp4,S,49.7777777777778,-0.4493,0.1498
1033_IEO_FEA_HI.mp4,F,64.5555555555556,-0.4937,0.5759
1026_IEO_FEA_HI.mp4,F,85.4444444444444,-0.5563,0.6491
1016_TSI_SAD_XX.mp4,D,36.4444444444444,-0.4776,0.2729
1012_IEO_HAP_HI.mp4,H,55.3,0.6212,0.4659
1007_IEO_HAP_HI.mp4,H,64.5555555555556,0.6582,0.4937
1003_TSI_SAD_XX.mp4,N,58.1,0.0791,0.0791
1025_IEO_SAD_MD.mp4,S,54.5,-0.4635,0.1545
1001_TAI_HAP_XX.mp4,N,52.375,0.0762,0.0762
1014_TAI_HAP_XX.mp4,N,46.1111111111111,0.0731,0.0731
1030_IEO_SAD_MD.mp4,N,73.0,0.0865,0.0865
1020_TAI_FEA_XX.mp4,N,52.1,0.0761,0.0761
1071_IWL_SAD_XX.mp4,N:S,53.8,0.0,0.0
1064_IWL_SAD_XX.mp4,N,40.6,0.0703,0.0703
1035_TAI_FEA_XX.mp4,N,60.9,0.0805,0.0805
1034_IEO_SAD_HI.mp4,D,55.2,-0.5432,0.3104
1030_TSI_HAP_XX.mp4,H,46.5714285714286,0.5863,0.4397
1025_TSI_HAP_XX.mp4,N,55.9,0.078,0.078
1021_IEO_SAD_HI.mp4,N,63.7,0.0819,0.0819
1011_TSI_FEA_XX.mp4,F,51.7777777777778,-0.4553,0.5312
1004_TSI_FEA_XX.mp4,N,51.4444444444444,0.0757,0.0757
1040_DFA_FEA_XX.mp4,N,65.1111111111111,0.0826,0.0826
1076_IEO_ANG_LO.mp4,A,59.0,-0.5565,0.636
1063_IEO_ANG_LO.mp4,N,54.0,0.077,0.077
1055_DFA_FEA_XX.mp4,F,68.2857142857143,-0.5049,0.589
1061_DFA_HAP_XX.mp4,H,53.1,0.6124,0.4593
1050_ITH_DIS_XX.mp4,N,52.6,0.0763,0.0763
1045_ITH_DIS_XX.mp4,N,48.3,0.0742,0.0742
1074_DFA_HAP_XX.mp4,N,71.8333333333333,0.0859,0.0859
1070_WSI_NEU_XX.mp4,N,74.2222222222222,0.0871,0.0871
1065_WSI_NEU_XX.mp4,N,44.8888888888889,0.0724,0.0724
1032_WSI_ANG_XX.mp4,A,56.5555555555556,-0.5479,0.6262
1027_WSI_ANG_XX.mp4,A,77.3333333333333,-0.6207,0.7093
1047_DFA_SAD_XX.mp4,N,75.3333333333333,0.0877,0.0877
1052_DFA_SAD_XX.mp4,S,54.4444444444444,-0.4633,0.1544
1043_TIE_DIS_XX.mp4,A:D,59.1428571428571,0.0,0.0
1052_WSI_SAD_XX.mp4,N,58.8888888888889,0.0794,0.0794
1056_TIE_DIS_XX.mp4,D,68.2222222222222,-0.5888,0.3364
1047_WSI_SAD_XX.mp4,N,51.5,0.0758,0.0758
1027_DFA_ANG_XX.mp4,A,76.1111111111111,-0.6164,0.7044
1011_IEO_FEA_LO.mp4,N,60.9,0.0805,0.0805
1004_IEO_FEA_LO.mp4,N,35.0,0.0675,0.0675
1032_DFA_ANG_XX.mp4,N,49.6666666666667,0.0748,0.0748
1030_IEO_HAP_LO.mp4,N,57.7,0.0789,0.0789
1025_IEO_HAP_LO.mp4,H,71.2222222222222,0.6849,0.5137
1065_DFA_NEU_XX.mp4,N,51.4444444444444,0.0757,0.0757
1070_DFA_NEU_XX.mp4,N,62.2222222222222,0.0811,0.0811
1082_IEO_DIS_LO.mp4,N,60.0,0.08,0.08
1055_WSI_FEA_XX.mp4,A,67.8,-0.5873,0.6712
1040_WSI_FEA_XX.mp4,N,45.1111111111111,0.0726,0.0726
1074_WSI_HAP_XX.mp4,A:H,44.1111111111111,0.0,0.0
1061_WSI_HAP_XX.mp4,H,50.0,0.6,0.45
1016_IEO_SAD_LO.mp4,N,79.8,0.0899,0.0899
1003_IEO_SAD_LO.mp4,N,60.3333333333333,0.0802,0.0802
1028_IEO_NEU_XX.mp4,N,59.2,0.0796,0.0796
1089_IEO_ANG_LO.mp4,D:N,45.5,0.0,0.0
1074_IWW_ANG_XX.mp4,A,62.6666666666667,-0.5693,0.6507
1061_IWW_ANG_XX.mp4,D,65.6666666666667,-0.5798,0.3313
1036_IWW_NEU_XX.mp4,N,65.3333333333333,0.0827,0.0827
1029_ITH_FEA_XX.mp4,F,76.375,-0.5291,0.6173
1023_IWW_NEU_XX.mp4,F:N,62.2,0.0,0.0
1008_ITH_HAP_XX.mp4,N,48.3,0.0742,0.0742
1039_DFA_DIS_XX.mp4,D,51.4444444444444,-0.5301,0.3029
1048_TIE_ANG_XX.mp4,A:N,46.1,0.0,0.0
1014_IWW_SAD_XX.mp4,F,49.5555555555556,-0.4487,0.5234
1001_IWW_SAD_XX.mp4,F:N,47.5555555555556,0.0,0.0
1080_IWW_DIS_XX.mp4,D,59.6666666666667,-0.5588,0.3193
1028_TIE_SAD_XX.mp4,S,50.5,-0.4515,0.1505
1039_WSI_DIS_XX.mp4,A,48.7,-0.5204,0.5948
1032_IWW_HAP_XX.mp4,F,51.4,-0.4542,0.5299
1027_IWW_HAP_XX.mp4,N,44.6666666666667,0.0723,0.0723
1013_IWW_FEA_XX.mp4,F:S,55.6666666666667,0.0,0.0
1006_IWW_FEA_XX.mp4,F,69.7,-0.5091,0.5939
1068_IEO_DIS_LO.mp4,D,56.7,-0.5484,0.3134
1023_MTI_SAD_XX.mp4,N,66.2,0.0831,0.0831
1036_MTI_SAD_XX.mp4,S,72.9,-0.5187,0.1729
1087_ITS_HAP_XX.mp4,N,53.6666666666667,0.0768,0.0768
1024_MTI_FEA_XX.mp4,F,46.5555555555556,-0.4397,0.5129
1031_MTI_FEA_XX.mp4,N,59.3,0.0796,0.0796
1005_MTI_HAP_XX.mp4,N,56.1,0.0781,0.0781
1010_MTI_HAP_XX.mp4,H,58.7777777777778,0.6351,0.4763
1064_IOM_ANG_XX.mp4,A,86.7,-0.6534,0.7468
1071_IOM_ANG_XX.mp4,A,63.8,-0.5733,0.6552
1089_TSI_ANG_XX.mp4,F,47.1,-0.4413,0.5149
1026_IOM_NEU_XX.mp4,N,57.3333333333333,0.0787,0.0787
1033_IOM_NEU_XX.mp4,N,76.1818181818182,0.0881,0.0881
1035_ITS_DIS_XX.mp4,D:N,67.5555555555556,0.0,0.0
1020_ITS_DIS_XX.mp4,N,45.4,0.0727,0.0727
1085_IOM_DIS_XX.mp4,D,65.0,-0.5775,0.33
1090_IOM_DIS_XX.mp4,A,59.25,-0.5574,0.637
1068_TSI_DIS_XX.mp4,A,51.5555555555556,-0.5304,0.6062
1089_IWL_FEA_XX.mp4,F,55.0,-0.465,0.5425
1083_ITS_NEU_XX.mp4,N,67.7777777777778,0.0839,0.0839
1059_TAI_DIS_XX.mp4,D,59.5,-0.5582,0.319
1004_IOM_SAD_XX.mp4,N,38.8181818181818,0.0694,0.0694
1011_IOM_SAD_XX.mp4,N,62.1111111111111,0.0811,0.0811
1001_MTI_NEU_XX.mp4,N,51.1111111111111,0.0756,0.0756
1014_MTI_NEU_XX.mp4,N,64.7777777777778,0.0824,0.0824
1043_MTI_ANG_XX.mp4,A,54.8888888888889,-0.5421,0.6196
1056_MTI_ANG_XX.mp4,N,48.5,0.0742,0.0742
1022_IOM_HAP_XX.mp4,N,41.8888888888889,0.0709,0.0709
1037_IOM_HAP_XX.mp4,H,46.7,0.5868,0.4401
1003_IOM_FEA_XX.mp4,S,54.0,-0.462,0.154
1016_IOM_FEA_XX.mp4,N,62.8888888888889,0.0814,0.0814
1023_TAI_ANG_XX.mp4,N,43.2857142857143,0.0716,0.0716
1036_TAI_ANG_XX.mp4,A,74.0,-0.609,0.696
1061_TAI_NEU_XX.mp4,N,69.2222222222222,0.0846,0.0846
1074_TAI_NEU_XX.mp4,N,63.5,0.0818,0.0818
1050_TSI_NEU_XX.mp4,N,63.3,0.0817,0.0817
1045_TSI_NEU_XX.mp4,N,92.0,0.096,0.096
1012_TSI_ANG_XX.mp4,A,60.2222222222222,-0.5608,0.6409
1007_TSI_ANG_XX.mp4,A,55.875,-0.5456,0.6235
1009_ITS_HAP_XX.mp4,H,62.8888888888889,0.6516,0.4887
1037_IWL_NEU_XX.mp4,N,56.75,0.0784,0.0784
1028_ITS_FEA_XX.mp4,S,58.6666666666667,-0.476,0.1587
1022_IWL_NEU_XX.mp4,N,52.0,0.076,0.076
1075_IWL_ANG_XX.mp4,A,68.7,-0.5905,0.6748
1060_IWL_ANG_XX.mp4,A,63.6363636363636,-0.5727,0.6545
1021_IEO_ANG_MD.mp4,A,47.6,-0.5166,0.5904
1034_IEO_ANG_MD.mp4,A,67.3333333333333,-0.5857,0.6693
1039_MTI_DIS_XX.mp4,D:N,63.8,0.0,0.0
1030_IEO_ANG_HI.mp4,A,88.1111111111111,-0.6584,0.7524
1025_IEO_ANG_HI.mp4,A,93.2,-0.6762,0.7728
1015_IWL_SAD_XX.mp4,N,42.5555555555556,0.0713,0.0713
1044_TAI_FEA_XX.mp4,F,61.7,-0.4851,0.5659
1051_TAI_FEA_XX.mp4,F,51.0,-0.453,0.5285
1041_IEO_SAD_MD.mp4,S,68.3,-0.5049,0.1683
1065_TAI_HAP_XX.mp4,F,46.875,-0.4406,0.5141
1070_TAI_HAP_XX.mp4,H:N,62.7142857142857,0.0,0.0
1054_IEO_SAD_MD.mp4,N,55.5,0.0778,0.0778
1075_TSI_FEA_XX.mp4,N,58.4444444444444,0.0792,0.0792
1060_TSI_FEA_XX.mp4,S,57.6,-0.4728,0.1576
1050_IEO_SAD_HI.mp4,N,57.7,0.0789,0.0789
1054_TSI_HAP_XX.mp4,F,54.3,-0.4629,0.54
1041_TSI_HAP_XX.mp4,N,57.5,0.0788,0.0788
1045_IEO_SAD_HI.mp4,S,46.8888888888889,-0.4407,0.1469
1081_IWL_DIS_XX.mp4,N,71.3333333333333,0.0857,0.0857
1043_TAI_SAD_XX.mp4,N,59.6,0.0798,0.0798
1018_ITS_NEU_XX.mp4,N,53.8888888888889,0.0769,0.0769
1012_IWL_FEA_XX.mp4,S,62.6666666666667,-0.488,0.1627
1067_IEO_HAP_MD.mp4,N,56.2222222222222,0.0781,0.0781
1072_IEO_HAP_MD.mp4,N,72.3333333333333,0.0862,0.0862
1007_IWL_FEA_XX.mp4,N:S,53.0,0.0,0.0
1056_TAI_SAD_XX.mp4,S,54.3,-0.4629,0.1543
1046_IEO_FEA_MD.mp4,N,62.2,0.0811,0.0811
1033_IWL_HAP_XX.mp4,N,64.7,0.0824,0.0824
1026_IWL_HAP_XX.mp4,N,54.3333333333333,0.0772,0.0772
1053_IEO_FEA_MD.mp4,N,60.7,0.0804,0.0804
1072_TSI_SAD_XX.mp4,N,58.7,0.0794,0.0794
1076_IEO_HAP_HI.mp4,H,73.1,0.6924,0.5193
1063_IEO_HAP_HI.mp4,H,64.6,0.6584,0.4938
1067_TSI_SAD_XX.mp4,N,68.3,0.0842,0.0842
1057_IEO_FEA_HI.mp4,F,69.0,-0.507,0.5915
1042_IEO_FEA_HI.mp4,H,48.6666666666667,0.5947,0.446
1014_WSI_NEU_XX.mp4,A,51.0,-0.5285,0.604
1001_WSI_NEU_XX.mp4,N,63.75,0.0819,0.0819
1086_ITH_HAP_XX.mp4,H,62.0,0.648,0.486
1056_WSI_ANG_XX.mp4,A,53.0,-0.5355,0.612
1043_WSI_ANG_XX.mp4,A,62.2,-0.5677,0.6488
1023_DFA_SAD_XX.mp4,N,49.4,0.0747,0.0747
1084_TIE_NEU_XX.mp4,N:S,60.125,0.0,0.0
1091_TIE_NEU_XX.mp4,N,64.5,0.0823,0.0823
1036_DFA_SAD_XX.mp4,S,58.4444444444444,-0.4753,0.1584
1034_ITH_DIS_XX.mp4,D,68.4,-0.5894,0.3368
1005_DFA_HAP_XX.mp4,N,52.6,0.0763,0.0763
1010_DFA_HAP_XX.mp4,N,59.3,0.0796,0.0796
1021_ITH_DIS_XX.mp4,F:N:S,63.8888888888889,0.0,0.0
1012_IEO_ANG_LO.mp4,N,66.0,0.083,0.083
1024_DFA_FEA_XX.mp4,N,45.3,0.0726,0.0726
1031_DFA_FEA_XX.mp4,N,69.9,0.085,0.085
1007_IEO_ANG_LO.mp4,N,51.7,0.0759,0.0759
1010_WSI_HAP_XX.mp4,H,66.7,0.6668,0.5001
1088_IWW_FEA_XX.mp4,F,46.1111111111111,-0.4383,0.5114
1082_ITH_NEU_XX.mp4,N,73.3333333333333,0.0867,0.0867
1005_WSI_HAP_XX.mp4,A,56.0,-0.546,0.624
1031_WSI_FEA_XX.mp4,N,68.7,0.0844,0.0844
1024_WSI_FEA_XX.mp4,N,67.375,0.0837,0.0837
1080_TIE_HAP_XX.mp4,N,59.7777777777778,0.0799,0.0799
1072_IEO_SAD_LO.mp4,N:S,41.5555555555556,0.0,0.0
1067_IEO_SAD_LO.mp4,N,54.3,0.0771,0.0771
1027_TIE_DIS_XX.mp4,N,58.8,0.0794,0.0794
1036_WSI_SAD_XX.mp4,S,71.1,-0.5133,0.1711
1032_TIE_DIS_XX.mp4,A,39.9,-0.4896,0.5596
1023_WSI_SAD_XX.mp4,N,53.2,0.0766,0.0766
1054_IEO_HAP_LO.mp4,N,53.1,0.0766,0.0766
1041_IEO_HAP_LO.mp4,N,70.4444444444444,0.0852,0.0852
1075_IEO_FEA_LO.mp4,N,44.7777777777778,0.0724,0.0724
1043_DFA_ANG_XX.mp4,N,40.0,0.07,0.07
1056_DFA_ANG_XX.mp4,A,42.75,-0.4996,0.571
1060_IEO_FEA_LO.mp4,N,58.9,0.0795,0.0795
1001_DFA_NEU_XX.mp4,N,58.3333333333333,0.0792,0.0792
1014_DFA_NEU_XX.mp4,N,49.6,0.0748,0.0748
1080_IEO_FEA_LO.mp4,F,61.8,-0.4854,0.5663
1042_WSI_DIS_XX.mp4,A:D,39.2222222222222,0.0,0.0
1053_TIE_SAD_XX.mp4,S,53.8888888888889,-0.4617,0.1539
1057_WSI_DIS_XX.mp4,N,48.2,0.0741,0.0741
1046_TIE_SAD_XX.mp4,N,49.6666666666667,0.0748,0.0748
1054_TIE_FEA_XX.mp4,N,46.1111111111111,0.0731,0.0731
1041_TIE_FEA_XX.mp4,N,56.625,0.0783,0.0783
1075_TIE_HAP_XX.mp4,N,48.0,0.074,0.074
1060_TIE_HAP_XX.mp4,H,44.1111111111111,0.5764,0.4323
1087_IEO_SAD_LO.mp4,N,68.7777777777778,0.0844,0.0844
1006_IEO_DIS_LO.mp4,N,60.9,0.0805,0.0805
1013_IEO_DIS_LO.mp4,N,64.0,0.082,0.082
1020_ITH_ANG_XX.mp4,N,52.3333333333333,0.0762,0.0762
1035_ITH_ANG_XX.mp4,D:N,46.2,0.0,0.0
1062_ITH_NEU_XX.mp4,N,48.3333333333333,0.0742,0.0742
1068_IWW_FEA_XX.mp4,F,50.3,-0.4509,0.5261
1077_ITH_NEU_XX.mp4,N,51.1,0.0756,0.0756
1049_IWW_HAP_XX.mp4,H,59.4444444444444,0.6378,0.4783
1053_IEO_NEU_XX.mp4,N,65.625,0.0828,0.0828
1046_IEO_NEU_XX.mp4,N,61.5,0.0808,0.0808
1040_ITH_SAD_XX.mp4,N,48.4,0.0742,0.0742
1055_ITH_SAD_XX.mp4,N,70.875,0.0854,0.0854
1033_TIE_ANG_XX.mp4,A,77.2,-0.6202,0.7088
1026_TIE_ANG_XX.mp4,A,56.6666666666667,-0.5483,0.6267
1071_TIE_NEU_XX.mp4,N,58.6,0.0793,0.0793
1064_TIE_NEU_XX.mp4,N,59.0,0.0795,0.0795
1057_DFA_DIS_XX.mp4,N,66.3,0.0832,0.0832
1066_ITH_HAP_XX.mp4,H:N,51.375,0.0,0.0
1073_ITH_HAP_XX.mp4,N,66.5555555555556,0.0833,0.0833
1042_DFA_DIS_XX.mp4,D,57.1111111111111,-0.5499,0.3142
1047_ITH_FEA_XX.mp4,N,41.4444444444444,0.0707,0.0707
1052_ITH_FEA_XX.mp4,F:N,67.9,0.0,0.0
1058_IWW_NEU_XX.mp4,N,62.4444444444444,0.0812,0.0812
1083_IEO_HAP_HI.mp4,A,70.7,-0.5975,0.6828
1087_TSI_SAD_XX.mp4,N,48.75,0.0744,0.0744
1037_TAI_DIS_XX.mp4,N,44.4,0.0722,0.0722
1022_TAI_DIS_XX.mp4,D,63.9,-0.5736,0.3278
1087_IEO_HAP_MD.mp4,N,59.9,0.08,0.08
1006_TSI_DIS_XX.mp4,D:N,50.2,0.0,0.0
1013_TSI_DIS_XX.mp4,N,55.4444444444444,0.0777,0.0777
1078_IOM_FEA_XX.mp4,N,45.5,0.0728,0.0728
1080_TSI_FEA_XX.mp4,F,46.9,-0.4407,0.5141
1035_IEO_DIS_MD.mp4,A,59.0,-0.5565,0.636
1020_IEO_DIS_MD.mp4,D,52.1,-0.5323,0.3042
1061_IWL_DIS_XX.mp4,N,52.2222222222222,0.0761,0.0761
1059_IOM_HAP_XX.mp4,N,61.0,0.0805,0.0805
1074_IWL_DIS_XX.mp4,N,56.625,0.0783,0.0783
1024_IEO_DIS_HI.mp4,A,49.7,-0.524,0.5988
1031_IEO_DIS_HI.mp4,N,66.2,0.0831,0.0831
1038_MTI_ANG_XX.mp4,A,45.875,-0.5106,0.5835
1090_TAI_HAP_XX.mp4,N,61.5555555555556,0.0808,0.0808
1085_TAI_HAP_XX.mp4,F:N,48.7777777777778,0.0,0.0
1080_IWL_ANG_XX.mp4,A,77.4,-0.6209,0.7096
1058_MTI_SAD_XX.mp4,S,47.3333333333333,-0.442,0.1473
1048_IOM_NEU_XX.mp4,N,67.125,0.0836,0.0836
1081_TAI_NEU_XX.mp4,N,46.3,0.0732,0.0732
1039_IEO_FEA_HI.mp4,F,74.125,-0.5224,0.6094
1009_TSI_SAD_XX.mp4,N,74.6,0.0873,0.0873
1018_IEO_HAP_HI.mp4,D,55.0,-0.5425,0.31
1070_IOM_DIS_XX.mp4,N,45.0,0.0725,0.0725
1048_IWL_HAP_XX.mp4,N,58.75,0.0794,0.0794
1088_TSI_DIS_XX.mp4,N,44.7777777777778,0.0724,0.0724
1028_IEO_FEA_MD.mp4,N,45.4,0.0727,0.0727
1065_IOM_DIS_XX.mp4,N,71.8888888888889,0.0859,0.0859
1038_TAI_SAD_XX.mp4,N,43.9,0.072,0.072
1063_ITS_NEU_XX.mp4,N,61.4,0.0807,0.0807
1069_IWL_FEA_XX.mp4,F,69.4444444444444,-0.5083,0.5931
1009_IEO_HAP_MD.mp4,H,66.2727272727273,0.6651,0.4988
1021_ITS_ANG_XX.mp4,D,56.3333333333333,-0.5472,0.3127
1034_ITS_ANG_XX.mp4,N,65.0,0.0825,0.0825
1091_IOM_ANG_XX.mp4,A,59.2222222222222,-0.5573,0.6369
1069_TSI_ANG_XX.mp4,A,66.2,-0.5817,0.6648
1084_IOM_ANG_XX.mp4,N,59.3,0.0796,0.0796
1041_ITS_SAD_XX.mp4,F:S,55.0,0.0,0.0
1054_ITS_SAD_XX.mp4,F,45.8,-0.4374,0.5103
1058_TAI_ANG_XX.mp4,A,79.8888888888889,-0.6296,0.7196
1057_MTI_DIS_XX.mp4,N,60.1818181818182,0.0801,0.0801
1042_MTI_DIS_XX.mp4,N,61.2857142857143,0.0806,0.0806
1046_ITS_FEA_XX.mp4,N,56.8888888888889,0.0784,0.0784
1053_ITS_FEA_XX.mp4,F,66.0,-0.498,0.581
1059_IWL_NEU_XX.mp4,N,52.2222222222222,0.0761,0.0761
1067_ITS_HAP_XX.mp4,N,51.375,0.0757,0.0757
1072_ITS_HAP_XX.mp4,H,73.375,0.6935,0.5201
1009_IEO_SAD_LO.mp4,N,55.875,0.0779,0.0779
1088_IEO_DIS_LO.mp4,N,38.5,0.0693,0.0693
1060_IWW_DIS_XX.mp4,N,62.4,0.0812,0.0812
1075_IWW_DIS_XX.mp4,N,49.4444444444444,0.0747,0.0747
1038_DFA_ANG_XX.mp4,A,51.6666666666667,-0.5308,0.6067
1058_WSI_SAD_XX.mp4,N,53.5,0.0768,0.0768
1049_TIE_DIS_XX.mp4,N,47.7,0.0739,0.0739
1058_DFA_SAD_XX.mp4,S,58.0,-0.474,0.158
1038_WSI_ANG_XX.mp4,A:D,47.1,0.0,0.0
1081_IWW_ANG_XX.mp4,A,49.0,-0.5215,0.596
1069_IEO_ANG_LO.mp4,N,43.8,0.0719,0.0719
1011_TIE_HAP_XX.mp4,N,59.4444444444444,0.0797,0.0797
1004_TIE_HAP_XX.mp4,D,65.2857142857143,-0.5785,0.3306
1030_TIE_FEA_XX.mp4,F:N,52.6666666666667,0.0,0.0
1025_TIE_FEA_XX.mp4,S,40.625,-0.4219,0.1406
1044_ITH_ANG_XX.mp4,A,51.3333333333333,-0.5297,0.6053
1051_ITH_ANG_XX.mp4,D,46.1111111111111,-0.5114,0.2922
1062_IEO_DIS_LO.mp4,N,48.3,0.0742,0.0742
1077_IEO_DIS_LO.mp4,N,55.5,0.0778,0.0778
1038_IWW_HAP_XX.mp4,N,61.125,0.0806,0.0806
1006_ITH_NEU_XX.mp4,N,76.4,0.0882,0.0882
1081_WSI_HAP_XX.mp4,N,65.9,0.083,0.083
1013_ITH_NEU_XX.mp4,N,70.2727272727273,0.0851,0.0851
1019_IWW_FEA_XX.mp4,N,61.8,0.0809,0.0809
1026_WSI_DIS_XX.mp4,A,56.8,-0.5488,0.6272
1037_TIE_SAD_XX.mp4,N:S,60.1,0.0,0.0
1090_DFA_NEU_XX.mp4,N,59.5,0.0798,0.0798
1085_DFA_NEU_XX.mp4,N,55.7,0.0779,0.0779
1033_WSI_DIS_XX.mp4,D,54.1428571428571,-0.5395,0.3083
1022_TIE_SAD_XX.mp4,S,59.2,-0.4776,0.1592
1057_TIE_ANG_XX.mp4,A,80.2,-0.6307,0.7208
1042_TIE_ANG_XX.mp4,A,65.8181818181818,-0.5804,0.6633
1015_TIE_NEU_XX.mp4,N,58.0,0.079,0.079
1023_ITH_FEA_XX.mp4,F:N,59.3333333333333,0.0,0.0
1029_IWW_NEU_XX.mp4,N,55.1,0.0776,0.0776
1036_ITH_FEA_XX.mp4,F,63.8,-0.4914,0.5733
1085_WSI_NEU_XX.mp4,N,59.6363636363636,0.0798,0.0798
1002_ITH_HAP_XX.mp4,F,47.0,-0.441,0.5145
1033_DFA_DIS_XX.mp4,N,77.7777777777778,0.0889,0.0889
1026_DFA_DIS_XX.mp4,A,56.9,-0.5491,0.6276
1017_ITH_HAP_XX.mp4,N,73.2222222222222,0.0866,0.0866
1090_WSI_NEU_XX.mp4,A:N,60.25,0.0,0.0
1083_IEO_ANG_LO.mp4,A,48.375,-0.5193,0.5935
1081_DFA_HAP_XX.mp4,N,61.7777777777778,0.0809,0.0809
1037_IEO_NEU_XX.mp4,N,76.9,0.0885,0.0885
1022_IEO_NEU_XX.mp4,N,75.7777777777778,0.0879,0.0879
1024_ITH_SAD_XX.mp4,S,53.5,-0.4605,0.1535
1031_ITH_SAD_XX.mp4,N,54.2222222222222,0.0771,0.0771
1005_IWL_DIS_XX.mp4,N,65.1,0.0825,0.0825
1010_IWL_DIS_XX.mp4,N,72.5555555555556,0.0863,0.0863
1028_IOM_HAP_XX.mp4,H,40.4444444444444,0.5618,0.4213
1051_IEO_DIS_MD.mp4,N,58.6363636363636,0.0793,0.0793
1044_IEO_DIS_MD.mp4,A,73.0,-0.6055,0.692
1009_IOM_FEA_XX.mp4,F,49.9090909090909,-0.4497,0.5247
1049_MTI_ANG_XX.mp4,A:D,74.4285714285714,0.0,0.0
1040_IEO_DIS_HI.mp4,N,45.8571428571429,0.0729,0.0729
1084_IWL_SAD_XX.mp4,S,58.8,-0.4764,0.1588
1091_IWL_SAD_XX.mp4,N,52.3333333333333,0.0762,0.0762
1055_IEO_DIS_HI.mp4,D,63.8888888888889,-0.5736,0.3278
1053_TAI_DIS_XX.mp4,A,69.2,-0.5922,0.6768
1046_TAI_DIS_XX.mp4,N,52.6,0.0763,0.0763
1062_TSI_DIS_XX.mp4,N,39.4,0.0697,0.0697
1077_TSI_DIS_XX.mp4,N,67.7,0.0839,0.0839
1083_IWL_FEA_XX.mp4,N,68.8888888888889,0.0844,0.0844
1089_ITS_NEU_XX.mp4,N,57.6,0.0788,0.0788
1039_IOM_NEU_XX.mp4,N,67.8,0.0839,0.0839
1083_TSI_ANG_XX.mp4,N,51.3333333333333,0.0757,0.0757
1029_MTI_SAD_XX.mp4,F:S,60.2857142857143,0.0,0.0
1069_IEO_HAP_HI.mp4,H,61.6,0.6464,0.4848
1078_TSI_SAD_XX.mp4,N,56.4,0.0782,0.0782
1080_IOM_SAD_XX.mp4,N,59.4285714285714,0.0797,0.0797
1048_IEO_FEA_HI.mp4,F,68.5555555555556,-0.5057,0.5899
1078_IEO_HAP_MD.mp4,H,60.5714285714286,0.6423,0.4817
1007_ITS_NEU_XX.mp4,N,60.3,0.0801,0.0801
1049_TAI_SAD_XX.mp4,N,52.1,0.0761,0.0761
1012_ITS_NEU_XX.mp4,N,53.5555555555556,0.0768,0.0768
1018_IWL_FEA_XX.mp4,N,67.6666666666667,0.0838,0.0838
1014_IOM_DIS_XX.mp4,N,66.625,0.0833,0.0833
1059_IEO_FEA_MD.mp4,F,72.4444444444444,-0.5173,0.6036
1001_IOM_DIS_XX.mp4,N,55.2,0.0776,0.0776
1039_IWL_HAP_XX.mp4,A,55.25,-0.5434,0.621
1045_ITS_ANG_XX.mp4,N,64.8,0.0824,0.0824
1050_ITS_ANG_XX.mp4,A,81.5,-0.6352,0.726
1087_IOM_FEA_XX.mp4,N,50.4,0.0752,0.0752
1090_MTI_NEU_XX.mp4,N,50.7272727272727,0.0754,0.0754
1085_MTI_NEU_XX.mp4,S,51.9,-0.4557,0.1519
1033_MTI_DIS_XX.mp4,N,57.4444444444444,0.0787,0.0787
1026_MTI_DIS_XX.mp4,N,49.3333333333333,0.0747,0.0747
1003_ITS_HAP_XX.mp4,H,56.7,0.6268,0.4701
1016_ITS_HAP_XX.mp4,H,46.0,0.584,0.438
1022_ITS_FEA_XX.mp4,N,69.2,0.0846,0.0846
1028_IWL_NEU_XX.mp4,N,53.9,0.077,0.077
1037_ITS_FEA_XX.mp4,F,66.2222222222222,-0.4987,0.5818
1018_TSI_ANG_XX.mp4,A,61.7777777777778,-0.5662,0.6471
1025_ITS_SAD_XX.mp4,N,48.6,0.0743,0.0743
1030_ITS_SAD_XX.mp4,N,51.3,0.0756,0.0756
1029_TAI_ANG_XX.mp4,A,80.5,-0.6318,0.722
1081_MTI_HAP_XX.mp4,N,45.0,0.0725,0.0725
1004_IWW_DIS_XX.mp4,F,60.625,-0.4819,0.5622
1011_IWW_DIS_XX.mp4,D,50.9,-0.5281,0.3018
1049_DFA_ANG_XX.mp4,A,52.9,-0.5351,0.6116
1085_IWW_SAD_XX.mp4,N,47.5555555555556,0.0738,0.0738
1090_IWW_SAD_XX.mp4,N,52.7,0.0764,0.0764
1029_WSI_SAD_XX.mp4,S,64.1111111111111,-0.4923,0.1641
1038_TIE_DIS_XX.mp4,D,53.3333333333333,-0.5367,0.3067
1078_IEO_SAD_LO.mp4,N,50.0,0.075,0.075
1082_IWW_FEA_XX.mp4,F,53.75,-0.4612,0.5381
1088_ITH_NEU_XX.mp4,N,66.5555555555556,0.0833,0.0833
1018_IEO_ANG_LO.mp4,D,55.9,-0.5456,0.3118
1029_DFA_SAD_XX.mp4,N,55.0,0.0775,0.0775
1049_WSI_ANG_XX.mp4,A,69.4444444444444,-0.5931,0.6778
1010_IEO_ANG_LO.mp4,N,59.7,0.0799,0.0799
1026_DFA_FEA_XX.mp4,H,65.5714285714286,0.6623,0.4967
1033_DFA_FEA_XX.mp4,N,67.1428571428571,0.0836,0.0836
1005_IEO_ANG_LO.mp4,N,49.4,0.0747,0.0747
1036_ITH_DIS_XX.mp4,A,50.25,-0.5259,0.601
1007_DFA_HAP_XX.mp4,H,64.3,0.6572,0.4929
1012_DFA_HAP_XX.mp4,A,52.375,-0.5333,0.6095
1023_ITH_DIS_XX.mp4,F:N,68.5555555555556,0.0,0.0
1021_DFA_SAD_XX.mp4,N,55.5,0.0778,0.0778
1086_TIE_NEU_XX.mp4,N,60.5555555555556,0.0803,0.0803
1034_DFA_SAD_XX.mp4,N,50.3333333333333,0.0752,0.0752
1054_WSI_ANG_XX.mp4,A,68.6,-0.5901,0.6744
1041_WSI_ANG_XX.mp4,A,75.8888888888889,-0.6156,0.7036
1091_ITH_HAP_XX.mp4,N,70.25,0.0851,0.0851
1016_WSI_NEU_XX.mp4,N,64.3,0.0822,0.0822
1003_WSI_NEU_XX.mp4,N,47.7,0.0739,0.0739
1084_ITH_HAP_XX.mp4,N,54.6,0.0773,0.0773
1019_IWW_DIS_XX.mp4,N,49.1,0.0746,0.0746
1003_DFA_NEU_XX.mp4,N,65.2222222222222,0.0826,0.0826
1016_DFA_NEU_XX.mp4,N,62.0,0.081,0.081
1077_IEO_FEA_LO.mp4,N,55.3333333333333,0.0777,0.0777
1041_DFA_ANG_XX.mp4,A,64.6666666666667,-0.5763,0.6587
1054_DFA_ANG_XX.mp4,A,48.1111111111111,-0.5184,0.5924
1062_IEO_FEA_LO.mp4,N,71.6,0.0858,0.0858
1056_IEO_HAP_LO.mp4,N,62.2,0.0811,0.0811
1043_IEO_HAP_LO.mp4,H:N,65.2,0.0,0.0
1034_WSI_SAD_XX.mp4,N,62.5,0.0813,0.0813
1025_TIE_DIS_XX.mp4,D,47.7777777777778,-0.5172,0.2956
1021_WSI_SAD_XX.mp4,N,60.3333333333333,0.0802,0.0802
1030_TIE_DIS_XX.mp4,A:D,50.875,0.0,0.0
1070_IEO_SAD_LO.mp4,N,40.3333333333333,0.0702,0.0702
1065_IEO_SAD_LO.mp4,N,54.1111111111111,0.0771,0.0771
1082_TIE_HAP_XX.mp4,A:N,45.6,0.0,0.0
1033_WSI_FEA_XX.mp4,F,50.3333333333333,-0.451,0.5262
1026_WSI_FEA_XX.mp4,N,42.0,0.071,0.071
1012_WSI_HAP_XX.mp4,N,45.4444444444444,0.0727,0.0727
1080_ITH_NEU_XX.mp4,N,64.4,0.0822,0.0822
1007_WSI_HAP_XX.mp4,N,62.2,0.0811,0.0811
1032_IEO_ANG_HI.mp4,A,68.3,-0.589,0.6732
1027_IEO_ANG_HI.mp4,A,92.8,-0.6748,0.7712
1023_IEO_ANG_MD.mp4,A,74.75,-0.6116,0.699
1036_IEO_ANG_MD.mp4,A,66.9,-0.5841,0.6676
1077_IWL_ANG_XX.mp4,A,61.0,-0.5635,0.644
1062_IWL_ANG_XX.mp4,A,60.25,-0.5609,0.641
1035_IWL_NEU_XX.mp4,N,75.6666666666667,0.0878,0.0878
1020_IWL_NEU_XX.mp4,N,59.5,0.0798,0.0798
1010_TSI_ANG_XX.mp4,A,70.5,-0.5968,0.682
1005_TSI_ANG_XX.mp4,A:F,59.4444444444444,0.0,0.0
1052_TSI_NEU_XX.mp4,N,53.1,0.0766,0.0766
1047_TSI_NEU_XX.mp4,N,71.6,0.0858,0.0858
1063_TAI_NEU_XX.mp4,N,60.9,0.0805,0.0805
1038_ITS_SAD_XX.mp4,F,29.6666666666667,-0.389,0.4538
1076_TAI_NEU_XX.mp4,N,56.2857142857143,0.0781,0.0781
1021_TAI_ANG_XX.mp4,A:D,66.2,0.0,0.0
1089_MTI_HAP_XX.mp4,H,64.4,0.6576,0.4932
1034_TAI_ANG_XX.mp4,D,47.1111111111111,-0.5149,0.2942
1055_IEO_FEA_HI.mp4,F,55.0,-0.465,0.5425
1040_IEO_FEA_HI.mp4,F,76.8888888888889,-0.5307,0.6191
1070_TSI_SAD_XX.mp4,N,54.2727272727273,0.0771,0.0771
1074_IEO_HAP_HI.mp4,H,73.5555555555556,0.6942,0.5207
1088_IOM_SAD_XX.mp4,N,65.5,0.0828,0.0828
1061_IEO_HAP_HI.mp4,H,36.75,0.547,0.4102
1065_TSI_SAD_XX.mp4,N,58.7777777777778,0.0794,0.0794
1044_IEO_FEA_MD.mp4,N,72.4,0.0862,0.0862
1009_IOM_DIS_XX.mp4,N,58.125,0.0791,0.0791
1031_IWL_HAP_XX.mp4,N,65.0,0.0825,0.0825
1024_IWL_HAP_XX.mp4,N,66.3,0.0832,0.0832
1051_IEO_FEA_MD.mp4,N,47.1,0.0736,0.0736
1041_TAI_SAD_XX.mp4,N,43.5,0.0718,0.0718
1010_IWL_FEA_XX.mp4,N,45.0,0.0725,0.0725
1065_IEO_HAP_MD.mp4,H,64.3333333333333,0.6573,0.493
1070_IEO_HAP_MD.mp4,H,48.3333333333333,0.5933,0.445
1005_IWL_FEA_XX.mp4,N,57.4444444444444,0.0787,0.0787
1054_TAI_SAD_XX.mp4,F:S,60.4,0.0,0.0
1058_ITS_ANG_XX.mp4,D,66.1,-0.5813,0.3322
1052_IEO_SAD_HI.mp4,N,49.7777777777778,0.0749,0.0749
1056_TSI_HAP_XX.mp4,D,38.75,-0.4856,0.2775
1043_TSI_HAP_XX.mp4,H,54.0,0.616,0.462
1047_IEO_SAD_HI.mp4,N,47.7777777777778,0.0739,0.0739
1083_IWL_DIS_XX.mp4,N,53.2222222222222,0.0766,0.0766
1077_TSI_FEA_XX.mp4,N,52.8,0.0764,0.0764
1062_TSI_FEA_XX.mp4,N,61.75,0.0809,0.0809
1043_IEO_SAD_MD.mp4,N,62.1,0.0811,0.0811
1067_TAI_HAP_XX.mp4,N,64.5,0.0823,0.0823
1072_TAI_HAP_XX.mp4,H,60.2727272727273,0.6411,0.4808
1056_IEO_SAD_MD.mp4,N,55.5,0.0778,0.0778
1017_IWL_SAD_XX.mp4,N,54.7,0.0774,0.0774
1046_TAI_FEA_XX.mp4,N,51.3333333333333,0.0757,0.0757
1053_TAI_FEA_XX.mp4,F,73.875,-0.5216,0.6086
1002_IWL_SAD_XX.mp4,N,63.75,0.0819,0.0819
1037_ITS_DIS_XX.mp4,N,51.4444444444444,0.0757,0.0757
1022_ITS_DIS_XX.mp4,N,62.9,0.0815,0.0815
1024_IOM_NEU_XX.mp4,N,61.0,0.0805,0.0805
1031_IOM_NEU_XX.mp4,N,65.1,0.0825,0.0825
1066_IOM_ANG_XX.mp4,A,48.625,-0.5202,0.5945
1073_IOM_ANG_XX.mp4,A,39.7777777777778,-0.4892,0.5591
1007_MTI_HAP_XX.mp4,N,47.8888888888889,0.0739,0.0739
1012_MTI_HAP_XX.mp4,N,52.0,0.076,0.076
1026_MTI_FEA_XX.mp4,S,45.3333333333333,-0.436,0.1453
1033_MTI_FEA_XX.mp4,F,51.5555555555556,-0.4547,0.5304
1090_ITS_HAP_XX.mp4,N,72.3333333333333,0.0862,0.0862
1085_ITS_HAP_XX.mp4,H,69.6666666666667,0.6787,0.509
1021_MTI_SAD_XX.mp4,S,50.4444444444444,-0.4513,0.1504
1034_MTI_SAD_XX.mp4,N,57.1,0.0786,0.0786
1001_IOM_FEA_XX.mp4,A,67.7272727272727,-0.587,0.6709
1014_IOM_FEA_XX.mp4,F,39.3333333333333,-0.418,0.4877
1059_IEO_DIS_MD.mp4,N,57.8,0.0789,0.0789
1018_IWL_DIS_XX.mp4,N,44.375,0.0722,0.0722
1020_IOM_HAP_XX.mp4,H:N,47.5,0.0,0.0
1035_IOM_HAP_XX.mp4,F,47.7777777777778,-0.4433,0.5172
1048_IEO_DIS_HI.mp4,N,56.4444444444444,0.0782,0.0782
1041_MTI_ANG_XX.mp4,A,79.5714285714286,-0.6285,0.7183
1054_MTI_ANG_XX.mp4,A,58.8888888888889,-0.5561,0.6356
1003_MTI_NEU_XX.mp4,N,55.3,0.0776,0.0776
1016_MTI_NEU_XX.mp4,N,72.8571428571429,0.0864,0.0864
1006_IOM_SAD_XX.mp4,N,67.625,0.0838,0.0838
1013_IOM_SAD_XX.mp4,N,50.0,0.075,0.075
1081_ITS_NEU_XX.mp4,N,73.1111111111111,0.0866,0.0866
1087_IOM_DIS_XX.mp4,D:N,31.0,0.0,0.0
1008_TIE_NEU_XX.mp4,N,45.8,0.0729,0.0729
1034_IWW_NEU_XX.mp4,N,66.25,0.0831,0.0831
1021_IWW_NEU_XX.mp4,N,61.2222222222222,0.0806,0.0806
1076_IWW_ANG_XX.mp4,A,74.6,-0.6111,0.6984
1063_IWW_ANG_XX.mp4,A,53.1,-0.5359,0.6124
1089_DFA_HAP_XX.mp4,H,65.6666666666667,0.6627,0.497
1039_ITH_SAD_XX.mp4,N,61.8888888888889,0.0809,0.0809
1038_TIE_FEA_XX.mp4,N,42.875,0.0714,0.0714
1019_TIE_HAP_XX.mp4,N,56.0,0.078,0.078
1059_ITH_ANG_XX.mp4,A,86.4,-0.6524,0.7456
1011_IWW_FEA_XX.mp4,F:N,53.1111111111111,0.0,0.0
1004_IWW_FEA_XX.mp4,F,38.9,-0.4167,0.4861
1089_WSI_HAP_XX.mp4,N,51.7,0.0759,0.0759
1030_IWW_HAP_XX.mp4,D,51.5,-0.5302,0.303
1025_IWW_HAP_XX.mp4,N,62.5,0.0813,0.0813
1082_IWW_DIS_XX.mp4,N,46.5,0.0733,0.0733
1016_IWW_SAD_XX.mp4,N,58.2,0.0791,0.0791
1003_IWW_SAD_XX.mp4,F,45.1,-0.4353,0.5079
1045_DFA_SAD_XX.mp4,N,61.2222222222222,0.0806,0.0806
1050_DFA_SAD_XX.mp4,N,52.2,0.0761,0.0761
1089_IWW_ANG_XX.mp4,A,50.125,-0.5254,0.6005
1030_WSI_ANG_XX.mp4,A,63.6666666666667,-0.5728,0.6547
1025_WSI_ANG_XX.mp4,A,54.6,-0.5411,0.6184
1072_WSI_NEU_XX.mp4,N,57.1111111111111,0.0786,0.0786
1067_WSI_NEU_XX.mp4,N,71.5,0.0857,0.0857
1063_DFA_HAP_XX.mp4,H,71.4,0.6856,0.5142
1052_ITH_DIS_XX.mp4,F:S,53.2222222222222,0.0,0.0
1047_ITH_DIS_XX.mp4,A,56.6,-0.5481,0.6264
1076_DFA_HAP_XX.mp4,N,69.0,0.0845,0.0845
1042_DFA_FEA_XX.mp4,N,47.125,0.0736,0.0736
1074_IEO_ANG_LO.mp4,N,68.8888888888889,0.0844,0.0844
1061_IEO_ANG_LO.mp4,A,60.5714285714286,-0.562,0.6423
1057_DFA_FEA_XX.mp4,N,55.5,0.0778,0.0778
1014_IEO_SAD_LO.mp4,N,53.1111111111111,0.0766,0.0766
1001_IEO_SAD_LO.mp4,N,63.9,0.082,0.082
1076_WSI_HAP_XX.mp4,H,65.5,0.662,0.4965
1063_WSI_HAP_XX.mp4,H:N,59.8888888888889,0.0,0.0
1057_WSI_FEA_XX.mp4,N,56.8,0.0784,0.0784
1042_WSI_FEA_XX.mp4,A,53.7,-0.5379,0.6148
1080_IEO_DIS_LO.mp4,F:N,51.1,0.0,0.0
1067_DFA_NEU_XX.mp4,N,66.1,0.0831,0.0831
1072_DFA_NEU_XX.mp4,N,51.5,0.0758,0.0758
1068_IWW_DIS_XX.mp4,D,58.2222222222222,-0.5538,0.3164
1032_IEO_HAP_LO.mp4,N,63.5555555555556,0.0818,0.0818
1027_IEO_HAP_LO.mp4,N,69.1111111111111,0.0846,0.0846
1025_DFA_ANG_XX.mp4,A:N,47.8181818181818,0.0,0.0
1013_IEO_FEA_LO.mp4,N,43.0,0.0715,0.0715
1006_IEO_FEA_LO.mp4,N,48.9,0.0745,0.0745
1030_DFA_ANG_XX.mp4,D,67.8888888888889,-0.5876,0.3358
1050_WSI_SAD_XX.mp4,N,48.8,0.0744,0.0744
1041_TIE_DIS_XX.mp4,N,61.0,0.0805,0.0805
1045_WSI_SAD_XX.mp4,N,54.6,0.0773,0.0773
1054_TIE_DIS_XX.mp4,D,60.2,-0.5607,0.3204
1074_TSI_ANG_XX.mp4,A,77.8,-0.6223,0.7112
1061_TSI_ANG_XX.mp4,A,56.8888888888889,-0.5491,0.6276
1036_TSI_NEU_XX.mp4,N,71.8888888888889,0.0859,0.0859
1023_TSI_NEU_XX.mp4,N,66.4,0.0832,0.0832
1007_TAI_NEU_XX.mp4,N,74.0909090909091,0.087,0.087
1012_TAI_NEU_XX.mp4,N,49.1,0.0746,0.0746
1049_ITS_SAD_XX.mp4,F,56.1,-0.4683,0.5463
1045_TAI_ANG_XX.mp4,N,65.1111111111111,0.0826,0.0826
1050_TAI_ANG_XX.mp4,A,79.0,-0.6265,0.716
1056_IEO_ANG_HI.mp4,A,79.4444444444444,-0.6281,0.7178
1043_IEO_ANG_HI.mp4,A,69.6666666666667,-0.5938,0.6787
1013_IWL_ANG_XX.mp4,A,80.2727272727273,-0.631,0.7211
1006_IWL_ANG_XX.mp4,A,77.3,-0.6206,0.7092
1047_IEO_ANG_MD.mp4,A,39.9,-0.4896,0.5596
1052_IEO_ANG_MD.mp4,A,59.75,-0.5591,0.639
1051_IWL_NEU_XX.mp4,N,80.9,0.0905,0.0905
1044_IWL_NEU_XX.mp4,N,61.2222222222222,0.0806,0.0806
1013_TSI_FEA_XX.mp4,F,68.7777777777778,-0.5063,0.5907
1006_TSI_FEA_XX.mp4,N,29.8888888888889,0.0649,0.0649
1036_IEO_SAD_HI.mp4,N,48.4444444444444,0.0742,0.0742
1032_TSI_HAP_XX.mp4,N,56.3333333333333,0.0782,0.0782
1027_TSI_HAP_XX.mp4,F,62.125,-0.4864,0.5674
1023_IEO_SAD_HI.mp4,N,49.6,0.0748,0.0748
1022_TAI_FEA_XX.mp4,N,67.5555555555556,0.0838,0.0838
1073_IWL_SAD_XX.mp4,N,61.0,0.0805,0.0805
1066_IWL_SAD_XX.mp4,N,59.6666666666667,0.0798,0.0798
1037_TAI_FEA_XX.mp4,F,51.6666666666667,-0.455,0.5308
1027_IEO_SAD_MD.mp4,N,70.9090909090909,0.0855,0.0855
1003_TAI_HAP_XX.mp4,F,64.8888888888889,-0.4947,0.5771
1016_TAI_HAP_XX.mp4,H,42.6666666666667,0.5707,0.428
1032_IEO_SAD_MD.mp4,N,71.75,0.0859,0.0859
1014_TSI_SAD_XX.mp4,N,64.6666666666667,0.0823,0.0823
1010_IEO_HAP_HI.mp4,F,47.2222222222222,-0.4417,0.5153
1005_IEO_HAP_HI.mp4,H,61.5555555555556,0.6462,0.4847
1001_TSI_SAD_XX.mp4,N,67.375,0.0837,0.0837
1031_IEO_FEA_HI.mp4,F,72.5555555555556,-0.5177,0.6039
1024_IEO_FEA_HI.mp4,D:F,56.4545454545455,0.0,0.0
1074_IWL_FEA_XX.mp4,N,61.7777777777778,0.0809,0.0809
1025_TAI_SAD_XX.mp4,S,59.0,-0.477,0.159
1001_IEO_HAP_MD.mp4,N,63.6363636363636,0.0818,0.0818
1014_IEO_HAP_MD.mp4,N,62.1111111111111,0.0811,0.0811
1030_TAI_SAD_XX.mp4,N,55.6666666666667,0.0778,0.0778
1061_IWL_FEA_XX.mp4,N,66.7,0.0834,0.0834
1020_IEO_FEA_MD.mp4,F:N,73.6,0.0,0.0
1055_IWL_HAP_XX.mp4,N,60.625,0.0803,0.0803
1078_IOM_DIS_XX.mp4,F,72.375,-0.5171,0.6033
1040_IWL_HAP_XX.mp4,N,73.2857142857143,0.0866,0.0866
1035_IEO_FEA_MD.mp4,N,62.0,0.081,0.081
1080_TSI_DIS_XX.mp4,D:F,49.2,0.0,0.0
1029_ITS_ANG_XX.mp4,D,55.5,-0.5443,0.311
1045_MTI_SAD_XX.mp4,S,35.5,-0.4065,0.1355
1050_MTI_SAD_XX.mp4,N,47.7,0.0739,0.0739
1088_IWL_ANG_XX.mp4,A,55.3,-0.5435,0.6212
1040_IOM_NEU_XX.mp4,N,76.0,0.088,0.088
1055_IOM_NEU_XX.mp4,N,75.7777777777778,0.0879,0.0879
1053_ITS_DIS_XX.mp4,D:N,60.1111111111111,0.0,0.0
1046_ITS_DIS_XX.mp4,N,59.6,0.0798,0.0798
1002_IOM_ANG_XX.mp4,A,81.7,-0.636,0.7268
1017_IOM_ANG_XX.mp4,N,45.8571428571429,0.0729,0.0729
1042_MTI_FEA_XX.mp4,N,42.125,0.0711,0.0711
1057_MTI_FEA_XX.mp4,S,41.8,-0.4254,0.1418
1063_MTI_HAP_XX.mp4,H:N:S,67.2,0.0,0.0
1076_MTI_HAP_XX.mp4,N,43.125,0.0716,0.0716
1089_TAI_NEU_XX.mp4,N,70.1,0.0851,0.0851
1062_IOM_SAD_XX.mp4,N,64.7,0.0824,0.0824
1077_IOM_SAD_XX.mp4,N,62.5,0.0813,0.0813
1044_IOM_HAP_XX.mp4,H,56.4444444444444,0.6258,0.4693
1069_IWL_DIS_XX.mp4,D,54.1111111111111,-0.5394,0.3082
1051_IOM_HAP_XX.mp4,N,60.5,0.0803,0.0803
1028_IEO_DIS_MD.mp4,D,43.2222222222222,-0.5013,0.2864
1065_IOM_FEA_XX.mp4,N,74.3,0.0872,0.0872
1070_IOM_FEA_XX.mp4,N,72.6,0.0863,0.0863
1088_TSI_FEA_XX.mp4,N,66.1111111111111,0.0831,0.0831
1025_MTI_ANG_XX.mp4,A,38.4545454545455,-0.4846,0.5538
1030_MTI_ANG_XX.mp4,D,54.2222222222222,-0.5398,0.3084
1039_IEO_DIS_HI.mp4,A,54.1,-0.5393,0.6164
1067_MTI_NEU_XX.mp4,N,59.8888888888889,0.0799,0.0799
1072_MTI_NEU_XX.mp4,N,73.3,0.0867,0.0867
1048_ITH_SAD_XX.mp4,N,59.5555555555556,0.0798,0.0798
1079_TIE_NEU_XX.mp4,N,66.625,0.0833,0.0833
1050_IWW_NEU_XX.mp4,N,47.3,0.0736,0.0736
1045_IWW_NEU_XX.mp4,N,59.6,0.0798,0.0798
1012_IWW_ANG_XX.mp4,A,46.6,-0.5131,0.5864
1007_IWW_ANG_XX.mp4,D,63.3636363636364,-0.5718,0.3267
1088_IEO_FEA_LO.mp4,N,53.4,0.0767,0.0767
1072_IWW_SAD_XX.mp4,N,37.875,0.0689,0.0689
1067_IWW_SAD_XX.mp4,D:N,58.125,0.0,0.0
1068_TIE_HAP_XX.mp4,A,62.375,-0.5683,0.6495
1049_TIE_FEA_XX.mp4,N,52.6666666666667,0.0763,0.0763
1028_ITH_ANG_XX.mp4,A,64.4545454545455,-0.5756,0.6578
1054_IWW_HAP_XX.mp4,H,61.0,0.644,0.483
1041_IWW_HAP_XX.mp4,N,57.8888888888889,0.0789,0.0789
1075_IWW_FEA_XX.mp4,F,42.6666666666667,-0.428,0.4993
1060_IWW_FEA_XX.mp4,F:N,43.6666666666667,0.0,0.0
1079_DFA_HAP_XX.mp4,H,68.5,0.674,0.5055
1048_ITH_DIS_XX.mp4,N,55.9,0.078,0.078
1058_DFA_FEA_XX.mp4,N,64.5555555555556,0.0823,0.0823
1086_IWW_ANG_XX.mp4,D,46.4444444444444,-0.5126,0.2929
1068_WSI_NEU_XX.mp4,N,47.2222222222222,0.0736,0.0736
1068_DFA_NEU_XX.mp4,N,51.6,0.0758,0.0758
1072_IWW_DIS_XX.mp4,F:N,45.1,0.0,0.0
1067_IWW_DIS_XX.mp4,F,49.7777777777778,-0.4493,0.5242
1028_IEO_HAP_LO.mp4,H,63.4285714285714,0.6537,0.4903
1009_IEO_FEA_LO.mp4,N,64.7142857142857,0.0824,0.0824
1079_WSI_HAP_XX.mp4,D:H,52.2222222222222,0.0,0.0
1058_WSI_FEA_XX.mp4,A:F,70.6666666666667,0.0,0.0
1009_IWL_ANG_XX.mp4,A,71.125,-0.5989,0.6845
1048_IEO_ANG_MD.mp4,A,54.4,-0.5404,0.6176
1075_ITS_HAP_XX.mp4,H,67.0,0.668,0.501
1060_ITS_HAP_XX.mp4,N,63.3,0.0817,0.0817
1054_ITS_FEA_XX.mp4,N,58.4444444444444,0.0792,0.0792
1041_ITS_FEA_XX.mp4,F:N,56.0,0.0,0.0
1045_MTI_DIS_XX.mp4,N,55.9090909090909,0.078,0.078
1050_MTI_DIS_XX.mp4,D,69.4444444444444,-0.5931,0.3389
1059_IEO_ANG_HI.mp4,A,80.0,-0.63,0.72
1053_ITS_SAD_XX.mp4,F:N,44.6666666666667,0.0,0.0
1008_TAI_NEU_XX.mp4,N,68.1,0.0841,0.0841
1046_ITS_SAD_XX.mp4,N,64.0,0.082,0.082
1083_IOM_ANG_XX.mp4,A,58.625,-0.5552,0.6345
1039_TSI_NEU_XX.mp4,N,86.6666666666667,0.0933,0.0933
1071_ITS_NEU_XX.mp4,N,59.8,0.0799,0.0799
1064_ITS_NEU_XX.mp4,N,64.1111111111111,0.0821,0.0821
1062_IOM_DIS_XX.mp4,S,70.875,-0.5126,0.1709
1077_IOM_DIS_XX.mp4,N,54.6666666666667,0.0773,0.0773
1033_ITS_ANG_XX.mp4,A,67.8571428571429,-0.5875,0.6714
1026_ITS_ANG_XX.mp4,D,60.6,-0.5621,0.3212
1038_TAI_FEA_XX.mp4,F,59.1,-0.4773,0.5568
1069_IWL_SAD_XX.mp4,S,48.0,-0.444,0.148
1028_IEO_SAD_MD.mp4,N,38.6,0.0693,0.0693
1019_TAI_HAP_XX.mp4,N,63.9,0.082,0.082
1009_TSI_FEA_XX.mp4,F,73.125,-0.5194,0.6059
1039_IEO_SAD_HI.mp4,N,63.1,0.0816,0.0816
1028_TSI_HAP_XX.mp4,F,56.8,-0.4704,0.5488
1058_MTI_FEA_XX.mp4,F,55.75,-0.4672,0.5451
1079_MTI_HAP_XX.mp4,H,77.6,0.7104,0.5328
1086_TAI_NEU_XX.mp4,N,71.4,0.0857,0.0857
1049_ITS_DIS_XX.mp4,S,67.6666666666667,-0.503,0.1677
1018_IOM_ANG_XX.mp4,A,68.1111111111111,-0.5884,0.6724
1087_IWL_ANG_XX.mp4,N,56.7272727272727,0.0784,0.0784
1082_TAI_HAP_XX.mp4,N,66.3333333333333,0.0832,0.0832
1036_IEO_DIS_HI.mp4,A,72.125,-0.6024,0.6885
1023_IEO_DIS_HI.mp4,F,54.75,-0.4642,0.5416
1068_MTI_NEU_XX.mp4,N,49.4,0.0747,0.0747
1073_IWL_DIS_XX.mp4,N,58.0,0.079,0.079
1066_IWL_DIS_XX.mp4,N:S,47.3333333333333,0.0,0.0
1027_IEO_DIS_MD.mp4,D,56.0,-0.546,0.312
1032_IEO_DIS_MD.mp4,N,51.3333333333333,0.0757,0.0757
1087_TSI_FEA_XX.mp4,F,45.4,-0.4362,0.5089
1014_TSI_DIS_XX.mp4,F:N,23.2857142857143,0.0,0.0
1001_TSI_DIS_XX.mp4,N,59.1111111111111,0.0796,0.0796
1080_IEO_HAP_MD.mp4,N,64.2,0.0821,0.0821
1025_TAI_DIS_XX.mp4,F,62.1,-0.4863,0.5673
1030_TAI_DIS_XX.mp4,N,61.7,0.0809,0.0809
1091_IEO_HAP_HI.mp4,N,50.1,0.0751,0.0751
1080_TSI_SAD_XX.mp4,N,64.4285714285714,0.0822,0.0822
1078_IOM_SAD_XX.mp4,N:S,65.125,0.0,0.0
1084_IEO_HAP_HI.mp4,H:N,50.8,0.0,0.0
1055_ITH_FEA_XX.mp4,F,68.0,-0.504,0.588
1040_ITH_FEA_XX.mp4,N,60.1111111111111,0.0801,0.0801
1045_DFA_DIS_XX.mp4,N,77.3333333333333,0.0887,0.0887
1074_ITH_HAP_XX.mp4,N,62.0,0.081,0.081
1061_ITH_HAP_XX.mp4,N,58.9,0.0795,0.0795
1050_DFA_DIS_XX.mp4,A,52.8888888888889,-0.5351,0.6116
1008_IWW_ANG_XX.mp4,A,54.6666666666667,-0.5413,0.6187
1021_TIE_ANG_XX.mp4,A,65.7,-0.5799,0.6628
1034_TIE_ANG_XX.mp4,A,58.4,-0.5544,0.6336
1063_TIE_NEU_XX.mp4,N,78.375,0.0892,0.0892
1076_TIE_NEU_XX.mp4,N,59.4,0.0797,0.0797
1041_IEO_NEU_XX.mp4,N,64.2,0.0821,0.0821
1054_IEO_NEU_XX.mp4,N,62.6,0.0813,0.0813
1052_ITH_SAD_XX.mp4,N,60.8888888888889,0.0804,0.0804
1047_ITH_SAD_XX.mp4,N,56.0,0.078,0.078
1032_ITH_ANG_XX.mp4,N,65.3,0.0827,0.0827
1027_ITH_ANG_XX.mp4,A,65.7272727272727,-0.58,0.6629
1014_IEO_DIS_LO.mp4,N,39.7,0.0699,0.0699
1001_IEO_DIS_LO.mp4,N,50.0909090909091,0.075,0.075
1070_ITH_NEU_XX.mp4,N,74.0,0.087,0.087
1065_ITH_NEU_XX.mp4,N,64.7,0.0824,0.0824
1067_TIE_HAP_XX.mp4,N,48.5555555555556,0.0743,0.0743
1072_TIE_HAP_XX.mp4,H,57.0,0.628,0.471
1046_TIE_FEA_XX.mp4,N,65.0,0.0825,0.0825
1053_TIE_FEA_XX.mp4,D:F,44.1,0.0,0.0
1080_IEO_SAD_LO.mp4,N,80.3333333333333,0.0902,0.0902
1068_IWW_SAD_XX.mp4,F:N,67.1,0.0,0.0
1087_IEO_FEA_LO.mp4,N,61.5555555555556,0.0808,0.0808
1041_TIE_SAD_XX.mp4,N,59.7777777777778,0.0799,0.0799
1050_WSI_DIS_XX.mp4,D,60.375,-0.5613,0.3208
1054_TIE_SAD_XX.mp4,S,56.8888888888889,-0.4707,0.1569
1045_WSI_DIS_XX.mp4,N,72.0,0.086,0.086
1019_WSI_NEU_XX.mp4,N,56.5555555555556,0.0783,0.0783
1089_TIE_NEU_XX.mp4,N,72.3333333333333,0.0862,0.0862
1029_DFA_FEA_XX.mp4,F,42.5454545454545,-0.4276,0.4989
1008_DFA_HAP_XX.mp4,H,43.6666666666667,0.5747,0.431
1039_ITH_DIS_XX.mp4,D,62.2222222222222,-0.5678,0.3244
1029_WSI_FEA_XX.mp4,F,71.8888888888889,-0.5157,0.6016
1090_IWW_FEA_XX.mp4,N,48.5555555555556,0.0743,0.0743
1085_IWW_FEA_XX.mp4,F,58.0,-0.474,0.553
1082_IWW_SAD_XX.mp4,F:N,41.875,0.0,0.0
1016_IWW_DIS_XX.mp4,N,35.8888888888889,0.0679,0.0679
1003_IWW_DIS_XX.mp4,F,48.0,-0.444,0.518
1019_DFA_NEU_XX.mp4,N,63.6363636363636,0.0818,0.0818
1078_IEO_FEA_LO.mp4,N,61.7777777777778,0.0809,0.0809
1059_IEO_HAP_LO.mp4,N,63.6666666666667,0.0818,0.0818
1037_ITS_SAD_XX.mp4,S,59.0,-0.477,0.159
1022_ITS_SAD_XX.mp4,N,53.7272727272727,0.0769,0.0769
1079_TAI_NEU_XX.mp4,N,62.5,0.0813,0.0813
1086_MTI_HAP_XX.mp4,N,67.0,0.0835,0.0835
1048_TSI_NEU_XX.mp4,N,65.0,0.0825,0.0825
1039_IEO_ANG_MD.mp4,N,54.4,0.0772,0.0772
1078_IWL_ANG_XX.mp4,A,46.3333333333333,-0.5122,0.5853
1030_ITS_FEA_XX.mp4,N,65.625,0.0828,0.0828
1025_ITS_FEA_XX.mp4,F:N,50.1428571428571,0.0,0.0
1011_ITS_HAP_XX.mp4,N,52.4545454545455,0.0762,0.0762
1004_ITS_HAP_XX.mp4,N,48.375,0.0742,0.0742
1028_IEO_ANG_HI.mp4,A,80.8,-0.6328,0.7232
1021_MTI_DIS_XX.mp4,N,66.2222222222222,0.0831,0.0831
1034_MTI_DIS_XX.mp4,N,55.0,0.0775,0.0775
1082_MTI_NEU_XX.mp4,N,48.8888888888889,0.0744,0.0744
1068_TAI_HAP_XX.mp4,D,62.625,-0.5692,0.3253
1059_IEO_SAD_MD.mp4,S,68.3333333333333,-0.505,0.1683
1049_TAI_FEA_XX.mp4,F,57.3,-0.4719,0.5505
1018_IWL_SAD_XX.mp4,S,61.3333333333333,-0.484,0.1613
1059_TSI_HAP_XX.mp4,A:D:F:N,62.3,0.0,0.0
1048_IEO_SAD_HI.mp4,N,52.3333333333333,0.0762,0.0762
1080_IOM_FEA_XX.mp4,F:N,62.8,0.0,0.0
1078_TSI_FEA_XX.mp4,F,73.0,-0.519,0.6055
1006_IOM_DIS_XX.mp4,S,49.8,-0.4494,0.1498
1013_IOM_DIS_XX.mp4,N,52.1818181818182,0.0761,0.0761
1015_ITS_NEU_XX.mp4,N,57.5,0.0788,0.0788
1057_ITS_ANG_XX.mp4,H,58.1111111111111,0.6324,0.4743
1042_ITS_ANG_XX.mp4,D,44.7777777777778,-0.5067,0.2896
1087_IOM_SAD_XX.mp4,S,42.2222222222222,-0.4267,0.1422
1008_MTI_HAP_XX.mp4,H,63.625,0.6545,0.4909
1029_MTI_FEA_XX.mp4,F,68.8571428571429,-0.5066,0.591
1038_ITS_DIS_XX.mp4,D,63.0,-0.5705,0.326
1069_IOM_ANG_XX.mp4,A,58.5,-0.5547,0.634
1091_TSI_ANG_XX.mp4,A,71.8888888888889,-0.6016,0.6876
1084_TSI_ANG_XX.mp4,D:N,57.5454545454545,0.0,0.0
1091_IWL_FEA_XX.mp4,S,44.3,-0.4329,0.1443
1084_IWL_FEA_XX.mp4,N,57.2222222222222,0.0786,0.0786
1088_IOM_DIS_XX.mp4,N,53.0,0.0765,0.0765
1070_TSI_DIS_XX.mp4,N,65.0,0.0825,0.0825
1065_TSI_DIS_XX.mp4,N,52.5,0.0762,0.0762
1009_IOM_SAD_XX.mp4,N,71.375,0.0857,0.0857
1041_TAI_DIS_XX.mp4,D:N,43.9,0.0,0.0
1054_TAI_DIS_XX.mp4,F:S,49.5,0.0,0.0
1052_IEO_DIS_HI.mp4,N,68.4444444444444,0.0842,0.0842
1083_IWL_SAD_XX.mp4,N:S,58.1,0.0,0.0
1047_IEO_DIS_HI.mp4,N,51.8,0.0759,0.0759
1019_MTI_NEU_XX.mp4,N,69.5555555555556,0.0848,0.0848
1043_IEO_DIS_MD.mp4,N,46.75,0.0734,0.0734
1056_IEO_DIS_MD.mp4,A,69.4,-0.5929,0.6776
1017_IWL_DIS_XX.mp4,N,53.8888888888889,0.0769,0.0769
1002_IWL_DIS_XX.mp4,N,52.3333333333333,0.0762,0.0762
1025_IEO_NEU_XX.mp4,N,73.0,0.0865,0.0865
1030_IEO_NEU_XX.mp4,N,57.0,0.0785,0.0785
1036_ITH_SAD_XX.mp4,F,60.1111111111111,-0.4803,0.5604
1023_ITH_SAD_XX.mp4,N,62.3333333333333,0.0812,0.0812
1086_DFA_HAP_XX.mp4,H:N,52.9090909090909,0.0,0.0
1091_IEO_ANG_LO.mp4,N,52.1111111111111,0.0761,0.0761
1084_IEO_ANG_LO.mp4,D,49.0,-0.5215,0.298
1010_ITH_HAP_XX.mp4,H,50.75,0.603,0.4522
1021_DFA_DIS_XX.mp4,A,45.8888888888889,-0.5106,0.5836
1034_DFA_DIS_XX.mp4,N,48.2222222222222,0.0741,0.0741
1005_ITH_HAP_XX.mp4,N,60.2222222222222,0.0801,0.0801
1082_WSI_NEU_XX.mp4,N,64.9,0.0825,0.0825
1031_ITH_FEA_XX.mp4,N,73.5714285714286,0.0868,0.0868
1024_ITH_FEA_XX.mp4,F:N,39.125,0.0,0.0
1079_IWW_ANG_XX.mp4,D,53.375,-0.5368,0.3068
1045_TIE_ANG_XX.mp4,D,50.875,-0.5281,0.3018
1050_TIE_ANG_XX.mp4,A,80.2,-0.6307,0.7208
1007_TIE_NEU_XX.mp4,N,59.3333333333333,0.0797,0.0797
1012_TIE_NEU_XX.mp4,N,63.0,0.0815,0.0815
1019_IWW_SAD_XX.mp4,N,64.1111111111111,0.0821,0.0821
1025_TIE_SAD_XX.mp4,S,54.1111111111111,-0.4623,0.1541
1034_WSI_DIS_XX.mp4,N,41.6363636363636,0.0708,0.0708
1082_DFA_NEU_XX.mp4,N,62.0,0.081,0.081
1030_TIE_SAD_XX.mp4,N,60.0,0.08,0.08
1021_WSI_DIS_XX.mp4,D:N,43.5555555555556,0.0,0.0
1070_IEO_DIS_LO.mp4,D,47.4444444444444,-0.5161,0.2949
1065_IEO_DIS_LO.mp4,N,58.1111111111111,0.0791,0.0791
1056_ITH_ANG_XX.mp4,N,72.375,0.0862,0.0862
1043_ITH_ANG_XX.mp4,A:F:N,41.0,0.0,0.0
1014_ITH_NEU_XX.mp4,N,43.1,0.0716,0.0716
1086_WSI_HAP_XX.mp4,H,63.7,0.6548,0.4911
1001_ITH_NEU_XX.mp4,N,66.4,0.0832,0.0832
1022_TIE_FEA_XX.mp4,N,61.3636363636364,0.0807,0.0807
1037_TIE_FEA_XX.mp4,S,62.1,-0.4863,0.1621
1003_TIE_HAP_XX.mp4,H,45.8,0.5832,0.4374
1016_TIE_HAP_XX.mp4,H:N,54.75,0.0,0.0
1004_IWW_SAD_XX.mp4,F,50.0909090909091,-0.4503,0.5253
1011_IWW_SAD_XX.mp4,N,46.5555555555556,0.0733,0.0733
1085_IWW_DIS_XX.mp4,D,57.4444444444444,-0.5511,0.3149
1090_IWW_DIS_XX.mp4,D,53.6666666666667,-0.5378,0.3073
1038_TIE_SAD_XX.mp4,S,60.8,-0.4824,0.1608
1029_WSI_DIS_XX.mp4,A,66.3,-0.582,0.6652
1078_IEO_DIS_LO.mp4,N,48.625,0.0743,0.0743
1022_IWW_HAP_XX.mp4,H:N,71.7777777777778,0.0,0.0
1037_IWW_HAP_XX.mp4,F,56.7777777777778,-0.4703,0.5487
1009_ITH_NEU_XX.mp4,N,50.7777777777778,0.0754,0.0754
1003_IWW_FEA_XX.mp4,F,50.2,-0.4506,0.5257
1016_IWW_FEA_XX.mp4,F:N,57.2,0.0,0.0
1038_IEO_NEU_XX.mp4,N,69.25,0.0846,0.0846
1026_IWW_NEU_XX.mp4,N,61.5,0.0808,0.0808
1039_ITH_FEA_XX.mp4,F,49.6,-0.4488,0.5236
1033_IWW_NEU_XX.mp4,N,71.2,0.0856,0.0856
1018_ITH_HAP_XX.mp4,H,56.5555555555556,0.6262,0.4697
1029_DFA_DIS_XX.mp4,D,62.6,-0.5691,0.3252
1064_IWW_ANG_XX.mp4,A,85.0,-0.6475,0.74
1071_IWW_ANG_XX.mp4,D:N,57.0,0.0,0.0
1058_TIE_ANG_XX.mp4,A,69.0,-0.5915,0.676
1080_IOM_DIS_XX.mp4,N,59.0,0.0795,0.0795
1078_TSI_DIS_XX.mp4,D,71.2857142857143,-0.5995,0.3426
1086_ITS_NEU_XX.mp4,N,67.2,0.0836,0.0836
1049_TAI_DIS_XX.mp4,D,66.2727272727273,-0.582,0.3325
1014_IOM_SAD_XX.mp4,N,29.375,0.0647,0.0647
1001_IOM_SAD_XX.mp4,N,54.3636363636364,0.0772,0.0772
1053_MTI_ANG_XX.mp4,A,65.8888888888889,-0.5806,0.6636
1046_MTI_ANG_XX.mp4,N,48.125,0.0741,0.0741
1011_MTI_NEU_XX.mp4,N,56.6,0.0783,0.0783
1004_MTI_NEU_XX.mp4,N,62.25,0.0811,0.0811
1032_IOM_HAP_XX.mp4,N,74.5555555555556,0.0873,0.0873
1027_IOM_HAP_XX.mp4,N,71.4444444444444,0.0857,0.0857
1013_IOM_FEA_XX.mp4,F:N,67.2222222222222,0.0,0.0
1006_IOM_FEA_XX.mp4,F:N,59.5,0.0,0.0
1082_ITS_HAP_XX.mp4,H,59.8888888888889,0.6396,0.4797
1033_MTI_SAD_XX.mp4,N,67.2,0.0836,0.0836
1026_MTI_SAD_XX.mp4,N:S,43.5,0.0,0.0
1034_MTI_FEA_XX.mp4,N,62.1111111111111,0.0811,0.0811
1021_MTI_FEA_XX.mp4,S,69.6,-0.5088,0.1696
1015_MTI_HAP_XX.mp4,N,45.2222222222222,0.0726,0.0726
1036_IOM_NEU_XX.mp4,N,47.7,0.0739,0.0739
1023_IOM_NEU_XX.mp4,N,78.2,0.0891,0.0891
1025_ITS_DIS_XX.mp4,N,48.5,0.0742,0.0742
1030_ITS_DIS_XX.mp4,N,50.2,0.0751,0.0751
1074_IOM_ANG_XX.mp4,A,74.8,-0.6118,0.6992
1061_IOM_ANG_XX.mp4,A:D,71.2,0.0,0.0
1005_IWL_SAD_XX.mp4,N,64.2727272727273,0.0821,0.0821
1054_TAI_FEA_XX.mp4,S,34.625,-0.4039,0.1346
1041_TAI_FEA_XX.mp4,N,64.7777777777778,0.0824,0.0824
1010_IWL_SAD_XX.mp4,N,56.3,0.0781,0.0781
1051_IEO_SAD_MD.mp4,N,44.7,0.0724,0.0724
1075_TAI_HAP_XX.mp4,H,39.2,0.5568,0.4176
1060_TAI_HAP_XX.mp4,N,74.0,0.087,0.087
1044_IEO_SAD_MD.mp4,N,65.0,0.0825,0.0825
1065_TSI_FEA_XX.mp4,N,53.4,0.0767,0.0767
1088_IOM_FEA_XX.mp4,N,48.5,0.0742,0.0742
1070_TSI_FEA_XX.mp4,F:N,54.1111111111111,0.0,0.0
1084_IWL_DIS_XX.mp4,N,56.8,0.0784,0.0784
1040_IEO_SAD_HI.mp4,S,59.8888888888889,-0.4797,0.1599
1044_TSI_HAP_XX.mp4,F,54.0,-0.462,0.539
1051_TSI_HAP_XX.mp4,N,69.1,0.0846,0.0846
1055_IEO_SAD_HI.mp4,S,66.0,-0.498,0.166
1091_IWL_DIS_XX.mp4,N,63.8,0.0819,0.0819
1008_ITS_NEU_XX.mp4,N,56.0,0.078,0.078
1053_TAI_SAD_XX.mp4,F,50.7777777777778,-0.4523,0.5277
1002_IWL_FEA_XX.mp4,N,58.8888888888889,0.0794,0.0794
1077_IEO_HAP_MD.mp4,N,71.0,0.0855,0.0855
1062_IEO_HAP_MD.mp4,N,54.3333333333333,0.0772,0.0772
1017_IWL_FEA_XX.mp4,N,65.6666666666667,0.0828,0.0828
1046_TAI_SAD_XX.mp4,N,66.0,0.083,0.083
1056_IEO_FEA_MD.mp4,D,51.0,-0.5285,0.302
1023_IWL_HAP_XX.mp4,H:N,63.1111111111111,0.0,0.0
1036_IWL_HAP_XX.mp4,A,47.875,-0.5176,0.5915
1043_IEO_FEA_MD.mp4,F,38.1,-0.4143,0.4833
1062_TSI_SAD_XX.mp4,N,50.1,0.0751,0.0751
1066_IEO_HAP_HI.mp4,N,46.9,0.0735,0.0735
1073_IEO_HAP_HI.mp4,N,69.0,0.0845,0.0845
1077_TSI_SAD_XX.mp4,N,58.2,0.0791,0.0791
1047_IEO_FEA_HI.mp4,F,79.3333333333333,-0.538,0.6277
1052_IEO_FEA_HI.mp4,F,81.9,-0.5457,0.6366
1071_TAI_NEU_XX.mp4,N:S,62.0,0.0,0.0
1064_TAI_NEU_XX.mp4,N,70.1111111111111,0.0851,0.0851
1033_TAI_ANG_XX.mp4,A:D:N,50.4444444444444,0.0,0.0
1026_TAI_ANG_XX.mp4,A:F,55.1111111111111,0.0,0.0
1002_TSI_ANG_XX.mp4,A,56.9090909090909,-0.5492,0.6276
1017_TSI_ANG_XX.mp4,N,54.0,0.077,0.077
1040_TSI_NEU_XX.mp4,N,70.2222222222222,0.0851,0.0851
1055_TSI_NEU_XX.mp4,N,62.4444444444444,0.0812,0.0812
1065_IWL_ANG_XX.mp4,A,57.6,-0.5516,0.6304
1070_IWL_ANG_XX.mp4,A,66.625,-0.5832,0.6665
1031_IEO_ANG_MD.mp4,A,62.9,-0.5701,0.6516
1024_IEO_ANG_MD.mp4,N,49.0,0.0745,0.0745
1019_ITS_HAP_XX.mp4,H:N:S,50.4,0.0,0.0
1027_IWL_NEU_XX.mp4,N,77.0,0.0885,0.0885
1038_ITS_FEA_XX.mp4,H,46.8888888888889,0.5876,0.4407
1032_IWL_NEU_XX.mp4,N,73.2222222222222,0.0866,0.0866
1029_MTI_DIS_XX.mp4,D,58.0,-0.553,0.316
1020_IEO_ANG_HI.mp4,A,49.2222222222222,-0.5223,0.5969
1035_IEO_ANG_HI.mp4,A,61.0,-0.5635,0.644
1087_ITH_NEU_XX.mp4,N,74.5,0.0873,0.0873
1015_WSI_HAP_XX.mp4,N,66.1111111111111,0.0831,0.0831
1021_WSI_FEA_XX.mp4,S,57.8571428571429,-0.4736,0.1579
1034_WSI_FEA_XX.mp4,N,60.375,0.0802,0.0802
1062_IEO_SAD_LO.mp4,N,58.8888888888889,0.0794,0.0794
1077_IEO_SAD_LO.mp4,N,71.7,0.0859,0.0859
1090_TIE_HAP_XX.mp4,H,60.7,0.6428,0.4821
1085_TIE_HAP_XX.mp4,N,58.625,0.0793,0.0793
1037_TIE_DIS_XX.mp4,F,52.6666666666667,-0.458,0.5343
1026_WSI_SAD_XX.mp4,N,55.0,0.0775,0.0775
1022_TIE_DIS_XX.mp4,A,64.8571428571429,-0.577,0.6594
1033_WSI_SAD_XX.mp4,D,54.6,-0.5411,0.3092
1011_DFA_NEU_XX.mp4,N,62.3333333333333,0.0812,0.0812
1004_DFA_NEU_XX.mp4,A,27.8888888888889,-0.4476,0.5116
1044_IEO_HAP_LO.mp4,H:N,44.1111111111111,0.0,0.0
1051_IEO_HAP_LO.mp4,N,74.7,0.0873,0.0873
1065_IEO_FEA_LO.mp4,N,62.6,0.0813,0.0813
1053_DFA_ANG_XX.mp4,A,47.1428571428571,-0.515,0.5886
1046_DFA_ANG_XX.mp4,A,51.3333333333333,-0.5297,0.6053
1070_IEO_FEA_LO.mp4,N,68.1,0.0841,0.0841
1046_WSI_ANG_XX.mp4,A,56.4444444444444,-0.5476,0.6258
1053_WSI_ANG_XX.mp4,A,58.6666666666667,-0.5553,0.6347
1083_ITH_HAP_XX.mp4,N,51.5555555555556,0.0758,0.0758
1004_WSI_NEU_XX.mp4,N,53.25,0.0766,0.0766
1011_WSI_NEU_XX.mp4,N,52.8181818181818,0.0764,0.0764
1033_DFA_SAD_XX.mp4,N,62.7777777777778,0.0814,0.0814
1081_TIE_NEU_XX.mp4,N,71.6363636363636,0.0858,0.0858
1026_DFA_SAD_XX.mp4,N:S,59.2222222222222,0.0,0.0
1024_ITH_DIS_XX.mp4,D,51.3,-0.5295,0.3026
1015_DFA_HAP_XX.mp4,H,69.5,0.678,0.5085
1031_ITH_DIS_XX.mp4,N,64.2222222222222,0.0821,0.0821
1002_IEO_ANG_LO.mp4,A,57.6,-0.5516,0.6304
1034_DFA_FEA_XX.mp4,N,53.6666666666667,0.0768,0.0768
1021_DFA_FEA_XX.mp4,N:S,37.3,0.0,0.0
1017_IEO_ANG_LO.mp4,A,45.1111111111111,-0.5079,0.5804
1009_IEO_DIS_LO.mp4,A,53.3636363636364,-0.5368,0.6135
1067_IWW_FEA_XX.mp4,F:N,46.375,0.0,0.0
1078_ITH_NEU_XX.mp4,N,68.6,0.0843,0.0843
1072_IWW_FEA_XX.mp4,F,50.6,-0.4518,0.5271
1046_IWW_HAP_XX.mp4,N,55.875,0.0779,0.0779
1053_IWW_HAP_XX.mp4,H,62.3333333333333,0.6493,0.487
1088_IEO_SAD_LO.mp4,N,39.875,0.0699,0.0699
1060_IWW_SAD_XX.mp4,S,43.6666666666667,-0.431,0.1437
1075_IWW_SAD_XX.mp4,N,57.8888888888889,0.0789,0.0789
1049_TIE_SAD_XX.mp4,N:S,52.75,0.0,0.0
1058_WSI_DIS_XX.mp4,D,50.2,-0.5257,0.3004
1069_ITH_HAP_XX.mp4,N,34.1111111111111,0.0671,0.0671
1058_DFA_DIS_XX.mp4,D,56.7,-0.5484,0.3134
1048_ITH_FEA_XX.mp4,F,64.75,-0.4942,0.5766
1042_IWW_NEU_XX.mp4,N,47.3,0.0736,0.0736
1057_IWW_NEU_XX.mp4,F,40.3,-0.4209,0.491
1015_IWW_ANG_XX.mp4,F,33.1111111111111,-0.3993,0.4659
1029_TIE_ANG_XX.mp4,A,77.3,-0.6206,0.7092
1049_IEO_NEU_XX.mp4,N,58.8888888888889,0.0794,0.0794
1037_MTI_ANG_XX.mp4,N,72.3333333333333,0.0862,0.0862
1022_MTI_ANG_XX.mp4,A,69.8888888888889,-0.5946,0.6796
1075_MTI_NEU_XX.mp4,N,67.125,0.0836,0.0836
1060_MTI_NEU_XX.mp4,N,67.4,0.0837,0.0837
1077_IOM_FEA_XX.mp4,N,70.8888888888889,0.0854,0.0854
1062_IOM_FEA_XX.mp4,N,63.9,0.082,0.082
1056_IOM_HAP_XX.mp4,N,47.75,0.0739,0.0739
1043_IOM_HAP_XX.mp4,N,55.6666666666667,0.0778,0.0778
1088_IEO_HAP_MD.mp4,N,87.2222222222222,0.0936,0.0936
1009_TSI_DIS_XX.mp4,N,50.5555555555556,0.0753,0.0753
1088_TSI_SAD_XX.mp4,N,50.9,0.0755,0.0755
1070_IOM_SAD_XX.mp4,N,47.125,0.0736,0.0736
1065_IOM_SAD_XX.mp4,N,66.3,0.0832,0.0832
1038_TAI_DIS_XX.mp4,D,78.1,-0.6233,0.3562
1071_MTI_HAP_XX.mp4,N,45.875,0.0729,0.0729
1064_MTI_HAP_XX.mp4,H,60.4,0.6416,0.4812
1050_MTI_FEA_XX.mp4,F,66.3,-0.4989,0.582
1045_MTI_FEA_XX.mp4,N,81.0,0.0905,0.0905
1041_ITS_DIS_XX.mp4,N,57.9,0.079,0.079
1054_ITS_DIS_XX.mp4,S,53.2222222222222,-0.4597,0.1532
1052_IOM_NEU_XX.mp4,N,60.5555555555556,0.0803,0.0803
1047_IOM_NEU_XX.mp4,N,56.1,0.0781,0.0781
1010_IOM_ANG_XX.mp4,N,67.5,0.0838,0.0838
1005_IOM_ANG_XX.mp4,A,77.8,-0.6223,0.7112
1057_MTI_SAD_XX.mp4,N,58.2857142857143,0.0791,0.0791
1042_MTI_SAD_XX.mp4,S,50.8181818181818,-0.4525,0.1508
1087_TSI_DIS_XX.mp4,D,49.6666666666667,-0.5238,0.2993
1032_IEO_FEA_MD.mp4,N,46.7777777777778,0.0734,0.0734
1047_IWL_HAP_XX.mp4,A,59.7777777777778,-0.5592,0.6391
1052_IWL_HAP_XX.mp4,N,48.2222222222222,0.0741,0.0741
1027_IEO_FEA_MD.mp4,N,60.0,0.08,0.08
1066_IWL_FEA_XX.mp4,N,36.7777777777778,0.0684,0.0684
1037_TAI_SAD_XX.mp4,S,69.4444444444444,-0.5083,0.1694
1013_IEO_HAP_MD.mp4,D:H:N,58.9,0.0,0.0
1006_IEO_HAP_MD.mp4,N,65.9,0.083,0.083
1079_ITS_NEU_XX.mp4,N,52.1,0.0761,0.0761
1022_TAI_SAD_XX.mp4,D,53.5,-0.5373,0.307
1073_IWL_FEA_XX.mp4,N,73.1,0.0866,0.0866
1023_IEO_FEA_HI.mp4,F,47.6,-0.4428,0.5166
1036_IEO_FEA_HI.mp4,F,70.7777777777778,-0.5123,0.5977
1006_TSI_SAD_XX.mp4,S,52.6666666666667,-0.458,0.1527
1002_IEO_HAP_HI.mp4,F:H,55.9,0.0,0.0
1017_IEO_HAP_HI.mp4,H,37.0,0.548,0.411
1013_TSI_SAD_XX.mp4,F,41.0,-0.423,0.4935
1035_IEO_SAD_MD.mp4,N,61.7777777777778,0.0809,0.0809
1011_TAI_HAP_XX.mp4,N,59.8,0.0799,0.0799
1004_TAI_HAP_XX.mp4,N,60.3333333333333,0.0802,0.0802
1020_IEO_SAD_MD.mp4,S,58.7777777777778,-0.4763,0.1588
1030_TAI_FEA_XX.mp4,N,59.5,0.0798,0.0798
1061_IWL_SAD_XX.mp4,N,63.375,0.0817,0.0817
1074_IWL_SAD_XX.mp4,N,55.8,0.0779,0.0779
1025_TAI_FEA_XX.mp4,N,48.6,0.0743,0.0743
1024_IEO_SAD_HI.mp4,F:N,43.5,0.0,0.0
1020_TSI_HAP_XX.mp4,D,53.0,-0.5355,0.306
1035_TSI_HAP_XX.mp4,H,66.3333333333333,0.6653,0.499
1031_IEO_SAD_HI.mp4,N,64.2222222222222,0.0821,0.0821
1001_TSI_FEA_XX.mp4,F,55.25,-0.4657,0.5434
1014_TSI_FEA_XX.mp4,N,63.1111111111111,0.0816,0.0816
1055_IEO_ANG_MD.mp4,N,63.4444444444444,0.0817,0.0817
1040_IEO_ANG_MD.mp4,A,46.4,-0.5124,0.5856
1001_IWL_ANG_XX.mp4,A,51.8888888888889,-0.5316,0.6076
1014_IWL_ANG_XX.mp4,A,66.1111111111111,-0.5814,0.6644
1049_ITS_FEA_XX.mp4,F,67.6666666666667,-0.503,0.5868
1043_IWL_NEU_XX.mp4,N,55.5,0.0778,0.0778
1056_IWL_NEU_XX.mp4,N,51.5555555555556,0.0758,0.0758
1068_ITS_HAP_XX.mp4,N,55.2,0.0776,0.0776
1044_IEO_ANG_HI.mp4,A,93.0,-0.6755,0.772
1051_IEO_ANG_HI.mp4,A,61.8,-0.5663,0.6472
1058_MTI_DIS_XX.mp4,D,31.7777777777778,-0.4612,0.2636
1015_TAI_NEU_XX.mp4,N,74.4,0.0872,0.0872
1057_TAI_ANG_XX.mp4,N,61.1111111111111,0.0806,0.0806
1042_TAI_ANG_XX.mp4,N,52.8,0.0764,0.0764
1066_TSI_ANG_XX.mp4,A,59.2222222222222,-0.5573,0.6369
1073_TSI_ANG_XX.mp4,A,51.0,-0.5285,0.604
1024_TSI_NEU_XX.mp4,N,74.5,0.0873,0.0873
1031_TSI_NEU_XX.mp4,N,82.0,0.091,0.091
1053_TIE_DIS_XX.mp4,N,61.3,0.0806,0.0806
1042_WSI_SAD_XX.mp4,N,55.4,0.0777,0.0777
1046_TIE_DIS_XX.mp4,A:D,50.125,0.0,0.0
1057_WSI_SAD_XX.mp4,S,46.8888888888889,-0.4407,0.1469
1075_DFA_NEU_XX.mp4,N,58.9,0.0795,0.0795
1060_DFA_NEU_XX.mp4,N,52.0,0.076,0.076
1037_DFA_ANG_XX.mp4,A,55.25,-0.5434,0.621
1001_IEO_FEA_LO.mp4,N,58.7,0.0794,0.0794
1014_IEO_FEA_LO.mp4,N,47.0,0.0735,0.0735
1022_DFA_ANG_XX.mp4,A,63.3636363636364,-0.5718,0.6535
1020_IEO_HAP_LO.mp4,N,54.9,0.0775,0.0775
1035_IEO_HAP_LO.mp4,H,68.1428571428571,0.6726,0.5044
1045_WSI_FEA_XX.mp4,N,49.4444444444444,0.0747,0.0747
1050_WSI_FEA_XX.mp4,F,60.2,-0.4806,0.5607
1064_WSI_HAP_XX.mp4,H:N,59.7,0.0,0.0
1071_WSI_HAP_XX.mp4,N,59.625,0.0798,0.0798
1087_IEO_DIS_LO.mp4,N,51.7,0.0759,0.0759
1006_IEO_SAD_LO.mp4,N,45.7777777777778,0.0729,0.0729
1013_IEO_SAD_LO.mp4,N,51.8,0.0759,0.0759
1050_DFA_FEA_XX.mp4,F:N,53.8571428571429,0.0,0.0
1066_IEO_ANG_LO.mp4,N,55.6666666666667,0.0778,0.0778
1073_IEO_ANG_LO.mp4,N,42.5,0.0713,0.0713
1045_DFA_FEA_XX.mp4,N,44.2222222222222,0.0721,0.0721
1071_DFA_HAP_XX.mp4,N,70.5,0.0853,0.0853
1040_ITH_DIS_XX.mp4,N,50.1,0.0751,0.0751
1055_ITH_DIS_XX.mp4,N,60.1,0.0801,0.0801
1064_DFA_HAP_XX.mp4,S,50.5,-0.4515,0.1505
1022_WSI_ANG_XX.mp4,A,75.0,-0.6125,0.7
1037_WSI_ANG_XX.mp4,A,52.5555555555556,-0.5339,0.6102
1060_WSI_NEU_XX.mp4,N,59.1,0.0796,0.0796
1075_WSI_NEU_XX.mp4,N,61.3,0.0806,0.0806
1057_DFA_SAD_XX.mp4,N,54.25,0.0771,0.0771
1042_DFA_SAD_XX.mp4,N,78.2857142857143,0.0891,0.0891
1080_TIE_NEU_XX.mp4,N,61.8,0.0809,0.0809
1027_DFA_SAD_XX.mp4,N,44.6666666666667,0.0723,0.0723
1032_DFA_SAD_XX.mp4,N,59.375,0.0797,0.0797
1010_WSI_NEU_XX.mp4,A,41.5,-0.4952,0.566
1082_ITH_HAP_XX.mp4,H,60.2222222222222,0.6409,0.4807
1005_WSI_NEU_XX.mp4,A,50.7272727272727,-0.5275,0.6029
1052_WSI_ANG_XX.mp4,D,61.2222222222222,-0.5643,0.3224
1047_WSI_ANG_XX.mp4,A,60.9090909090909,-0.5632,0.6436
1020_DFA_FEA_XX.mp4,D:N,56.0,0.0,0.0
1016_IEO_ANG_LO.mp4,N,59.2222222222222,0.0796,0.0796
1003_IEO_ANG_LO.mp4,A:D:N,52.2222222222222,0.0,0.0
1035_DFA_FEA_XX.mp4,N,61.9,0.081,0.081
1001_DFA_HAP_XX.mp4,N,65.375,0.0827,0.0827
1030_ITH_DIS_XX.mp4,N,52.0,0.076,0.076
1025_ITH_DIS_XX.mp4,N,49.5555555555556,0.0748,0.0748
1014_DFA_HAP_XX.mp4,H:N,64.2222222222222,0.0,0.0
1084_TIE_HAP_XX.mp4,N,50.5,0.0752,0.0752
1091_TIE_HAP_XX.mp4,N,50.25,0.0751,0.0751
1076_IEO_SAD_LO.mp4,N,48.75,0.0744,0.0744
1063_IEO_SAD_LO.mp4,N:S,45.6666666666667,0.0,0.0
1035_WSI_FEA_XX.mp4,F,63.8888888888889,-0.4917,0.5736
1020_WSI_FEA_XX.mp4,S,64.8181818181818,-0.4945,0.1648
1014_WSI_HAP_XX.mp4,A,49.6,-0.5236,0.5984
1001_WSI_HAP_XX.mp4,A,56.8888888888889,-0.5491,0.6276
1086_ITH_NEU_XX.mp4,N,72.7142857142857,0.0864,0.0864
1047_DFA_ANG_XX.mp4,A,60.7777777777778,-0.5627,0.6431
1071_IEO_FEA_LO.mp4,N,68.5555555555556,0.0843,0.0843
1064_IEO_FEA_LO.mp4,D:F:N,62.2857142857143,0.0,0.0
1052_DFA_ANG_XX.mp4,A,85.0,-0.6475,0.74
1050_IEO_HAP_LO.mp4,N,62.8888888888889,0.0814,0.0814
1045_IEO_HAP_LO.mp4,N,63.5,0.0818,0.0818
1005_DFA_NEU_XX.mp4,N,54.0,0.077,0.077
1010_DFA_NEU_XX.mp4,D,41.375,-0.4948,0.2828
1023_TIE_DIS_XX.mp4,D,60.2,-0.5607,0.3204
1032_WSI_SAD_XX.mp4,N,53.8,0.0769,0.0769
1036_TIE_DIS_XX.mp4,A,48.8571428571429,-0.521,0.5954
1027_WSI_SAD_XX.mp4,N,50.1,0.0751,0.0751
1054_TSI_NEU_XX.mp4,N,65.5,0.0828,0.0828
1041_TSI_NEU_XX.mp4,N,74.5555555555556,0.0873,0.0873
1016_TSI_ANG_XX.mp4,A,67.4,-0.5859,0.6696
1003_TSI_ANG_XX.mp4,A,70.0,-0.595,0.68
1027_TAI_ANG_XX.mp4,N,69.5,0.0847,0.0847
1032_TAI_ANG_XX.mp4,D,55.9,-0.5456,0.3118
1065_TAI_NEU_XX.mp4,N,60.5,0.0803,0.0803
1070_TAI_NEU_XX.mp4,N,64.8888888888889,0.0824,0.0824
1034_IEO_ANG_HI.mp4,A,78.3333333333333,-0.6242,0.7133
1021_IEO_ANG_HI.mp4,A,62.6,-0.5691,0.6504
1028_MTI_DIS_XX.mp4,S,55.375,-0.4661,0.1554
1039_ITS_FEA_XX.mp4,F,61.4285714285714,-0.4843,0.565
1033_IWL_NEU_XX.mp4,N,70.8888888888889,0.0854,0.0854
1026_IWL_NEU_XX.mp4,N,63.6,0.0818,0.0818
1018_ITS_HAP_XX.mp4,H,45.75,0.583,0.4372
1025_IEO_ANG_MD.mp4,A,80.4,-0.6314,0.7216
1030_IEO_ANG_MD.mp4,N,66.4,0.0832,0.0832
1071_IWL_ANG_XX.mp4,A,59.3636363636364,-0.5578,0.6375
1064_IWL_ANG_XX.mp4,A,70.8888888888889,-0.5981,0.6836
1050_TSI_HAP_XX.mp4,N,57.5,0.0788,0.0788
1054_IEO_SAD_HI.mp4,S,66.3,-0.4989,0.1663
1090_IWL_DIS_XX.mp4,D:N,38.875,0.0,0.0
1085_IWL_DIS_XX.mp4,N,51.3333333333333,0.0757,0.0757
1041_IEO_SAD_HI.mp4,S,60.375,-0.4811,0.1604
1045_TSI_HAP_XX.mp4,N,52.2,0.0761,0.0761
1089_IOM_FEA_XX.mp4,S,72.2222222222222,-0.5167,0.1722
1071_TSI_FEA_XX.mp4,F,36.4444444444444,-0.4093,0.4776
1064_TSI_FEA_XX.mp4,F,65.8,-0.4974,0.5803
1061_TAI_HAP_XX.mp4,N,57.625,0.0788,0.0788
1045_IEO_SAD_MD.mp4,N,45.0,0.0725,0.0725
1050_IEO_SAD_MD.mp4,N,47.9,0.074,0.074
1074_TAI_HAP_XX.mp4,H,71.2,0.6848,0.5136
1040_TAI_FEA_XX.mp4,N,47.4545454545455,0.0737,0.0737
1011_IWL_SAD_XX.mp4,N,60.0,0.08,0.08
1004_IWL_SAD_XX.mp4,S,58.9,-0.4767,0.1589
1055_TAI_FEA_XX.mp4,F,59.2,-0.4776,0.5572
1053_IEO_FEA_HI.mp4,F,58.8,-0.4764,0.5558
1046_IEO_FEA_HI.mp4,F,62.7777777777778,-0.4883,0.5697
1072_IEO_HAP_HI.mp4,F,52.3333333333333,-0.457,0.5332
1076_TSI_SAD_XX.mp4,N,37.8888888888889,0.0689,0.0689
1063_TSI_SAD_XX.mp4,N,70.5,0.0853,0.0853
1067_IEO_HAP_HI.mp4,H,53.1428571428571,0.6126,0.4594
1037_IWL_HAP_XX.mp4,H,47.1111111111111,0.5884,0.4413
1042_IEO_FEA_MD.mp4,F:N,47.2222222222222,0.0,0.0
1057_IEO_FEA_MD.mp4,N,53.0,0.0765,0.0765
1022_IWL_HAP_XX.mp4,N,57.4444444444444,0.0787,0.0787
1063_IEO_HAP_MD.mp4,F,74.3,-0.5229,0.61
1016_IWL_FEA_XX.mp4,A,52.3,-0.5331,0.6092
1047_TAI_SAD_XX.mp4,N,57.5555555555556,0.0788,0.0788
1009_ITS_NEU_XX.mp4,N,53.0,0.0765,0.0765
1052_TAI_SAD_XX.mp4,N,62.3,0.0811,0.0811
1003_IWL_FEA_XX.mp4,F:N:S,57.2222222222222,0.0,0.0
1076_IEO_HAP_MD.mp4,N,74.5,0.0873,0.0873
1027_MTI_SAD_XX.mp4,S,57.3333333333333,-0.472,0.1573
1032_MTI_SAD_XX.mp4,N,53.5,0.0768,0.0768
1083_ITS_HAP_XX.mp4,N,54.4,0.0772,0.0772
1060_IOM_ANG_XX.mp4,A:D,53.875,0.0,0.0
1075_IOM_ANG_XX.mp4,A,47.6363636363636,-0.5167,0.5905
1031_ITS_DIS_XX.mp4,N,63.5555555555556,0.0818,0.0818
1024_ITS_DIS_XX.mp4,N,57.4,0.0787,0.0787
1022_IOM_NEU_XX.mp4,N,57.8,0.0789,0.0789
1037_IOM_NEU_XX.mp4,N,50.3,0.0752,0.0752
1001_MTI_HAP_XX.mp4,H:N,64.4,0.0,0.0
1014_MTI_HAP_XX.mp4,N,78.4285714285714,0.0892,0.0892
1020_MTI_FEA_XX.mp4,N,55.6,0.0778,0.0778
1035_MTI_FEA_XX.mp4,S,53.2222222222222,-0.4597,0.1532
1015_IOM_SAD_XX.mp4,N,48.6666666666667,0.0743,0.0743
1048_TAI_DIS_XX.mp4,D,57.5714285714286,-0.5515,0.3151
1087_ITS_NEU_XX.mp4,N,60.0,0.08,0.08
1081_IOM_DIS_XX.mp4,D,49.0,-0.5215,0.298
1079_TSI_DIS_XX.mp4,D,47.6666666666667,-0.5168,0.2953
1007_IOM_FEA_XX.mp4,N,64.5555555555556,0.0823,0.0823
1012_IOM_FEA_XX.mp4,N,60.2222222222222,0.0801,0.0801
1026_IOM_HAP_XX.mp4,H,55.6,0.6224,0.4668
1033_IOM_HAP_XX.mp4,N,64.1,0.0821,0.0821
1005_MTI_NEU_XX.mp4,N,61.1428571428571,0.0806,0.0806
1010_MTI_NEU_XX.mp4,N,70.2,0.0851,0.0851
1047_MTI_ANG_XX.mp4,A,53.8888888888889,-0.5386,0.6156
1052_MTI_ANG_XX.mp4,A,79.8,-0.6293,0.7192
1039_IEO_NEU_XX.mp4,N,59.8,0.0799,0.0799
1059_TIE_ANG_XX.mp4,A,90.3333333333333,-0.6662,0.7613
1070_IWW_ANG_XX.mp4,A,75.8,-0.6153,0.7032
1065_IWW_ANG_XX.mp4,A,76.2222222222222,-0.6168,0.7049
1028_DFA_DIS_XX.mp4,D,69.5555555555556,-0.5934,0.3391
1038_ITH_FEA_XX.mp4,F,56.8,-0.4704,0.5488
1032_IWW_NEU_XX.mp4,N,66.1,0.0831,0.0831
1027_IWW_NEU_XX.mp4,N,63.7777777777778,0.0819,0.0819
1039_TIE_SAD_XX.mp4,S,64.5555555555556,-0.4937,0.1646
1028_WSI_DIS_XX.mp4,D,46.3333333333333,-0.5122,0.2927
1091_IWW_DIS_XX.mp4,F:N,54.75,0.0,0.0
1084_IWW_DIS_XX.mp4,N,56.6666666666667,0.0783,0.0783
1010_IWW_SAD_XX.mp4,F,42.8181818181818,-0.4285,0.4999
1005_IWW_SAD_XX.mp4,N,55.5,0.0778,0.0778
1017_IWW_FEA_XX.mp4,F,40.5,-0.4215,0.4917
1008_ITH_NEU_XX.mp4,N,70.3,0.0852,0.0852
1002_IWW_FEA_XX.mp4,F,59.7,-0.4791,0.5589
1036_IWW_HAP_XX.mp4,A,47.4,-0.5159,0.5896
1023_IWW_HAP_XX.mp4,H:N,51.375,0.0,0.0
1079_IEO_DIS_LO.mp4,N,68.5714285714286,0.0843,0.0843
1054_ITH_DIS_XX.mp4,N:S,60.6666666666667,0.0,0.0
1065_DFA_HAP_XX.mp4,N,55.4444444444444,0.0777,0.0777
1070_DFA_HAP_XX.mp4,N,69.1111111111111,0.0846,0.0846
1041_ITH_DIS_XX.mp4,N,45.5,0.0728,0.0728
1072_IEO_ANG_LO.mp4,A:D,49.8,0.0,0.0
1044_DFA_FEA_XX.mp4,F,49.125,-0.4474,0.5219
1051_DFA_FEA_XX.mp4,N,52.8888888888889,0.0764,0.0764
1067_IEO_ANG_LO.mp4,N,66.1,0.0831,0.0831
1043_DFA_SAD_XX.mp4,S,62.0,-0.486,0.162
1056_DFA_SAD_XX.mp4,N,51.3333333333333,0.0757,0.0757
1074_WSI_NEU_XX.mp4,N,53.625,0.0768,0.0768
1061_WSI_NEU_XX.mp4,N,59.7,0.0799,0.0799
1036_WSI_ANG_XX.mp4,A,83.8,-0.6433,0.7352
1023_WSI_ANG_XX.mp4,A,75.5,-0.6142,0.702
1034_IEO_HAP_LO.mp4,N,68.9,0.0845,0.0845
1021_IEO_HAP_LO.mp4,H,59.0,0.636,0.477
1015_IEO_FEA_LO.mp4,N,57.25,0.0786,0.0786
1023_DFA_ANG_XX.mp4,A,67.5,-0.5862,0.67
1036_DFA_ANG_XX.mp4,A,77.7,-0.622,0.7108
1061_DFA_NEU_XX.mp4,N,57.0,0.0785,0.0785
1074_DFA_NEU_XX.mp4,N,67.5555555555556,0.0838,0.0838
1047_TIE_DIS_XX.mp4,D,48.6,-0.5201,0.2972
1056_WSI_SAD_XX.mp4,N,53.8,0.0769,0.0769
1052_TIE_DIS_XX.mp4,A,48.4444444444444,-0.5196,0.5938
1043_WSI_SAD_XX.mp4,N,65.0,0.0825,0.0825
1012_IEO_SAD_LO.mp4,N,42.7,0.0714,0.0714
1007_IEO_SAD_LO.mp4,N,45.3,0.0726,0.0726
1086_IEO_DIS_LO.mp4,N,78.5,0.0893,0.0893
1070_WSI_HAP_XX.mp4,A,44.5714285714286,-0.506,0.5783
1065_WSI_HAP_XX.mp4,A:N,62.4,0.0,0.0
1051_WSI_FEA_XX.mp4,N,62.5714285714286,0.0813,0.0813
1044_WSI_FEA_XX.mp4,F,68.7142857142857,-0.5061,0.5905
1059_MTI_DIS_XX.mp4,F:H,52.1111111111111,0.0,0.0
1050_IEO_ANG_HI.mp4,A,86.8888888888889,-0.6541,0.7476
1045_IEO_ANG_HI.mp4,A,71.5555555555556,-0.6004,0.6862
1069_ITS_HAP_XX.mp4,N,65.125,0.0826,0.0826
1057_IWL_NEU_XX.mp4,N,53.8,0.0769,0.0769
1048_ITS_FEA_XX.mp4,N,49.875,0.0749,0.0749
1042_IWL_NEU_XX.mp4,N,73.4,0.0867,0.0867
1015_IWL_ANG_XX.mp4,A,56.4444444444444,-0.5476,0.6258
1041_IEO_ANG_MD.mp4,D,48.8,-0.5208,0.2976
1054_IEO_ANG_MD.mp4,N,54.3333333333333,0.0772,0.0772
1030_TSI_NEU_XX.mp4,N,51.7777777777778,0.0759,0.0759
1025_TSI_NEU_XX.mp4,N,71.8181818181818,0.0859,0.0859
1072_TSI_ANG_XX.mp4,A,67.3636363636364,-0.5858,0.6695
1067_TSI_ANG_XX.mp4,N,69.4444444444444,0.0847,0.0847
1043_TAI_ANG_XX.mp4,D:F:N:S,68.2222222222222,0.0,0.0
1056_TAI_ANG_XX.mp4,N,51.2222222222222,0.0756,0.0756
1001_TAI_NEU_XX.mp4,N,47.2222222222222,0.0736,0.0736
1014_TAI_NEU_XX.mp4,N,64.9,0.0825,0.0825
1016_IEO_HAP_HI.mp4,N,55.5,0.0778,0.0778
1012_TSI_SAD_XX.mp4,N,53.3333333333333,0.0767,0.0767
1007_TSI_SAD_XX.mp4,N,48.0,0.074,0.074
1003_IEO_HAP_HI.mp4,H,55.0,0.62,0.465
1037_IEO_FEA_HI.mp4,F,80.0,-0.54,0.63
1022_IEO_FEA_HI.mp4,F:H,47.3,0.0,0.0
1007_IEO_HAP_MD.mp4,N,62.0,0.081,0.081
1078_ITS_NEU_XX.mp4,N,55.1428571428571,0.0776,0.0776
1023_TAI_SAD_XX.mp4,N,76.75,0.0884,0.0884
1072_IWL_FEA_XX.mp4,N,50.4545454545455,0.0752,0.0752
1067_IWL_FEA_XX.mp4,N,66.4444444444444,0.0832,0.0832
1036_TAI_SAD_XX.mp4,S,51.6,-0.4548,0.1516
1012_IEO_HAP_MD.mp4,N,61.3,0.0806,0.0806
1053_IWL_HAP_XX.mp4,N,54.7,0.0774,0.0774
1026_IEO_FEA_MD.mp4,F,64.7142857142857,-0.4941,0.5765
1086_TSI_DIS_XX.mp4,N,67.75,0.0839,0.0839
1033_IEO_FEA_MD.mp4,N,65.0,0.0825,0.0825
1046_IWL_HAP_XX.mp4,N,53.8888888888889,0.0769,0.0769
1015_TSI_FEA_XX.mp4,F,59.4,-0.4782,0.5579
1034_TSI_HAP_XX.mp4,F,52.375,-0.4571,0.5333
1030_IEO_SAD_HI.mp4,S,56.2222222222222,-0.4687,0.1562
1025_IEO_SAD_HI.mp4,N,55.5,0.0778,0.0778
1021_TSI_HAP_XX.mp4,N,67.8,0.0839,0.0839
1075_IWL_SAD_XX.mp4,N,60.3,0.0801,0.0801
1024_TAI_FEA_XX.mp4,N,52.2,0.0761,0.0761
1031_TAI_FEA_XX.mp4,N,57.25,0.0786,0.0786
1060_IWL_SAD_XX.mp4,N,54.1818181818182,0.0771,0.0771
1005_TAI_HAP_XX.mp4,H,60.3333333333333,0.6413,0.481
1021_IEO_SAD_MD.mp4,N,50.6666666666667,0.0753,0.0753
1034_IEO_SAD_MD.mp4,D,46.2222222222222,-0.5118,0.2924
1010_TAI_HAP_XX.mp4,N,60.8181818181818,0.0804,0.0804
1004_IOM_ANG_XX.mp4,A,60.8,-0.5628,0.6432
1011_IOM_ANG_XX.mp4,A:D,58.5,0.0,0.0
1046_IOM_NEU_XX.mp4,N,64.2222222222222,0.0821,0.0821
1053_IOM_NEU_XX.mp4,N,68.5555555555556,0.0843,0.0843
1055_ITS_DIS_XX.mp4,N,66.1111111111111,0.0831,0.0831
1040_ITS_DIS_XX.mp4,N,70.4444444444444,0.0852,0.0852
1044_MTI_FEA_XX.mp4,F,63.9,-0.4917,0.5736
1051_MTI_FEA_XX.mp4,F,48.2222222222222,-0.4447,0.5188
1065_MTI_HAP_XX.mp4,H,67.0,0.668,0.501
1070_MTI_HAP_XX.mp4,H,44.3333333333333,0.5773,0.433
1043_MTI_SAD_XX.mp4,N,71.375,0.0857,0.0857
1056_MTI_SAD_XX.mp4,D,59.7777777777778,-0.5592,0.3196
1042_IOM_HAP_XX.mp4,N,50.875,0.0754,0.0754
1057_IOM_HAP_XX.mp4,N,60.0,0.08,0.08
1063_IOM_FEA_XX.mp4,S,52.9090909090909,-0.4587,0.1529
1076_IOM_FEA_XX.mp4,N,52.8888888888889,0.0764,0.0764
1061_MTI_NEU_XX.mp4,N,63.4444444444444,0.0817,0.0817
1074_MTI_NEU_XX.mp4,N,72.3,0.0862,0.0862
1023_MTI_ANG_XX.mp4,A,60.5,-0.5617,0.642
1036_MTI_ANG_XX.mp4,A:D,55.375,0.0,0.0
1039_TAI_DIS_XX.mp4,D,57.2222222222222,-0.5503,0.3144
1064_IOM_SAD_XX.mp4,N,48.8,0.0744,0.0744
1089_TSI_SAD_XX.mp4,N,40.7142857142857,0.0704,0.0704
1071_IOM_SAD_XX.mp4,N,51.1,0.0756,0.0756
1008_TSI_DIS_XX.mp4,D,63.7,-0.5729,0.3274
1089_IEO_HAP_MD.mp4,H,50.4444444444444,0.6018,0.4513
1028_TIE_ANG_XX.mp4,A,82.8,-0.6398,0.7312
1014_IWW_ANG_XX.mp4,A,69.1111111111111,-0.5919,0.6764
1001_IWW_ANG_XX.mp4,D,62.7142857142857,-0.5695,0.3254
1056_IWW_NEU_XX.mp4,N,48.1111111111111,0.0741,0.0741
1049_ITH_FEA_XX.mp4,F:S,61.625,0.0,0.0
1043_IWW_NEU_XX.mp4,N,56.3333333333333,0.0782,0.0782
1068_ITH_HAP_XX.mp4,N,64.25,0.0821,0.0821
1059_DFA_DIS_XX.mp4,D,64.875,-0.5771,0.3298
1048_IEO_NEU_XX.mp4,N,52.3,0.0762,0.0762
1089_IEO_SAD_LO.mp4,N,60.0,0.08,0.08
1052_IWW_HAP_XX.mp4,F,46.3,-0.4389,0.5121
1047_IWW_HAP_XX.mp4,H,52.1111111111111,0.6084,0.4563
1079_ITH_NEU_XX.mp4,N,48.9,0.0745,0.0745
1073_IWW_FEA_XX.mp4,D,51.5,-0.5302,0.303
1066_IWW_FEA_XX.mp4,F,42.2,-0.4266,0.4977
1008_IEO_DIS_LO.mp4,N,66.2,0.0831,0.0831
1048_TIE_SAD_XX.mp4,N,45.7777777777778,0.0729,0.0729
1059_WSI_DIS_XX.mp4,A:D,62.3,0.0,0.0
1074_IWW_SAD_XX.mp4,N,51.2,0.0756,0.0756
1061_IWW_SAD_XX.mp4,F,48.3,-0.4449,0.5191
1081_IEO_SAD_LO.mp4,N,58.2,0.0791,0.0791
1052_TIE_FEA_XX.mp4,F,55.1111111111111,-0.4653,0.5429
1047_TIE_FEA_XX.mp4,A,61.1666666666667,-0.5641,0.6447
1073_TIE_HAP_XX.mp4,N,50.6666666666667,0.0753,0.0753
1066_TIE_HAP_XX.mp4,N,63.5555555555556,0.0818,0.0818
1064_ITH_NEU_XX.mp4,N,66.7777777777778,0.0834,0.0834
1071_ITH_NEU_XX.mp4,N,65.3,0.0827,0.0827
1015_IEO_DIS_LO.mp4,D:S,49.8,0.0,0.0
1026_ITH_ANG_XX.mp4,A,55.1111111111111,-0.5429,0.6204
1033_ITH_ANG_XX.mp4,D,67.0,-0.5845,0.334
1055_TIE_SAD_XX.mp4,N,71.2857142857143,0.0856,0.0856
1044_WSI_DIS_XX.mp4,A,58.2222222222222,-0.5538,0.6329
1040_TIE_SAD_XX.mp4,S,67.875,-0.5036,0.1679
1051_WSI_DIS_XX.mp4,N,57.8888888888889,0.0789,0.0789
1086_IEO_FEA_LO.mp4,N,83.2222222222222,0.0916,0.0916
1069_IWW_SAD_XX.mp4,F,31.8181818181818,-0.3955,0.4614
1077_TIE_NEU_XX.mp4,N,65.6666666666667,0.0828,0.0828
1062_TIE_NEU_XX.mp4,N,65.6666666666667,0.0828,0.0828
1035_TIE_ANG_XX.mp4,A,70.2,-0.5957,0.6808
1020_TIE_ANG_XX.mp4,A:D,56.6,0.0,0.0
1009_IWW_ANG_XX.mp4,A,66.5,-0.5827,0.666
1060_ITH_HAP_XX.mp4,N,68.4444444444444,0.0842,0.0842
1051_DFA_DIS_XX.mp4,N,53.6666666666667,0.0768,0.0768
1044_DFA_DIS_XX.mp4,A,60.4444444444444,-0.5616,0.6418
1075_ITH_HAP_XX.mp4,H,58.0,0.632,0.474
1041_ITH_FEA_XX.mp4,N,51.2222222222222,0.0756,0.0756
1054_ITH_FEA_XX.mp4,F,36.0,-0.408,0.476
1046_ITH_SAD_XX.mp4,N,58.25,0.0791,0.0791
1053_ITH_SAD_XX.mp4,N,58.9,0.0795,0.0795
1055_IEO_NEU_XX.mp4,N,55.4,0.0777,0.0777
1040_IEO_NEU_XX.mp4,N,60.8,0.0804,0.0804
1033_IEO_DIS_MD.mp4,A:D,60.6,0.0,0.0
1086_TSI_FEA_XX.mp4,F,57.9,-0.4737,0.5526
1026_IEO_DIS_MD.mp4,D,65.75,-0.5801,0.3315
1067_IWL_DIS_XX.mp4,N,53.2222222222222,0.0766,0.0766
1072_IWL_DIS_XX.mp4,D,61.4444444444444,-0.5651,0.3229
1069_MTI_NEU_XX.mp4,N,63.7,0.0819,0.0819
1022_IEO_DIS_HI.mp4,N,47.125,0.0736,0.0736
1037_IEO_DIS_HI.mp4,D,69.4285714285714,-0.593,0.3389
1083_TAI_HAP_XX.mp4,N,56.1,0.0781,0.0781
1081_TSI_SAD_XX.mp4,N,62.1,0.0811,0.0811
1079_IOM_SAD_XX.mp4,N,53.3,0.0766,0.0766
1085_IEO_HAP_HI.mp4,H,57.7,0.6308,0.4731
1090_IEO_HAP_HI.mp4,N,55.8888888888889,0.0779,0.0779
1031_TAI_DIS_XX.mp4,N,54.2222222222222,0.0771,0.0771
1024_TAI_DIS_XX.mp4,N,55.5555555555556,0.0778,0.0778
1081_IEO_HAP_MD.mp4,D,46.1,-0.5113,0.2922
1015_TSI_DIS_XX.mp4,N,58.5555555555556,0.0793,0.0793
1019_IOM_ANG_XX.mp4,A,50.0,-0.525,0.6
1048_ITS_DIS_XX.mp4,F,44.3333333333333,-0.433,0.5052
1087_TAI_NEU_XX.mp4,N,71.8,0.0859,0.0859
1078_MTI_HAP_XX.mp4,F:N,52.5,0.0,0.0
1059_MTI_FEA_XX.mp4,A,70.7142857142857,-0.5975,0.6829
1086_IWL_ANG_XX.mp4,A,72.2,-0.6027,0.6888
1027_ITS_ANG_XX.mp4,A,40.4444444444444,-0.4916,0.5618
1032_ITS_ANG_XX.mp4,N,54.4,0.0772,0.0772
1076_IOM_DIS_XX.mp4,D:N,68.0,0.0,0.0
1063_IOM_DIS_XX.mp4,N,67.0,0.0835,0.0835
1065_ITS_NEU_XX.mp4,N,66.7,0.0834,0.0834
1070_ITS_NEU_XX.mp4,N,60.7777777777778,0.0804,0.0804
1029_TSI_HAP_XX.mp4,H,67.0,0.668,0.501
1038_IEO_SAD_HI.mp4,N:S,61.1,0.0,0.0
1008_TSI_FEA_XX.mp4,F,84.8,-0.5544,0.6468
1018_TAI_HAP_XX.mp4,F:N,58.2,0.0,0.0
1029_IEO_SAD_MD.mp4,F:S,74.0,0.0,0.0
1039_TAI_FEA_XX.mp4,F,63.5555555555556,-0.4907,0.5724
1068_IWL_SAD_XX.mp4,N,54.8,0.0774,0.0774
1058_IEO_ANG_HI.mp4,A,82.375,-0.6383,0.7295
1051_MTI_DIS_XX.mp4,N:S,37.5555555555556,0.0,0.0
1044_MTI_DIS_XX.mp4,D,50.1111111111111,-0.5254,0.3002
1040_ITS_FEA_XX.mp4,F,58.3333333333333,-0.475,0.5542
1055_ITS_FEA_XX.mp4,F,77.5,-0.5325,0.6212
1061_ITS_HAP_XX.mp4,H,65.3333333333333,0.6613,0.496
1074_ITS_HAP_XX.mp4,N,59.2222222222222,0.0796,0.0796
1049_IEO_ANG_MD.mp4,A,64.8,-0.5768,0.6592
1008_IWL_ANG_XX.mp4,A,50.4285714285714,-0.5265,0.6017
1038_TSI_NEU_XX.mp4,N,54.1,0.0771,0.0771
1082_IOM_ANG_XX.mp4,N,52.125,0.0761,0.0761
1047_ITS_SAD_XX.mp4,N,57.9,0.079,0.079
1052_ITS_SAD_XX.mp4,F:S,57.5,0.0,0.0
1009_TAI_NEU_XX.mp4,N,71.1,0.0856,0.0856
1008_IEO_FEA_LO.mp4,F,49.1,-0.4473,0.5219
1029_IEO_HAP_LO.mp4,N,65.5454545454545,0.0828,0.0828
1066_IWW_DIS_XX.mp4,F,59.0,-0.477,0.5565
1073_IWW_DIS_XX.mp4,D,46.7,-0.5134,0.2934
1069_DFA_NEU_XX.mp4,N,53.0909090909091,0.0765,0.0765
1059_WSI_FEA_XX.mp4,A,59.5,-0.5582,0.638
1078_WSI_HAP_XX.mp4,F,57.0,-0.471,0.5495
1059_DFA_FEA_XX.mp4,F,51.75,-0.4552,0.5311
1078_DFA_HAP_XX.mp4,H,74.3,0.6972,0.5229
1049_ITH_DIS_XX.mp4,F,53.8,-0.4614,0.5383
1069_WSI_NEU_XX.mp4,N,57.0,0.0785,0.0785
1087_IWW_ANG_XX.mp4,D:N,45.7,0.0,0.0
1031_TIE_SAD_XX.mp4,N,55.6,0.0778,0.0778
1020_WSI_DIS_XX.mp4,A,53.0,-0.5355,0.612
1024_TIE_SAD_XX.mp4,N,60.7777777777778,0.0804,0.0804
1035_WSI_DIS_XX.mp4,D,59.5,-0.5582,0.319
1083_DFA_NEU_XX.mp4,N,50.6,0.0753,0.0753
1018_IWW_SAD_XX.mp4,F,60.8,-0.4824,0.5628
1017_TIE_HAP_XX.mp4,N,66.7777777777778,0.0834,0.0834
1002_TIE_HAP_XX.mp4,A,70.1,-0.5953,0.6804
1036_TIE_FEA_XX.mp4,N,33.625,0.0668,0.0668
1023_TIE_FEA_XX.mp4,F,69.4,-0.5082,0.5929
1087_WSI_HAP_XX.mp4,N,64.6666666666667,0.0823,0.0823
1015_ITH_NEU_XX.mp4,N,68.1,0.0841,0.0841
1042_ITH_ANG_XX.mp4,A,69.5,-0.5932,0.678
1057_ITH_ANG_XX.mp4,F,47.6666666666667,-0.443,0.5168
1064_IEO_DIS_LO.mp4,D,57.3,-0.5505,0.3146
1071_IEO_DIS_LO.mp4,N,44.9,0.0725,0.0725
1085_IEO_ANG_LO.mp4,D,50.7,-0.5274,0.3014
1090_IEO_ANG_LO.mp4,D,62.0,-0.567,0.324
1087_DFA_HAP_XX.mp4,N,66.125,0.0831,0.0831
1022_ITH_SAD_XX.mp4,N,52.3,0.0762,0.0762
1037_ITH_SAD_XX.mp4,F,61.5555555555556,-0.4847,0.5654
1031_IEO_NEU_XX.mp4,N,80.4,0.0902,0.0902
1024_IEO_NEU_XX.mp4,N,61.0,0.0805,0.0805
1013_TIE_NEU_XX.mp4,N,62.6666666666667,0.0813,0.0813
1006_TIE_NEU_XX.mp4,N,67.6363636363636,0.0838,0.0838
1051_TIE_ANG_XX.mp4,A,44.0,-0.504,0.576
1044_TIE_ANG_XX.mp4,A,51.5,-0.5302,0.606
1078_IWW_ANG_XX.mp4,F,50.6,-0.4518,0.5271
1025_ITH_FEA_XX.mp4,F,50.6363636363636,-0.4519,0.5272
1030_ITH_FEA_XX.mp4,F,50.4444444444444,-0.4513,0.5266
1035_DFA_DIS_XX.mp4,D,52.4444444444444,-0.5336,0.3049
1004_ITH_HAP_XX.mp4,F,65.6666666666667,-0.497,0.5798
1083_WSI_NEU_XX.mp4,N,56.3,0.0781,0.0781
1011_ITH_HAP_XX.mp4,N,67.625,0.0838,0.0838
1020_DFA_DIS_XX.mp4,D,53.6666666666667,-0.5378,0.3073
1055_TAI_DIS_XX.mp4,N,43.2,0.0716,0.0716
1040_TAI_DIS_XX.mp4,D,68.1666666666667,-0.5886,0.3363
1008_IOM_SAD_XX.mp4,A,37.5714285714286,-0.4815,0.5503
1064_TSI_DIS_XX.mp4,D,51.25,-0.5294,0.3025
1089_IOM_DIS_XX.mp4,N,49.5,0.0748,0.0748
1071_TSI_DIS_XX.mp4,N,39.2222222222222,0.0696,0.0696
1085_IWL_FEA_XX.mp4,F,42.1,-0.4263,0.4973
1090_IWL_FEA_XX.mp4,N,43.25,0.0716,0.0716
1003_IWL_DIS_XX.mp4,N,69.3333333333333,0.0847,0.0847
1016_IWL_DIS_XX.mp4,D:H,56.6363636363636,0.0,0.0
1057_IEO_DIS_MD.mp4,N,49.7777777777778,0.0749,0.0749
1042_IEO_DIS_MD.mp4,D,56.8,-0.5488,0.3136
1018_MTI_NEU_XX.mp4,N,58.3636363636364,0.0792,0.0792
1082_IWL_SAD_XX.mp4,N,56.9,0.0785,0.0785
1046_IEO_DIS_HI.mp4,N,58.5555555555556,0.0793,0.0793
1053_IEO_DIS_HI.mp4,F,63.2,-0.4896,0.5712
1085_TSI_ANG_XX.mp4,A,55.5,-0.5443,0.622
1068_IOM_ANG_XX.mp4,A,43.4,-0.5019,0.5736
1090_TSI_ANG_XX.mp4,A,71.4285714285714,-0.6,0.6857
1039_ITS_DIS_XX.mp4,D,60.2222222222222,-0.5608,0.3204
1028_MTI_FEA_XX.mp4,F:S,64.75,0.0,0.0
1081_IOM_FEA_XX.mp4,N,56.0,0.078,0.078
1079_TSI_FEA_XX.mp4,F,74.9,-0.5247,0.6121
1049_IEO_SAD_HI.mp4,N,43.8888888888889,0.0719,0.0719
1058_TSI_HAP_XX.mp4,F:H,52.3333333333333,0.0,0.0
1048_TAI_FEA_XX.mp4,S,66.2,-0.4986,0.1662
1019_IWL_SAD_XX.mp4,N,71.7,0.0859,0.0859
1058_IEO_SAD_MD.mp4,N:S,67.5555555555556,0.0,0.0
1069_TAI_HAP_XX.mp4,N,61.875,0.0809,0.0809
1083_MTI_NEU_XX.mp4,N,77.5,0.0887,0.0887
1086_IOM_SAD_XX.mp4,S,66.9,-0.5007,0.1669
1043_ITS_ANG_XX.mp4,D,47.5,-0.5162,0.295
1056_ITS_ANG_XX.mp4,A:N,50.25,0.0,0.0
1001_ITS_NEU_XX.mp4,N,82.4444444444444,0.0912,0.0912
1014_ITS_NEU_XX.mp4,N,72.875,0.0864,0.0864
1012_IOM_DIS_XX.mp4,D,48.7777777777778,-0.5207,0.2976
1007_IOM_DIS_XX.mp4,N,53.6363636363636,0.0768,0.0768
1049_TSI_NEU_XX.mp4,N,42.5555555555556,0.0713,0.0713
1087_MTI_HAP_XX.mp4,N,61.5,0.0808,0.0808
1023_ITS_SAD_XX.mp4,N,57.1111111111111,0.0786,0.0786
1078_TAI_NEU_XX.mp4,N,68.75,0.0844,0.0844
1036_ITS_SAD_XX.mp4,N,71.5714285714286,0.0858,0.0858
1035_MTI_DIS_XX.mp4,D,51.0,-0.5285,0.302
1020_MTI_DIS_XX.mp4,S,59.8888888888889,-0.4797,0.1599
1029_IEO_ANG_HI.mp4,A,96.8,-0.6888,0.7872
1005_ITS_HAP_XX.mp4,H,62.5555555555556,0.6502,0.4877
1010_ITS_HAP_XX.mp4,H,58.4444444444444,0.6338,0.4753
1024_ITS_FEA_XX.mp4,F,57.25,-0.4718,0.5504
1031_ITS_FEA_XX.mp4,N,61.9,0.081,0.081
1079_IWL_ANG_XX.mp4,D,69.7777777777778,-0.5942,0.3396
1038_IEO_ANG_MD.mp4,A,63.0,-0.5705,0.652
1009_WSI_HAP_XX.mp4,H,53.9,0.6156,0.4617
1084_IWW_FEA_XX.mp4,F,50.0,-0.45,0.525
1091_IWW_FEA_XX.mp4,F,44.8888888888889,-0.4347,0.5071
1028_WSI_FEA_XX.mp4,S,81.1,-0.5433,0.1811
1058_IEO_HAP_LO.mp4,N,54.6666666666667,0.0773,0.0773
1079_IEO_FEA_LO.mp4,N,62.5555555555556,0.0813,0.0813
1018_DFA_NEU_XX.mp4,N,60.8888888888889,0.0804,0.0804
1002_IWW_DIS_XX.mp4,D,41.7777777777778,-0.4962,0.2836
1017_IWW_DIS_XX.mp4,F,60.4,-0.4812,0.5614
1083_IWW_SAD_XX.mp4,N,60.75,0.0804,0.0804
1088_TIE_NEU_XX.mp4,N,45.7,0.0729,0.0729
1018_WSI_NEU_XX.mp4,N,62.8,0.0814,0.0814
1009_DFA_HAP_XX.mp4,H,64.6666666666667,0.6587,0.494
1038_ITH_DIS_XX.mp4,D,50.7777777777778,-0.5277,0.3016
1028_DFA_FEA_XX.mp4,S,49.1,-0.4473,0.1491
1024_IWW_HAP_XX.mp4,N,54.8888888888889,0.0774,0.0774
1031_IWW_HAP_XX.mp4,N,54.3,0.0771,0.0771
1005_IWW_FEA_XX.mp4,S,43.7777777777778,-0.4313,0.1438
1088_WSI_HAP_XX.mp4,N,60.125,0.0801,0.0801
1010_IWW_FEA_XX.mp4,F,53.8181818181818,-0.4615,0.5384
1058_ITH_ANG_XX.mp4,A,60.75,-0.5626,0.643
1018_TIE_HAP_XX.mp4,N,50.8888888888889,0.0754,0.0754
1039_TIE_FEA_XX.mp4,F,64.2222222222222,-0.4927,0.5748
1002_IWW_SAD_XX.mp4,N,40.3333333333333,0.0702,0.0702
1017_IWW_SAD_XX.mp4,F,59.1111111111111,-0.4773,0.5569
1083_IWW_DIS_XX.mp4,N,53.5555555555556,0.0768,0.0768
1062_IWW_ANG_XX.mp4,A,56.0,-0.546,0.624
1077_IWW_ANG_XX.mp4,D,67.5,-0.5862,0.335
1020_IWW_NEU_XX.mp4,N,48.9,0.0745,0.0745
1035_IWW_NEU_XX.mp4,F:N,52.4444444444444,0.0,0.0
1009_TIE_NEU_XX.mp4,N,57.5,0.0788,0.0788
1038_ITH_SAD_XX.mp4,N,51.4444444444444,0.0757,0.0757
1088_DFA_HAP_XX.mp4,N,62.375,0.0812,0.0812
1017_MTI_NEU_XX.mp4,N,70.5,0.0853,0.0853
1002_MTI_NEU_XX.mp4,N:S,59.4444444444444,0.0,0.0
1055_MTI_ANG_XX.mp4,A,59.5555555555556,-0.5584,0.6382
1040_MTI_ANG_XX.mp4,D,51.0,-0.5285,0.302
1049_IEO_DIS_HI.mp4,N,63.125,0.0816,0.0816
1034_IOM_HAP_XX.mp4,H,53.25,0.613,0.4597
1019_IWL_DIS_XX.mp4,D,45.8,-0.5103,0.2916
1021_IOM_HAP_XX.mp4,N,64.8,0.0824,0.0824
1015_IOM_FEA_XX.mp4,N,36.9,0.0684,0.0684
1058_IEO_DIS_MD.mp4,H,66.2222222222222,0.6649,0.4987
1086_IOM_DIS_XX.mp4,D,51.2222222222222,-0.5293,0.3024
1080_ITS_NEU_XX.mp4,N,54.8888888888889,0.0774,0.0774
1012_IOM_SAD_XX.mp4,N,58.2222222222222,0.0791,0.0791
1007_IOM_SAD_XX.mp4,S,48.8181818181818,-0.4465,0.1488
1032_MTI_FEA_XX.mp4,N,61.3,0.0806,0.0806
1027_MTI_FEA_XX.mp4,S,45.3636363636364,-0.4361,0.1454
1013_MTI_HAP_XX.mp4,A,66.6,-0.5831,0.6664
1006_MTI_HAP_XX.mp4,H:N,55.4,0.0,0.0
1072_IOM_ANG_XX.mp4,A,76.0,-0.616,0.704
1067_IOM_ANG_XX.mp4,A,51.7,-0.5309,0.6068
1030_IOM_NEU_XX.mp4,N,51.7777777777778,0.0759,0.0759
1025_IOM_NEU_XX.mp4,N,62.5,0.0813,0.0813
1023_ITS_DIS_XX.mp4,D,46.125,-0.5114,0.2923
1036_ITS_DIS_XX.mp4,D:N,44.1111111111111,0.0,0.0
1035_MTI_SAD_XX.mp4,N,57.6,0.0788,0.0788
1020_MTI_SAD_XX.mp4,S,49.5555555555556,-0.4487,0.1496
1084_ITS_HAP_XX.mp4,N,64.0,0.082,0.082
1091_ITS_HAP_XX.mp4,N,56.2222222222222,0.0781,0.0781
1059_ITS_ANG_XX.mp4,A,60.5,-0.5617,0.642
1071_IEO_HAP_MD.mp4,N,67.7,0.0839,0.0839
1004_IWL_FEA_XX.mp4,N,46.8,0.0734,0.0734
1055_TAI_SAD_XX.mp4,N,56.5,0.0783,0.0783
1040_TAI_SAD_XX.mp4,N,45.2857142857143,0.0726,0.0726
1011_IWL_FEA_XX.mp4,F,51.2222222222222,-0.4537,0.5293
1064_IEO_HAP_MD.mp4,D,52.5714285714286,-0.534,0.3051
1025_IWL_HAP_XX.mp4,N,69.4444444444444,0.0847,0.0847
1050_IEO_FEA_MD.mp4,F,54.8,-0.4644,0.5418
1045_IEO_FEA_MD.mp4,A:N,58.0,0.0,0.0
1008_IOM_DIS_XX.mp4,A,51.8,-0.5313,0.6072
1030_IWL_HAP_XX.mp4,N,45.6666666666667,0.0728,0.0728
1060_IEO_HAP_HI.mp4,N,59.2,0.0796,0.0796
1064_TSI_SAD_XX.mp4,F:N:S,44.9,0.0,0.0
1071_TSI_SAD_XX.mp4,N,67.6,0.0838,0.0838
1075_IEO_HAP_HI.mp4,H,57.3333333333333,0.6293,0.472
1089_IOM_SAD_XX.mp4,S,70.5,-0.5115,0.1705
1041_IEO_FEA_HI.mp4,F,57.8,-0.4734,0.5523
1054_IEO_FEA_HI.mp4,F,61.5555555555556,-0.4847,0.5654
1052_TAI_FEA_XX.mp4,F,55.0,-0.465,0.5425
1003_IWL_SAD_XX.mp4,N,53.7777777777778,0.0769,0.0769
1016_IWL_SAD_XX.mp4,S,49.5454545454545,-0.4486,0.1495
1047_TAI_FEA_XX.mp4,F:N,65.3333333333333,0.0,0.0
1073_TAI_HAP_XX.mp4,N,70.5555555555556,0.0853,0.0853
1057_IEO_SAD_MD.mp4,N,57.1111111111111,0.0786,0.0786
1042_IEO_SAD_MD.mp4,N,64.7,0.0824,0.0824
1066_TAI_HAP_XX.mp4,N,74.4,0.0872,0.0872
1063_TSI_FEA_XX.mp4,F,56.5,-0.4695,0.5477
1076_TSI_FEA_XX.mp4,F,51.7777777777778,-0.4553,0.5312
1042_TSI_HAP_XX.mp4,H:N,59.7142857142857,0.0,0.0
1046_IEO_SAD_HI.mp4,S,59.6,-0.4788,0.1596
1082_IWL_DIS_XX.mp4,N,67.3,0.0837,0.0837
1053_IEO_SAD_HI.mp4,N,60.2,0.0801,0.0801
1057_TSI_HAP_XX.mp4,F,61.6666666666667,-0.485,0.5658
1021_IWL_NEU_XX.mp4,N,66.5,0.0833,0.0833
1034_IWL_NEU_XX.mp4,N,57.7,0.0789,0.0789
1063_IWL_ANG_XX.mp4,A,55.9,-0.5456,0.6236
1076_IWL_ANG_XX.mp4,N,47.3333333333333,0.0737,0.0737
1037_IEO_ANG_MD.mp4,A,48.8888888888889,-0.5211,0.5956
1022_IEO_ANG_MD.mp4,A,64.375,-0.5753,0.6575
1026_IEO_ANG_HI.mp4,A,57.7777777777778,-0.5522,0.6311
1033_IEO_ANG_HI.mp4,A,83.1,-0.6408,0.7324
1035_TAI_ANG_XX.mp4,A,67.3,-0.5856,0.6692
1020_TAI_ANG_XX.mp4,A,57.7272727272727,-0.552,0.6309
1088_MTI_HAP_XX.mp4,N,51.2222222222222,0.0756,0.0756
1077_TAI_NEU_XX.mp4,N,73.6666666666667,0.0868,0.0868
1062_TAI_NEU_XX.mp4,N,53.7272727272727,0.0769,0.0769
1039_ITS_SAD_XX.mp4,N,50.75,0.0754,0.0754
1046_TSI_NEU_XX.mp4,N,42.3333333333333,0.0712,0.0712
1053_TSI_NEU_XX.mp4,N,76.6,0.0883,0.0883
1004_TSI_ANG_XX.mp4,A,56.5,-0.5477,0.626
1011_TSI_ANG_XX.mp4,A,53.2,-0.5362,0.6128
1020_WSI_SAD_XX.mp4,S,66.2222222222222,-0.4987,0.1662
1031_TIE_DIS_XX.mp4,N,63.1,0.0816,0.0816
1035_WSI_SAD_XX.mp4,D:N,37.5714285714286,0.0,0.0
1024_TIE_DIS_XX.mp4,D,57.7,-0.5519,0.3154
1042_IEO_HAP_LO.mp4,H,62.25,0.649,0.4868
1057_IEO_HAP_LO.mp4,N,61.4,0.0807,0.0807
1055_DFA_ANG_XX.mp4,A,81.3333333333333,-0.6347,0.7253
1063_IEO_FEA_LO.mp4,N,49.2,0.0746,0.0746
1076_IEO_FEA_LO.mp4,N,42.2222222222222,0.0711,0.0711
1040_DFA_ANG_XX.mp4,N,76.1111111111111,0.0881,0.0881
1017_DFA_NEU_XX.mp4,N,71.25,0.0856,0.0856
1002_DFA_NEU_XX.mp4,N,56.2727272727273,0.0781,0.0781
1018_IWW_DIS_XX.mp4,F,40.3,-0.4209,0.491
1081_ITH_NEU_XX.mp4,N,57.8888888888889,0.0789,0.0789
1006_WSI_HAP_XX.mp4,H,52.125,0.6085,0.4564
1013_WSI_HAP_XX.mp4,S,59.1111111111111,-0.4773,0.1591
1027_WSI_FEA_XX.mp4,A,52.6666666666667,-0.5343,0.6107
1032_WSI_FEA_XX.mp4,N,49.4444444444444,0.0747,0.0747
1083_TIE_HAP_XX.mp4,N,48.875,0.0744,0.0744
1064_IEO_SAD_LO.mp4,S,62.4,-0.4872,0.1624
1071_IEO_SAD_LO.mp4,N,53.0,0.0765,0.0765
1013_DFA_HAP_XX.mp4,H,65.7777777777778,0.6631,0.4973
1022_ITH_DIS_XX.mp4,D,75.4,-0.6139,0.3508
1037_ITH_DIS_XX.mp4,D,43.875,-0.5036,0.2878
1006_DFA_HAP_XX.mp4,H,61.0,0.644,0.483
1032_DFA_FEA_XX.mp4,N,58.3333333333333,0.0792,0.0792
1004_IEO_ANG_LO.mp4,A,55.2727272727273,-0.5435,0.6211
1011_IEO_ANG_LO.mp4,A,55.9,-0.5456,0.6236
1027_DFA_FEA_XX.mp4,N,47.6666666666667,0.0738,0.0738
1002_WSI_NEU_XX.mp4,N,64.875,0.0824,0.0824
1085_ITH_HAP_XX.mp4,H,68.2222222222222,0.6729,0.5047
1090_ITH_HAP_XX.mp4,N,62.7777777777778,0.0814,0.0814
1017_WSI_NEU_XX.mp4,N,49.6,0.0748,0.0748
1040_WSI_ANG_XX.mp4,A,60.6,-0.5621,0.6424
1055_WSI_ANG_XX.mp4,A,32.25,-0.4629,0.529
1035_DFA_SAD_XX.mp4,N,54.7777777777778,0.0774,0.0774
1020_DFA_SAD_XX.mp4,S,50.1,-0.4503,0.1501
1087_TIE_NEU_XX.mp4,N,52.0,0.076,0.076
1066_IWW_SAD_XX.mp4,N,59.4,0.0797,0.0797
1073_IWW_SAD_XX.mp4,F:N,46.4444444444444,0.0,0.0
1089_IEO_FEA_LO.mp4,N,40.4,0.0702,0.0702
1061_IWW_FEA_XX.mp4,F,39.25,-0.4178,0.4874
1074_IWW_FEA_XX.mp4,F,57.125,-0.4714,0.5499
1040_IWW_HAP_XX.mp4,N,50.875,0.0754,0.0754
1055_IWW_HAP_XX.mp4,N,64.8333333333333,0.0824,0.0824
1029_ITH_ANG_XX.mp4,A,68.5,-0.5897,0.674
1048_TIE_FEA_XX.mp4,N,63.1,0.0816,0.0816
1069_TIE_HAP_XX.mp4,N,60.125,0.0801,0.0801
1049_ITH_SAD_XX.mp4,S,58.5,-0.4755,0.1585
1006_IWW_ANG_XX.mp4,D,48.75,-0.5206,0.2975
1013_IWW_ANG_XX.mp4,A,76.4,-0.6174,0.7056
1044_IWW_NEU_XX.mp4,N,52.2,0.0761,0.0761
1051_IWW_NEU_XX.mp4,N,74.75,0.0874,0.0874
1078_TIE_NEU_XX.mp4,N,58.0,0.079,0.079
1076_IOM_SAD_XX.mp4,N,85.8888888888889,0.0929,0.0929
1063_IOM_SAD_XX.mp4,N:S,45.0,0.0,0.0
1073_MTI_NEU_XX.mp4,N,73.8888888888889,0.0869,0.0869
1066_MTI_NEU_XX.mp4,N,59.4444444444444,0.0797,0.0797
1038_IEO_DIS_HI.mp4,D,59.9,-0.5596,0.3198
1031_MTI_ANG_XX.mp4,N,47.3,0.0736,0.0736
1024_MTI_ANG_XX.mp4,N,56.2,0.0781,0.0781
1071_IOM_FEA_XX.mp4,N,65.0,0.0825,0.0825
1089_TSI_FEA_XX.mp4,F,49.6,-0.4488,0.5236
1029_IEO_DIS_MD.mp4,H,62.6666666666667,0.6507,0.488
1064_IOM_FEA_XX.mp4,F,56.8888888888889,-0.4707,0.5491
1068_IWL_DIS_XX.mp4,D:N,53.25,0.0,0.0
1050_IOM_HAP_XX.mp4,N,62.8888888888889,0.0814,0.0814
1045_IOM_HAP_XX.mp4,N,67.1,0.0835,0.0835
1089_IWL_ANG_XX.mp4,A,72.3,-0.603,0.6892
1051_MTI_SAD_XX.mp4,N,48.0,0.074,0.074
1044_MTI_SAD_XX.mp4,N,56.3,0.0781,0.0781
1088_TAI_NEU_XX.mp4,N,63.0,0.0815,0.0815
1077_MTI_HAP_XX.mp4,N,66.625,0.0833,0.0833
1062_MTI_HAP_XX.mp4,H:N,55.5,0.0,0.0
1056_MTI_FEA_XX.mp4,F:H:N:S,52.875,0.0,0.0
1043_MTI_FEA_XX.mp4,F,47.9,-0.4437,0.5177
1016_IOM_ANG_XX.mp4,N,66.1,0.0831,0.0831
1003_IOM_ANG_XX.mp4,A,61.0,-0.5635,0.644
1047_ITS_DIS_XX.mp4,N,59.0,0.0795,0.0795
1052_ITS_DIS_XX.mp4,N,53.7777777777778,0.0769,0.0769
1054_IOM_NEU_XX.mp4,N,51.9,0.076,0.076
1041_IOM_NEU_XX.mp4,N,55.2,0.0776,0.0776
1017_TAI_HAP_XX.mp4,N,67.3,0.0837,0.0837
1033_IEO_SAD_MD.mp4,N,52.5,0.0762,0.0762
1026_IEO_SAD_MD.mp4,A:N,47.6,0.0,0.0
1002_TAI_HAP_XX.mp4,H,59.5,0.638,0.4785
1067_IWL_SAD_XX.mp4,N,56.1,0.0781,0.0781
1036_TAI_FEA_XX.mp4,F,58.25,-0.4748,0.5539
1023_TAI_FEA_XX.mp4,F,63.5,-0.4905,0.5722
1072_IWL_SAD_XX.mp4,N,65.8,0.0829,0.0829
1026_TSI_HAP_XX.mp4,D:H,59.3333333333333,0.0,0.0
1022_IEO_SAD_HI.mp4,S,64.5555555555556,-0.4937,0.1646
1037_IEO_SAD_HI.mp4,N,52.7777777777778,0.0764,0.0764
1033_TSI_HAP_XX.mp4,A:N,67.0,0.0,0.0
1007_TSI_FEA_XX.mp4,N,49.0,0.0745,0.0745
1012_TSI_FEA_XX.mp4,F,59.25,-0.4778,0.5574
1028_ITS_ANG_XX.mp4,A,58.3,-0.554,0.6332
1079_IOM_DIS_XX.mp4,D,59.1111111111111,-0.5569,0.3182
1041_IWL_HAP_XX.mp4,N,64.5,0.0823,0.0823
1034_IEO_FEA_MD.mp4,A:N,60.8888888888889,0.0,0.0
1081_TSI_DIS_XX.mp4,F,32.6,-0.3978,0.4641
1021_IEO_FEA_MD.mp4,N,60.0,0.08,0.08
1054_IWL_HAP_XX.mp4,H:N,58.0,0.0,0.0
1015_IEO_HAP_MD.mp4,N,54.2222222222222,0.0771,0.0771
1031_TAI_SAD_XX.mp4,S,56.0,-0.468,0.156
1060_IWL_FEA_XX.mp4,N,56.4,0.0782,0.0782
1075_IWL_FEA_XX.mp4,N,62.4444444444444,0.0812,0.0812
1024_TAI_SAD_XX.mp4,N,30.6666666666667,0.0653,0.0653
1025_IEO_FEA_HI.mp4,F,74.2,-0.5226,0.6097
1030_IEO_FEA_HI.mp4,F,63.7,-0.4911,0.5729
1004_IEO_HAP_HI.mp4,F,81.0,-0.543,0.6335
1015_TSI_SAD_XX.mp4,F,45.1111111111111,-0.4353,0.5079
1011_IEO_HAP_HI.mp4,H,75.625,0.7025,0.5269
1051_TAI_ANG_XX.mp4,A,60.4,-0.5614,0.6416
1044_TAI_ANG_XX.mp4,A,60.3,-0.561,0.6412
1013_TAI_NEU_XX.mp4,N,76.2,0.0881,0.0881
1048_ITS_SAD_XX.mp4,N,71.8888888888889,0.0859,0.0859
1006_TAI_NEU_XX.mp4,N,85.2222222222222,0.0926,0.0926
1022_TSI_NEU_XX.mp4,N,63.3,0.0817,0.0817
1037_TSI_NEU_XX.mp4,N,61.1,0.0806,0.0806
1060_TSI_ANG_XX.mp4,A,70.25,-0.5959,0.681
1075_TSI_ANG_XX.mp4,A,58.75,-0.5556,0.635
1045_IWL_NEU_XX.mp4,N,61.9,0.081,0.081
1050_IWL_NEU_XX.mp4,N,54.6666666666667,0.0773,0.0773
1053_IEO_ANG_MD.mp4,A,45.7,-0.51,0.5828
1046_IEO_ANG_MD.mp4,D,68.75,-0.5906,0.3375
1007_IWL_ANG_XX.mp4,D,53.2222222222222,-0.5363,0.3064
1012_IWL_ANG_XX.mp4,A,56.875,-0.5491,0.6275
1042_IEO_ANG_HI.mp4,A,83.1,-0.6408,0.7324
1057_IEO_ANG_HI.mp4,A,92.5,-0.6737,0.77
1081_IEO_DIS_LO.mp4,N,48.7777777777778,0.0744,0.0744
1043_WSI_FEA_XX.mp4,F,47.8888888888889,-0.4437,0.5176
1056_WSI_FEA_XX.mp4,A,42.0,-0.497,0.568
1062_WSI_HAP_XX.mp4,N,50.1111111111111,0.0751,0.0751
1077_WSI_HAP_XX.mp4,D,49.375,-0.5228,0.2988
1015_IEO_SAD_LO.mp4,N,73.6666666666667,0.0868,0.0868
1044_WSI_SAD_XX.mp4,N,60.1111111111111,0.0801,0.0801
1055_TIE_DIS_XX.mp4,D,57.2857142857143,-0.5505,0.3146
1051_WSI_SAD_XX.mp4,N,61.7777777777778,0.0809,0.0809
1040_TIE_DIS_XX.mp4,N,52.0,0.076,0.076
1007_IEO_FEA_LO.mp4,N,45.8,0.0729,0.0729
1031_DFA_ANG_XX.mp4,N,59.2222222222222,0.0796,0.0796
1024_DFA_ANG_XX.mp4,N,47.7,0.0739,0.0739
1012_IEO_FEA_LO.mp4,N:S,51.4,0.0,0.0
1026_IEO_HAP_LO.mp4,N,60.0,0.08,0.08
1033_IEO_HAP_LO.mp4,H:N,55.0,0.0,0.0
1069_IWW_DIS_XX.mp4,D,61.6666666666667,-0.5658,0.3233
1073_DFA_NEU_XX.mp4,N,61.3,0.0806,0.0806
1066_DFA_NEU_XX.mp4,N,57.2,0.0786,0.0786
1066_WSI_NEU_XX.mp4,N,53.1,0.0766,0.0766
1073_WSI_NEU_XX.mp4,N,55.2222222222222,0.0776,0.0776
1024_WSI_ANG_XX.mp4,N,44.8,0.0724,0.0724
1031_WSI_ANG_XX.mp4,N,66.0,0.083,0.083
1088_IWW_ANG_XX.mp4,A,44.6666666666667,-0.5063,0.5787
1051_DFA_SAD_XX.mp4,N,66.3,0.0832,0.0832
1044_DFA_SAD_XX.mp4,N,62.6,0.0813,0.0813
1060_IEO_ANG_LO.mp4,D,47.2,-0.5152,0.2944
1056_DFA_FEA_XX.mp4,N,51.0,0.0755,0.0755
1043_DFA_FEA_XX.mp4,N,48.8888888888889,0.0744,0.0744
1075_IEO_ANG_LO.mp4,N,59.3333333333333,0.0797,0.0797
1046_ITH_DIS_XX.mp4,N,60.8333333333333,0.0804,0.0804
1077_DFA_HAP_XX.mp4,N,69.9,0.085,0.085
1062_DFA_HAP_XX.mp4,N,63.6,0.0818,0.0818
1053_ITH_DIS_XX.mp4,F,61.8888888888889,-0.4857,0.5666
1080_IWW_ANG_XX.mp4,A,63.1,-0.5708,0.6524
1039_WSI_ANG_XX.mp4,A,82.75,-0.6396,0.731
1059_DFA_SAD_XX.mp4,N,57.0,0.0785,0.0785
1068_IEO_ANG_LO.mp4,A,64.2222222222222,-0.5748,0.6569
1089_IEO_DIS_LO.mp4,N,59.2222222222222,0.0796,0.0796
1008_IEO_SAD_LO.mp4,N,60.4,0.0802,0.0802
1059_WSI_SAD_XX.mp4,D:N,58.875,0.0,0.0
1048_TIE_DIS_XX.mp4,N,58.75,0.0794,0.0794
1039_DFA_ANG_XX.mp4,A,61.4,-0.5649,0.6456
1074_IWW_DIS_XX.mp4,F,62.1111111111111,-0.4863,0.5674
1061_IWW_DIS_XX.mp4,N,47.5,0.0738,0.0738
1059_TAI_ANG_XX.mp4,A,75.0,-0.6125,0.7
1055_ITS_SAD_XX.mp4,N,56.0,0.078,0.078
1040_ITS_SAD_XX.mp4,N,54.125,0.0771,0.0771
1085_IOM_ANG_XX.mp4,A,45.4,-0.5089,0.5816
1090_IOM_ANG_XX.mp4,A,54.8888888888889,-0.5421,0.6196
1068_TSI_ANG_XX.mp4,A,69.9,-0.5947,0.6796
1073_ITS_HAP_XX.mp4,N,69.5555555555556,0.0848,0.0848
1066_ITS_HAP_XX.mp4,N,67.7142857142857,0.0839,0.0839
1052_ITS_FEA_XX.mp4,F,47.4,-0.4422,0.5159
1058_IWL_NEU_XX.mp4,N,59.4444444444444,0.0797,0.0797
1047_ITS_FEA_XX.mp4,F,59.7,-0.4791,0.5589
1043_MTI_DIS_XX.mp4,N,58.1111111111111,0.0791,0.0791
1056_MTI_DIS_XX.mp4,A,53.1,-0.5359,0.6124
1035_ITS_ANG_XX.mp4,D,46.5,-0.5128,0.293
1020_ITS_ANG_XX.mp4,N,53.375,0.0767,0.0767
1077_ITS_NEU_XX.mp4,N,58.375,0.0792,0.0792
1008_IEO_HAP_MD.mp4,H,49.6,0.5984,0.4488
1039_TAI_SAD_XX.mp4,S,53.2,-0.4596,0.1532
1062_ITS_NEU_XX.mp4,N,73.0,0.0865,0.0865
1068_IWL_FEA_XX.mp4,A:N,53.2857142857143,0.0,0.0
1029_IEO_FEA_MD.mp4,N,45.0,0.0725,0.0725
1064_IOM_DIS_XX.mp4,D,67.5,-0.5862,0.335
1071_IOM_DIS_XX.mp4,N,71.0,0.0855,0.0855
1049_IWL_HAP_XX.mp4,H,75.4444444444444,0.7018,0.5263
1089_TSI_DIS_XX.mp4,D,63.2222222222222,-0.5713,0.3264
1019_IEO_HAP_HI.mp4,N,64.1818181818182,0.0821,0.0821
1008_TSI_SAD_XX.mp4,F,39.75,-0.4192,0.4891
1038_IEO_FEA_HI.mp4,F,58.7,-0.4761,0.5554
1059_MTI_SAD_XX.mp4,N,44.3333333333333,0.0722,0.0722
1081_IWL_ANG_XX.mp4,A,74.0,-0.609,0.696
1080_TAI_NEU_XX.mp4,N,53.7,0.0769,0.0769
1049_IOM_NEU_XX.mp4,N,68.7777777777778,0.0844,0.0844
1012_TSI_DIS_XX.mp4,N,51.6666666666667,0.0758,0.0758
1007_TSI_DIS_XX.mp4,D:N,59.6666666666667,0.0,0.0
1086_IEO_HAP_MD.mp4,A,54.1111111111111,-0.5394,0.6164
1023_TAI_DIS_XX.mp4,A,56.8,-0.5488,0.6272
1036_TAI_DIS_XX.mp4,A:D,63.125,0.0,0.0
1082_IEO_HAP_HI.mp4,H,63.25,0.653,0.4897
1086_TSI_SAD_XX.mp4,N,64.0,0.082,0.082
1084_TAI_HAP_XX.mp4,N,66.7272727272727,0.0834,0.0834
1039_MTI_ANG_XX.mp4,D,55.625,-0.5447,0.3113
1091_TAI_HAP_XX.mp4,N,55.2222222222222,0.0776,0.0776
1030_IEO_DIS_HI.mp4,N,68.375,0.0842,0.0842
1025_IEO_DIS_HI.mp4,F:N,51.1111111111111,0.0,0.0
1075_IWL_DIS_XX.mp4,N,45.5555555555556,0.0728,0.0728
1060_IWL_DIS_XX.mp4,N,63.7777777777778,0.0819,0.0819
1058_IOM_HAP_XX.mp4,N,51.4,0.0757,0.0757
1021_IEO_DIS_MD.mp4,D,53.1111111111111,-0.5359,0.3062
1079_IOM_FEA_XX.mp4,F,64.5714285714286,-0.4937,0.576
1081_TSI_FEA_XX.mp4,F,66.7777777777778,-0.5003,0.5837
1034_IEO_DIS_MD.mp4,A,45.0,-0.5075,0.58
1054_ITH_SAD_XX.mp4,F,56.3,-0.4689,0.547
1041_ITH_SAD_XX.mp4,N,62.3,0.0811,0.0811
1047_IEO_NEU_XX.mp4,N,59.6,0.0798,0.0798
1052_IEO_NEU_XX.mp4,N,70.4444444444444,0.0852,0.0852
1053_ITH_FEA_XX.mp4,F,60.2222222222222,-0.4807,0.5608
1059_IWW_NEU_XX.mp4,N,42.6,0.0713,0.0713
1046_ITH_FEA_XX.mp4,A,45.7777777777778,-0.5102,0.5831
1072_ITH_HAP_XX.mp4,H,58.25,0.633,0.4748
1043_DFA_DIS_XX.mp4,N,60.0,0.08,0.08
1056_DFA_DIS_XX.mp4,N,49.8888888888889,0.0749,0.0749
1067_ITH_HAP_XX.mp4,N,33.0,0.0665,0.0665
1065_TIE_NEU_XX.mp4,N,59.7,0.0799,0.0799
1070_TIE_NEU_XX.mp4,N,61.8571428571429,0.0809,0.0809
1027_TIE_ANG_XX.mp4,A,79.7,-0.629,0.7188
1032_TIE_ANG_XX.mp4,A:D,53.9,0.0,0.0
1056_WSI_DIS_XX.mp4,D,56.75,-0.5486,0.3135
1047_TIE_SAD_XX.mp4,N,62.9,0.0815,0.0815
1043_WSI_DIS_XX.mp4,N,44.4,0.0722,0.0722
1052_TIE_SAD_XX.mp4,N:S,63.125,0.0,0.0
1081_IEO_FEA_LO.mp4,N,71.5555555555556,0.0858,0.0858
1048_IWW_HAP_XX.mp4,H,52.0,0.608,0.456
1076_ITH_NEU_XX.mp4,N,70.8888888888889,0.0854,0.0854
1063_ITH_NEU_XX.mp4,N,62.4545454545455,0.0812,0.0812
1069_IWW_FEA_XX.mp4,F:N,60.8888888888889,0.0,0.0
1034_ITH_ANG_XX.mp4,N,55.375,0.0777,0.0777
1021_ITH_ANG_XX.mp4,A,52.75,-0.5346,0.611
1012_IEO_DIS_LO.mp4,D,53.0,-0.5355,0.306
1007_IEO_DIS_LO.mp4,N,42.7272727272727,0.0714,0.0714
1086_IEO_SAD_LO.mp4,N,73.8,0.0869,0.0869
1061_TIE_HAP_XX.mp4,N,54.8888888888889,0.0774,0.0774
1074_TIE_HAP_XX.mp4,H,60.375,0.6415,0.4811
1040_TIE_FEA_XX.mp4,A:F,42.1111111111111,0.0,0.0
1055_TIE_FEA_XX.mp4,F,67.2857142857143,-0.5019,0.5855
1019_IEO_ANG_LO.mp4,A,68.6,-0.5901,0.6744
1048_WSI_ANG_XX.mp4,A,65.4444444444444,-0.5791,0.6618
1028_DFA_SAD_XX.mp4,S,70.3,-0.5109,0.1703
1028_WSI_SAD_XX.mp4,S,73.7,-0.5211,0.1737
1039_TIE_DIS_XX.mp4,A,37.75,-0.4821,0.551
1091_IWW_SAD_XX.mp4,S,65.5,-0.4965,0.1655
1084_IWW_SAD_XX.mp4,N,48.5555555555556,0.0743,0.0743
1048_DFA_ANG_XX.mp4,A,77.6666666666667,-0.6218,0.7107
1010_IWW_DIS_XX.mp4,F,49.6363636363636,-0.4489,0.5237
1005_IWW_DIS_XX.mp4,N,46.3,0.0732,0.0732
1083_IWW_FEA_XX.mp4,F,58.125,-0.4744,0.5534
1089_ITH_NEU_XX.mp4,N,75.7777777777778,0.0879,0.0879
1079_IEO_SAD_LO.mp4,S,57.7,-0.4731,0.1577
1036_ITS_FEA_XX.mp4,F,70.8888888888889,-0.5127,0.5981
1023_ITS_FEA_XX.mp4,F,50.4444444444444,-0.4513,0.5266
1029_IWL_NEU_XX.mp4,N,58.0,0.079,0.079
1017_ITS_HAP_XX.mp4,N,51.6,0.0758,0.0758
1002_ITS_HAP_XX.mp4,H,47.3333333333333,0.5893,0.442
1027_MTI_DIS_XX.mp4,N,57.5,0.0788,0.0788
1032_MTI_DIS_XX.mp4,N,59.0,0.0795,0.0795
1028_TAI_ANG_XX.mp4,A:D,89.4,0.0,0.0
1080_MTI_HAP_XX.mp4,N,62.875,0.0814,0.0814
1031_ITS_SAD_XX.mp4,N,76.6666666666667,0.0883,0.0883
1024_ITS_SAD_XX.mp4,N,43.8888888888889,0.0719,0.0719
1019_TSI_ANG_XX.mp4,A,57.7,-0.5519,0.6308
1051_ITS_ANG_XX.mp4,N,69.5,0.0847,0.0847
1044_ITS_ANG_XX.mp4,N,51.25,0.0756,0.0756
1038_IWL_HAP_XX.mp4,N,54.5,0.0772,0.0772
1015_IOM_DIS_XX.mp4,S,68.8,-0.5064,0.1688
1058_IEO_FEA_MD.mp4,F,77.6,-0.5328,0.6216
1048_TAI_SAD_XX.mp4,S,53.3636363636364,-0.4601,0.1534
1013_ITS_NEU_XX.mp4,N,68.2222222222222,0.0841,0.0841
1019_IWL_FEA_XX.mp4,N,58.9090909090909,0.0795,0.0795
1079_IEO_HAP_MD.mp4,H,69.6,0.6784,0.5088
1006_ITS_NEU_XX.mp4,N,68.7,0.0844,0.0844
1049_IEO_FEA_HI.mp4,F,61.7777777777778,-0.4853,0.5662
1079_TSI_SAD_XX.mp4,N,65.0,0.0825,0.0825
1081_IOM_SAD_XX.mp4,S,51.75,-0.4552,0.1518
1068_IEO_HAP_HI.mp4,A,54.3,-0.54,0.6172
1084_MTI_NEU_XX.mp4,N,71.375,0.0857,0.0857
1091_MTI_NEU_XX.mp4,N,69.25,0.0846,0.0846
1086_IOM_FEA_XX.mp4,D,45.4444444444444,-0.5091,0.2909
1082_TSI_ANG_XX.mp4,F,50.6,-0.4518,0.5271
1038_IOM_NEU_XX.mp4,N,66.0,0.083,0.083
1028_MTI_SAD_XX.mp4,S,91.2222222222222,-0.5737,0.1912
1090_IWL_SAD_XX.mp4,N:S,43.0,0.0,0.0
1054_IEO_DIS_HI.mp4,D,41.6,-0.4956,0.2832
1041_IEO_DIS_HI.mp4,D,41.4444444444444,-0.4951,0.2829
1085_IWL_SAD_XX.mp4,N,54.375,0.0772,0.0772
1048_MTI_ANG_XX.mp4,A,67.3333333333333,-0.5857,0.6693
1045_IEO_DIS_MD.mp4,N,67.7142857142857,0.0839,0.0839
1008_IOM_FEA_XX.mp4,F:S,66.5555555555556,0.0,0.0
1050_IEO_DIS_MD.mp4,D,59.2727272727273,-0.5575,0.3185
1011_IWL_DIS_XX.mp4,N,45.875,0.0729,0.0729
1029_IOM_HAP_XX.mp4,N,56.2,0.0781,0.0781
1004_IWL_DIS_XX.mp4,D,49.0,-0.5215,0.298
1082_IWL_FEA_XX.mp4,N,66.1111111111111,0.0831,0.0831
1088_ITS_NEU_XX.mp4,N,61.6666666666667,0.0808,0.0808
1076_TSI_DIS_XX.mp4,N,43.5,0.0718,0.0718
1063_TSI_DIS_XX.mp4,N,47.4,0.0737,0.0737
1047_TAI_DIS_XX.mp4,N,47.0,0.0735,0.0735
1052_TAI_DIS_XX.mp4,N,43.5,0.0718,0.0718
1027_DFA_DIS_XX.mp4,N,64.6666666666667,0.0823,0.0823
1016_ITH_HAP_XX.mp4,H:N,67.6,0.0,0.0
1091_WSI_NEU_XX.mp4,N,54.0,0.077,0.077
1084_WSI_NEU_XX.mp4,N,47.0,0.0735,0.0735
1003_ITH_HAP_XX.mp4,N,53.6666666666667,0.0768,0.0768
1032_DFA_DIS_XX.mp4,D,59.0,-0.5565,0.318
1037_ITH_FEA_XX.mp4,F,66.0,-0.498,0.581
1022_ITH_FEA_XX.mp4,N,64.2727272727273,0.0821,0.0821
1028_IWW_NEU_XX.mp4,F:N,52.2222222222222,0.0,0.0
1001_TIE_NEU_XX.mp4,N,77.8,0.0889,0.0889
1014_TIE_NEU_XX.mp4,N,61.0,0.0805,0.0805
1043_TIE_ANG_XX.mp4,A,61.2,-0.5642,0.6448
1056_TIE_ANG_XX.mp4,A,68.8,-0.5908,0.6752
1030_ITH_SAD_XX.mp4,N,53.6,0.0768,0.0768
1025_ITH_SAD_XX.mp4,N:S,53.5,0.0,0.0
1023_IEO_NEU_XX.mp4,N,60.3,0.0801,0.0801
1036_IEO_NEU_XX.mp4,N,58.1,0.0791,0.0791
1080_DFA_HAP_XX.mp4,H,51.9090909090909,0.6076,0.4557
1082_IEO_ANG_LO.mp4,N,73.1428571428571,0.0866,0.0866
1012_ITH_NEU_XX.mp4,N,81.625,0.0908,0.0908
1018_IWW_FEA_XX.mp4,F,57.6,-0.4728,0.5516
1007_ITH_NEU_XX.mp4,N,57.8888888888889,0.0789,0.0789
1080_WSI_HAP_XX.mp4,D,57.2,-0.5502,0.3144
1039_IWW_HAP_XX.mp4,H,61.3,0.6452,0.4839
1076_IEO_DIS_LO.mp4,N,52.5,0.0762,0.0762
1063_IEO_DIS_LO.mp4,N,57.4,0.0787,0.0787
1050_ITH_ANG_XX.mp4,A,86.5555555555556,-0.6529,0.7462
1045_ITH_ANG_XX.mp4,N,58.8,0.0794,0.0794
1024_TIE_FEA_XX.mp4,N,53.5555555555556,0.0768,0.0768
1031_TIE_FEA_XX.mp4,N,66.1,0.0831,0.0831
1005_TIE_HAP_XX.mp4,H,57.5714285714286,0.6303,0.4727
1010_TIE_HAP_XX.mp4,N,53.3,0.0766,0.0766
1084_DFA_NEU_XX.mp4,N,71.8,0.0859,0.0859
1032_WSI_DIS_XX.mp4,D,61.7,-0.5659,0.3234
1023_TIE_SAD_XX.mp4,N,49.5555555555556,0.0748,0.0748
1027_WSI_DIS_XX.mp4,A,49.8888888888889,-0.5246,0.5996
1036_TIE_SAD_XX.mp4,N,54.5555555555556,0.0773,0.0773
1091_DFA_NEU_XX.mp4,N,59.8888888888889,0.0799,0.0799
