fileName,emotion,level,valence,arousal
1003_IEO_ANG_MD.mp4,A,70.6,-1.0,0.9
1016_IEO_ANG_MD.mp4,A,44.8888888888889,-1.0,0.9
1057_IWL_ANG_XX.mp4,D,62.6666666666667,-0.9,0.5
1042_IWL_ANG_XX.mp4,D:N,51.2222222222222,0.0,0.5
1015_IWL_NEU_XX.mp4,N,63.5,0.0,0.5
1012_IEO_ANG_HI.mp4,A,87.7,-1.0,0.9
1007_IEO_ANG_HI.mp4,A:D,64.9090909090909,0.0,0.5
1018_ITS_SAD_XX.mp4,N,55.875,0.0,0.5
1043_TAI_NEU_XX.mp4,N,77.125,0.0,0.5
1056_TAI_NEU_XX.mp4,N,68.5555555555556,0.0,0.5
1088_MTI_FEA_XX.mp4,N,54.9,0.0,0.5
1001_TAI_ANG_XX.mp4,D:N,56.0,0.0,0.5
1014_TAI_ANG_XX.mp4,A,70.7,-1.0,0.9
1030_TSI_ANG_XX.mp4,A,61.4444444444444,-1.0,0.9
1025_TSI_ANG_XX.mp4,A,73.6666666666667,-1.0,0.9
1072_TSI_NEU_XX.mp4,N,71.4444444444444,0.0,0.5
1067_TSI_NEU_XX.mp4,N,58.1,0.0,0.5
1064_IEO_FEA_MD.mp4,F,59.2222222222222,-0.8,0.8
1011_IWL_HAP_XX.mp4,N,78.8571428571429,0.0,0.5
1029_IOM_DIS_XX.mp4,D,46.375,-0.9,0.5
1004_IWL_HAP_XX.mp4,N,62.2,0.0,0.5
1071_IEO_FEA_MD.mp4,N,49.0,0.0,0.5
1030_IWL_FEA_XX.mp4,A,47.125,-1.0,0.9
1061_TAI_SAD_XX.mp4,N,44.2857142857143,0.0,0.5
1045_IEO_HAP_MD.mp4,N,46.7,0.0,0.5
1050_IEO_HAP_MD.mp4,D,74.2222222222222,-0.9,0.5
1074_TAI_SAD_XX.mp4,N,76.5,0.0,0.5
1025_IWL_FEA_XX.mp4,N,55.1666666666667,0.0,0.5
1078_ITS_ANG_XX.mp4,A,74.1818181818182,-1.0,0.9
1075_IEO_FEA_HI.mp4,F,69.8,-0.8,0.8
1060_IEO_FEA_HI.mp4,F,49.0,-0.8,0.8
1050_TSI_SAD_XX.mp4,N,47.7,0.0,0.5
1054_IEO_HAP_HI.mp4,F:H,67.8888888888889,0.0,0.5
1041_IEO_HAP_HI.mp4,D,58.7,-0.9,0.5
1045_TSI_SAD_XX.mp4,N,56.0,0.0,0.5
1063_IEO_SAD_MD.mp4,N,51.4285714285714,0.0,0.5
1047_TAI_HAP_XX.mp4,H,44.0,1.0,0.8
1052_TAI_HAP_XX.mp4,F,77.7,-0.8,0.8
1076_IEO_SAD_MD.mp4,N,49.0,0.0,0.5
1066_TAI_FEA_XX.mp4,N,57.3,0.0,0.5
1037_IWL_SAD_XX.mp4,N,64.625,0.0,0.5
1022_IWL_SAD_XX.mp4,S,51.3333333333333,-1.0,0.3
1073_TAI_FEA_XX.mp4,N,47.7,0.0,0.5
1072_IEO_SAD_HI.mp4,S,52.9090909090909,-1.0,0.3
1076_TSI_HAP_XX.mp4,H:N,66.5555555555556,0.0,0.5
1063_TSI_HAP_XX.mp4,F,76.375,-0.8,0.8
1067_IEO_SAD_HI.mp4,S,52.5555555555556,-1.0,0.3
1057_TSI_FEA_XX.mp4,F,50.7777777777778,-0.8,0.8
1042_TSI_FEA_XX.mp4,N,51.5,0.0,0.5
1082_ITH_SAD_XX.mp4,N,55.8888888888889,0.0,0.5
1084_IEO_NEU_XX.mp4,N,62.3,0.0,0.5
1091_IEO_NEU_XX.mp4,N,74.8888888888889,0.0,0.5
1006_DFA_FEA_XX.mp4,N:S,62.2,0.0,0.5
1030_IEO_ANG_LO.mp4,N,58.1818181818182,0.0,0.5
1025_IEO_ANG_LO.mp4,N,75.6,0.0,0.5
1013_DFA_FEA_XX.mp4,N,64.3636363636364,0.0,0.5
1027_DFA_HAP_XX.mp4,N,58.5714285714286,0.0,0.5
1016_ITH_DIS_XX.mp4,N,60.0,0.0,0.5
1003_ITH_DIS_XX.mp4,N:S,53.4,0.0,0.5
1032_DFA_HAP_XX.mp4,H,55.7,1.0,0.8
1074_WSI_ANG_XX.mp4,A,67.4,-1.0,0.9
1061_WSI_ANG_XX.mp4,A,53.8,-1.0,0.9
1090_ITH_FEA_XX.mp4,N,59.2222222222222,0.0,0.5
1085_ITH_FEA_XX.mp4,N:S,61.6666666666667,0.0,0.5
1080_DFA_DIS_XX.mp4,N,38.0,0.0,0.5
1036_WSI_NEU_XX.mp4,N,57.5555555555556,0.0,0.5
1023_WSI_NEU_XX.mp4,N,39.75,0.0,0.5
1001_DFA_SAD_XX.mp4,N,43.0,0.0,0.5
1014_DFA_SAD_XX.mp4,N,47.5555555555556,0.0,0.5
1005_TIE_DIS_XX.mp4,D,35.5,-0.9,0.5
1014_WSI_SAD_XX.mp4,N,35.625,0.0,0.5
1010_TIE_DIS_XX.mp4,A,50.1428571428571,-1.0,0.9
1001_WSI_SAD_XX.mp4,N,62.7777777777778,0.0,0.5
1039_IWW_DIS_XX.mp4,D,56.3,-0.9,0.5
1023_DFA_NEU_XX.mp4,N,64.5555555555556,0.0,0.5
1084_TIE_SAD_XX.mp4,N:S,56.1,0.0,0.5
1080_WSI_DIS_XX.mp4,D,74.0,-0.9,0.5
1091_TIE_SAD_XX.mp4,N,63.5,0.0,0.5
1036_DFA_NEU_XX.mp4,N,68.1111111111111,0.0,0.5
1061_DFA_ANG_XX.mp4,A,73.1111111111111,-1.0,0.9
1057_IEO_FEA_LO.mp4,N,67.7,0.0,0.5
1042_IEO_FEA_LO.mp4,H:N,51.7777777777778,0.0,0.5
1074_DFA_ANG_XX.mp4,A,67.125,-1.0,0.9
1076_IEO_HAP_LO.mp4,N,60.125,0.0,0.5
1063_IEO_HAP_LO.mp4,H,65.7,1.0,0.8
1013_WSI_FEA_XX.mp4,N,62.625,0.0,0.5
1006_WSI_FEA_XX.mp4,F,50.6666666666667,-0.8,0.8
1032_WSI_HAP_XX.mp4,N,50.625,0.0,0.5
1027_WSI_HAP_XX.mp4,A,69.3,-1.0,0.9
1050_IEO_SAD_LO.mp4,N,66.8,0.0,0.5
1045_IEO_SAD_LO.mp4,S,63.5,-1.0,0.3
1083_TIE_FEA_XX.mp4,N,56.125,0.0,0.5
1014_IWW_NEU_XX.mp4,N,46.1,0.0,0.5
1001_IWW_NEU_XX.mp4,N,60.6,0.0,0.5
1056_IWW_ANG_XX.mp4,D,56.2222222222222,-0.9,0.5
1043_IWW_ANG_XX.mp4,D,56.2222222222222,-0.9,0.5
1028_TIE_NEU_XX.mp4,N,58.0,0.0,0.5
1088_DFA_FEA_XX.mp4,N,64.0,0.0,0.5
1079_ITH_ANG_XX.mp4,D,69.3333333333333,-0.9,0.5
1031_IWW_FEA_XX.mp4,F:N,40.1,0.0,0.5
1024_IWW_FEA_XX.mp4,F,52.5555555555556,-0.8,0.8
1010_IWW_HAP_XX.mp4,H,68.75,1.0,0.8
1088_WSI_FEA_XX.mp4,N:S,64.8888888888889,0.0,0.5
1005_IWW_HAP_XX.mp4,H:N,58.5,0.0,0.5
1018_TIE_FEA_XX.mp4,S,45.5,-1.0,0.3
1039_TIE_HAP_XX.mp4,H,69.2,1.0,0.8
1036_IWW_SAD_XX.mp4,F,43.2222222222222,-0.8,0.8
1023_IWW_SAD_XX.mp4,N,59.375,0.0,0.5
1027_MTI_HAP_XX.mp4,N,61.2,0.0,0.5
1032_MTI_HAP_XX.mp4,N,51.5555555555556,0.0,0.5
1006_MTI_FEA_XX.mp4,S,51.1,-1.0,0.3
1013_MTI_FEA_XX.mp4,S,58.4545454545455,-1.0,0.3
1083_ITS_SAD_XX.mp4,N,44.625,0.0,0.5
1017_ITS_DIS_XX.mp4,F,56.8,-0.8,0.8
1002_ITS_DIS_XX.mp4,S,62.5,-1.0,0.3
1004_IOM_NEU_XX.mp4,N,51.7272727272727,0.0,0.5
1011_IOM_NEU_XX.mp4,N,69.2222222222222,0.0,0.5
1046_IOM_ANG_XX.mp4,N,64.1,0.0,0.5
1053_IOM_ANG_XX.mp4,A,47.0909090909091,-1.0,0.9
1091_ITS_FEA_XX.mp4,F,57.3,-0.8,0.8
1084_ITS_FEA_XX.mp4,F:N,44.9,0.0,0.5
1001_MTI_SAD_XX.mp4,N,55.8888888888889,0.0,0.5
1014_MTI_SAD_XX.mp4,N,53.875,0.0,0.5
1080_MTI_DIS_XX.mp4,D,39.8,-0.9,0.5
1089_IEO_ANG_HI.mp4,A,74.4,-1.0,0.9
1068_IEO_DIS_HI.mp4,A:D,61.125,0.0,0.5
1061_MTI_ANG_XX.mp4,A,93.7777777777778,-1.0,0.9
1074_MTI_ANG_XX.mp4,A,71.4444444444444,-1.0,0.9
1023_MTI_NEU_XX.mp4,N,67.9,0.0,0.5
1036_MTI_NEU_XX.mp4,N,66.0,0.0,0.5
1021_IOM_FEA_XX.mp4,N,63.4,0.0,0.5
1034_IOM_FEA_XX.mp4,N,48.5555555555556,0.0,0.5
1079_IEO_DIS_MD.mp4,N,41.8,0.0,0.5
1038_IWL_DIS_XX.mp4,D,54.5555555555556,-0.9,0.5
1015_IOM_HAP_XX.mp4,H,65.7777777777778,1.0,0.8
1026_IOM_SAD_XX.mp4,S,48.5,-1.0,0.3
1033_IOM_SAD_XX.mp4,N:S,65.75,0.0,0.5
1027_TAI_NEU_XX.mp4,N,53.5555555555556,0.0,0.5
1069_ITS_SAD_XX.mp4,F,53.9,-0.8,0.8
1032_TAI_NEU_XX.mp4,N:S,46.0,0.0,0.5
1065_TAI_ANG_XX.mp4,A,48.2,-1.0,0.9
1070_TAI_ANG_XX.mp4,A,81.8888888888889,-1.0,0.9
1054_TSI_ANG_XX.mp4,D,57.4444444444444,-0.9,0.5
1041_TSI_ANG_XX.mp4,A,67.3636363636364,-1.0,0.9
1016_TSI_NEU_XX.mp4,N,65.2222222222222,0.0,0.5
1003_TSI_NEU_XX.mp4,N,61.5,0.0,0.5
1033_IWL_ANG_XX.mp4,A,65.2,-1.0,0.9
1026_IWL_ANG_XX.mp4,A,62.0,-1.0,0.9
1067_IEO_ANG_MD.mp4,H,49.8571428571429,1.0,0.8
1072_IEO_ANG_MD.mp4,A,57.125,-1.0,0.9
1071_IWL_NEU_XX.mp4,N,50.2,0.0,0.5
1064_IWL_NEU_XX.mp4,N,62.6,0.0,0.5
1076_IEO_ANG_HI.mp4,A,69.2222222222222,-1.0,0.9
1063_IEO_ANG_HI.mp4,A,76.7,-1.0,0.9
1053_IWL_SAD_XX.mp4,N,60.6666666666667,0.0,0.5
1002_TAI_FEA_XX.mp4,F,44.6666666666667,-0.8,0.8
1082_IEO_DIS_HI.mp4,D,49.875,-0.9,0.5
1017_TAI_FEA_XX.mp4,N,54.5555555555556,0.0,0.5
1046_IWL_SAD_XX.mp4,N,53.7777777777778,0.0,0.5
1007_IEO_SAD_MD.mp4,N,56.3,0.0,0.5
1023_TAI_HAP_XX.mp4,H,44.4285714285714,1.0,0.8
1036_TAI_HAP_XX.mp4,D,58.4444444444444,-0.9,0.5
1012_IEO_SAD_MD.mp4,N,48.3,0.0,0.5
1033_TSI_FEA_XX.mp4,N,44.3,0.0,0.5
1086_IEO_DIS_MD.mp4,D,60.4,-0.9,0.5
1026_TSI_FEA_XX.mp4,F,54.1111111111111,-0.8,0.8
1016_IEO_SAD_HI.mp4,N,61.8,0.0,0.5
1012_TSI_HAP_XX.mp4,F,45.7777777777778,-0.8,0.8
1007_TSI_HAP_XX.mp4,N,67.2222222222222,0.0,0.5
1003_IEO_SAD_HI.mp4,N,58.2,0.0,0.5
1005_TAI_SAD_XX.mp4,N,48.2,0.0,0.5
1054_IWL_FEA_XX.mp4,N,72.5714285714286,0.0,0.5
1021_IEO_HAP_MD.mp4,N,70.2222222222222,0.0,0.5
1034_IEO_HAP_MD.mp4,H,59.1111111111111,1.0,0.8
1041_IWL_FEA_XX.mp4,N,54.2222222222222,0.0,0.5
1010_TAI_SAD_XX.mp4,N,62.8181818181818,0.0,0.5
1075_IWL_HAP_XX.mp4,N,63.4444444444444,0.0,0.5
1060_IWL_HAP_XX.mp4,N,46.1111111111111,0.0,0.5
1058_IOM_DIS_XX.mp4,D,61.5714285714286,-0.9,0.5
1015_IEO_FEA_MD.mp4,F:N,45.5,0.0,0.5
1009_ITS_ANG_XX.mp4,A,70.5714285714286,-1.0,0.9
1034_TSI_SAD_XX.mp4,N,67.4,0.0,0.5
1030_IEO_HAP_HI.mp4,H,71.2222222222222,1.0,0.8
1025_IEO_HAP_HI.mp4,A:H,59.0,0.0,0.5
1021_TSI_SAD_XX.mp4,N,52.6,0.0,0.5
1011_IEO_FEA_HI.mp4,A,70.875,-1.0,0.9
1084_TAI_DIS_XX.mp4,N,47.0,0.0,0.5
1004_IEO_FEA_HI.mp4,N,57.75,0.0,0.5
1091_TAI_DIS_XX.mp4,N,66.375,0.0,0.5
1010_WSI_ANG_XX.mp4,A,56.9,-1.0,0.9
1005_WSI_ANG_XX.mp4,A,84.1111111111111,-1.0,0.9
1052_WSI_NEU_XX.mp4,N,35.0,0.0,0.5
1047_WSI_NEU_XX.mp4,A,37.5,-1.0,0.9
1065_DFA_SAD_XX.mp4,N,67.6666666666667,0.0,0.5
1070_DFA_SAD_XX.mp4,N,57.7272727272727,0.0,0.5
1080_TIE_ANG_XX.mp4,A,44.6666666666667,-1.0,0.9
1072_ITH_DIS_XX.mp4,N,46.2857142857143,0.0,0.5
1043_DFA_HAP_XX.mp4,H,61.2,1.0,0.8
1056_DFA_HAP_XX.mp4,H,60.3,1.0,0.8
1067_ITH_DIS_XX.mp4,N,47.2727272727273,0.0,0.5
1054_IEO_ANG_LO.mp4,H,64.5714285714286,1.0,0.8
1062_DFA_FEA_XX.mp4,N,45.9,0.0,0.5
1077_DFA_FEA_XX.mp4,N,64.625,0.0,0.5
1041_IEO_ANG_LO.mp4,A:N,46.2222222222222,0.0,0.5
1056_WSI_HAP_XX.mp4,N,41.8888888888889,0.0,0.5
1043_WSI_HAP_XX.mp4,N,37.4444444444444,0.0,0.5
1077_WSI_FEA_XX.mp4,A:D,42.2,0.0,0.5
1062_WSI_FEA_XX.mp4,S,52.9,-1.0,0.3
1086_ITH_ANG_XX.mp4,A,61.0,-1.0,0.9
1034_IEO_SAD_LO.mp4,N:S,58.25,0.0,0.5
1021_IEO_SAD_LO.mp4,N,55.5555555555556,0.0,0.5
1061_TIE_DIS_XX.mp4,A:H,38.7,0.0,0.5
1070_WSI_SAD_XX.mp4,D,46.5555555555556,-0.9,0.5
1074_TIE_DIS_XX.mp4,D,44.2222222222222,-0.9,0.5
1065_WSI_SAD_XX.mp4,N,67.0,0.0,0.5
1047_DFA_NEU_XX.mp4,N,70.1111111111111,0.0,0.5
1052_DFA_NEU_XX.mp4,N,73.0,0.0,0.5
1048_IWW_DIS_XX.mp4,N,62.6,0.0,0.5
1012_IEO_HAP_LO.mp4,S,53.0,-1.0,0.3
1007_IEO_HAP_LO.mp4,H,46.1,1.0,0.8
1033_IEO_FEA_LO.mp4,S,63.1,-1.0,0.3
1005_DFA_ANG_XX.mp4,A,60.3333333333333,-1.0,0.9
1010_DFA_ANG_XX.mp4,A,51.8888888888889,-1.0,0.9
1026_IEO_FEA_LO.mp4,N,58.7777777777778,0.0,0.5
1068_ITH_SAD_XX.mp4,F:N,58.3333333333333,0.0,0.5
1070_IWW_NEU_XX.mp4,N,56.0,0.0,0.5
1065_IWW_NEU_XX.mp4,N,62.9,0.0,0.5
1032_IWW_ANG_XX.mp4,F,59.0,-0.8,0.8
1027_IWW_ANG_XX.mp4,A,69.5,-1.0,0.9
1059_TIE_NEU_XX.mp4,N,63.3,0.0,0.5
1052_IWW_SAD_XX.mp4,F,68.4285714285714,-0.8,0.8
1047_IWW_SAD_XX.mp4,F,42.9,-0.8,0.8
1089_IEO_HAP_LO.mp4,H,71.4444444444444,1.0,0.8
1008_ITH_ANG_XX.mp4,A,59.0,-1.0,0.9
1074_IWW_HAP_XX.mp4,H,66.8888888888889,1.0,0.8
1061_IWW_HAP_XX.mp4,N,60.625,0.0,0.5
1055_IWW_FEA_XX.mp4,F,54.5,-0.8,0.8
1040_IWW_FEA_XX.mp4,N,60.625,0.0,0.5
1048_TIE_HAP_XX.mp4,N,64.1,0.0,0.5
1069_TIE_FEA_XX.mp4,F,62.25,-0.8,0.8
1065_MTI_SAD_XX.mp4,N,74.0,0.0,0.5
1070_MTI_SAD_XX.mp4,D,58.8888888888889,-0.9,0.5
1062_MTI_FEA_XX.mp4,N,33.8571428571429,0.0,0.5
1077_MTI_FEA_XX.mp4,N,70.1111111111111,0.0,0.5
1043_MTI_HAP_XX.mp4,H,56.4,1.0,0.8
1056_MTI_HAP_XX.mp4,H,76.5,1.0,0.8
1060_IOM_NEU_XX.mp4,N,65.0,0.0,0.5
1075_IOM_NEU_XX.mp4,N,61.3333333333333,0.0,0.5
1073_ITS_DIS_XX.mp4,N,46.4444444444444,0.0,0.5
1066_ITS_DIS_XX.mp4,N,52.375,0.0,0.5
1022_IOM_ANG_XX.mp4,A,76.7777777777778,-1.0,0.9
1037_IOM_ANG_XX.mp4,A,77.6666666666667,-1.0,0.9
1087_ITS_ANG_XX.mp4,D,54.375,-0.9,0.5
1042_IOM_SAD_XX.mp4,N,46.7,0.0,0.5
1057_IOM_SAD_XX.mp4,N,65.3333333333333,0.0,0.5
1089_IEO_SAD_MD.mp4,N,58.0909090909091,0.0,0.5
1005_MTI_ANG_XX.mp4,A,49.2,-1.0,0.9
1010_MTI_ANG_XX.mp4,A:N,55.7142857142857,0.0,0.5
1019_IEO_DIS_HI.mp4,D,57.0909090909091,-0.9,0.5
1047_MTI_NEU_XX.mp4,N,59.0,0.0,0.5
1052_MTI_NEU_XX.mp4,N,52.2222222222222,0.0,0.5
1064_IOM_HAP_XX.mp4,H,46.0,1.0,0.8
1089_TSI_HAP_XX.mp4,N,72.0,0.0,0.5
1071_IOM_HAP_XX.mp4,N,73.0,0.0,0.5
1049_IWL_DIS_XX.mp4,A,71.9090909090909,-1.0,0.9
1008_IEO_DIS_MD.mp4,D,55.3333333333333,-0.9,0.5
1045_IOM_FEA_XX.mp4,N,48.8888888888889,0.0,0.5
1050_IOM_FEA_XX.mp4,A:S,34.2,0.0,0.5
1083_TAI_SAD_XX.mp4,N,63.125,0.0,0.5
1026_TSI_DIS_XX.mp4,F,57.7777777777778,-0.8,0.8
1086_IEO_FEA_MD.mp4,N,49.5,0.0,0.5
1033_TSI_DIS_XX.mp4,N,38.6,0.0,0.5
1017_TAI_DIS_XX.mp4,N,54.3333333333333,0.0,0.5
1082_IEO_FEA_HI.mp4,S,56.9,-1.0,0.3
1002_TAI_DIS_XX.mp4,D,61.1,-0.9,0.5
1091_TAI_FEA_XX.mp4,N,63.1428571428571,0.0,0.5
1004_IEO_DIS_HI.mp4,D,52.7272727272727,-0.9,0.5
1084_TAI_FEA_XX.mp4,N,63.8571428571429,0.0,0.5
1011_IEO_DIS_HI.mp4,A,58.8888888888889,-1.0,0.9
1018_MTI_ANG_XX.mp4,N,59.875,0.0,0.5
1081_IEO_SAD_MD.mp4,N,55.0,0.0,0.5
1058_IOM_FEA_XX.mp4,F,48.3,-0.8,0.8
1015_IEO_DIS_MD.mp4,N,65.5,0.0,0.5
1081_TSI_HAP_XX.mp4,H,77.1,1.0,0.8
1085_IEO_SAD_HI.mp4,N,66.1111111111111,0.0,0.5
1079_IOM_HAP_XX.mp4,H,62.4,1.0,0.8
1041_IWL_DIS_XX.mp4,D,53.6,-0.9,0.5
1054_IWL_DIS_XX.mp4,N,56.9,0.0,0.5
1090_IEO_SAD_HI.mp4,N,61.0,0.0,0.5
1078_MTI_SAD_XX.mp4,S,51.2,-1.0,0.3
1085_TSI_NEU_XX.mp4,N,53.0,0.0,0.5
1090_TSI_NEU_XX.mp4,N,54.2857142857143,0.0,0.5
1068_IOM_NEU_XX.mp4,N,66.1,0.0,0.5
1081_IEO_HAP_LO.mp4,N,63.8888888888889,0.0,0.5
1083_DFA_ANG_XX.mp4,A,74.7,-1.0,0.9
1073_TIE_SAD_XX.mp4,N,58.4444444444444,0.0,0.5
1062_WSI_DIS_XX.mp4,D,56.4,-0.9,0.5
1066_TIE_SAD_XX.mp4,S,45.6,-1.0,0.3
1077_WSI_DIS_XX.mp4,A,50.1,-1.0,0.9
1026_IEO_DIS_LO.mp4,D:N,49.8,0.0,0.5
1033_IEO_DIS_LO.mp4,D,47.8888888888889,-0.9,0.5
1015_ITH_ANG_XX.mp4,F:N,56.875,0.0,0.5
1048_IWW_FEA_XX.mp4,F:N,38.1111111111111,0.0,0.5
1042_ITH_NEU_XX.mp4,N,73.2,0.0,0.5
1057_ITH_NEU_XX.mp4,N,69.3,0.0,0.5
1069_IWW_HAP_XX.mp4,F,32.3333333333333,-0.8,0.8
1074_TIE_FEA_XX.mp4,N,55.1111111111111,0.0,0.5
1061_TIE_FEA_XX.mp4,N,48.875,0.0,0.5
1055_TIE_HAP_XX.mp4,N,62.375,0.0,0.5
1040_TIE_HAP_XX.mp4,F,48.7777777777778,-0.8,0.8
1073_IEO_NEU_XX.mp4,N,66.8,0.0,0.5
1066_IEO_NEU_XX.mp4,N,69.8181818181818,0.0,0.5
1060_ITH_SAD_XX.mp4,N,64.0,0.0,0.5
1075_ITH_SAD_XX.mp4,N,44.5,0.0,0.5
1046_ITH_HAP_XX.mp4,N,49.0,0.0,0.5
1077_DFA_DIS_XX.mp4,A:N,64.625,0.0,0.5
1062_DFA_DIS_XX.mp4,N,63.6,0.0,0.5
1053_ITH_HAP_XX.mp4,F,74.8888888888889,-0.8,0.8
1067_ITH_FEA_XX.mp4,N,50.0,0.0,0.5
1078_IWW_NEU_XX.mp4,N,60.0,0.0,0.5
1072_ITH_FEA_XX.mp4,F,57.0,-0.8,0.8
1083_WSI_ANG_XX.mp4,A,67.5555555555556,-1.0,0.9
1013_TIE_ANG_XX.mp4,A,84.5,-1.0,0.9
1006_TIE_ANG_XX.mp4,A,55.75,-1.0,0.9
1051_TIE_NEU_XX.mp4,N,69.2857142857143,0.0,0.5
1044_TIE_NEU_XX.mp4,N,57.4545454545455,0.0,0.5
1029_IEO_SAD_LO.mp4,N,66.4444444444444,0.0,0.5
1069_TIE_DIS_XX.mp4,A:D,53.8,0.0,0.5
1078_WSI_SAD_XX.mp4,A:S,52.8571428571429,0.0,0.5
1040_IWW_DIS_XX.mp4,F,52.0,-0.8,0.8
1055_IWW_DIS_XX.mp4,F,56.5555555555556,-0.8,0.8
1018_DFA_ANG_XX.mp4,A,53.375,-1.0,0.9
1018_WSI_ANG_XX.mp4,A,71.7,-1.0,0.9
1078_DFA_SAD_XX.mp4,N,53.4444444444444,0.0,0.5
1088_TIE_ANG_XX.mp4,D,52.8888888888889,-0.9,0.5
1049_IEO_ANG_LO.mp4,N,45.8,0.0,0.5
1083_MTI_ANG_XX.mp4,N,67.0,0.0,0.5
1068_IWL_HAP_XX.mp4,H:N,58.125,0.0,0.5
1050_IOM_DIS_XX.mp4,N,69.3333333333333,0.0,0.5
1008_IEO_FEA_MD.mp4,N,51.8888888888889,0.0,0.5
1045_IOM_DIS_XX.mp4,S,62.2222222222222,-1.0,0.3
1049_IWL_FEA_XX.mp4,S,40.0,-1.0,0.3
1043_ITS_NEU_XX.mp4,N,46.3333333333333,0.0,0.5
1018_TAI_SAD_XX.mp4,N,62.6,0.0,0.5
1056_ITS_NEU_XX.mp4,N,64.7777777777778,0.0,0.5
1029_IEO_HAP_MD.mp4,A,70.5,-1.0,0.9
1001_ITS_ANG_XX.mp4,D,54.4,-0.9,0.5
1014_ITS_ANG_XX.mp4,A,46.7,-1.0,0.9
1019_IEO_FEA_HI.mp4,F,60.2222222222222,-0.8,0.8
1029_TSI_SAD_XX.mp4,F,41.0,-0.8,0.8
1038_IEO_HAP_HI.mp4,H,87.3333333333333,1.0,0.8
1061_ITS_SAD_XX.mp4,N,58.2222222222222,0.0,0.5
1074_ITS_SAD_XX.mp4,N,39.6,0.0,0.5
1078_TAI_ANG_XX.mp4,A,64.6666666666667,-1.0,0.9
1049_TSI_ANG_XX.mp4,F,57.6666666666667,-0.8,0.8
1066_ITS_FEA_XX.mp4,N,50.1111111111111,0.0,0.5
1079_IWL_NEU_XX.mp4,N,67.8888888888889,0.0,0.5
1073_ITS_FEA_XX.mp4,F,49.4444444444444,-0.8,0.8
1047_ITS_HAP_XX.mp4,D:N,50.2,0.0,0.5
1052_ITS_HAP_XX.mp4,H,67.625,1.0,0.8
1077_MTI_DIS_XX.mp4,N,52.1,0.0,0.5
1062_MTI_DIS_XX.mp4,N,53.2,0.0,0.5
1069_MTI_ANG_XX.mp4,A,72.4444444444444,-1.0,0.9
1060_IEO_DIS_HI.mp4,N,53.375,0.0,0.5
1075_IEO_DIS_HI.mp4,N,68.0,0.0,0.5
1025_IWL_DIS_XX.mp4,N,51.0,0.0,0.5
1008_IOM_HAP_XX.mp4,N,81.7,0.0,0.5
1030_IWL_DIS_XX.mp4,D:N,58.0,0.0,0.5
1071_IEO_DIS_MD.mp4,D:N,47.375,0.0,0.5
1064_IEO_DIS_MD.mp4,D,58.8888888888889,-0.9,0.5
1029_IOM_FEA_XX.mp4,F,54.7,-0.8,0.8
1082_IWL_HAP_XX.mp4,H,54.5555555555556,1.0,0.8
1042_TSI_DIS_XX.mp4,D:N,48.625,0.0,0.5
1057_TSI_DIS_XX.mp4,N,67.8571428571429,0.0,0.5
1073_TAI_DIS_XX.mp4,D:N,49.7777777777778,0.0,0.5
1066_TAI_DIS_XX.mp4,D,59.8,-0.9,0.5
1087_TAI_ANG_XX.mp4,N,44.8888888888889,0.0,0.5
1019_IOM_NEU_XX.mp4,N,67.7,0.0,0.5
1086_IWL_NEU_XX.mp4,N,63.0,0.0,0.5
1090_IEO_ANG_MD.mp4,A,67.1111111111111,-1.0,0.9
1085_IEO_ANG_MD.mp4,A,59.5,-1.0,0.9
1081_IEO_ANG_HI.mp4,A,73.8,-1.0,0.9
1088_MTI_DIS_XX.mp4,N,61.7777777777778,0.0,0.5
1064_ITH_ANG_XX.mp4,A:D,70.9,0.0,0.5
1071_ITH_ANG_XX.mp4,N,69.2,0.0,0.5
1042_IEO_DIS_LO.mp4,N,50.2222222222222,0.0,0.5
1057_IEO_DIS_LO.mp4,N,53.2,0.0,0.5
1080_WSI_FEA_XX.mp4,D:S,57.5,0.0,0.5
1018_IWW_HAP_XX.mp4,N,44.25,0.0,0.5
1026_ITH_NEU_XX.mp4,N,62.7,0.0,0.5
1039_IWW_FEA_XX.mp4,F,63.5,-0.8,0.8
1033_ITH_NEU_XX.mp4,N,66.4,0.0,0.5
1031_TIE_HAP_XX.mp4,N,55.6,0.0,0.5
1024_TIE_HAP_XX.mp4,N,60.3333333333333,0.0,0.5
1010_TIE_FEA_XX.mp4,A:F,61.4,0.0,0.5
1005_TIE_FEA_XX.mp4,A,57.7777777777778,-1.0,0.9
1087_WSI_SAD_XX.mp4,N,54.3333333333333,0.0,0.5
1083_TIE_DIS_XX.mp4,D:N:S,49.875,0.0,0.5
1017_TIE_SAD_XX.mp4,N,48.125,0.0,0.5
1006_WSI_DIS_XX.mp4,N,62.0,0.0,0.5
1002_TIE_SAD_XX.mp4,F:S,52.5,0.0,0.5
1013_WSI_DIS_XX.mp4,D,62.3,-0.9,0.5
1009_IWW_NEU_XX.mp4,N,76.5555555555556,0.0,0.5
1003_ITH_FEA_XX.mp4,S,65.5,-1.0,0.3
1016_ITH_FEA_XX.mp4,F,62.7,-0.8,0.8
1013_DFA_DIS_XX.mp4,D,61.1111111111111,-0.9,0.5
1022_ITH_HAP_XX.mp4,N,67.8181818181818,0.0,0.5
1037_ITH_HAP_XX.mp4,H,56.1,1.0,0.8
1006_DFA_DIS_XX.mp4,D,53.1,-0.9,0.5
1077_TIE_ANG_XX.mp4,A,44.4444444444444,-1.0,0.9
1062_TIE_ANG_XX.mp4,A,52.7,-1.0,0.9
1035_TIE_NEU_XX.mp4,N,68.6,0.0,0.5
1087_DFA_SAD_XX.mp4,N,66.6,0.0,0.5
1020_TIE_NEU_XX.mp4,N,51.5,0.0,0.5
1017_IEO_NEU_XX.mp4,N,68.7,0.0,0.5
1002_IEO_NEU_XX.mp4,N,85.3333333333333,0.0,0.5
1004_ITH_SAD_XX.mp4,N,57.5,0.0,0.5
1011_ITH_SAD_XX.mp4,N,37.9,0.0,0.5
1080_DFA_FEA_XX.mp4,N,60.2,0.0,0.5
1085_ITH_DIS_XX.mp4,A,48.5555555555556,-1.0,0.9
1090_ITH_DIS_XX.mp4,N,49.9,0.0,0.5
1018_TIE_DIS_XX.mp4,D,60.1,-0.9,0.5
1009_WSI_SAD_XX.mp4,S,55.0,-1.0,0.3
1088_WSI_DIS_XX.mp4,N,67.375,0.0,0.5
1024_IWW_DIS_XX.mp4,N,59.1111111111111,0.0,0.5
1031_IWW_DIS_XX.mp4,N,60.1111111111111,0.0,0.5
1069_DFA_ANG_XX.mp4,A,68.4,-1.0,0.9
1083_IWW_HAP_XX.mp4,N,57.4,0.0,0.5
1058_IEO_SAD_LO.mp4,N:S,65.5714285714286,0.0,0.5
1038_IEO_ANG_LO.mp4,A,40.125,-1.0,0.9
1069_WSI_ANG_XX.mp4,A,85.7,-1.0,0.9
1088_DFA_DIS_XX.mp4,N,65.0,0.0,0.5
1087_IWW_NEU_XX.mp4,N,70.1111111111111,0.0,0.5
1009_DFA_SAD_XX.mp4,N,71.6666666666667,0.0,0.5
1058_IEO_HAP_MD.mp4,H,59.125,1.0,0.8
1027_ITS_NEU_XX.mp4,N,59.0,0.0,0.5
1038_IWL_FEA_XX.mp4,A,48.7,-1.0,0.9
1032_ITS_NEU_XX.mp4,N,52.8181818181818,0.0,0.5
1069_TAI_SAD_XX.mp4,N,52.7777777777778,0.0,0.5
1034_IOM_DIS_XX.mp4,D,68.8,-0.9,0.5
1079_IEO_FEA_MD.mp4,N,57.5555555555556,0.0,0.5
1019_IWL_HAP_XX.mp4,N,63.3636363636364,0.0,0.5
1021_IOM_DIS_XX.mp4,N,54.4,0.0,0.5
1065_ITS_ANG_XX.mp4,N,48.75,0.0,0.5
1070_ITS_ANG_XX.mp4,N,59.7777777777778,0.0,0.5
1049_IEO_HAP_HI.mp4,A:H:N,40.5714285714286,0.0,0.5
1058_TSI_SAD_XX.mp4,N:S,46.2222222222222,0.0,0.5
1068_IEO_FEA_HI.mp4,F,62.0,-0.8,0.8
1086_IOM_HAP_XX.mp4,H,61.0,1.0,0.8
1087_MTI_SAD_XX.mp4,N,41.4444444444444,0.0,0.5
1023_ITS_HAP_XX.mp4,H,64.875,1.0,0.8
1036_ITS_HAP_XX.mp4,N,56.7142857142857,0.0,0.5
1008_IWL_NEU_XX.mp4,N,48.7,0.0,0.5
1002_ITS_FEA_XX.mp4,F,63.2,-0.8,0.8
1017_ITS_FEA_XX.mp4,N,57.3333333333333,0.0,0.5
1013_MTI_DIS_XX.mp4,N,58.9,0.0,0.5
1006_MTI_DIS_XX.mp4,D,61.8,-0.9,0.5
1005_ITS_SAD_XX.mp4,N,58.1111111111111,0.0,0.5
1010_ITS_SAD_XX.mp4,N,48.4444444444444,0.0,0.5
1009_TAI_ANG_XX.mp4,A,58.4444444444444,-1.0,0.9
1080_MTI_FEA_XX.mp4,N,54.1111111111111,0.0,0.5
1038_TSI_ANG_XX.mp4,A,63.0,-1.0,0.9
1084_ITS_DIS_XX.mp4,D,40.75,-0.9,0.5
1091_ITS_DIS_XX.mp4,F,52.9,-0.8,0.8
1082_IOM_NEU_XX.mp4,N,75.7,0.0,0.5
1069_TAI_DIS_XX.mp4,N,46.75,0.0,0.5
1034_IOM_SAD_XX.mp4,N,66.1818181818182,0.0,0.5
1021_IOM_SAD_XX.mp4,S,57.0,-1.0,0.3
1058_TSI_DIS_XX.mp4,D,58.5,-0.9,0.5
1012_IOM_HAP_XX.mp4,A:N,46.9,0.0,0.5
1007_IOM_HAP_XX.mp4,N,68.5,0.0,0.5
1033_IOM_FEA_XX.mp4,N,49.625,0.0,0.5
1026_IOM_FEA_XX.mp4,A,61.25,-1.0,0.9
1073_MTI_ANG_XX.mp4,A,38.7142857142857,-1.0,0.9
1066_MTI_ANG_XX.mp4,N,53.5,0.0,0.5
1031_MTI_NEU_XX.mp4,N,82.0,0.0,0.5
1024_MTI_NEU_XX.mp4,N,55.3333333333333,0.0,0.5
1087_MTI_DIS_XX.mp4,N,37.4444444444444,0.0,0.5
1083_ITS_FEA_XX.mp4,N,50.3333333333333,0.0,0.5
1089_IWL_NEU_XX.mp4,N,76.2,0.0,0.5
1013_MTI_SAD_XX.mp4,N,64.9,0.0,0.5
1006_MTI_SAD_XX.mp4,S,61.2,-1.0,0.3
1016_IOM_NEU_XX.mp4,N,67.2222222222222,0.0,0.5
1003_IOM_NEU_XX.mp4,N,59.7,0.0,0.5
1005_ITS_DIS_XX.mp4,N,41.2,0.0,0.5
1010_ITS_DIS_XX.mp4,D,49.5555555555556,-0.9,0.5
1054_IOM_ANG_XX.mp4,A,41.7,-1.0,0.9
1041_IOM_ANG_XX.mp4,N,56.6666666666667,0.0,0.5
1014_MTI_FEA_XX.mp4,N,60.0,0.0,0.5
1001_MTI_FEA_XX.mp4,N,58.125,0.0,0.5
1035_MTI_HAP_XX.mp4,N,48.2857142857143,0.0,0.5
1020_MTI_HAP_XX.mp4,N,54.375,0.0,0.5
1088_TAI_ANG_XX.mp4,N,74.75,0.0,0.5
1084_ITS_SAD_XX.mp4,N:S,62.1111111111111,0.0,0.5
1091_ITS_SAD_XX.mp4,S,66.1111111111111,-1.0,0.3
1009_WSI_DIS_XX.mp4,D,56.4,-0.9,0.5
1018_TIE_SAD_XX.mp4,N,64.9090909090909,0.0,0.5
1088_WSI_SAD_XX.mp4,N,54.0,0.0,0.5
1024_IWW_SAD_XX.mp4,N,42.6666666666667,0.0,0.5
1031_IWW_SAD_XX.mp4,N,75.5555555555556,0.0,0.5
1058_IEO_DIS_LO.mp4,N,56.2,0.0,0.5
1002_IWW_HAP_XX.mp4,H,52.75,1.0,0.8
1017_IWW_HAP_XX.mp4,N,41.8,0.0,0.5
1023_IWW_FEA_XX.mp4,F,55.7,-0.8,0.8
1029_ITH_NEU_XX.mp4,N,64.75,0.0,0.5
1036_IWW_FEA_XX.mp4,F,63.8,-0.8,0.8
1018_IEO_NEU_XX.mp4,N,65.5,0.0,0.5
1078_TIE_ANG_XX.mp4,A,52.2222222222222,-1.0,0.9
1088_DFA_SAD_XX.mp4,N,46.5714285714286,0.0,0.5
1006_IWW_NEU_XX.mp4,N,42.5,0.0,0.5
1013_IWW_NEU_XX.mp4,N,36.0,0.0,0.5
1009_DFA_DIS_XX.mp4,A,54.8571428571429,-1.0,0.9
1038_ITH_HAP_XX.mp4,N,56.2222222222222,0.0,0.5
1044_IWW_ANG_XX.mp4,D,59.0,-0.9,0.5
1051_IWW_ANG_XX.mp4,D:F,52.75,0.0,0.5
1042_IEO_SAD_LO.mp4,N,57.1,0.0,0.5
1057_IEO_SAD_LO.mp4,N,61.3,0.0,0.5
1091_TIE_FEA_XX.mp4,N,53.25,0.0,0.5
1084_TIE_FEA_XX.mp4,N,46.4444444444444,0.0,0.5
1020_WSI_HAP_XX.mp4,H,68.6,1.0,0.8
1035_WSI_HAP_XX.mp4,H,60.1428571428571,1.0,0.8
1001_WSI_FEA_XX.mp4,A,61.2222222222222,-1.0,0.9
1014_WSI_FEA_XX.mp4,A,49.6,-1.0,0.9
1031_DFA_NEU_XX.mp4,N,71.4,0.0,0.5
1087_WSI_DIS_XX.mp4,A,57.8888888888889,-1.0,0.9
1083_TIE_SAD_XX.mp4,N:S,52.0,0.0,0.5
1024_DFA_NEU_XX.mp4,N,54.625,0.0,0.5
1064_IEO_HAP_LO.mp4,N,59.7,0.0,0.5
1071_IEO_HAP_LO.mp4,N,70.4,0.0,0.5
1073_DFA_ANG_XX.mp4,A,55.625,-1.0,0.9
1045_IEO_FEA_LO.mp4,N,78.2857142857143,0.0,0.5
1050_IEO_FEA_LO.mp4,F,55.0,-0.8,0.8
1066_DFA_ANG_XX.mp4,A,51.5,-1.0,0.9
1006_WSI_SAD_XX.mp4,S,76.1111111111111,-1.0,0.3
1017_TIE_DIS_XX.mp4,N,54.2222222222222,0.0,0.5
1013_WSI_SAD_XX.mp4,D,61.0,-0.9,0.5
1002_TIE_DIS_XX.mp4,D,49.1111111111111,-0.9,0.5
1013_DFA_SAD_XX.mp4,N,58.7777777777778,0.0,0.5
1006_DFA_SAD_XX.mp4,S,43.9,-1.0,0.3
1066_WSI_ANG_XX.mp4,A,75.3333333333333,-1.0,0.9
1073_WSI_ANG_XX.mp4,A,58.6666666666667,-1.0,0.9
1024_WSI_NEU_XX.mp4,N,63.4,0.0,0.5
1031_WSI_NEU_XX.mp4,N,69.3,0.0,0.5
1087_DFA_DIS_XX.mp4,S,62.875,-1.0,0.3
1082_ITH_FEA_XX.mp4,N,79.7142857142857,0.0,0.5
1088_IWW_NEU_XX.mp4,N,52.4444444444444,0.0,0.5
1035_DFA_HAP_XX.mp4,H,55.2222222222222,1.0,0.8
1004_ITH_DIS_XX.mp4,F:S,42.5555555555556,0.0,0.5
1011_ITH_DIS_XX.mp4,D,42.0,-0.9,0.5
1020_DFA_HAP_XX.mp4,H:N,59.9,0.0,0.5
1014_DFA_FEA_XX.mp4,N,67.3333333333333,0.0,0.5
1022_IEO_ANG_LO.mp4,A:N,68.875,0.0,0.5
1037_IEO_ANG_LO.mp4,D,62.5555555555556,-0.9,0.5
1001_DFA_FEA_XX.mp4,F,49.4444444444444,-0.8,0.8
1085_ITH_SAD_XX.mp4,N,50.8,0.0,0.5
1090_ITH_SAD_XX.mp4,N,52.5555555555556,0.0,0.5
1083_IEO_NEU_XX.mp4,N,74.2222222222222,0.0,0.5
1045_TSI_FEA_XX.mp4,N,63.0,0.0,0.5
1050_TSI_FEA_XX.mp4,S,61.4285714285714,-1.0,0.3
1060_IEO_SAD_HI.mp4,N,56.0,0.0,0.5
1064_TSI_HAP_XX.mp4,H,86.1428571428571,1.0,0.8
1071_TSI_HAP_XX.mp4,N,72.4,0.0,0.5
1089_IOM_HAP_XX.mp4,H,70.4,1.0,0.8
1075_IEO_SAD_HI.mp4,N,42.4444444444444,0.0,0.5
1074_TAI_FEA_XX.mp4,F:N,53.7,0.0,0.5
1025_IWL_SAD_XX.mp4,N,46.6,0.0,0.5
1030_IWL_SAD_XX.mp4,N,63.0,0.0,0.5
1061_TAI_FEA_XX.mp4,N,53.1428571428571,0.0,0.5
1071_IEO_SAD_MD.mp4,N,68.9,0.0,0.5
1055_TAI_HAP_XX.mp4,N,47.2,0.0,0.5
1040_TAI_HAP_XX.mp4,N,44.0,0.0,0.5
1064_IEO_SAD_MD.mp4,S,48.8,-1.0,0.3
1042_TSI_SAD_XX.mp4,N,68.1111111111111,0.0,0.5
1046_IEO_HAP_HI.mp4,H,51.25,1.0,0.8
1053_IEO_HAP_HI.mp4,F,67.3,-0.8,0.8
1057_TSI_SAD_XX.mp4,N,65.2222222222222,0.0,0.5
1067_IEO_FEA_HI.mp4,F,57.1111111111111,-0.8,0.8
1072_IEO_FEA_HI.mp4,F,75.3,-0.8,0.8
1022_IWL_FEA_XX.mp4,N,52.0,0.0,0.5
1073_TAI_SAD_XX.mp4,N,72.5,0.0,0.5
1028_ITS_NEU_XX.mp4,N,56.0,0.0,0.5
1057_IEO_HAP_MD.mp4,N,46.2222222222222,0.0,0.5
1042_IEO_HAP_MD.mp4,H,36.25,1.0,0.8
1066_TAI_SAD_XX.mp4,D:N,46.6666666666667,0.0,0.5
1037_IWL_FEA_XX.mp4,F,56.2,-0.8,0.8
1076_IEO_FEA_MD.mp4,N,69.875,0.0,0.5
1003_IWL_HAP_XX.mp4,N,71.625,0.0,0.5
1016_IWL_HAP_XX.mp4,N,59.0,0.0,0.5
1063_IEO_FEA_MD.mp4,S,49.4444444444444,-1.0,0.3
1022_TSI_ANG_XX.mp4,A,66.7,-1.0,0.9
1037_TSI_ANG_XX.mp4,D,46.3333333333333,-0.9,0.5
1060_TSI_NEU_XX.mp4,N,59.8888888888889,0.0,0.5
1075_TSI_NEU_XX.mp4,N,69.9,0.0,0.5
1051_TAI_NEU_XX.mp4,N,68.8888888888889,0.0,0.5
1044_TAI_NEU_XX.mp4,N,65.4444444444444,0.0,0.5
1013_TAI_ANG_XX.mp4,A,85.6363636363636,-1.0,0.9
1006_TAI_ANG_XX.mp4,A,68.75,-1.0,0.9
1015_IEO_ANG_HI.mp4,A,77.9,-1.0,0.9
1045_IWL_ANG_XX.mp4,N,54.6,0.0,0.5
1050_IWL_ANG_XX.mp4,A,89.1,-1.0,0.9
1011_IEO_ANG_MD.mp4,A,70.625,-1.0,0.9
1088_MTI_SAD_XX.mp4,N,59.0,0.0,0.5
1004_IEO_ANG_MD.mp4,A:D,73.5,0.0,0.5
1039_ITS_HAP_XX.mp4,H,57.8888888888889,1.0,0.8
1007_IWL_NEU_XX.mp4,N,61.1111111111111,0.0,0.5
1012_IWL_NEU_XX.mp4,N,56.2,0.0,0.5
1018_ITS_FEA_XX.mp4,F,54.7777777777778,-0.8,0.8
1057_IOM_FEA_XX.mp4,N,58.4444444444444,0.0,0.5
1042_IOM_FEA_XX.mp4,A,40.5555555555556,-1.0,0.9
1076_IOM_HAP_XX.mp4,H,59.0,1.0,0.8
1063_IOM_HAP_XX.mp4,H,41.8,1.0,0.8
1017_MTI_ANG_XX.mp4,N,60.2,0.0,0.5
1002_MTI_ANG_XX.mp4,D,52.375,-0.9,0.5
1055_MTI_NEU_XX.mp4,N,54.0,0.0,0.5
1040_MTI_NEU_XX.mp4,N,72.9,0.0,0.5
1050_IOM_SAD_XX.mp4,N,43.0,0.0,0.5
1045_IOM_SAD_XX.mp4,N,47.2222222222222,0.0,0.5
1018_TAI_DIS_XX.mp4,S,69.5714285714286,-1.0,0.3
1080_ITS_ANG_XX.mp4,A,79.5,-1.0,0.9
1029_TSI_DIS_XX.mp4,A:D,56.4545454545455,0.0,0.5
1089_IEO_FEA_MD.mp4,N,54.6,0.0,0.5
1061_ITS_DIS_XX.mp4,D,39.125,-0.9,0.5
1074_ITS_DIS_XX.mp4,D,50.2222222222222,-0.9,0.5
1072_IOM_NEU_XX.mp4,N,65.0909090909091,0.0,0.5
1067_IOM_NEU_XX.mp4,N,71.3,0.0,0.5
1030_IOM_ANG_XX.mp4,N,62.6,0.0,0.5
1025_IOM_ANG_XX.mp4,A,77.8,-1.0,0.9
1051_MTI_HAP_XX.mp4,H:N,58.2,0.0,0.5
1044_MTI_HAP_XX.mp4,N,45.6,0.0,0.5
1070_MTI_FEA_XX.mp4,N,68.0,0.0,0.5
1065_MTI_FEA_XX.mp4,N,55.2222222222222,0.0,0.5
1077_MTI_SAD_XX.mp4,N,67.0909090909091,0.0,0.5
1062_MTI_SAD_XX.mp4,S,55.0,-1.0,0.3
1029_IEO_DIS_LO.mp4,N,57.75,0.0,0.5
1047_IWW_FEA_XX.mp4,F,62.5714285714286,-0.8,0.8
1052_IWW_FEA_XX.mp4,F,48.3333333333333,-0.8,0.8
1058_ITH_NEU_XX.mp4,N,75.625,0.0,0.5
1066_IWW_HAP_XX.mp4,N,53.7777777777778,0.0,0.5
1073_IWW_HAP_XX.mp4,D:F:N,53.375,0.0,0.5
1078_WSI_DIS_XX.mp4,A,52.2222222222222,-1.0,0.9
1069_TIE_SAD_XX.mp4,S,49.1,-1.0,0.3
1040_IWW_SAD_XX.mp4,N,38.1428571428571,0.0,0.5
1055_IWW_SAD_XX.mp4,N,31.0,0.0,0.5
1009_TIE_ANG_XX.mp4,A,49.2,-1.0,0.9
1078_DFA_DIS_XX.mp4,D,50.4,-0.9,0.5
1049_ITH_HAP_XX.mp4,H,68.7777777777778,1.0,0.8
1062_IWW_NEU_XX.mp4,N,63.9,0.0,0.5
1068_ITH_FEA_XX.mp4,N,59.0,0.0,0.5
1077_IWW_NEU_XX.mp4,N,74.5555555555556,0.0,0.5
1020_IWW_ANG_XX.mp4,D,63.4444444444444,-0.9,0.5
1035_IWW_ANG_XX.mp4,A,69.0,-1.0,0.9
1069_IEO_NEU_XX.mp4,N,77.7777777777778,0.0,0.5
1055_DFA_NEU_XX.mp4,A:N,43.2,0.0,0.5
1040_DFA_NEU_XX.mp4,N,63.3,0.0,0.5
1021_IEO_FEA_LO.mp4,D,49.3,-0.9,0.5
1017_DFA_ANG_XX.mp4,N,63.5555555555556,0.0,0.5
1002_DFA_ANG_XX.mp4,A,72.0,-1.0,0.9
1034_IEO_FEA_LO.mp4,N,72.0,0.0,0.5
1015_IEO_HAP_LO.mp4,N,50.1111111111111,0.0,0.5
1062_WSI_SAD_XX.mp4,N:S,50.6666666666667,0.0,0.5
1073_TIE_DIS_XX.mp4,D,68.7777777777778,-0.9,0.5
1077_WSI_SAD_XX.mp4,A:N,43.1111111111111,0.0,0.5
1066_TIE_DIS_XX.mp4,N,63.25,0.0,0.5
1026_IEO_SAD_LO.mp4,S,56.8181818181818,-1.0,0.3
1033_IEO_SAD_LO.mp4,N,48.8,0.0,0.5
1065_WSI_FEA_XX.mp4,N,58.0,0.0,0.5
1070_WSI_FEA_XX.mp4,N,50.8,0.0,0.5
1044_WSI_HAP_XX.mp4,A:D,50.4545454545455,0.0,0.5
1051_WSI_HAP_XX.mp4,N,47.5,0.0,0.5
1081_ITH_ANG_XX.mp4,A,69.3,-1.0,0.9
1046_IEO_ANG_LO.mp4,N,57.9,0.0,0.5
1070_DFA_FEA_XX.mp4,N,72.3333333333333,0.0,0.5
1065_DFA_FEA_XX.mp4,N,60.6,0.0,0.5
1053_IEO_ANG_LO.mp4,N,71.4,0.0,0.5
1060_ITH_DIS_XX.mp4,N,59.0,0.0,0.5
1051_DFA_HAP_XX.mp4,N,67.25,0.0,0.5
1044_DFA_HAP_XX.mp4,N,58.4444444444444,0.0,0.5
1075_ITH_DIS_XX.mp4,N,46.4,0.0,0.5
1077_DFA_SAD_XX.mp4,N,63.4444444444444,0.0,0.5
1062_DFA_SAD_XX.mp4,N,66.5,0.0,0.5
1087_TIE_ANG_XX.mp4,A,44.3333333333333,-1.0,0.9
1002_WSI_ANG_XX.mp4,A,62.0,-1.0,0.9
1017_WSI_ANG_XX.mp4,A,43.5555555555556,-1.0,0.9
1040_WSI_NEU_XX.mp4,N,46.4444444444444,0.0,0.5
1055_WSI_NEU_XX.mp4,N,59.6666666666667,0.0,0.5
1003_IEO_FEA_HI.mp4,N,64.875,0.0,0.5
1083_TAI_DIS_XX.mp4,N,58.6,0.0,0.5
1016_IEO_FEA_HI.mp4,F,68.0,-0.8,0.8
1026_TSI_SAD_XX.mp4,N,44.125,0.0,0.5
1022_IEO_HAP_HI.mp4,N,63.6,0.0,0.5
1037_IEO_HAP_HI.mp4,F,85.0,-0.8,0.8
1033_TSI_SAD_XX.mp4,N,58.8,0.0,0.5
1012_IEO_FEA_MD.mp4,N,62.875,0.0,0.5
1067_IWL_HAP_XX.mp4,N,36.2222222222222,0.0,0.5
1072_IWL_HAP_XX.mp4,N,83.7,0.0,0.5
1007_IEO_FEA_MD.mp4,A,81.6666666666667,-1.0,0.9
1017_TAI_SAD_XX.mp4,N,51.4444444444444,0.0,0.5
1046_IWL_FEA_XX.mp4,N,54.75,0.0,0.5
1033_IEO_HAP_MD.mp4,H,55.8,1.0,0.8
1026_IEO_HAP_MD.mp4,N,59.1,0.0,0.5
1053_IWL_FEA_XX.mp4,F,56.4,-0.8,0.8
1002_TAI_SAD_XX.mp4,D:S,50.625,0.0,0.5
1059_ITS_NEU_XX.mp4,N,77.625,0.0,0.5
1004_IEO_SAD_HI.mp4,N,57.0,0.0,0.5
1015_TSI_HAP_XX.mp4,F,64.125,-0.8,0.8
1011_IEO_SAD_HI.mp4,D,59.7,-0.9,0.5
1021_TSI_FEA_XX.mp4,N:S,45.4444444444444,0.0,0.5
1081_IEO_DIS_MD.mp4,D,52.125,-0.9,0.5
1034_TSI_FEA_XX.mp4,N,57.6,0.0,0.5
1015_IEO_SAD_MD.mp4,N,71.4,0.0,0.5
1031_TAI_HAP_XX.mp4,N,73.0,0.0,0.5
1024_TAI_HAP_XX.mp4,N,53.7777777777778,0.0,0.5
1041_IWL_SAD_XX.mp4,N,57.1,0.0,0.5
1010_TAI_FEA_XX.mp4,F,53.7272727272727,-0.8,0.8
1085_IEO_DIS_HI.mp4,D,59.5555555555556,-0.9,0.5
1005_TAI_FEA_XX.mp4,F,64.8888888888889,-0.8,0.8
1090_IEO_DIS_HI.mp4,N,67.9,0.0,0.5
1054_IWL_SAD_XX.mp4,N,52.3,0.0,0.5
1064_IEO_ANG_HI.mp4,A,92.1,-1.0,0.9
1071_IEO_ANG_HI.mp4,A,57.3333333333333,-1.0,0.9
1078_MTI_DIS_XX.mp4,S,53.6,-1.0,0.3
1075_IEO_ANG_MD.mp4,D,54.6666666666667,-0.9,0.5
1060_IEO_ANG_MD.mp4,N,59.7777777777778,0.0,0.5
1021_IWL_ANG_XX.mp4,A,60.5,-1.0,0.9
1034_IWL_ANG_XX.mp4,A:D:N,48.4,0.0,0.5
1063_IWL_NEU_XX.mp4,N,65.1,0.0,0.5
1069_ITS_FEA_XX.mp4,F,57.6666666666667,-0.8,0.8
1076_IWL_NEU_XX.mp4,N,69.6666666666667,0.0,0.5
1048_ITS_HAP_XX.mp4,N,43.1,0.0,0.5
1046_TSI_ANG_XX.mp4,N,60.6,0.0,0.5
1053_TSI_ANG_XX.mp4,A,67.1,-1.0,0.9
1004_TSI_NEU_XX.mp4,N,69.8,0.0,0.5
1011_TSI_NEU_XX.mp4,N,64.8,0.0,0.5
1035_TAI_NEU_XX.mp4,N,72.8,0.0,0.5
1020_TAI_NEU_XX.mp4,N,72.8888888888889,0.0,0.5
1077_TAI_ANG_XX.mp4,D,55.75,-0.9,0.5
1062_TAI_ANG_XX.mp4,A,66.7777777777778,-1.0,0.9
1065_MTI_DIS_XX.mp4,N,61.8,0.0,0.5
1070_MTI_DIS_XX.mp4,N,45.8571428571429,0.0,0.5
1079_IEO_ANG_HI.mp4,A,95.4,-1.0,0.9
1029_IWL_ANG_XX.mp4,A,79.6,-1.0,0.9
1068_IEO_ANG_MD.mp4,A,75.4444444444444,-1.0,0.9
1055_ITS_HAP_XX.mp4,N,54.3333333333333,0.0,0.5
1040_ITS_HAP_XX.mp4,N,54.375,0.0,0.5
1074_ITS_FEA_XX.mp4,F,70.5,-0.8,0.8
1061_ITS_FEA_XX.mp4,N,57.625,0.0,0.5
1019_TSI_NEU_XX.mp4,N,69.5555555555556,0.0,0.5
1028_TAI_NEU_XX.mp4,N,69.4444444444444,0.0,0.5
1073_ITS_SAD_XX.mp4,N,56.4,0.0,0.5
1066_ITS_SAD_XX.mp4,N,54.0909090909091,0.0,0.5
1051_ITS_NEU_XX.mp4,S,61.5555555555556,-1.0,0.3
1044_ITS_NEU_XX.mp4,N,54.7,0.0,0.5
1042_IOM_DIS_XX.mp4,N,47.625,0.0,0.5
1057_IOM_DIS_XX.mp4,N,57.25,0.0,0.5
1013_ITS_ANG_XX.mp4,A,55.1111111111111,-1.0,0.9
1006_ITS_ANG_XX.mp4,N,53.3333333333333,0.0,0.5
1089_IEO_DIS_MD.mp4,D:F,47.4285714285714,0.0,0.5
1029_TSI_FEA_XX.mp4,F,69.5555555555556,-0.8,0.8
1019_IEO_SAD_HI.mp4,F,57.8,-0.8,0.8
1008_TSI_HAP_XX.mp4,F,49.2,-0.8,0.8
1049_IWL_SAD_XX.mp4,N,83.2857142857143,0.0,0.5
1018_TAI_FEA_XX.mp4,D:F:N,39.1428571428571,0.0,0.5
1084_MTI_ANG_XX.mp4,N,51.3333333333333,0.0,0.5
1008_IEO_SAD_MD.mp4,N,66.7142857142857,0.0,0.5
1039_TAI_HAP_XX.mp4,N,78.7,0.0,0.5
1091_MTI_ANG_XX.mp4,D:N,43.7777777777778,0.0,0.5
1068_ITH_DIS_XX.mp4,N,52.3333333333333,0.0,0.5
1059_DFA_HAP_XX.mp4,N,74.7777777777778,0.0,0.5
1078_DFA_FEA_XX.mp4,F,57.375,-0.8,0.8
1048_WSI_NEU_XX.mp4,N,68.2222222222222,0.0,0.5
1048_DFA_NEU_XX.mp4,N,61.2,0.0,0.5
1052_IWW_DIS_XX.mp4,D,62.8,-0.9,0.5
1047_IWW_DIS_XX.mp4,D:F,61.1,0.0,0.5
1008_IEO_HAP_LO.mp4,N,58.25,0.0,0.5
1029_IEO_FEA_LO.mp4,N,55.9,0.0,0.5
1059_WSI_HAP_XX.mp4,A,65.7,-1.0,0.9
1078_WSI_FEA_XX.mp4,S,56.1,-1.0,0.3
1089_ITH_ANG_XX.mp4,A,69.7777777777778,-1.0,0.9
1001_TIE_ANG_XX.mp4,A,59.4545454545455,-1.0,0.9
1014_TIE_ANG_XX.mp4,A,69.625,-1.0,0.9
1043_TIE_NEU_XX.mp4,N,80.125,0.0,0.5
1056_TIE_NEU_XX.mp4,N,58.0,0.0,0.5
1075_ITH_FEA_XX.mp4,F,52.5555555555556,-0.8,0.8
1060_ITH_FEA_XX.mp4,N,68.4444444444444,0.0,0.5
1054_ITH_HAP_XX.mp4,N,78.5555555555556,0.0,0.5
1065_DFA_DIS_XX.mp4,N,60.3,0.0,0.5
1070_DFA_DIS_XX.mp4,N,63.6666666666667,0.0,0.5
1041_ITH_HAP_XX.mp4,N,72.4,0.0,0.5
1091_WSI_ANG_XX.mp4,A,48.6666666666667,-1.0,0.9
1084_WSI_ANG_XX.mp4,A,53.2,-1.0,0.9
1028_IWW_ANG_XX.mp4,A,69.8888888888889,-1.0,0.9
1061_IEO_NEU_XX.mp4,N,62.4,0.0,0.5
1074_IEO_NEU_XX.mp4,N,82.8888888888889,0.0,0.5
1072_ITH_SAD_XX.mp4,F,56.7777777777778,-0.8,0.8
1067_ITH_SAD_XX.mp4,N,53.9,0.0,0.5
1047_TIE_HAP_XX.mp4,A,83.0,-1.0,0.9
1052_TIE_HAP_XX.mp4,N,45.0,0.0,0.5
1066_TIE_FEA_XX.mp4,N,54.4444444444444,0.0,0.5
1073_TIE_FEA_XX.mp4,N,69.2222222222222,0.0,0.5
1012_ITH_ANG_XX.mp4,A,61.7777777777778,-1.0,0.9
1007_ITH_ANG_XX.mp4,A:D:N,66.0,0.0,0.5
1034_IEO_DIS_LO.mp4,D,82.1111111111111,-0.9,0.5
1021_IEO_DIS_LO.mp4,N,53.3,0.0,0.5
1050_ITH_NEU_XX.mp4,N,77.0,0.0,0.5
1045_ITH_NEU_XX.mp4,N,76.6666666666667,0.0,0.5
1084_DFA_ANG_XX.mp4,D,48.6,-0.9,0.5
1091_DFA_ANG_XX.mp4,A,50.4444444444444,-1.0,0.9
1086_IEO_HAP_LO.mp4,N,65.0,0.0,0.5
1070_WSI_DIS_XX.mp4,D,47.625,-0.9,0.5
1061_TIE_SAD_XX.mp4,N,54.125,0.0,0.5
1065_WSI_DIS_XX.mp4,A,44.9,-1.0,0.9
1074_TIE_SAD_XX.mp4,N,56.1,0.0,0.5
1048_IWW_SAD_XX.mp4,N,57.4,0.0,0.5
1082_TSI_NEU_XX.mp4,N,65.7,0.0,0.5
1069_ITS_DIS_XX.mp4,D,52.9090909090909,-0.9,0.5
1038_IOM_ANG_XX.mp4,D,52.1111111111111,-0.9,0.5
1078_MTI_FEA_XX.mp4,F,61.4444444444444,-0.8,0.8
1059_MTI_HAP_XX.mp4,A:H:N,57.8571428571429,0.0,0.5
1053_IWL_DIS_XX.mp4,D,62.5,-0.9,0.5
1046_IWL_DIS_XX.mp4,N,63.0,0.0,0.5
1082_IEO_SAD_HI.mp4,S,45.2222222222222,-1.0,0.3
1086_TSI_HAP_XX.mp4,N,61.375,0.0,0.5
1007_IEO_DIS_MD.mp4,N,55.6666666666667,0.0,0.5
1012_IEO_DIS_MD.mp4,F,49.625,-0.8,0.8
1086_IEO_SAD_MD.mp4,D,52.8888888888889,-0.9,0.5
1016_IEO_DIS_HI.mp4,D,52.0,-0.9,0.5
1083_TAI_FEA_XX.mp4,N,60.3,0.0,0.5
1003_IEO_DIS_HI.mp4,D,41.875,-0.9,0.5
1048_MTI_NEU_XX.mp4,N,68.75,0.0,0.5
1090_IEO_FEA_HI.mp4,N,51.2222222222222,0.0,0.5
1005_TAI_DIS_XX.mp4,D,46.5,-0.9,0.5
1085_IEO_FEA_HI.mp4,A,56.1,-1.0,0.9
1010_TAI_DIS_XX.mp4,N,59.9,0.0,0.5
1058_IOM_SAD_XX.mp4,N:S,64.4444444444444,0.0,0.5
1088_ITS_ANG_XX.mp4,F,56.0,-0.8,0.8
1034_TSI_DIS_XX.mp4,A:D,61.2,0.0,0.5
1081_IEO_FEA_MD.mp4,N:S,64.2,0.0,0.5
1021_TSI_DIS_XX.mp4,N,54.2222222222222,0.0,0.5
1084_TAI_SAD_XX.mp4,N,61.375,0.0,0.5
1091_TAI_SAD_XX.mp4,N,47.6666666666667,0.0,0.5
1085_IOM_NEU_XX.mp4,N,67.7,0.0,0.5
1068_TSI_NEU_XX.mp4,N,74.3,0.0,0.5
1090_IOM_NEU_XX.mp4,N,74.125,0.0,0.5
1083_ITS_DIS_XX.mp4,F,67.5714285714286,-0.8,0.8
1017_ITS_SAD_XX.mp4,N,74.4,0.0,0.5
1059_TAI_NEU_XX.mp4,N,51.4444444444444,0.0,0.5
1002_ITS_SAD_XX.mp4,N,39.6666666666667,0.0,0.5
1087_MTI_FEA_XX.mp4,N,72.3333333333333,0.0,0.5
1008_IEO_ANG_HI.mp4,A,88.7,-1.0,0.9
1001_MTI_DIS_XX.mp4,N,56.1111111111111,0.0,0.5
1014_MTI_DIS_XX.mp4,S,68.2,-1.0,0.3
1080_MTI_SAD_XX.mp4,N,69.6666666666667,0.0,0.5
1019_IEO_ANG_MD.mp4,A,66.6666666666667,-1.0,0.9
1058_IWL_ANG_XX.mp4,A,81.9,-1.0,0.9
1010_ITS_FEA_XX.mp4,F,73.7,-0.8,0.8
1005_ITS_FEA_XX.mp4,F,47.5,-0.8,0.8
1031_ITS_HAP_XX.mp4,N,57.0,0.0,0.5
1024_ITS_HAP_XX.mp4,N,45.5,0.0,0.5
1079_TSI_HAP_XX.mp4,H,64.75,1.0,0.8
1081_IOM_HAP_XX.mp4,N,42.6666666666667,0.0,0.5
1068_IEO_SAD_HI.mp4,F,51.3333333333333,-0.8,0.8
1058_TSI_FEA_XX.mp4,F,74.4,-0.8,0.8
1048_TAI_HAP_XX.mp4,N,39.5555555555556,0.0,0.5
1079_IEO_SAD_MD.mp4,N:S,53.75,0.0,0.5
1038_IWL_SAD_XX.mp4,N:S,46.5,0.0,0.5
1069_TAI_FEA_XX.mp4,F,66.4,-0.8,0.8
1026_IOM_DIS_XX.mp4,N,58.8,0.0,0.5
1033_IOM_DIS_XX.mp4,N,54.3,0.0,0.5
1035_ITS_NEU_XX.mp4,N,64.1,0.0,0.5
1020_ITS_NEU_XX.mp4,N,50.3333333333333,0.0,0.5
1077_ITS_ANG_XX.mp4,A:D,43.5,0.0,0.5
1062_ITS_ANG_XX.mp4,D,59.3333333333333,-0.9,0.5
1080_IWW_NEU_XX.mp4,N,46.5,0.0,0.5
1039_WSI_NEU_XX.mp4,N:S,49.875,0.0,0.5
1009_DFA_FEA_XX.mp4,F,55.25,-0.8,0.8
1028_DFA_HAP_XX.mp4,N,54.4444444444444,0.0,0.5
1091_IWW_HAP_XX.mp4,N,42.1,0.0,0.5
1084_IWW_HAP_XX.mp4,N,61.5,0.0,0.5
1009_WSI_FEA_XX.mp4,A,78.1111111111111,-1.0,0.9
1028_WSI_HAP_XX.mp4,H,64.5,1.0,0.8
1036_IWW_DIS_XX.mp4,D,56.0,-0.9,0.5
1023_IWW_DIS_XX.mp4,F,52.6,-0.8,0.8
1039_DFA_NEU_XX.mp4,N,65.4444444444444,0.0,0.5
1058_IEO_FEA_LO.mp4,N,51.6666666666667,0.0,0.5
1079_IEO_HAP_LO.mp4,H,50.1,1.0,0.8
1082_ITH_DIS_XX.mp4,D:F,61.7777777777778,0.0,0.5
1087_DFA_FEA_XX.mp4,F,52.0,-0.8,0.8
1005_IEO_NEU_XX.mp4,N,81.5714285714286,0.0,0.5
1010_IEO_NEU_XX.mp4,N,56.4,0.0,0.5
1016_ITH_SAD_XX.mp4,S,65.1818181818182,-1.0,0.3
1003_ITH_SAD_XX.mp4,N,72.2,0.0,0.5
1065_TIE_ANG_XX.mp4,A,73.2222222222222,-1.0,0.9
1070_TIE_ANG_XX.mp4,A,70.0,-1.0,0.9
1027_TIE_NEU_XX.mp4,N,85.1,0.0,0.5
1080_DFA_SAD_XX.mp4,D,54.5555555555556,-0.9,0.5
1032_TIE_NEU_XX.mp4,N,60.5555555555556,0.0,0.5
1001_DFA_DIS_XX.mp4,D,44.1111111111111,-0.9,0.5
1030_ITH_HAP_XX.mp4,H,62.5,1.0,0.8
1025_ITH_HAP_XX.mp4,H,61.0909090909091,1.0,0.8
1014_DFA_DIS_XX.mp4,N,50.5,0.0,0.5
1011_ITH_FEA_XX.mp4,N,53.0,0.0,0.5
1004_ITH_FEA_XX.mp4,F,48.8,-0.8,0.8
1059_IWW_ANG_XX.mp4,D,65.9090909090909,-0.9,0.5
1014_WSI_DIS_XX.mp4,N,59.625,0.0,0.5
1005_TIE_SAD_XX.mp4,N,40.75,0.0,0.5
1001_WSI_DIS_XX.mp4,N,56.2222222222222,0.0,0.5
1010_TIE_SAD_XX.mp4,S,46.0,-1.0,0.3
1039_IWW_SAD_XX.mp4,N,39.0,0.0,0.5
1084_TIE_DIS_XX.mp4,N,52.875,0.0,0.5
1091_TIE_DIS_XX.mp4,N,57.4,0.0,0.5
1080_WSI_SAD_XX.mp4,N:S,57.6,0.0,0.5
1002_TIE_FEA_XX.mp4,F,66.9,-0.8,0.8
1017_TIE_FEA_XX.mp4,N,57.6,0.0,0.5
1023_TIE_HAP_XX.mp4,H,48.4444444444444,1.0,0.8
1036_TIE_HAP_XX.mp4,N,57.375,0.0,0.5
1050_IEO_DIS_LO.mp4,D:N,63.1111111111111,0.0,0.5
1045_IEO_DIS_LO.mp4,N,51.6,0.0,0.5
1076_ITH_ANG_XX.mp4,D,62.8,-0.9,0.5
1063_ITH_ANG_XX.mp4,A,53.2222222222222,-1.0,0.9
1034_ITH_NEU_XX.mp4,N,62.9,0.0,0.5
1021_ITH_NEU_XX.mp4,N,84.1111111111111,0.0,0.5
1087_WSI_FEA_XX.mp4,N,57.8,0.0,0.5
1086_IEO_ANG_HI.mp4,A,83.5555555555556,-1.0,0.9
1081_IWL_NEU_XX.mp4,N,75.9,0.0,0.5
1082_IEO_ANG_MD.mp4,N,68.125,0.0,0.5
1018_ITS_DIS_XX.mp4,N,66.1428571428571,0.0,0.5
1049_IOM_ANG_XX.mp4,A:D,67.1,0.0,0.5
1028_MTI_HAP_XX.mp4,H:N,55.0,0.0,0.5
1080_TAI_ANG_XX.mp4,A,81.2222222222222,-1.0,0.9
1029_IOM_SAD_XX.mp4,N,62.0,0.0,0.5
1061_TAI_DIS_XX.mp4,D,54.5555555555556,-0.9,0.5
1074_TAI_DIS_XX.mp4,D,65.0,-0.9,0.5
1090_IWL_HAP_XX.mp4,N,43.8888888888889,0.0,0.5
1050_TSI_DIS_XX.mp4,D,54.5714285714286,-0.9,0.5
1045_TSI_DIS_XX.mp4,N,59.5555555555556,0.0,0.5
1085_IWL_HAP_XX.mp4,N,72.3333333333333,0.0,0.5
1063_IEO_DIS_MD.mp4,H:N,54.5,0.0,0.5
1076_IEO_DIS_MD.mp4,N,62.3333333333333,0.0,0.5
1037_IWL_DIS_XX.mp4,N,58.9,0.0,0.5
1022_IWL_DIS_XX.mp4,A,68.8888888888889,-1.0,0.9
1072_IEO_DIS_HI.mp4,N,43.9,0.0,0.5
1067_IEO_DIS_HI.mp4,S,78.8888888888889,-1.0,0.3
1039_MTI_NEU_XX.mp4,N,59.2,0.0,0.5
1049_MTI_NEU_XX.mp4,N,72.7,0.0,0.5
1002_IEO_DIS_HI.mp4,N,49.25,0.0,0.5
1017_IEO_DIS_HI.mp4,S,56.0,-1.0,0.3
1082_TAI_FEA_XX.mp4,N,72.7777777777778,0.0,0.5
1087_IEO_SAD_MD.mp4,S,57.8,-1.0,0.3
1013_IEO_DIS_MD.mp4,N,66.125,0.0,0.5
1006_IEO_DIS_MD.mp4,D,60.1111111111111,-0.9,0.5
1047_IWL_DIS_XX.mp4,N,54.8888888888889,0.0,0.5
1083_IEO_SAD_HI.mp4,F,64.6,-0.8,0.8
1087_TSI_HAP_XX.mp4,N,61.7,0.0,0.5
1052_IWL_DIS_XX.mp4,N,79.0,0.0,0.5
1090_TAI_SAD_XX.mp4,N,58.2,0.0,0.5
1085_TAI_SAD_XX.mp4,N,54.8888888888889,0.0,0.5
1020_TSI_DIS_XX.mp4,N,57.1,0.0,0.5
1035_TSI_DIS_XX.mp4,D,58.1,-0.9,0.5
1080_IEO_FEA_MD.mp4,N,61.6666666666667,0.0,0.5
1089_ITS_ANG_XX.mp4,A,55.1,-1.0,0.9
1059_IOM_SAD_XX.mp4,S,69.1111111111111,-1.0,0.3
1084_IEO_FEA_HI.mp4,F,58.8,-0.8,0.8
1011_TAI_DIS_XX.mp4,N,42.25,0.0,0.5
1091_IEO_FEA_HI.mp4,F,69.875,-0.8,0.8
1004_TAI_DIS_XX.mp4,D,64.3,-0.9,0.5
1058_MTI_HAP_XX.mp4,N,78.8888888888889,0.0,0.5
1079_MTI_FEA_XX.mp4,F,59.0,-0.8,0.8
1039_IOM_ANG_XX.mp4,A,73.1,-1.0,0.9
1068_ITS_DIS_XX.mp4,N,72.0,0.0,0.5
1083_TSI_NEU_XX.mp4,N,70.4444444444444,0.0,0.5
1044_ITH_NEU_XX.mp4,N,72.2222222222222,0.0,0.5
1051_ITH_NEU_XX.mp4,N,68.2,0.0,0.5
1020_IEO_DIS_LO.mp4,D,59.8888888888889,-0.9,0.5
1035_IEO_DIS_LO.mp4,D,47.3333333333333,-0.9,0.5
1006_ITH_ANG_XX.mp4,D,60.9,-0.9,0.5
1013_ITH_ANG_XX.mp4,A,82.8,-1.0,0.9
1072_TIE_FEA_XX.mp4,A:N,61.7777777777778,0.0,0.5
1067_TIE_FEA_XX.mp4,N,57.0,0.0,0.5
1053_TIE_HAP_XX.mp4,N,64.8,0.0,0.5
1046_TIE_HAP_XX.mp4,D,36.375,-0.9,0.5
1049_IWW_SAD_XX.mp4,F,49.3333333333333,-0.8,0.8
1064_WSI_DIS_XX.mp4,D,64.8,-0.9,0.5
1075_TIE_SAD_XX.mp4,N,57.3333333333333,0.0,0.5
1071_WSI_DIS_XX.mp4,N,49.1111111111111,0.0,0.5
1060_TIE_SAD_XX.mp4,N:S,47.8888888888889,0.0,0.5
1087_IEO_HAP_LO.mp4,N,57.5,0.0,0.5
1090_DFA_ANG_XX.mp4,A:N,40.5,0.0,0.5
1085_DFA_ANG_XX.mp4,A,78.0,-1.0,0.9
1029_IWW_ANG_XX.mp4,A,58.8,-1.0,0.9
1085_WSI_ANG_XX.mp4,A,84.1,-1.0,0.9
1090_WSI_ANG_XX.mp4,A:D,68.0,0.0,0.5
1071_DFA_DIS_XX.mp4,D,53.9,-0.9,0.5
1040_ITH_HAP_XX.mp4,N,67.7,0.0,0.5
1055_ITH_HAP_XX.mp4,H:N,51.4285714285714,0.0,0.5
1064_DFA_DIS_XX.mp4,D,65.0,-0.9,0.5
1061_ITH_FEA_XX.mp4,N,46.7777777777778,0.0,0.5
1074_ITH_FEA_XX.mp4,N,65.0,0.0,0.5
1057_TIE_NEU_XX.mp4,N,60.25,0.0,0.5
1042_TIE_NEU_XX.mp4,N,69.25,0.0,0.5
1015_TIE_ANG_XX.mp4,A,56.6666666666667,-1.0,0.9
1066_ITH_SAD_XX.mp4,N,66.1818181818182,0.0,0.5
1073_ITH_SAD_XX.mp4,N,69.1111111111111,0.0,0.5
1075_IEO_NEU_XX.mp4,N,64.3333333333333,0.0,0.5
1060_IEO_NEU_XX.mp4,N,73.5,0.0,0.5
1028_IEO_FEA_LO.mp4,N,62.375,0.0,0.5
1009_IEO_HAP_LO.mp4,H,57.0,1.0,0.8
1046_IWW_DIS_XX.mp4,N,38.4444444444444,0.0,0.5
1053_IWW_DIS_XX.mp4,D,47.7777777777778,-0.9,0.5
1049_DFA_NEU_XX.mp4,N,63.625,0.0,0.5
1088_ITH_ANG_XX.mp4,N,56.3333333333333,0.0,0.5
1079_WSI_FEA_XX.mp4,A,76.0,-1.0,0.9
1058_WSI_HAP_XX.mp4,A,65.4285714285714,-1.0,0.9
1079_DFA_FEA_XX.mp4,F,76.0,-0.8,0.8
1069_ITH_DIS_XX.mp4,A,58.1,-1.0,0.9
1058_DFA_HAP_XX.mp4,N,49.1111111111111,0.0,0.5
1049_WSI_NEU_XX.mp4,N,66.4,0.0,0.5
1007_ITS_ANG_XX.mp4,D,50.25,-0.9,0.5
1012_ITS_ANG_XX.mp4,N,62.1111111111111,0.0,0.5
1056_IOM_DIS_XX.mp4,A,52.5,-1.0,0.9
1043_IOM_DIS_XX.mp4,N,40.6666666666667,0.0,0.5
1045_ITS_NEU_XX.mp4,N,64.5555555555556,0.0,0.5
1050_ITS_NEU_XX.mp4,N,53.75,0.0,0.5
1038_TAI_HAP_XX.mp4,H,61.7777777777778,1.0,0.8
1090_MTI_ANG_XX.mp4,D,61.4444444444444,-0.9,0.5
1085_MTI_ANG_XX.mp4,N,56.1111111111111,0.0,0.5
1009_IEO_SAD_MD.mp4,N,61.3333333333333,0.0,0.5
1048_IWL_SAD_XX.mp4,N,59.0,0.0,0.5
1019_TAI_FEA_XX.mp4,F,73.875,-0.8,0.8
1009_TSI_HAP_XX.mp4,N,54.1428571428571,0.0,0.5
1018_IEO_SAD_HI.mp4,S,42.5555555555556,-1.0,0.3
1028_TSI_FEA_XX.mp4,F,66.0,-0.8,0.8
1088_IEO_DIS_MD.mp4,N,58.125,0.0,0.5
1060_ITS_FEA_XX.mp4,N,57.25,0.0,0.5
1075_ITS_FEA_XX.mp4,F:N,51.1,0.0,0.5
1041_ITS_HAP_XX.mp4,N,47.5,0.0,0.5
1054_ITS_HAP_XX.mp4,H,73.2222222222222,1.0,0.8
1069_IEO_ANG_MD.mp4,A,56.2,-1.0,0.9
1028_IWL_ANG_XX.mp4,D,66.5,-0.9,0.5
1078_IEO_ANG_HI.mp4,A,87.3333333333333,-1.0,0.9
1071_MTI_DIS_XX.mp4,N,47.4,0.0,0.5
1064_MTI_DIS_XX.mp4,D:N,59.125,0.0,0.5
1067_ITS_SAD_XX.mp4,N,79.1111111111111,0.0,0.5
1029_TAI_NEU_XX.mp4,N,81.6,0.0,0.5
1072_ITS_SAD_XX.mp4,N,66.4,0.0,0.5
1018_TSI_NEU_XX.mp4,N,72.2222222222222,0.0,0.5
1044_TSI_DIS_XX.mp4,D,55.5,-0.9,0.5
1084_IWL_HAP_XX.mp4,N,58.4,0.0,0.5
1091_IWL_HAP_XX.mp4,N,66.5555555555556,0.0,0.5
1051_TSI_DIS_XX.mp4,D:N,54.0,0.0,0.5
1075_TAI_DIS_XX.mp4,N,55.1111111111111,0.0,0.5
1060_TAI_DIS_XX.mp4,S,54.4285714285714,-1.0,0.3
1028_IOM_SAD_XX.mp4,S,67.5,-1.0,0.3
1038_MTI_NEU_XX.mp4,N,63.5555555555556,0.0,0.5
1066_IEO_DIS_HI.mp4,D,39.0909090909091,-0.9,0.5
1073_IEO_DIS_HI.mp4,N,49.8,0.0,0.5
1023_IWL_DIS_XX.mp4,N,49.4444444444444,0.0,0.5
1036_IWL_DIS_XX.mp4,A,52.7777777777778,-1.0,0.9
1077_IEO_DIS_MD.mp4,N,49.8888888888889,0.0,0.5
1062_IEO_DIS_MD.mp4,N,57.2222222222222,0.0,0.5
1083_IEO_ANG_MD.mp4,A,47.4444444444444,-1.0,0.9
1080_IWL_NEU_XX.mp4,N,74.6666666666667,0.0,0.5
1087_IEO_ANG_HI.mp4,A,79.5,-1.0,0.9
1008_MTI_FEA_XX.mp4,N,49.3333333333333,0.0,0.5
1029_MTI_HAP_XX.mp4,H,55.1111111111111,1.0,0.8
1081_TAI_ANG_XX.mp4,A,59.25,-1.0,0.9
1048_IOM_ANG_XX.mp4,A,67.6666666666667,-1.0,0.9
1019_ITS_DIS_XX.mp4,D,50.3333333333333,-0.9,0.5
1090_TIE_DIS_XX.mp4,N,66.4444444444444,0.0,0.5
1081_WSI_SAD_XX.mp4,N,71.6,0.0,0.5
1085_TIE_DIS_XX.mp4,N,64.2222222222222,0.0,0.5
1038_IWW_SAD_XX.mp4,F:N,39.5,0.0,0.5
1011_TIE_SAD_XX.mp4,N,71.4,0.0,0.5
1015_WSI_DIS_XX.mp4,N,46.6666666666667,0.0,0.5
1004_TIE_SAD_XX.mp4,S,51.8181818181818,-1.0,0.3
1086_WSI_FEA_XX.mp4,N,54.0,0.0,0.5
1020_ITH_NEU_XX.mp4,N,57.7,0.0,0.5
1035_ITH_NEU_XX.mp4,N,62.9,0.0,0.5
1062_ITH_ANG_XX.mp4,D,62.5555555555556,-0.9,0.5
1077_ITH_ANG_XX.mp4,A,65.8888888888889,-1.0,0.9
1044_IEO_DIS_LO.mp4,A:D,50.6666666666667,0.0,0.5
1051_IEO_DIS_LO.mp4,N,67.75,0.0,0.5
1037_TIE_HAP_XX.mp4,H,47.7777777777778,1.0,0.8
1022_TIE_HAP_XX.mp4,N,51.5,0.0,0.5
1016_TIE_FEA_XX.mp4,A,62.1111111111111,-1.0,0.9
1003_TIE_FEA_XX.mp4,F,52.4,-0.8,0.8
1002_ITH_SAD_XX.mp4,D:F:S,34.8571428571429,0.0,0.5
1017_ITH_SAD_XX.mp4,N,53.0,0.0,0.5
1011_IEO_NEU_XX.mp4,N,56.8888888888889,0.0,0.5
1004_IEO_NEU_XX.mp4,N,56.2,0.0,0.5
1086_DFA_FEA_XX.mp4,F,37.0,-0.8,0.8
1083_ITH_DIS_XX.mp4,D:F:S,64.0,0.0,0.5
1058_IWW_ANG_XX.mp4,A,62.0,-1.0,0.9
1005_ITH_FEA_XX.mp4,F,43.0,-0.8,0.8
1010_ITH_FEA_XX.mp4,F,61.625,-0.8,0.8
1024_ITH_HAP_XX.mp4,N,67.125,0.0,0.5
1015_DFA_DIS_XX.mp4,D,43.0,-0.9,0.5
1031_ITH_HAP_XX.mp4,N,71.125,0.0,0.5
1033_TIE_NEU_XX.mp4,N,72.3333333333333,0.0,0.5
1026_TIE_NEU_XX.mp4,N:S,62.3333333333333,0.0,0.5
1081_DFA_SAD_XX.mp4,N,55.8181818181818,0.0,0.5
1071_TIE_ANG_XX.mp4,A,64.0,-1.0,0.9
1064_TIE_ANG_XX.mp4,A,90.8,-1.0,0.9
1029_WSI_HAP_XX.mp4,H:N,63.5,0.0,0.5
1085_IWW_HAP_XX.mp4,D:N,45.6,0.0,0.5
1090_IWW_HAP_XX.mp4,N,56.2,0.0,0.5
1078_IEO_HAP_LO.mp4,N,67.6666666666667,0.0,0.5
1059_IEO_FEA_LO.mp4,N,46.4,0.0,0.5
1038_DFA_NEU_XX.mp4,N,44.3333333333333,0.0,0.5
1022_IWW_DIS_XX.mp4,A,64.5,-1.0,0.9
1037_IWW_DIS_XX.mp4,F,35.125,-0.8,0.8
1038_WSI_NEU_XX.mp4,N,54.625,0.0,0.5
1081_IWW_NEU_XX.mp4,N,63.6,0.0,0.5
1018_ITH_DIS_XX.mp4,N,53.0,0.0,0.5
1029_DFA_HAP_XX.mp4,H,64.5,1.0,0.8
1008_DFA_FEA_XX.mp4,F,67.7777777777778,-0.8,0.8
1039_IWL_SAD_XX.mp4,S,61.1,-1.0,0.3
1068_TAI_FEA_XX.mp4,N,39.5714285714286,0.0,0.5
1078_IEO_SAD_MD.mp4,N:S,48.8888888888889,0.0,0.5
1049_TAI_HAP_XX.mp4,F,49.2857142857143,-0.8,0.8
1059_TSI_FEA_XX.mp4,F,74.25,-0.8,0.8
1069_IEO_SAD_HI.mp4,N,58.2,0.0,0.5
1078_TSI_HAP_XX.mp4,H,62.4,1.0,0.8
1080_IOM_HAP_XX.mp4,N,56.7777777777778,0.0,0.5
1063_ITS_ANG_XX.mp4,N,63.3,0.0,0.5
1076_ITS_ANG_XX.mp4,D,46.6363636363636,-0.9,0.5
1021_ITS_NEU_XX.mp4,N,47.1111111111111,0.0,0.5
1034_ITS_NEU_XX.mp4,N,57.3333333333333,0.0,0.5
1032_IOM_DIS_XX.mp4,N,48.5,0.0,0.5
1027_IOM_DIS_XX.mp4,N,53.0,0.0,0.5
1086_MTI_FEA_XX.mp4,N,46.9,0.0,0.5
1058_TAI_NEU_XX.mp4,N,75.0,0.0,0.5
1003_ITS_SAD_XX.mp4,S,53.0,-1.0,0.3
1016_ITS_SAD_XX.mp4,N,60.5714285714286,0.0,0.5
1082_ITS_DIS_XX.mp4,N,40.4,0.0,0.5
1069_TSI_NEU_XX.mp4,N,59.3333333333333,0.0,0.5
1091_IOM_NEU_XX.mp4,N,64.6666666666667,0.0,0.5
1084_IOM_NEU_XX.mp4,N,71.3333333333333,0.0,0.5
1025_ITS_HAP_XX.mp4,N,53.9090909090909,0.0,0.5
1030_ITS_HAP_XX.mp4,N,57.2222222222222,0.0,0.5
1004_ITS_FEA_XX.mp4,F,57.2,-0.8,0.8
1011_ITS_FEA_XX.mp4,N,55.5,0.0,0.5
1059_IWL_ANG_XX.mp4,A,74.9,-1.0,0.9
1018_IEO_ANG_MD.mp4,D,48.4,-0.9,0.5
1081_MTI_SAD_XX.mp4,N:S,55.8,0.0,0.5
1015_MTI_DIS_XX.mp4,A,59.4285714285714,-1.0,0.9
1009_IEO_ANG_HI.mp4,A,82.8,-1.0,0.9
1007_TAI_ANG_XX.mp4,A,56.8888888888889,-1.0,0.9
1012_TAI_ANG_XX.mp4,N,64.75,0.0,0.5
1045_TAI_NEU_XX.mp4,N,67.4444444444444,0.0,0.5
1050_TAI_NEU_XX.mp4,N,69.9,0.0,0.5
1074_TSI_NEU_XX.mp4,N,72.1,0.0,0.5
1061_TSI_NEU_XX.mp4,N,72.3333333333333,0.0,0.5
1036_TSI_ANG_XX.mp4,A:F,65.1,0.0,0.5
1023_TSI_ANG_XX.mp4,A:N,74.625,0.0,0.5
1013_IWL_NEU_XX.mp4,N,64.2727272727273,0.0,0.5
1019_ITS_FEA_XX.mp4,F,72.3333333333333,-0.8,0.8
1006_IWL_NEU_XX.mp4,N,68.5,0.0,0.5
1038_ITS_HAP_XX.mp4,H,53.3,1.0,0.8
1089_MTI_SAD_XX.mp4,S,61.4444444444444,-1.0,0.3
1005_IEO_ANG_MD.mp4,A:D,62.3,0.0,0.5
1010_IEO_ANG_MD.mp4,D,61.3,-0.9,0.5
1051_IWL_ANG_XX.mp4,A:N,53.375,0.0,0.5
1044_IWL_ANG_XX.mp4,D,72.8888888888889,-0.9,0.5
1014_IEO_ANG_HI.mp4,A,84.0,-1.0,0.9
1001_IEO_ANG_HI.mp4,D,73.4444444444444,-0.9,0.5
1008_MTI_DIS_XX.mp4,F:N,54.375,0.0,0.5
1041_TAI_HAP_XX.mp4,N,62.8,0.0,0.5
1065_IEO_SAD_MD.mp4,N,60.6666666666667,0.0,0.5
1070_IEO_SAD_MD.mp4,N,70.4444444444444,0.0,0.5
1054_TAI_HAP_XX.mp4,H,55.8,1.0,0.8
1031_IWL_SAD_XX.mp4,N,74.5555555555556,0.0,0.5
1060_TAI_FEA_XX.mp4,S,62.7777777777778,-1.0,0.3
1075_TAI_FEA_XX.mp4,N,56.3,0.0,0.5
1024_IWL_SAD_XX.mp4,N,51.0,0.0,0.5
1070_TSI_HAP_XX.mp4,H,47.4,1.0,0.8
1088_IOM_HAP_XX.mp4,N,46.3333333333333,0.0,0.5
1074_IEO_SAD_HI.mp4,S,68.8,-1.0,0.3
1061_IEO_SAD_HI.mp4,N,54.2222222222222,0.0,0.5
1065_TSI_HAP_XX.mp4,F,56.375,-0.8,0.8
1051_TSI_FEA_XX.mp4,F,61.2,-0.8,0.8
1044_TSI_FEA_XX.mp4,F,64.1,-0.8,0.8
1017_IWL_HAP_XX.mp4,N,65.625,0.0,0.5
1062_IEO_FEA_MD.mp4,S,55.7777777777778,-1.0,0.3
1077_IEO_FEA_MD.mp4,N,59.2,0.0,0.5
1002_IWL_HAP_XX.mp4,N,58.5,0.0,0.5
1043_IEO_HAP_MD.mp4,H,55.7,1.0,0.8
1067_TAI_SAD_XX.mp4,N,49.7777777777778,0.0,0.5
1036_IWL_FEA_XX.mp4,F:S,65.4,0.0,0.5
1023_IWL_FEA_XX.mp4,N,53.3333333333333,0.0,0.5
1072_TAI_SAD_XX.mp4,N,52.8888888888889,0.0,0.5
1029_ITS_NEU_XX.mp4,N,54.7777777777778,0.0,0.5
1056_IEO_HAP_MD.mp4,H,62.2222222222222,1.0,0.8
1073_IEO_FEA_HI.mp4,F,42.5714285714286,-0.8,0.8
1066_IEO_FEA_HI.mp4,A,56.6,-1.0,0.9
1052_IEO_HAP_HI.mp4,H,53.0,1.0,0.8
1056_TSI_SAD_XX.mp4,N,49.0,0.0,0.5
1043_TSI_SAD_XX.mp4,N,74.7777777777778,0.0,0.5
1047_IEO_HAP_HI.mp4,A,60.6,-1.0,0.9
1083_ITH_FEA_XX.mp4,N,51.3,0.0,0.5
1089_IWW_NEU_XX.mp4,F,56.6666666666667,-0.8,0.8
1030_WSI_NEU_XX.mp4,N,65.5,0.0,0.5
1086_DFA_DIS_XX.mp4,D,61.0,-0.9,0.5
1025_WSI_NEU_XX.mp4,N,56.3,0.0,0.5
1072_WSI_ANG_XX.mp4,A,48.4285714285714,-1.0,0.9
1067_WSI_ANG_XX.mp4,A,83.8,-1.0,0.9
1007_DFA_SAD_XX.mp4,N,63.8888888888889,0.0,0.5
1012_DFA_SAD_XX.mp4,N,41.7,0.0,0.5
1082_IEO_NEU_XX.mp4,N,70.7272727272727,0.0,0.5
1091_ITH_SAD_XX.mp4,F:N,68.4,0.0,0.5
1084_ITH_SAD_XX.mp4,N,64.3333333333333,0.0,0.5
1036_IEO_ANG_LO.mp4,D,38.7,-0.9,0.5
1015_DFA_FEA_XX.mp4,A:F,46.3333333333333,0.0,0.5
1023_IEO_ANG_LO.mp4,N,68.7,0.0,0.5
1010_ITH_DIS_XX.mp4,D,56.1111111111111,-0.9,0.5
1021_DFA_HAP_XX.mp4,N,67.7,0.0,0.5
1034_DFA_HAP_XX.mp4,N,46.8571428571429,0.0,0.5
1005_ITH_DIS_XX.mp4,N,33.625,0.0,0.5
1015_WSI_FEA_XX.mp4,F:N,42.25,0.0,0.5
1034_WSI_HAP_XX.mp4,D:N,57.5555555555556,0.0,0.5
1021_WSI_HAP_XX.mp4,N,47.9,0.0,0.5
1085_TIE_FEA_XX.mp4,N,47.125,0.0,0.5
1090_TIE_FEA_XX.mp4,N,61.7,0.0,0.5
1056_IEO_SAD_LO.mp4,N,68.0,0.0,0.5
1043_IEO_SAD_LO.mp4,N,71.1,0.0,0.5
1012_WSI_SAD_XX.mp4,N,46.1111111111111,0.0,0.5
1003_TIE_DIS_XX.mp4,A,51.0,-1.0,0.9
1007_WSI_SAD_XX.mp4,S,51.2,-1.0,0.3
1016_TIE_DIS_XX.mp4,A:D,63.0,0.0,0.5
1051_IEO_FEA_LO.mp4,N,47.25,0.0,0.5
1067_DFA_ANG_XX.mp4,N,70.2222222222222,0.0,0.5
1072_DFA_ANG_XX.mp4,A,46.9,-1.0,0.9
1044_IEO_FEA_LO.mp4,N,64.7,0.0,0.5
1070_IEO_HAP_LO.mp4,N,71.6,0.0,0.5
1065_IEO_HAP_LO.mp4,N,64.1111111111111,0.0,0.5
1082_TIE_SAD_XX.mp4,S,44.875,-1.0,0.3
1025_DFA_NEU_XX.mp4,N,59.1818181818182,0.0,0.5
1030_DFA_NEU_XX.mp4,N,50.7,0.0,0.5
1086_WSI_DIS_XX.mp4,A:D,47.0,0.0,0.5
1019_IEO_NEU_XX.mp4,N,62.3,0.0,0.5
1050_IWW_ANG_XX.mp4,A:D,60.5,0.0,0.5
1045_IWW_ANG_XX.mp4,N,52.0,0.0,0.5
1008_DFA_DIS_XX.mp4,A,49.0,-1.0,0.9
1039_ITH_HAP_XX.mp4,H,52.5555555555556,1.0,0.8
1012_IWW_NEU_XX.mp4,N,40.3333333333333,0.0,0.5
1018_ITH_FEA_XX.mp4,N,85.5555555555556,0.0,0.5
1007_IWW_NEU_XX.mp4,N,52.0,0.0,0.5
1089_DFA_SAD_XX.mp4,N,51.4444444444444,0.0,0.5
1079_TIE_ANG_XX.mp4,A,83.5,-1.0,0.9
1030_IWW_SAD_XX.mp4,F,45.7,-0.8,0.8
1025_IWW_SAD_XX.mp4,F,52.3333333333333,-0.8,0.8
1089_WSI_SAD_XX.mp4,S,56.2,-1.0,0.3
1019_TIE_SAD_XX.mp4,F,43.7,-0.8,0.8
1037_IWW_FEA_XX.mp4,F,48.375,-0.8,0.8
1022_IWW_FEA_XX.mp4,F,43.7777777777778,-0.8,0.8
1028_ITH_NEU_XX.mp4,N,50.0,0.0,0.5
1016_IWW_HAP_XX.mp4,N,75.7777777777778,0.0,0.5
1003_IWW_HAP_XX.mp4,H,81.1,1.0,0.8
1059_IEO_DIS_LO.mp4,D,63.5,-0.9,0.5
1007_MTI_SAD_XX.mp4,N,54.0,0.0,0.5
1012_MTI_SAD_XX.mp4,S,72.8888888888889,-1.0,0.3
1082_ITS_FEA_XX.mp4,N,51.5,0.0,0.5
1088_IWL_NEU_XX.mp4,N,59.7777777777778,0.0,0.5
1086_MTI_DIS_XX.mp4,N,54.0,0.0,0.5
1090_ITS_SAD_XX.mp4,N:S,60.4,0.0,0.5
1085_ITS_SAD_XX.mp4,N,43.3,0.0,0.5
1021_MTI_HAP_XX.mp4,N,52.0,0.0,0.5
1089_TAI_ANG_XX.mp4,A,67.5555555555556,-1.0,0.9
1034_MTI_HAP_XX.mp4,H:N,53.1428571428571,0.0,0.5
1015_MTI_FEA_XX.mp4,N,52.0,0.0,0.5
1040_IOM_ANG_XX.mp4,N,60.7777777777778,0.0,0.5
1055_IOM_ANG_XX.mp4,D:N,59.25,0.0,0.5
1011_ITS_DIS_XX.mp4,N,74.8,0.0,0.5
1004_ITS_DIS_XX.mp4,D,53.9,-0.9,0.5
1002_IOM_NEU_XX.mp4,N,58.5555555555556,0.0,0.5
1017_IOM_NEU_XX.mp4,N,58.25,0.0,0.5
1059_TSI_DIS_XX.mp4,N,48.75,0.0,0.5
1020_IOM_SAD_XX.mp4,N:S,62.8,0.0,0.5
1035_IOM_SAD_XX.mp4,N,41.6,0.0,0.5
1068_TAI_DIS_XX.mp4,A:D,39.0,0.0,0.5
1025_MTI_NEU_XX.mp4,N,50.6666666666667,0.0,0.5
1030_MTI_NEU_XX.mp4,N,61.6,0.0,0.5
1067_MTI_ANG_XX.mp4,N,65.5555555555556,0.0,0.5
1072_MTI_ANG_XX.mp4,N,56.125,0.0,0.5
1027_IOM_FEA_XX.mp4,N,73.875,0.0,0.5
1032_IOM_FEA_XX.mp4,N,58.1111111111111,0.0,0.5
1006_IOM_HAP_XX.mp4,H,50.8,1.0,0.8
1013_IOM_HAP_XX.mp4,H,67.3333333333333,1.0,0.8
1049_ITS_HAP_XX.mp4,H,78.0,1.0,0.8
1077_IWL_NEU_XX.mp4,N,71.8,0.0,0.5
1062_IWL_NEU_XX.mp4,N,65.2222222222222,0.0,0.5
1068_ITS_FEA_XX.mp4,N,50.625,0.0,0.5
1035_IWL_ANG_XX.mp4,D,44.0,-0.9,0.5
1020_IWL_ANG_XX.mp4,A,48.3,-1.0,0.9
1061_IEO_ANG_MD.mp4,A,64.2222222222222,-1.0,0.9
1074_IEO_ANG_MD.mp4,H,73.375,1.0,0.8
1079_MTI_DIS_XX.mp4,N,47.5555555555556,0.0,0.5
1070_IEO_ANG_HI.mp4,A,58.0,-1.0,0.9
1065_IEO_ANG_HI.mp4,A,83.6,-1.0,0.9
1063_TAI_ANG_XX.mp4,D,63.0,-0.9,0.5
1076_TAI_ANG_XX.mp4,A,50.6666666666667,-1.0,0.9
1021_TAI_NEU_XX.mp4,N,60.0,0.0,0.5
1034_TAI_NEU_XX.mp4,N,63.2222222222222,0.0,0.5
1010_TSI_NEU_XX.mp4,N,54.8,0.0,0.5
1005_TSI_NEU_XX.mp4,N,75.6,0.0,0.5
1052_TSI_ANG_XX.mp4,F,62.6666666666667,-0.8,0.8
1047_TSI_ANG_XX.mp4,A,63.4,-1.0,0.9
1027_IEO_HAP_MD.mp4,N,75.3,0.0,0.5
1052_IWL_FEA_XX.mp4,N,53.4,0.0,0.5
1003_TAI_SAD_XX.mp4,S,60.5,-1.0,0.3
1058_ITS_NEU_XX.mp4,N,68.5555555555556,0.0,0.5
1016_TAI_SAD_XX.mp4,D,55.5,-0.9,0.5
1047_IWL_FEA_XX.mp4,N,54.7,0.0,0.5
1032_IEO_HAP_MD.mp4,N,59.8888888888889,0.0,0.5
1073_IWL_HAP_XX.mp4,N,55.6666666666667,0.0,0.5
1006_IEO_FEA_MD.mp4,N,65.5,0.0,0.5
1013_IEO_FEA_MD.mp4,N,63.3333333333333,0.0,0.5
1066_IWL_HAP_XX.mp4,N,65.3,0.0,0.5
1036_IEO_HAP_HI.mp4,F,46.875,-0.8,0.8
1032_TSI_SAD_XX.mp4,H:N,45.3,0.0,0.5
1027_TSI_SAD_XX.mp4,N:S,58.8888888888889,0.0,0.5
1023_IEO_HAP_HI.mp4,H,74.4,1.0,0.8
1082_TAI_DIS_XX.mp4,N,67.2,0.0,0.5
1017_IEO_FEA_HI.mp4,S,51.1,-1.0,0.3
1002_IEO_FEA_HI.mp4,F,72.5,-0.8,0.8
1004_TAI_FEA_XX.mp4,N,51.2222222222222,0.0,0.5
1091_IEO_DIS_HI.mp4,A,48.6,-1.0,0.9
1055_IWL_SAD_XX.mp4,N,54.6666666666667,0.0,0.5
1040_IWL_SAD_XX.mp4,N,55.375,0.0,0.5
1011_TAI_FEA_XX.mp4,D:N,63.2,0.0,0.5
1084_IEO_DIS_HI.mp4,N,45.2222222222222,0.0,0.5
1025_TAI_HAP_XX.mp4,H,49.5,1.0,0.8
1001_IEO_SAD_MD.mp4,N,40.4,0.0,0.5
1014_IEO_SAD_MD.mp4,N,63.1,0.0,0.5
1030_TAI_HAP_XX.mp4,H:N,60.1,0.0,0.5
1080_IEO_DIS_MD.mp4,D,47.5,-0.9,0.5
1035_TSI_FEA_XX.mp4,N,49.2222222222222,0.0,0.5
1020_TSI_FEA_XX.mp4,F,47.2,-0.8,0.8
1014_TSI_HAP_XX.mp4,F,46.1666666666667,-0.8,0.8
1010_IEO_SAD_HI.mp4,D,51.0,-0.9,0.5
1005_IEO_SAD_HI.mp4,N,62.2,0.0,0.5
1001_TSI_HAP_XX.mp4,F,58.2222222222222,-0.8,0.8
1045_DFA_HAP_XX.mp4,N,61.7,0.0,0.5
1074_ITH_DIS_XX.mp4,N,52.7777777777778,0.0,0.5
1061_ITH_DIS_XX.mp4,N,47.2222222222222,0.0,0.5
1050_DFA_HAP_XX.mp4,D:N,50.125,0.0,0.5
1064_DFA_FEA_XX.mp4,F,76.25,-0.8,0.8
1052_IEO_ANG_LO.mp4,A,74.4,-1.0,0.9
1047_IEO_ANG_LO.mp4,A,50.5714285714286,-1.0,0.9
1071_DFA_FEA_XX.mp4,N,60.4444444444444,0.0,0.5
1054_WSI_NEU_XX.mp4,N,52.0,0.0,0.5
1041_WSI_NEU_XX.mp4,N,46.4,0.0,0.5
1016_WSI_ANG_XX.mp4,A,79.2,-1.0,0.9
1003_WSI_ANG_XX.mp4,A,88.6666666666667,-1.0,0.9
1086_TIE_ANG_XX.mp4,A,66.0,-1.0,0.9
1063_DFA_SAD_XX.mp4,N:S,54.2222222222222,0.0,0.5
1076_DFA_SAD_XX.mp4,N,65.5,0.0,0.5
1076_WSI_SAD_XX.mp4,N,47.2,0.0,0.5
1067_TIE_DIS_XX.mp4,S,50.4,-1.0,0.3
1063_WSI_SAD_XX.mp4,N,51.7777777777778,0.0,0.5
1072_TIE_DIS_XX.mp4,N,46.5454545454545,0.0,0.5
1014_IEO_HAP_LO.mp4,N,59.0,0.0,0.5
1001_IEO_HAP_LO.mp4,N,62.0,0.0,0.5
1003_DFA_ANG_XX.mp4,A,76.875,-1.0,0.9
1035_IEO_FEA_LO.mp4,N,61.5,0.0,0.5
1020_IEO_FEA_LO.mp4,S,51.5555555555556,-1.0,0.3
1016_DFA_ANG_XX.mp4,A,75.4444444444444,-1.0,0.9
1041_DFA_NEU_XX.mp4,N,66.1818181818182,0.0,0.5
1054_DFA_NEU_XX.mp4,N,72.1,0.0,0.5
1080_ITH_ANG_XX.mp4,A,62.3,-1.0,0.9
1050_WSI_HAP_XX.mp4,A,52.7777777777778,-1.0,0.9
1045_WSI_HAP_XX.mp4,N,57.75,0.0,0.5
1071_WSI_FEA_XX.mp4,H,46.125,1.0,0.8
1064_WSI_FEA_XX.mp4,F,62.5,-0.8,0.8
1032_IEO_SAD_LO.mp4,N,54.8,0.0,0.5
1027_IEO_SAD_LO.mp4,N,66.5454545454545,0.0,0.5
1034_IWW_ANG_XX.mp4,F,47.0,-0.8,0.8
1021_IWW_ANG_XX.mp4,A,60.4,-1.0,0.9
1076_IWW_NEU_XX.mp4,N,50.5555555555556,0.0,0.5
1063_IWW_NEU_XX.mp4,N,71.1428571428571,0.0,0.5
1069_ITH_FEA_XX.mp4,F,47.6666666666667,-0.8,0.8
1079_DFA_DIS_XX.mp4,N,63.875,0.0,0.5
1048_ITH_HAP_XX.mp4,N,71.4,0.0,0.5
1008_TIE_ANG_XX.mp4,A,78.8,-1.0,0.9
1068_IEO_NEU_XX.mp4,N,66.8,0.0,0.5
1072_IWW_HAP_XX.mp4,H,53.4444444444444,1.0,0.8
1067_IWW_HAP_XX.mp4,N,74.1428571428571,0.0,0.5
1053_IWW_FEA_XX.mp4,F,61.0,-0.8,0.8
1059_ITH_NEU_XX.mp4,N,58.9,0.0,0.5
1046_IWW_FEA_XX.mp4,N,49.4,0.0,0.5
1028_IEO_DIS_LO.mp4,N,43.75,0.0,0.5
1054_IWW_SAD_XX.mp4,F:S,49.875,0.0,0.5
1041_IWW_SAD_XX.mp4,N,41.8,0.0,0.5
1079_WSI_DIS_XX.mp4,S,51.8888888888889,-1.0,0.3
1068_TIE_SAD_XX.mp4,N,62.25,0.0,0.5
1064_MTI_FEA_XX.mp4,F,44.9,-0.8,0.8
1071_MTI_FEA_XX.mp4,N,61.2222222222222,0.0,0.5
1045_MTI_HAP_XX.mp4,N,67.4,0.0,0.5
1050_MTI_HAP_XX.mp4,N,74.7777777777778,0.0,0.5
1024_IOM_ANG_XX.mp4,D,37.6,-0.9,0.5
1031_IOM_ANG_XX.mp4,N,60.3,0.0,0.5
1066_IOM_NEU_XX.mp4,N,56.4444444444444,0.0,0.5
1073_IOM_NEU_XX.mp4,N,61.6666666666667,0.0,0.5
1075_ITS_DIS_XX.mp4,N,55.5,0.0,0.5
1060_ITS_DIS_XX.mp4,N,59.7,0.0,0.5
1063_MTI_SAD_XX.mp4,N,47.3333333333333,0.0,0.5
1076_MTI_SAD_XX.mp4,N,51.7777777777778,0.0,0.5
1041_MTI_NEU_XX.mp4,N,64.1111111111111,0.0,0.5
1054_MTI_NEU_XX.mp4,N,53.0,0.0,0.5
1003_MTI_ANG_XX.mp4,A,68.4,-1.0,0.9
1016_MTI_ANG_XX.mp4,A,73.4,-1.0,0.9
1062_IOM_HAP_XX.mp4,N,60.7777777777778,0.0,0.5
1077_IOM_HAP_XX.mp4,N,52.2,0.0,0.5
1043_IOM_FEA_XX.mp4,N,66.8,0.0,0.5
1056_IOM_FEA_XX.mp4,N,48.7777777777778,0.0,0.5
1088_IEO_FEA_MD.mp4,N,47.8,0.0,0.5
1028_TSI_DIS_XX.mp4,D:N,53.4,0.0,0.5
1081_ITS_ANG_XX.mp4,N,43.4285714285714,0.0,0.5
1019_TAI_DIS_XX.mp4,D,61.2,-0.9,0.5
1044_IOM_SAD_XX.mp4,N,52.6666666666667,0.0,0.5
1051_IOM_SAD_XX.mp4,N,63.7777777777778,0.0,0.5
1048_TSI_ANG_XX.mp4,A,56.4285714285714,-1.0,0.9
1079_TAI_ANG_XX.mp4,A,57.1111111111111,-1.0,0.9
1075_ITS_SAD_XX.mp4,N,63.2222222222222,0.0,0.5
1060_ITS_SAD_XX.mp4,S,52.3333333333333,-1.0,0.3
1063_MTI_DIS_XX.mp4,N,58.4444444444444,0.0,0.5
1076_MTI_DIS_XX.mp4,N,58.1,0.0,0.5
1053_ITS_HAP_XX.mp4,H,61.625,1.0,0.8
1046_ITS_HAP_XX.mp4,H,75.4444444444444,1.0,0.8
1078_IWL_NEU_XX.mp4,N,77.8,0.0,0.5
1072_ITS_FEA_XX.mp4,F,82.25,-0.8,0.8
1067_ITS_FEA_XX.mp4,F,53.875,-0.8,0.8
1082_MTI_ANG_XX.mp4,D,39.3,-0.9,0.5
1039_IEO_HAP_HI.mp4,F:H,53.5,0.0,0.5
1028_TSI_SAD_XX.mp4,S,55.0909090909091,-1.0,0.3
1018_IEO_FEA_HI.mp4,F,65.6,-0.8,0.8
1015_ITS_ANG_XX.mp4,A,34.2222222222222,-1.0,0.9
1057_ITS_NEU_XX.mp4,N,61.7,0.0,0.5
1028_IEO_HAP_MD.mp4,H,69.5714285714286,1.0,0.8
1048_IWL_FEA_XX.mp4,N,35.3,0.0,0.5
1042_ITS_NEU_XX.mp4,N,61.9,0.0,0.5
1019_TAI_SAD_XX.mp4,N,58.1818181818182,0.0,0.5
1009_IEO_FEA_MD.mp4,A,60.8,-1.0,0.9
1044_IOM_DIS_XX.mp4,D,54.3333333333333,-0.9,0.5
1069_IWL_HAP_XX.mp4,H,69.1818181818182,1.0,0.8
1051_IOM_DIS_XX.mp4,N,49.7,0.0,0.5
1089_TIE_ANG_XX.mp4,A,86.0,-1.0,0.9
1079_DFA_SAD_XX.mp4,N,47.3,0.0,0.5
1019_WSI_ANG_XX.mp4,A,62.5555555555556,-1.0,0.9
1048_IEO_ANG_LO.mp4,A,45.375,-1.0,0.9
1028_IEO_SAD_LO.mp4,N,67.5,0.0,0.5
1019_DFA_ANG_XX.mp4,A,61.4545454545455,-1.0,0.9
1054_IWW_DIS_XX.mp4,F,50.0,-0.8,0.8
1041_IWW_DIS_XX.mp4,D,58.75,-0.9,0.5
1068_TIE_DIS_XX.mp4,N,51.2,0.0,0.5
1079_WSI_SAD_XX.mp4,S,47.8,-1.0,0.3
1074_ITH_SAD_XX.mp4,N,67.7,0.0,0.5
1061_ITH_SAD_XX.mp4,N,57.7,0.0,0.5
1067_IEO_NEU_XX.mp4,N,49.6,0.0,0.5
1072_IEO_NEU_XX.mp4,N,64.875,0.0,0.5
1045_TIE_NEU_XX.mp4,N,74.0,0.0,0.5
1050_TIE_NEU_XX.mp4,N,67.5,0.0,0.5
1007_TIE_ANG_XX.mp4,A,70.7272727272727,-1.0,0.9
1012_TIE_ANG_XX.mp4,A,49.7777777777778,-1.0,0.9
1082_WSI_ANG_XX.mp4,A,61.8888888888889,-1.0,0.9
1079_IWW_NEU_XX.mp4,N,69.2222222222222,0.0,0.5
1073_ITH_FEA_XX.mp4,N,62.3,0.0,0.5
1066_ITH_FEA_XX.mp4,F,58.7777777777778,-0.8,0.8
1063_DFA_DIS_XX.mp4,N,68.1,0.0,0.5
1052_ITH_HAP_XX.mp4,N,58.1111111111111,0.0,0.5
1047_ITH_HAP_XX.mp4,N,61.75,0.0,0.5
1076_DFA_DIS_XX.mp4,N,41.1,0.0,0.5
1067_TIE_SAD_XX.mp4,N,68.875,0.0,0.5
1076_WSI_DIS_XX.mp4,D,51.9,-0.9,0.5
1072_TIE_SAD_XX.mp4,N,59.8888888888889,0.0,0.5
1063_WSI_DIS_XX.mp4,D,61.75,-0.9,0.5
1082_DFA_ANG_XX.mp4,A,52.625,-1.0,0.9
1080_IEO_HAP_LO.mp4,N,64.2,0.0,0.5
1041_TIE_HAP_XX.mp4,N,57.7,0.0,0.5
1054_TIE_HAP_XX.mp4,H,38.6,1.0,0.8
1060_TIE_FEA_XX.mp4,N,57.125,0.0,0.5
1075_TIE_FEA_XX.mp4,N,59.7,0.0,0.5
1068_IWW_HAP_XX.mp4,H,56.3,1.0,0.8
1056_ITH_NEU_XX.mp4,N,60.6,0.0,0.5
1049_IWW_FEA_XX.mp4,F,56.625,-0.8,0.8
1043_ITH_NEU_XX.mp4,N,70.3,0.0,0.5
1014_ITH_ANG_XX.mp4,D:F:N,40.375,0.0,0.5
1001_ITH_ANG_XX.mp4,A:D:N,70.4,0.0,0.5
1032_IEO_DIS_LO.mp4,D,61.0,-0.9,0.5
1027_IEO_DIS_LO.mp4,N,60.6,0.0,0.5
1079_MTI_SAD_XX.mp4,N,61.0,0.0,0.5
1091_TSI_NEU_XX.mp4,N,61.1428571428571,0.0,0.5
1069_IOM_NEU_XX.mp4,N,71.0,0.0,0.5
1084_TSI_NEU_XX.mp4,N,75.375,0.0,0.5
1003_TAI_DIS_XX.mp4,D,57.1,-0.9,0.5
1016_TAI_DIS_XX.mp4,D,66.0,-0.9,0.5
1083_IEO_FEA_HI.mp4,F,67.1428571428571,-0.8,0.8
1087_IEO_FEA_MD.mp4,F,44.0,-0.8,0.8
1032_TSI_DIS_XX.mp4,N,34.6666666666667,0.0,0.5
1027_TSI_DIS_XX.mp4,D,40.7777777777778,-0.9,0.5
1082_TAI_SAD_XX.mp4,N,73.5,0.0,0.5
1055_IWL_DIS_XX.mp4,D,55.625,-0.9,0.5
1091_IEO_SAD_HI.mp4,N,64.2,0.0,0.5
1080_TSI_HAP_XX.mp4,N,58.8888888888889,0.0,0.5
1084_IEO_SAD_HI.mp4,N,45.25,0.0,0.5
1078_IOM_HAP_XX.mp4,H,54.2,1.0,0.8
1040_IWL_DIS_XX.mp4,N,57.125,0.0,0.5
1001_IEO_DIS_MD.mp4,N,72.1818181818182,0.0,0.5
1059_IOM_FEA_XX.mp4,F,66.2,-0.8,0.8
1014_IEO_DIS_MD.mp4,D,55.6,-0.9,0.5
1080_IEO_SAD_MD.mp4,S,60.3333333333333,-1.0,0.3
1019_MTI_ANG_XX.mp4,A,50.9,-1.0,0.9
1085_TAI_FEA_XX.mp4,F,58.375,-0.8,0.8
1010_IEO_DIS_HI.mp4,A,75.875,-1.0,0.9
1090_TAI_FEA_XX.mp4,N,55.8888888888889,0.0,0.5
1005_IEO_DIS_HI.mp4,D,59.6,-0.9,0.5
1007_MTI_DIS_XX.mp4,S,56.0,-1.0,0.3
1012_MTI_DIS_XX.mp4,S,51.5,-1.0,0.3
1016_ITS_FEA_XX.mp4,N,68.2222222222222,0.0,0.5
1009_IWL_NEU_XX.mp4,N,51.4444444444444,0.0,0.5
1003_ITS_FEA_XX.mp4,S,56.1,-1.0,0.3
1037_ITS_HAP_XX.mp4,F,59.7,-0.8,0.8
1022_ITS_HAP_XX.mp4,D,55.2222222222222,-0.9,0.5
1086_MTI_SAD_XX.mp4,N,49.5555555555556,0.0,0.5
1083_IOM_NEU_XX.mp4,N,77.0,0.0,0.5
1090_ITS_DIS_XX.mp4,N,59.7777777777778,0.0,0.5
1085_ITS_DIS_XX.mp4,F,60.4444444444444,-0.8,0.8
1039_TSI_ANG_XX.mp4,A,62.375,-1.0,0.9
1081_MTI_FEA_XX.mp4,N,60.0,0.0,0.5
1008_TAI_ANG_XX.mp4,A,73.1111111111111,-1.0,0.9
1011_ITS_SAD_XX.mp4,N,43.6,0.0,0.5
1004_ITS_SAD_XX.mp4,F:S,73.6,0.0,0.5
1069_IEO_FEA_HI.mp4,F,68.0,-0.8,0.8
1059_TSI_SAD_XX.mp4,N,59.0,0.0,0.5
1048_IEO_HAP_HI.mp4,N,77.7777777777778,0.0,0.5
1071_ITS_ANG_XX.mp4,N,62.0,0.0,0.5
1064_ITS_ANG_XX.mp4,A,58.3333333333333,-1.0,0.9
1018_IWL_HAP_XX.mp4,A:N,37.3333333333333,0.0,0.5
1020_IOM_DIS_XX.mp4,S,51.5,-1.0,0.3
1035_IOM_DIS_XX.mp4,N,49.2,0.0,0.5
1078_IEO_FEA_MD.mp4,F:S,58.3333333333333,0.0,0.5
1039_IWL_FEA_XX.mp4,N,65.8888888888889,0.0,0.5
1033_ITS_NEU_XX.mp4,N,82.5555555555556,0.0,0.5
1068_TAI_SAD_XX.mp4,N,62.1111111111111,0.0,0.5
1059_IEO_HAP_MD.mp4,H,61.3333333333333,1.0,0.8
1026_ITS_NEU_XX.mp4,N,60.25,0.0,0.5
1087_IOM_HAP_XX.mp4,N,51.3,0.0,0.5
1039_IEO_ANG_LO.mp4,N,61.5555555555556,0.0,0.5
1008_DFA_SAD_XX.mp4,N,40.3333333333333,0.0,0.5
1086_IWW_NEU_XX.mp4,N,39.7777777777778,0.0,0.5
1089_DFA_DIS_XX.mp4,N,52.6666666666667,0.0,0.5
1068_WSI_ANG_XX.mp4,A,59.5555555555556,-1.0,0.9
1068_DFA_ANG_XX.mp4,A,70.6666666666667,-1.0,0.9
1030_IWW_DIS_XX.mp4,N,61.4444444444444,0.0,0.5
1025_IWW_DIS_XX.mp4,F,38.0,-0.8,0.8
1089_WSI_DIS_XX.mp4,D,69.1111111111111,-0.9,0.5
1019_TIE_DIS_XX.mp4,A:D,52.2,0.0,0.5
1059_IEO_SAD_LO.mp4,S,58.3333333333333,-1.0,0.3
1082_IWW_HAP_XX.mp4,H,49.0,1.0,0.8
1086_DFA_SAD_XX.mp4,N,59.6666666666667,0.0,0.5
1021_TIE_NEU_XX.mp4,N,69.7,0.0,0.5
1034_TIE_NEU_XX.mp4,N,65.6,0.0,0.5
1063_TIE_ANG_XX.mp4,A,54.5,-1.0,0.9
1076_TIE_ANG_XX.mp4,A,58.4,-1.0,0.9
1036_ITH_HAP_XX.mp4,N,56.5,0.0,0.5
1007_DFA_DIS_XX.mp4,N,55.5555555555556,0.0,0.5
1012_DFA_DIS_XX.mp4,A:D:N,68.1666666666667,0.0,0.5
1023_ITH_HAP_XX.mp4,N,47.6666666666667,0.0,0.5
1017_ITH_FEA_XX.mp4,N,74.8888888888889,0.0,0.5
1008_IWW_NEU_XX.mp4,F:N,45.5555555555556,0.0,0.5
1002_ITH_FEA_XX.mp4,F,47.3,-0.8,0.8
1091_ITH_DIS_XX.mp4,N,49.2,0.0,0.5
1084_ITH_DIS_XX.mp4,N,38.1,0.0,0.5
1081_DFA_FEA_XX.mp4,N,67.3,0.0,0.5
1010_ITH_SAD_XX.mp4,N,63.1,0.0,0.5
1005_ITH_SAD_XX.mp4,N,57.4444444444444,0.0,0.5
1003_IEO_NEU_XX.mp4,N,67.7,0.0,0.5
1016_IEO_NEU_XX.mp4,N,85.0,0.0,0.5
1004_TIE_FEA_XX.mp4,F,62.0,-0.8,0.8
1011_TIE_FEA_XX.mp4,N,61.0,0.0,0.5
1025_TIE_HAP_XX.mp4,N,49.2,0.0,0.5
1030_TIE_HAP_XX.mp4,N,54.1111111111111,0.0,0.5
1038_IWW_FEA_XX.mp4,F,52.3,-0.8,0.8
1032_ITH_NEU_XX.mp4,N,62.1,0.0,0.5
1027_ITH_NEU_XX.mp4,N,67.8,0.0,0.5
1019_IWW_HAP_XX.mp4,H,63.3333333333333,1.0,0.8
1081_WSI_FEA_XX.mp4,N,54.8571428571429,0.0,0.5
1056_IEO_DIS_LO.mp4,D,61.4,-0.9,0.5
1043_IEO_DIS_LO.mp4,N,50.6666666666667,0.0,0.5
1070_ITH_ANG_XX.mp4,N,63.2,0.0,0.5
1065_ITH_ANG_XX.mp4,A,54.2222222222222,-1.0,0.9
1003_TIE_SAD_XX.mp4,S,58.6666666666667,-1.0,0.3
1012_WSI_DIS_XX.mp4,D,53.4,-0.9,0.5
1016_TIE_SAD_XX.mp4,N,41.2,0.0,0.5
1007_WSI_DIS_XX.mp4,N,57.7,0.0,0.5
1082_TIE_DIS_XX.mp4,A:D:F:N,59.7777777777778,0.0,0.5
1086_WSI_SAD_XX.mp4,N,60.6,0.0,0.5
1018_IOM_NEU_XX.mp4,N,55.0,0.0,0.5
1086_TAI_ANG_XX.mp4,A,67.0,-1.0,0.9
1089_MTI_DIS_XX.mp4,N,68.75,0.0,0.5
1080_IEO_ANG_HI.mp4,A,78.2857142857143,-1.0,0.9
1084_IEO_ANG_MD.mp4,D:N,52.125,0.0,0.5
1008_MTI_SAD_XX.mp4,S,55.2857142857143,-1.0,0.3
1091_IEO_ANG_MD.mp4,F,77.0,-0.8,0.8
1087_IWL_NEU_XX.mp4,N,54.1,0.0,0.5
1065_IEO_DIS_MD.mp4,N,63.875,0.0,0.5
1028_IOM_FEA_XX.mp4,S,73.4,-1.0,0.3
1070_IEO_DIS_MD.mp4,D,42.8888888888889,-0.9,0.5
1009_IOM_HAP_XX.mp4,H,68.7142857142857,1.0,0.8
1031_IWL_DIS_XX.mp4,N,60.5,0.0,0.5
1024_IWL_DIS_XX.mp4,N,49.8888888888889,0.0,0.5
1074_IEO_DIS_HI.mp4,F,52.75,-0.8,0.8
1061_IEO_DIS_HI.mp4,D,53.0,-0.9,0.5
1068_MTI_ANG_XX.mp4,A,55.6666666666667,-1.0,0.9
1067_TAI_DIS_XX.mp4,A:D:F:N:S,47.6,0.0,0.5
1072_TAI_DIS_XX.mp4,N,72.2,0.0,0.5
1056_TSI_DIS_XX.mp4,H,38.5714285714286,1.0,0.8
1083_IWL_HAP_XX.mp4,N,63.4444444444444,0.0,0.5
1043_TSI_DIS_XX.mp4,N,52.0,0.0,0.5
1014_IOM_HAP_XX.mp4,N,53.6,0.0,0.5
1001_IOM_HAP_XX.mp4,N,52.9090909090909,0.0,0.5
1039_IWL_DIS_XX.mp4,D,50.3333333333333,-0.9,0.5
1035_IOM_FEA_XX.mp4,N,76.4444444444444,0.0,0.5
1078_IEO_DIS_MD.mp4,F,45.1111111111111,-0.8,0.8
1020_IOM_FEA_XX.mp4,N,60.3,0.0,0.5
1037_MTI_NEU_XX.mp4,N,51.1,0.0,0.5
1022_MTI_NEU_XX.mp4,N,61.4,0.0,0.5
1075_MTI_ANG_XX.mp4,N,46.8,0.0,0.5
1060_MTI_ANG_XX.mp4,N,61.6666666666667,0.0,0.5
1069_IEO_DIS_HI.mp4,F,58.6,-0.8,0.8
1032_IOM_SAD_XX.mp4,N,67.0,0.0,0.5
1027_IOM_SAD_XX.mp4,S,57.1111111111111,-1.0,0.3
1052_IOM_ANG_XX.mp4,A,53.875,-1.0,0.9
1047_IOM_ANG_XX.mp4,A,63.0,-1.0,0.9
1010_IOM_NEU_XX.mp4,N,69.6666666666667,0.0,0.5
1005_IOM_NEU_XX.mp4,N,66.4,0.0,0.5
1003_ITS_DIS_XX.mp4,F,41.4444444444444,-0.8,0.8
1016_ITS_DIS_XX.mp4,D,51.8,-0.9,0.5
1082_ITS_SAD_XX.mp4,N,58.0,0.0,0.5
1012_MTI_FEA_XX.mp4,F,60.0,-0.8,0.8
1007_MTI_FEA_XX.mp4,N,42.8,0.0,0.5
1033_MTI_HAP_XX.mp4,N,60.875,0.0,0.5
1026_MTI_HAP_XX.mp4,N,57.75,0.0,0.5
1088_IEO_ANG_HI.mp4,A,92.1111111111111,-1.0,0.9
1081_MTI_DIS_XX.mp4,N,45.875,0.0,0.5
1015_MTI_SAD_XX.mp4,N,53.5,0.0,0.5
1085_ITS_FEA_XX.mp4,N,61.4444444444444,0.0,0.5
1090_ITS_FEA_XX.mp4,N,56.5454545454545,0.0,0.5
1038_TIE_HAP_XX.mp4,H,65.5,1.0,0.8
1019_TIE_FEA_XX.mp4,N,67.2222222222222,0.0,0.5
1089_WSI_FEA_XX.mp4,N,52.5,0.0,0.5
1004_IWW_HAP_XX.mp4,H:N,56.1818181818182,0.0,0.5
1011_IWW_HAP_XX.mp4,N,59.8,0.0,0.5
1025_IWW_FEA_XX.mp4,F,36.0,-0.8,0.8
1030_IWW_FEA_XX.mp4,F,40.0,-0.8,0.8
1078_ITH_ANG_XX.mp4,A,63.2222222222222,-1.0,0.9
1022_IWW_SAD_XX.mp4,F,35.6,-0.8,0.8
1037_IWW_SAD_XX.mp4,S,68.8,-1.0,0.3
1029_TIE_NEU_XX.mp4,N,69.5,0.0,0.5
1042_IWW_ANG_XX.mp4,A,60.4545454545455,-1.0,0.9
1057_IWW_ANG_XX.mp4,A,64.0,-1.0,0.9
1015_IWW_NEU_XX.mp4,N,57.4444444444444,0.0,0.5
1089_DFA_FEA_XX.mp4,N,49.4545454545455,0.0,0.5
1018_ITH_SAD_XX.mp4,N,56.1111111111111,0.0,0.5
1062_IEO_HAP_LO.mp4,N,73.1111111111111,0.0,0.5
1077_IEO_HAP_LO.mp4,N,80.7777777777778,0.0,0.5
1043_IEO_FEA_LO.mp4,N,71.2,0.0,0.5
1075_DFA_ANG_XX.mp4,A,65.5,-1.0,0.9
1060_DFA_ANG_XX.mp4,D,58.6363636363636,-0.9,0.5
1056_IEO_FEA_LO.mp4,N,37.75,0.0,0.5
1081_WSI_DIS_XX.mp4,D,53.4444444444444,-0.9,0.5
1090_TIE_SAD_XX.mp4,N,45.7,0.0,0.5
1037_DFA_NEU_XX.mp4,N,76.8333333333333,0.0,0.5
1022_DFA_NEU_XX.mp4,N,50.8,0.0,0.5
1085_TIE_SAD_XX.mp4,N,66.0,0.0,0.5
1038_IWW_DIS_XX.mp4,F,56.875,-0.8,0.8
1011_TIE_DIS_XX.mp4,A,65.2222222222222,-1.0,0.9
1004_TIE_DIS_XX.mp4,D,57.625,-0.9,0.5
1015_WSI_SAD_XX.mp4,N,71.0,0.0,0.5
1082_TIE_FEA_XX.mp4,A,66.0,-1.0,0.9
1044_IEO_SAD_LO.mp4,D:N,52.8888888888889,0.0,0.5
1051_IEO_SAD_LO.mp4,N,61.0,0.0,0.5
1026_WSI_HAP_XX.mp4,N,54.7,0.0,0.5
1033_WSI_HAP_XX.mp4,A,49.1111111111111,-1.0,0.9
1007_WSI_FEA_XX.mp4,N,48.4444444444444,0.0,0.5
1012_WSI_FEA_XX.mp4,S,53.5,-1.0,0.3
1002_ITH_DIS_XX.mp4,S,43.125,-1.0,0.3
1033_DFA_HAP_XX.mp4,N,59.3,0.0,0.5
1026_DFA_HAP_XX.mp4,N,68.5454545454545,0.0,0.5
1017_ITH_DIS_XX.mp4,N,40.5555555555556,0.0,0.5
1024_IEO_ANG_LO.mp4,N,64.8,0.0,0.5
1012_DFA_FEA_XX.mp4,N,56.875,0.0,0.5
1007_DFA_FEA_XX.mp4,N,58.4444444444444,0.0,0.5
1031_IEO_ANG_LO.mp4,N,67.3333333333333,0.0,0.5
1090_IEO_NEU_XX.mp4,N,69.2,0.0,0.5
1085_IEO_NEU_XX.mp4,N,70.9,0.0,0.5
1083_ITH_SAD_XX.mp4,N,52.875,0.0,0.5
1015_DFA_SAD_XX.mp4,N,58.4,0.0,0.5
1022_WSI_NEU_XX.mp4,N,70.6666666666667,0.0,0.5
1081_DFA_DIS_XX.mp4,N,66.0,0.0,0.5
1037_WSI_NEU_XX.mp4,N,83.75,0.0,0.5
1084_ITH_FEA_XX.mp4,F:S,53.4,0.0,0.5
1091_ITH_FEA_XX.mp4,F,47.5555555555556,-0.8,0.8
1060_WSI_ANG_XX.mp4,N,56.5555555555556,0.0,0.5
1075_WSI_ANG_XX.mp4,A,68.5,-1.0,0.9
1040_IEO_HAP_HI.mp4,S,48.4,-1.0,0.3
1044_TSI_SAD_XX.mp4,F,41.6,-0.8,0.8
1051_TSI_SAD_XX.mp4,N,57.875,0.0,0.5
1055_IEO_HAP_HI.mp4,F,81.8888888888889,-0.8,0.8
1061_IEO_FEA_HI.mp4,F,59.875,-0.8,0.8
1074_IEO_FEA_HI.mp4,F,70.5555555555556,-0.8,0.8
1079_ITS_ANG_XX.mp4,A,49.1,-1.0,0.9
1051_IEO_HAP_MD.mp4,N,71.2,0.0,0.5
1075_TAI_SAD_XX.mp4,S,38.0,-1.0,0.3
1024_IWL_FEA_XX.mp4,D,40.7142857142857,-0.9,0.5
1031_IWL_FEA_XX.mp4,N,62.8888888888889,0.0,0.5
1060_TAI_SAD_XX.mp4,S,47.5,-1.0,0.3
1044_IEO_HAP_MD.mp4,N,50.4444444444444,0.0,0.5
1005_IWL_HAP_XX.mp4,N,59.5454545454545,0.0,0.5
1070_IEO_FEA_MD.mp4,H,49.1111111111111,1.0,0.8
1065_IEO_FEA_MD.mp4,N,59.125,0.0,0.5
1010_IWL_HAP_XX.mp4,H,67.0,1.0,0.8
1028_IOM_DIS_XX.mp4,A:D,75.2857142857143,0.0,0.5
1043_TSI_FEA_XX.mp4,F,56.8,-0.8,0.8
1056_TSI_FEA_XX.mp4,F,55.1111111111111,-0.8,0.8
1062_TSI_HAP_XX.mp4,N,60.0,0.0,0.5
1066_IEO_SAD_HI.mp4,N,65.2,0.0,0.5
1073_IEO_SAD_HI.mp4,N,57.2,0.0,0.5
1077_TSI_HAP_XX.mp4,N,58.7777777777778,0.0,0.5
1023_IWL_SAD_XX.mp4,N,65.2222222222222,0.0,0.5
1072_TAI_FEA_XX.mp4,F:N,53.0,0.0,0.5
1067_TAI_FEA_XX.mp4,F,39.8888888888889,-0.8,0.8
1036_IWL_SAD_XX.mp4,S,64.0,-1.0,0.3
1053_TAI_HAP_XX.mp4,N,58.4444444444444,0.0,0.5
1077_IEO_SAD_MD.mp4,N,53.7,0.0,0.5
1062_IEO_SAD_MD.mp4,N,55.2222222222222,0.0,0.5
1046_TAI_HAP_XX.mp4,D:N,53.7777777777778,0.0,0.5
1006_IEO_ANG_HI.mp4,A,76.9,-1.0,0.9
1013_IEO_ANG_HI.mp4,A,85.0909090909091,-1.0,0.9
1001_IWL_NEU_XX.mp4,N,51.8,0.0,0.5
1014_IWL_NEU_XX.mp4,N,63.5,0.0,0.5
1043_IWL_ANG_XX.mp4,A,71.6666666666667,-1.0,0.9
1056_IWL_ANG_XX.mp4,A,62.3,-1.0,0.9
1017_IEO_ANG_MD.mp4,F:N,63.7,0.0,0.5
1002_IEO_ANG_MD.mp4,A,60.4,-1.0,0.9
1066_TSI_NEU_XX.mp4,N,62.2,0.0,0.5
1073_TSI_NEU_XX.mp4,N,68.6666666666667,0.0,0.5
1024_TSI_ANG_XX.mp4,N,57.4444444444444,0.0,0.5
1031_TSI_ANG_XX.mp4,N,56.4,0.0,0.5
1015_TAI_ANG_XX.mp4,A,52.7272727272727,-1.0,0.9
1089_MTI_FEA_XX.mp4,S,58.6,-1.0,0.3
1057_TAI_NEU_XX.mp4,N,67.0909090909091,0.0,0.5
1019_ITS_SAD_XX.mp4,F,62.8,-0.8,0.8
1042_TAI_NEU_XX.mp4,N,66.7,0.0,0.5
1056_IOM_SAD_XX.mp4,N,69.25,0.0,0.5
1043_IOM_SAD_XX.mp4,S,62.0,-1.0,0.3
1086_ITS_ANG_XX.mp4,A:D,49.1,0.0,0.5
1051_IOM_FEA_XX.mp4,N,57.6,0.0,0.5
1009_IEO_DIS_MD.mp4,D,47.7272727272727,-0.9,0.5
1044_IOM_FEA_XX.mp4,N,68.8888888888889,0.0,0.5
1088_TSI_HAP_XX.mp4,N,57.2,0.0,0.5
1070_IOM_HAP_XX.mp4,N,69.1,0.0,0.5
1048_IWL_DIS_XX.mp4,N,45.4285714285714,0.0,0.5
1065_IOM_HAP_XX.mp4,N,74.7777777777778,0.0,0.5
1053_MTI_NEU_XX.mp4,N,74.1,0.0,0.5
1046_MTI_NEU_XX.mp4,N,65.8,0.0,0.5
1018_IEO_DIS_HI.mp4,A,54.0,-1.0,0.9
1011_MTI_ANG_XX.mp4,A,61.1111111111111,-1.0,0.9
1088_IEO_SAD_MD.mp4,N,55.125,0.0,0.5
1004_MTI_ANG_XX.mp4,D,54.5714285714286,-0.9,0.5
1071_MTI_SAD_XX.mp4,N,69.0,0.0,0.5
1064_MTI_SAD_XX.mp4,N,61.875,0.0,0.5
1036_IOM_ANG_XX.mp4,A,52.6,-1.0,0.9
1023_IOM_ANG_XX.mp4,A,59.2222222222222,-1.0,0.9
1067_ITS_DIS_XX.mp4,N,40.6666666666667,0.0,0.5
1072_ITS_DIS_XX.mp4,H,55.7777777777778,1.0,0.8
1074_IOM_NEU_XX.mp4,N,68.9,0.0,0.5
1061_IOM_NEU_XX.mp4,N,70.6,0.0,0.5
1057_MTI_HAP_XX.mp4,N,43.4285714285714,0.0,0.5
1042_MTI_HAP_XX.mp4,N,54.6,0.0,0.5
1076_MTI_FEA_XX.mp4,N,57.7,0.0,0.5
1063_MTI_FEA_XX.mp4,D:F:N,51.125,0.0,0.5
1088_IEO_HAP_LO.mp4,N,57.0,0.0,0.5
1046_IWW_SAD_XX.mp4,N,56.5,0.0,0.5
1053_IWW_SAD_XX.mp4,S,51.6,-1.0,0.3
1068_TIE_FEA_XX.mp4,F:S,56.4444444444444,0.0,0.5
1049_TIE_HAP_XX.mp4,H,54.1,1.0,0.8
1041_IWW_FEA_XX.mp4,F,51.0,-0.8,0.8
1054_IWW_FEA_XX.mp4,F,51.5454545454545,-0.8,0.8
1060_IWW_HAP_XX.mp4,N,54.375,0.0,0.5
1075_IWW_HAP_XX.mp4,N,50.8,0.0,0.5
1009_ITH_ANG_XX.mp4,F,54.5,-0.8,0.8
1069_ITH_SAD_XX.mp4,F,50.7142857142857,-0.8,0.8
1058_TIE_NEU_XX.mp4,N,54.9,0.0,0.5
1026_IWW_ANG_XX.mp4,A,60.75,-1.0,0.9
1033_IWW_ANG_XX.mp4,A,61.5555555555556,-1.0,0.9
1064_IWW_NEU_XX.mp4,N,57.4,0.0,0.5
1071_IWW_NEU_XX.mp4,F,48.0,-0.8,0.8
1020_IEO_SAD_LO.mp4,N,58.7777777777778,0.0,0.5
1035_IEO_SAD_LO.mp4,N,58.0,0.0,0.5
1087_ITH_ANG_XX.mp4,N,61.3,0.0,0.5
1063_WSI_FEA_XX.mp4,N,45.4444444444444,0.0,0.5
1076_WSI_FEA_XX.mp4,D,50.0,-0.9,0.5
1042_WSI_HAP_XX.mp4,A,52.6666666666667,-1.0,0.9
1057_WSI_HAP_XX.mp4,F,50.4,-0.8,0.8
1011_DFA_ANG_XX.mp4,A,70.4,-1.0,0.9
1027_IEO_FEA_LO.mp4,N,65.0,0.0,0.5
1032_IEO_FEA_LO.mp4,N,53.7,0.0,0.5
1004_DFA_ANG_XX.mp4,A,71.6666666666667,-1.0,0.9
1006_IEO_HAP_LO.mp4,N,56.8888888888889,0.0,0.5
1013_IEO_HAP_LO.mp4,N,73.8888888888889,0.0,0.5
1049_IWW_DIS_XX.mp4,S,39.375,-1.0,0.3
1053_DFA_NEU_XX.mp4,N,69.0,0.0,0.5
1046_DFA_NEU_XX.mp4,N,62.7,0.0,0.5
1075_TIE_DIS_XX.mp4,N,61.3,0.0,0.5
1064_WSI_SAD_XX.mp4,N,67.4444444444444,0.0,0.5
1060_TIE_DIS_XX.mp4,N,61.375,0.0,0.5
1071_WSI_SAD_XX.mp4,N,55.7777777777778,0.0,0.5
1081_TIE_ANG_XX.mp4,A,53.6,-1.0,0.9
1071_DFA_SAD_XX.mp4,N,64.7,0.0,0.5
1064_DFA_SAD_XX.mp4,S,68.75,-1.0,0.3
1046_WSI_NEU_XX.mp4,N,55.0,0.0,0.5
1053_WSI_NEU_XX.mp4,N,66.7,0.0,0.5
1004_WSI_ANG_XX.mp4,A,64.0,-1.0,0.9
1011_WSI_ANG_XX.mp4,A,75.8,-1.0,0.9
1076_DFA_FEA_XX.mp4,N,37.5555555555556,0.0,0.5
1040_IEO_ANG_LO.mp4,N,64.9,0.0,0.5
1055_IEO_ANG_LO.mp4,N,51.4444444444444,0.0,0.5
1063_DFA_FEA_XX.mp4,N,52.3333333333333,0.0,0.5
1057_DFA_HAP_XX.mp4,N,62.2222222222222,0.0,0.5
1066_ITH_DIS_XX.mp4,D:N,58.125,0.0,0.5
1073_ITH_DIS_XX.mp4,N,53.2,0.0,0.5
1042_DFA_HAP_XX.mp4,N,44.8888888888889,0.0,0.5
1006_TSI_HAP_XX.mp4,N,61.0,0.0,0.5
1002_IEO_SAD_HI.mp4,N,63.1111111111111,0.0,0.5
1017_IEO_SAD_HI.mp4,N,46.0,0.0,0.5
1013_TSI_HAP_XX.mp4,A,57.5,-1.0,0.9
1027_TSI_FEA_XX.mp4,N,51.1111111111111,0.0,0.5
1032_TSI_FEA_XX.mp4,D:H,39.4285714285714,0.0,0.5
1087_IEO_DIS_MD.mp4,N,55.6,0.0,0.5
1037_TAI_HAP_XX.mp4,H,74.1111111111111,1.0,0.8
1013_IEO_SAD_MD.mp4,S,64.9,-1.0,0.3
1006_IEO_SAD_MD.mp4,S,43.3,-1.0,0.3
1022_TAI_HAP_XX.mp4,H,53.7,1.0,0.8
1083_IEO_DIS_HI.mp4,D,60.8888888888889,-0.9,0.5
1016_TAI_FEA_XX.mp4,F,57.5454545454545,-0.8,0.8
1047_IWL_SAD_XX.mp4,N,59.4,0.0,0.5
1052_IWL_SAD_XX.mp4,N,54.6,0.0,0.5
1003_TAI_FEA_XX.mp4,S,45.2,-1.0,0.3
1005_IEO_FEA_HI.mp4,F,53.7777777777778,-0.8,0.8
1090_TAI_DIS_XX.mp4,F,47.8,-0.8,0.8
1010_IEO_FEA_HI.mp4,F,71.4,-0.8,0.8
1085_TAI_DIS_XX.mp4,D,62.2,-0.9,0.5
1024_IEO_HAP_HI.mp4,N,58.25,0.0,0.5
1020_TSI_SAD_XX.mp4,N,52.8571428571429,0.0,0.5
1035_TSI_SAD_XX.mp4,D,54.0,-0.9,0.5
1031_IEO_HAP_HI.mp4,H:N,49.8,0.0,0.5
1008_ITS_ANG_XX.mp4,A,63.3,-1.0,0.9
1061_IWL_HAP_XX.mp4,N,52.5,0.0,0.5
1059_IOM_DIS_XX.mp4,D,53.4444444444444,-0.9,0.5
1014_IEO_FEA_MD.mp4,N,59.7,0.0,0.5
1001_IEO_FEA_MD.mp4,F,57.0,-0.8,0.8
1074_IWL_HAP_XX.mp4,A,67.0,-1.0,0.9
1035_IEO_HAP_MD.mp4,A:D:N,60.3333333333333,0.0,0.5
1040_IWL_FEA_XX.mp4,S,44.7777777777778,-1.0,0.3
1011_TAI_SAD_XX.mp4,N,50.1111111111111,0.0,0.5
1004_TAI_SAD_XX.mp4,F,59.8,-0.8,0.8
1055_IWL_FEA_XX.mp4,A,48.5555555555556,-1.0,0.9
1020_IEO_HAP_MD.mp4,H,63.75,1.0,0.8
1002_TSI_NEU_XX.mp4,N,68.8,0.0,0.5
1017_TSI_NEU_XX.mp4,N,53.1,0.0,0.5
1040_TSI_ANG_XX.mp4,N,55.4,0.0,0.5
1055_TSI_ANG_XX.mp4,F,50.6,-0.8,0.8
1071_TAI_ANG_XX.mp4,D:N,68.4,0.0,0.5
1064_TAI_ANG_XX.mp4,A,79.8888888888889,-1.0,0.9
1068_ITS_SAD_XX.mp4,N,54.75,0.0,0.5
1033_TAI_NEU_XX.mp4,N,70.0909090909091,0.0,0.5
1026_TAI_NEU_XX.mp4,N,71.0,0.0,0.5
1062_IEO_ANG_HI.mp4,A,61.3333333333333,-1.0,0.9
1077_IEO_ANG_HI.mp4,A,86.7777777777778,-1.0,0.9
1065_IWL_NEU_XX.mp4,N,81.1,0.0,0.5
1070_IWL_NEU_XX.mp4,N,67.4,0.0,0.5
1073_IEO_ANG_MD.mp4,A,60.125,-1.0,0.9
1066_IEO_ANG_MD.mp4,D:N,53.7777777777778,0.0,0.5
1027_IWL_ANG_XX.mp4,A,69.375,-1.0,0.9
1032_IWL_ANG_XX.mp4,N,57.3636363636364,0.0,0.5
1090_IWL_NEU_XX.mp4,D,53.0,-0.9,0.5
1085_IWL_NEU_XX.mp4,N,59.4,0.0,0.5
1086_IEO_ANG_MD.mp4,A,66.5555555555556,-1.0,0.9
1082_IEO_ANG_HI.mp4,A,73.3,-1.0,0.9
1018_MTI_FEA_XX.mp4,F,60.375,-0.8,0.8
1084_TAI_ANG_XX.mp4,D,47.1,-0.9,0.5
1091_TAI_ANG_XX.mp4,A,52.4444444444444,-1.0,0.9
1039_MTI_HAP_XX.mp4,H,57.875,1.0,0.8
1088_ITS_SAD_XX.mp4,N,52.6666666666667,0.0,0.5
1009_ITS_DIS_XX.mp4,N,62.9,0.0,0.5
1058_IOM_ANG_XX.mp4,A,63.8,-1.0,0.9
1054_TSI_DIS_XX.mp4,N,57.5714285714286,0.0,0.5
1081_IWL_HAP_XX.mp4,N,54.375,0.0,0.5
1041_TSI_DIS_XX.mp4,D,63.5555555555556,-0.9,0.5
1065_TAI_DIS_XX.mp4,N,44.4444444444444,0.0,0.5
1070_TAI_DIS_XX.mp4,D,53.0,-0.9,0.5
1038_IOM_SAD_XX.mp4,N:S,61.6,0.0,0.5
1076_IEO_DIS_HI.mp4,N,61.5555555555556,0.0,0.5
1063_IEO_DIS_HI.mp4,N,46.9,0.0,0.5
1028_MTI_NEU_XX.mp4,S,42.9,-1.0,0.3
1033_IWL_DIS_XX.mp4,D:N,60.2222222222222,0.0,0.5
1026_IWL_DIS_XX.mp4,N,60.1111111111111,0.0,0.5
1067_IEO_DIS_MD.mp4,N:S,69.4444444444444,0.0,0.5
1072_IEO_DIS_MD.mp4,A,76.8888888888889,-1.0,0.9
1001_IEO_NEU_XX.mp4,N,71.7272727272727,0.0,0.5
1014_IEO_NEU_XX.mp4,N,69.0,0.0,0.5
1012_ITH_SAD_XX.mp4,S,39.9,-1.0,0.3
1007_ITH_SAD_XX.mp4,N,47.6666666666667,0.0,0.5
1083_DFA_FEA_XX.mp4,N:S,51.0,0.0,0.5
1086_ITH_DIS_XX.mp4,D,39.2222222222222,-0.9,0.5
1015_ITH_FEA_XX.mp4,N,65.1,0.0,0.5
1034_ITH_HAP_XX.mp4,H,51.6666666666667,1.0,0.8
1005_DFA_DIS_XX.mp4,D,61.375,-0.9,0.5
1010_DFA_DIS_XX.mp4,N,60.8888888888889,0.0,0.5
1021_ITH_HAP_XX.mp4,N,55.375,0.0,0.5
1048_IWW_ANG_XX.mp4,F,52.1,-0.8,0.8
1061_TIE_ANG_XX.mp4,A,50.8888888888889,-1.0,0.9
1074_TIE_ANG_XX.mp4,A,78.2,-1.0,0.9
1084_DFA_SAD_XX.mp4,N,63.3,0.0,0.5
1023_TIE_NEU_XX.mp4,N,63.0,0.0,0.5
1036_TIE_NEU_XX.mp4,N,54.0,0.0,0.5
1091_DFA_SAD_XX.mp4,N,51.3,0.0,0.5
1080_TIE_DIS_XX.mp4,A:N,47.75,0.0,0.5
1091_WSI_SAD_XX.mp4,N,47.4,0.0,0.5
1084_WSI_SAD_XX.mp4,N:S,43.8888888888889,0.0,0.5
1028_IWW_SAD_XX.mp4,S,69.3,-1.0,0.3
1010_WSI_DIS_XX.mp4,N,47.5,0.0,0.5
1001_TIE_SAD_XX.mp4,N,59.3,0.0,0.5
1005_WSI_DIS_XX.mp4,D,50.0,-0.9,0.5
1014_TIE_SAD_XX.mp4,N,47.5555555555556,0.0,0.5
1072_ITH_ANG_XX.mp4,D,61.2222222222222,-0.9,0.5
1067_ITH_ANG_XX.mp4,A:D:F:N,51.625,0.0,0.5
1054_IEO_DIS_LO.mp4,S,51.25,-1.0,0.3
1041_IEO_DIS_LO.mp4,N:S,48.0,0.0,0.5
1083_WSI_FEA_XX.mp4,N,53.8888888888889,0.0,0.5
1030_ITH_NEU_XX.mp4,N,69.6,0.0,0.5
1025_ITH_NEU_XX.mp4,N,60.4545454545455,0.0,0.5
1027_TIE_HAP_XX.mp4,N,59.5,0.0,0.5
1032_TIE_HAP_XX.mp4,N,68.375,0.0,0.5
1006_TIE_FEA_XX.mp4,F,59.0,-0.8,0.8
1013_TIE_FEA_XX.mp4,F,52.2222222222222,-0.8,0.8
1028_WSI_NEU_XX.mp4,N,56.9,0.0,0.5
1091_IWW_NEU_XX.mp4,N,63.1111111111111,0.0,0.5
1084_IWW_NEU_XX.mp4,N,50.6666666666667,0.0,0.5
1089_ITH_SAD_XX.mp4,S,48.1818181818182,-1.0,0.3
1008_ITH_DIS_XX.mp4,N,51.875,0.0,0.5
1039_DFA_HAP_XX.mp4,N,54.7,0.0,0.5
1018_DFA_FEA_XX.mp4,N,72.3333333333333,0.0,0.5
1039_WSI_HAP_XX.mp4,H,69.0,1.0,0.8
1018_WSI_FEA_XX.mp4,N,63.1111111111111,0.0,0.5
1080_IWW_HAP_XX.mp4,N,60.2222222222222,0.0,0.5
1088_TIE_FEA_XX.mp4,A,54.5,-1.0,0.9
1028_DFA_NEU_XX.mp4,D,59.625,-0.9,0.5
1032_IWW_DIS_XX.mp4,N,60.3,0.0,0.5
1027_IWW_DIS_XX.mp4,N,54.625,0.0,0.5
1068_IEO_HAP_LO.mp4,N,53.3333333333333,0.0,0.5
1049_IEO_FEA_LO.mp4,N,56.5,0.0,0.5
1013_ITS_SAD_XX.mp4,N:S,46.1111111111111,0.0,0.5
1048_TAI_NEU_XX.mp4,N,49.4,0.0,0.5
1006_ITS_SAD_XX.mp4,F:S,73.2222222222222,0.0,0.5
1083_MTI_FEA_XX.mp4,N,55.625,0.0,0.5
1087_ITS_DIS_XX.mp4,N,48.75,0.0,0.5
1079_TSI_NEU_XX.mp4,N,58.0,0.0,0.5
1081_IOM_NEU_XX.mp4,N:S,62.2,0.0,0.5
1049_IWL_ANG_XX.mp4,A:H,53.1111111111111,0.0,0.5
1008_IEO_ANG_MD.mp4,D,61.2,-0.9,0.5
1084_MTI_SAD_XX.mp4,N,57.5,0.0,0.5
1091_MTI_SAD_XX.mp4,N,47.1111111111111,0.0,0.5
1035_ITS_HAP_XX.mp4,H,51.7777777777778,1.0,0.8
1020_ITS_HAP_XX.mp4,H,42.7142857142857,1.0,0.8
1014_ITS_FEA_XX.mp4,N,52.3636363636364,0.0,0.5
1001_ITS_FEA_XX.mp4,F:H,44.7777777777778,0.0,0.5
1005_MTI_DIS_XX.mp4,N,64.0,0.0,0.5
1010_MTI_DIS_XX.mp4,N,58.2727272727273,0.0,0.5
1019_IEO_ANG_HI.mp4,A,80.5,-1.0,0.9
1029_IWL_SAD_XX.mp4,N,53.0,0.0,0.5
1078_TAI_FEA_XX.mp4,F,56.125,-0.8,0.8
1068_IEO_SAD_MD.mp4,N,69.6,0.0,0.5
1059_TAI_HAP_XX.mp4,H,67.125,1.0,0.8
1049_TSI_FEA_XX.mp4,F:N,59.7777777777778,0.0,0.5
1079_IEO_SAD_HI.mp4,N,60.5,0.0,0.5
1085_IOM_HAP_XX.mp4,N,57.3333333333333,0.0,0.5
1068_TSI_HAP_XX.mp4,N,46.3333333333333,0.0,0.5
1090_IOM_HAP_XX.mp4,N,51.3333333333333,0.0,0.5
1031_ITS_NEU_XX.mp4,N,65.7,0.0,0.5
1024_ITS_NEU_XX.mp4,N,42.6,0.0,0.5
1022_IOM_DIS_XX.mp4,D,45.1,-0.9,0.5
1037_IOM_DIS_XX.mp4,N,55.2,0.0,0.5
1073_ITS_ANG_XX.mp4,N,60.8571428571429,0.0,0.5
1066_ITS_ANG_XX.mp4,D,39.6,-0.9,0.5
1048_MTI_HAP_XX.mp4,H,52.2,1.0,0.8
1069_MTI_FEA_XX.mp4,F:N,59.8571428571429,0.0,0.5
1078_ITS_DIS_XX.mp4,D,60.1111111111111,-0.9,0.5
1086_TSI_NEU_XX.mp4,N,54.1,0.0,0.5
1029_IOM_ANG_XX.mp4,A,52.8888888888889,-1.0,0.9
1087_TAI_FEA_XX.mp4,N,49.8181818181818,0.0,0.5
1012_IEO_DIS_HI.mp4,A,65.1111111111111,-1.0,0.9
1007_IEO_DIS_HI.mp4,A:D:N,68.0,0.0,0.5
1082_IEO_SAD_MD.mp4,S,59.5555555555556,-1.0,0.3
1059_MTI_NEU_XX.mp4,N,80.1,0.0,0.5
1003_IEO_DIS_MD.mp4,N,49.6363636363636,0.0,0.5
1016_IEO_DIS_MD.mp4,D,67.3,-0.9,0.5
1057_IWL_DIS_XX.mp4,H:N,44.4,0.0,0.5
1082_TSI_HAP_XX.mp4,N,70.75,0.0,0.5
1086_IEO_SAD_HI.mp4,N,59.3,0.0,0.5
1042_IWL_DIS_XX.mp4,A,52.8888888888889,-1.0,0.9
1080_TAI_SAD_XX.mp4,F,39.1,-0.8,0.8
1085_IEO_FEA_MD.mp4,N,67.375,0.0,0.5
1030_TSI_DIS_XX.mp4,N,45.0,0.0,0.5
1090_IEO_FEA_MD.mp4,N,62.6,0.0,0.5
1025_TSI_DIS_XX.mp4,N,62.2,0.0,0.5
1049_IOM_SAD_XX.mp4,N,59.4444444444444,0.0,0.5
1001_TAI_DIS_XX.mp4,N,48.375,0.0,0.5
1014_TAI_DIS_XX.mp4,D,48.7142857142857,-0.9,0.5
1081_IEO_FEA_HI.mp4,F,64.7,-0.8,0.8
1061_DFA_DIS_XX.mp4,D,58.7,-0.9,0.5
1050_ITH_HAP_XX.mp4,N,47.6,0.0,0.5
1045_ITH_HAP_XX.mp4,N,68.875,0.0,0.5
1074_DFA_DIS_XX.mp4,N,50.0,0.0,0.5
1071_ITH_FEA_XX.mp4,F,70.0,-0.8,0.8
1064_ITH_FEA_XX.mp4,F,59.0,-0.8,0.8
1039_IWW_ANG_XX.mp4,A,81.1,-1.0,0.9
1080_WSI_ANG_XX.mp4,A,85.9,-1.0,0.9
1005_TIE_ANG_XX.mp4,A,59.2222222222222,-1.0,0.9
1010_TIE_ANG_XX.mp4,A,41.7777777777778,-1.0,0.9
1047_TIE_NEU_XX.mp4,N,57.3,0.0,0.5
1052_TIE_NEU_XX.mp4,N,53.1,0.0,0.5
1065_IEO_NEU_XX.mp4,N,70.5,0.0,0.5
1070_IEO_NEU_XX.mp4,N,69.0,0.0,0.5
1076_ITH_SAD_XX.mp4,F,57.4444444444444,-0.8,0.8
1063_ITH_SAD_XX.mp4,N,31.6666666666667,0.0,0.5
1030_IEO_DIS_LO.mp4,N,64.7,0.0,0.5
1025_IEO_DIS_LO.mp4,S,57.3333333333333,-1.0,0.3
1016_ITH_ANG_XX.mp4,A,79.4545454545455,-1.0,0.9
1003_ITH_ANG_XX.mp4,A,69.5,-1.0,0.9
1054_ITH_NEU_XX.mp4,N,55.5555555555556,0.0,0.5
1041_ITH_NEU_XX.mp4,N,66.6666666666667,0.0,0.5
1062_TIE_FEA_XX.mp4,N:S,63.9,0.0,0.5
1077_TIE_FEA_XX.mp4,A,58.1,-1.0,0.9
1043_TIE_HAP_XX.mp4,A,52.625,-1.0,0.9
1056_TIE_HAP_XX.mp4,N,51.625,0.0,0.5
1059_IWW_SAD_XX.mp4,F,43.8,-0.8,0.8
1082_IEO_HAP_LO.mp4,H,63.2,1.0,0.8
1080_DFA_ANG_XX.mp4,A,56.875,-1.0,0.9
1074_WSI_DIS_XX.mp4,A,63.5,-1.0,0.9
1065_TIE_SAD_XX.mp4,N,46.8,0.0,0.5
1061_WSI_DIS_XX.mp4,D,52.1,-0.9,0.5
1070_TIE_SAD_XX.mp4,N,49.8888888888889,0.0,0.5
1069_DFA_FEA_XX.mp4,F,46.0,-0.8,0.8
1079_ITH_DIS_XX.mp4,D,62.3,-0.9,0.5
1048_DFA_HAP_XX.mp4,H,66.7777777777778,1.0,0.8
1059_WSI_NEU_XX.mp4,D,48.0,-0.9,0.5
1056_IWW_DIS_XX.mp4,D,59.2222222222222,-0.9,0.5
1043_IWW_DIS_XX.mp4,N,53.2727272727273,0.0,0.5
1059_DFA_NEU_XX.mp4,A,52.625,-1.0,0.9
1038_IEO_FEA_LO.mp4,N,47.2,0.0,0.5
1019_IEO_HAP_LO.mp4,N,67.8888888888889,0.0,0.5
1069_WSI_FEA_XX.mp4,F,58.3333333333333,-0.8,0.8
1048_WSI_HAP_XX.mp4,N,51.8571428571429,0.0,0.5
1079_IEO_ANG_MD.mp4,A,62.2222222222222,-1.0,0.9
1038_IWL_ANG_XX.mp4,A,43.3333333333333,-1.0,0.9
1070_ITS_FEA_XX.mp4,N,74.2727272727273,0.0,0.5
1065_ITS_FEA_XX.mp4,N,44.4444444444444,0.0,0.5
1051_ITS_HAP_XX.mp4,N,59.7,0.0,0.5
1044_ITS_HAP_XX.mp4,H,54.1428571428571,1.0,0.8
1068_IEO_ANG_HI.mp4,A,86.3333333333333,-1.0,0.9
1061_MTI_DIS_XX.mp4,D,61.6666666666667,-0.9,0.5
1074_MTI_DIS_XX.mp4,N,57.5555555555556,0.0,0.5
1077_ITS_SAD_XX.mp4,N,78.8,0.0,0.5
1062_ITS_SAD_XX.mp4,N,49.7777777777778,0.0,0.5
1039_TAI_NEU_XX.mp4,N,58.7,0.0,0.5
1008_TSI_NEU_XX.mp4,N,85.4,0.0,0.5
1046_IOM_DIS_XX.mp4,N,61.2222222222222,0.0,0.5
1053_IOM_DIS_XX.mp4,N,48.5,0.0,0.5
1055_ITS_NEU_XX.mp4,N,73.75,0.0,0.5
1040_ITS_NEU_XX.mp4,N,44.4444444444444,0.0,0.5
1017_ITS_ANG_XX.mp4,N,38.4,0.0,0.5
1002_ITS_ANG_XX.mp4,N,56.1,0.0,0.5
1080_MTI_ANG_XX.mp4,A,64.2222222222222,-1.0,0.9
1028_TAI_HAP_XX.mp4,F,64.1666666666667,-0.8,0.8
1019_IEO_SAD_MD.mp4,N,64.3333333333333,0.0,0.5
1058_IWL_SAD_XX.mp4,N:S,56.3636363636364,0.0,0.5
1009_TAI_FEA_XX.mp4,F,51.25,-0.8,0.8
1089_IEO_DIS_HI.mp4,S,45.6666666666667,-1.0,0.3
1019_TSI_HAP_XX.mp4,H:N,44.25,0.0,0.5
1008_IEO_SAD_HI.mp4,S,53.0,-1.0,0.3
1038_TSI_FEA_XX.mp4,F,73.7777777777778,-0.8,0.8
1037_IEO_HAP_MD.mp4,N,48.1111111111111,0.0,0.5
1042_IWL_FEA_XX.mp4,A,60.2857142857143,-1.0,0.9
1048_ITS_NEU_XX.mp4,N,60.75,0.0,0.5
1013_TAI_SAD_XX.mp4,N,58.8181818181818,0.0,0.5
1006_TAI_SAD_XX.mp4,S,60.4,-1.0,0.3
1057_IWL_FEA_XX.mp4,N,56.0,0.0,0.5
1022_IEO_HAP_MD.mp4,H:N,51.8888888888889,0.0,0.5
1063_IWL_HAP_XX.mp4,H,37.3333333333333,1.0,0.8
1016_IEO_FEA_MD.mp4,N,48.0,0.0,0.5
1003_IEO_FEA_MD.mp4,N,54.2222222222222,0.0,0.5
1076_IWL_HAP_XX.mp4,A,34.25,-1.0,0.9
1026_IEO_HAP_HI.mp4,N,57.6,0.0,0.5
1022_TSI_SAD_XX.mp4,F:S,55.8,0.0,0.5
1037_TSI_SAD_XX.mp4,S,73.1111111111111,-1.0,0.3
1033_IEO_HAP_HI.mp4,H,49.625,1.0,0.8
1007_IEO_FEA_HI.mp4,F,61.9,-0.8,0.8
1012_IEO_FEA_HI.mp4,F,67.4,-0.8,0.8
1087_TAI_DIS_XX.mp4,N,73.2,0.0,0.5
1081_IEO_DIS_HI.mp4,D,66.1111111111111,-0.9,0.5
1014_TAI_FEA_XX.mp4,N,39.8,0.0,0.5
1045_IWL_SAD_XX.mp4,N,59.5555555555556,0.0,0.5
1050_IWL_SAD_XX.mp4,N,46.9,0.0,0.5
1001_TAI_FEA_XX.mp4,A,55.8888888888889,-1.0,0.9
1035_TAI_HAP_XX.mp4,D,67.625,-0.9,0.5
1011_IEO_SAD_MD.mp4,N,61.1,0.0,0.5
1004_IEO_SAD_MD.mp4,N,61.0,0.0,0.5
1088_MTI_ANG_XX.mp4,N,52.8888888888889,0.0,0.5
1020_TAI_HAP_XX.mp4,F:H,60.7,0.0,0.5
1025_TSI_FEA_XX.mp4,N,66.125,0.0,0.5
1090_IEO_DIS_MD.mp4,D,45.25,-0.9,0.5
1030_TSI_FEA_XX.mp4,N,57.4444444444444,0.0,0.5
1085_IEO_DIS_MD.mp4,D,56.5555555555556,-0.9,0.5
1004_TSI_HAP_XX.mp4,N,46.5,0.0,0.5
1015_IEO_SAD_HI.mp4,N,59.7,0.0,0.5
1011_TSI_HAP_XX.mp4,N,58.25,0.0,0.5
1025_IWL_ANG_XX.mp4,A,44.0,-1.0,0.9
1030_IWL_ANG_XX.mp4,A,63.4,-1.0,0.9
1071_IEO_ANG_MD.mp4,N,48.3,0.0,0.5
1064_IEO_ANG_MD.mp4,A,75.6666666666667,-1.0,0.9
1059_ITS_HAP_XX.mp4,H:N,60.3333333333333,0.0,0.5
1067_IWL_NEU_XX.mp4,N,81.625,0.0,0.5
1072_IWL_NEU_XX.mp4,N,64.5,0.0,0.5
1078_ITS_FEA_XX.mp4,F,61.2727272727273,-0.8,0.8
1069_MTI_DIS_XX.mp4,N,55.1111111111111,0.0,0.5
1060_IEO_ANG_HI.mp4,A,58.3,-1.0,0.9
1075_IEO_ANG_HI.mp4,A,76.2,-1.0,0.9
1031_TAI_NEU_XX.mp4,N,54.4,0.0,0.5
1024_TAI_NEU_XX.mp4,N,66.2,0.0,0.5
1073_TAI_ANG_XX.mp4,N,58.8571428571429,0.0,0.5
1066_TAI_ANG_XX.mp4,D,44.5555555555556,-0.9,0.5
1042_TSI_ANG_XX.mp4,D,63.5555555555556,-0.9,0.5
1057_TSI_ANG_XX.mp4,A,68.75,-1.0,0.9
1015_TSI_NEU_XX.mp4,N,56.25,0.0,0.5
1066_WSI_SAD_XX.mp4,N,49.3,0.0,0.5
1077_TIE_DIS_XX.mp4,N,47.0,0.0,0.5
1073_WSI_SAD_XX.mp4,N,64.4,0.0,0.5
1062_TIE_DIS_XX.mp4,N,61.6666666666667,0.0,0.5
1051_DFA_NEU_XX.mp4,N,60.2,0.0,0.5
1044_DFA_NEU_XX.mp4,N,56.2222222222222,0.0,0.5
1004_IEO_HAP_LO.mp4,N,50.1,0.0,0.5
1011_IEO_HAP_LO.mp4,N,56.5,0.0,0.5
1013_DFA_ANG_XX.mp4,A,81.1,-1.0,0.9
1025_IEO_FEA_LO.mp4,N,61.1111111111111,0.0,0.5
1030_IEO_FEA_LO.mp4,N,64.2222222222222,0.0,0.5
1006_DFA_ANG_XX.mp4,A,74.75,-1.0,0.9
1040_WSI_HAP_XX.mp4,N,43.8888888888889,0.0,0.5
1055_WSI_HAP_XX.mp4,A:H,66.6666666666667,0.0,0.5
1061_WSI_FEA_XX.mp4,N,50.375,0.0,0.5
1074_WSI_FEA_XX.mp4,D,52.625,-0.9,0.5
1085_ITH_ANG_XX.mp4,A,62.4,-1.0,0.9
1090_ITH_ANG_XX.mp4,D,58.6666666666667,-0.9,0.5
1022_IEO_SAD_LO.mp4,N,63.0,0.0,0.5
1037_IEO_SAD_LO.mp4,N,69.3,0.0,0.5
1055_DFA_HAP_XX.mp4,N,64.7142857142857,0.0,0.5
1064_ITH_DIS_XX.mp4,N,53.2222222222222,0.0,0.5
1071_ITH_DIS_XX.mp4,N,69.8888888888889,0.0,0.5
1040_DFA_HAP_XX.mp4,H:N,55.5555555555556,0.0,0.5
1074_DFA_FEA_XX.mp4,N,60.8888888888889,0.0,0.5
1042_IEO_ANG_LO.mp4,A,45.2222222222222,-1.0,0.9
1057_IEO_ANG_LO.mp4,A,51.6363636363636,-1.0,0.9
1061_DFA_FEA_XX.mp4,N,34.8888888888889,0.0,0.5
1006_WSI_ANG_XX.mp4,A,60.4,-1.0,0.9
1013_WSI_ANG_XX.mp4,A,82.4444444444444,-1.0,0.9
1044_WSI_NEU_XX.mp4,N,46.0,0.0,0.5
1051_WSI_NEU_XX.mp4,N,77.1111111111111,0.0,0.5
1073_DFA_SAD_XX.mp4,N,63.6,0.0,0.5
1066_DFA_SAD_XX.mp4,N,53.0,0.0,0.5
1083_TIE_ANG_XX.mp4,N,53.7,0.0,0.5
1038_IEO_DIS_LO.mp4,N,55.125,0.0,0.5
1062_IWW_HAP_XX.mp4,N,59.5,0.0,0.5
1077_IWW_HAP_XX.mp4,N,60.3333333333333,0.0,0.5
1043_IWW_FEA_XX.mp4,F,62.25,-0.8,0.8
1049_ITH_NEU_XX.mp4,N:S,41.8888888888889,0.0,0.5
1056_IWW_FEA_XX.mp4,D,45.125,-0.9,0.5
1044_IWW_SAD_XX.mp4,F,72.375,-0.8,0.8
1051_IWW_SAD_XX.mp4,F,51.4444444444444,-0.8,0.8
1088_DFA_ANG_XX.mp4,A,47.3333333333333,-1.0,0.9
1069_WSI_DIS_XX.mp4,N,54.6666666666667,0.0,0.5
1078_TIE_SAD_XX.mp4,N,56.5555555555556,0.0,0.5
1066_IWW_NEU_XX.mp4,N,57.8888888888889,0.0,0.5
1073_IWW_NEU_XX.mp4,N,63.4,0.0,0.5
1079_ITH_FEA_XX.mp4,F,60.1,-0.8,0.8
1069_DFA_DIS_XX.mp4,D,59.8888888888889,-0.9,0.5
1058_ITH_HAP_XX.mp4,N,42.7777777777778,0.0,0.5
1088_WSI_ANG_XX.mp4,A,72.0,-1.0,0.9
1024_IWW_ANG_XX.mp4,N,56.0,0.0,0.5
1031_IWW_ANG_XX.mp4,A:F,37.3333333333333,0.0,0.5
1018_TIE_ANG_XX.mp4,A,67.875,-1.0,0.9
1078_IEO_NEU_XX.mp4,N,54.8888888888889,0.0,0.5
1013_MTI_ANG_XX.mp4,A,70.4,-1.0,0.9
1006_MTI_ANG_XX.mp4,A,66.5,-1.0,0.9
1051_MTI_NEU_XX.mp4,N,82.3,0.0,0.5
1044_MTI_NEU_XX.mp4,N,58.5,0.0,0.5
1072_IOM_HAP_XX.mp4,F:N,62.5,0.0,0.5
1067_IOM_HAP_XX.mp4,H:N,56.6666666666667,0.0,0.5
1053_IOM_FEA_XX.mp4,F:N:S,53.0,0.0,0.5
1046_IOM_FEA_XX.mp4,S,39.3333333333333,-1.0,0.3
1084_ITS_ANG_XX.mp4,D,56.0,-0.9,0.5
1091_ITS_ANG_XX.mp4,N,57.75,0.0,0.5
1038_TSI_DIS_XX.mp4,D,54.4285714285714,-0.9,0.5
1088_TAI_SAD_XX.mp4,N:S,49.4444444444444,0.0,0.5
1089_IEO_FEA_HI.mp4,F:H,74.5555555555556,0.0,0.5
1009_TAI_DIS_XX.mp4,F,55.5555555555556,-0.8,0.8
1054_IOM_SAD_XX.mp4,N:S,37.5,0.0,0.5
1041_IOM_SAD_XX.mp4,N,60.0,0.0,0.5
1074_MTI_FEA_XX.mp4,A,57.8888888888889,-1.0,0.9
1061_MTI_FEA_XX.mp4,N,55.6666666666667,0.0,0.5
1055_MTI_HAP_XX.mp4,N,36.2222222222222,0.0,0.5
1040_MTI_HAP_XX.mp4,S,42.1111111111111,-1.0,0.3
1076_IOM_NEU_XX.mp4,N,76.5714285714286,0.0,0.5
1063_IOM_NEU_XX.mp4,N,53.375,0.0,0.5
1065_ITS_DIS_XX.mp4,N,54.3333333333333,0.0,0.5
1070_ITS_DIS_XX.mp4,N,85.625,0.0,0.5
1034_IOM_ANG_XX.mp4,D,72.6,-0.9,0.5
1021_IOM_ANG_XX.mp4,A,56.8,-1.0,0.9
1073_MTI_SAD_XX.mp4,N,62.0,0.0,0.5
1066_MTI_SAD_XX.mp4,N,47.0,0.0,0.5
1051_TAI_HAP_XX.mp4,N,52.6666666666667,0.0,0.5
1075_IEO_SAD_MD.mp4,N,52.5714285714286,0.0,0.5
1060_IEO_SAD_MD.mp4,N,54.2,0.0,0.5
1044_TAI_HAP_XX.mp4,H,55.625,1.0,0.8
1021_IWL_SAD_XX.mp4,N,55.125,0.0,0.5
1070_TAI_FEA_XX.mp4,N,54.3,0.0,0.5
1065_TAI_FEA_XX.mp4,N,47.7777777777778,0.0,0.5
1034_IWL_SAD_XX.mp4,N,67.1428571428571,0.0,0.5
1060_TSI_HAP_XX.mp4,D:F,47.5,0.0,0.5
1064_IEO_SAD_HI.mp4,S,71.1,-1.0,0.3
1071_IEO_SAD_HI.mp4,N,59.4,0.0,0.5
1075_TSI_HAP_XX.mp4,N,57.75,0.0,0.5
1041_TSI_FEA_XX.mp4,F:N,55.9090909090909,0.0,0.5
1054_TSI_FEA_XX.mp4,F,65.5555555555556,-0.8,0.8
1007_IWL_HAP_XX.mp4,H:N,65.1,0.0,0.5
1072_IEO_FEA_MD.mp4,N,46.2,0.0,0.5
1067_IEO_FEA_MD.mp4,D:N:S,50.3333333333333,0.0,0.5
1012_IWL_HAP_XX.mp4,N,61.5714285714286,0.0,0.5
1053_IEO_HAP_MD.mp4,N,47.5,0.0,0.5
1077_TAI_SAD_XX.mp4,N,56.7142857142857,0.0,0.5
1026_IWL_FEA_XX.mp4,F,56.375,-0.8,0.8
1033_IWL_FEA_XX.mp4,N,36.7,0.0,0.5
1039_ITS_NEU_XX.mp4,N,72.6,0.0,0.5
1062_TAI_SAD_XX.mp4,N,51.1,0.0,0.5
1046_IEO_HAP_MD.mp4,N,58.8,0.0,0.5
1063_IEO_FEA_HI.mp4,F,63.1818181818182,-0.8,0.8
1076_IEO_FEA_HI.mp4,F,64.875,-0.8,0.8
1042_IEO_HAP_HI.mp4,H,57.4,1.0,0.8
1046_TSI_SAD_XX.mp4,N,46.8,0.0,0.5
1053_TSI_SAD_XX.mp4,N,47.7,0.0,0.5
1057_IEO_HAP_HI.mp4,F,63.6,-0.8,0.8
1055_TAI_NEU_XX.mp4,N,76.3333333333333,0.0,0.5
1040_TAI_NEU_XX.mp4,N,61.7,0.0,0.5
1017_TAI_ANG_XX.mp4,N,61.7,0.0,0.5
1002_TAI_ANG_XX.mp4,D,62.3333333333333,-0.9,0.5
1026_TSI_ANG_XX.mp4,A,74.8,-1.0,0.9
1033_TSI_ANG_XX.mp4,A,51.25,-1.0,0.9
1064_TSI_NEU_XX.mp4,N,79.1111111111111,0.0,0.5
1071_TSI_NEU_XX.mp4,N,70.5555555555556,0.0,0.5
1089_IOM_NEU_XX.mp4,N,58.7,0.0,0.5
1015_IEO_ANG_MD.mp4,A:D,54.8,0.0,0.5
1041_IWL_ANG_XX.mp4,A,69.2222222222222,-1.0,0.9
1054_IWL_ANG_XX.mp4,N,62.5,0.0,0.5
1003_IWL_NEU_XX.mp4,N,54.6,0.0,0.5
1009_ITS_FEA_XX.mp4,F,64.6666666666667,-0.8,0.8
1016_IWL_NEU_XX.mp4,N,56.9090909090909,0.0,0.5
1028_ITS_HAP_XX.mp4,H,49.7272727272727,1.0,0.8
1004_IEO_ANG_HI.mp4,A,85.1,-1.0,0.9
1011_IEO_ANG_HI.mp4,A,76.6,-1.0,0.9
1018_MTI_DIS_XX.mp4,S,51.2,-1.0,0.3
1005_WSI_FEA_XX.mp4,N:S,48.8,0.0,0.5
1088_IWW_HAP_XX.mp4,F,53.8,-0.8,0.8
1010_WSI_FEA_XX.mp4,A,61.0,-1.0,0.9
1024_WSI_HAP_XX.mp4,N,57.75,0.0,0.5
1031_WSI_HAP_XX.mp4,N,52.8888888888889,0.0,0.5
1046_IEO_SAD_LO.mp4,N,56.1,0.0,0.5
1053_IEO_SAD_LO.mp4,N,56.4,0.0,0.5
1080_TIE_FEA_XX.mp4,F,55.75,-0.8,0.8
1002_WSI_SAD_XX.mp4,N,63.3,0.0,0.5
1013_TIE_DIS_XX.mp4,D,50.1,-0.9,0.5
1017_WSI_SAD_XX.mp4,D,35.1428571428571,-0.9,0.5
1006_TIE_DIS_XX.mp4,D,51.2222222222222,-0.9,0.5
1083_WSI_DIS_XX.mp4,D,57.5,-0.9,0.5
1035_DFA_NEU_XX.mp4,N,64.4444444444444,0.0,0.5
1020_DFA_NEU_XX.mp4,N,61.125,0.0,0.5
1087_TIE_SAD_XX.mp4,N,52.6666666666667,0.0,0.5
1041_IEO_FEA_LO.mp4,N,50.6666666666667,0.0,0.5
1077_DFA_ANG_XX.mp4,A:N,55.4444444444444,0.0,0.5
1062_DFA_ANG_XX.mp4,A,62.625,-1.0,0.9
1054_IEO_FEA_LO.mp4,N,47.6,0.0,0.5
1060_IEO_HAP_LO.mp4,H:N,45.75,0.0,0.5
1075_IEO_HAP_LO.mp4,N,62.6666666666667,0.0,0.5
1062_WSI_ANG_XX.mp4,A,52.7,-1.0,0.9
1077_WSI_ANG_XX.mp4,A:D,69.7777777777778,0.0,0.5
1086_ITH_FEA_XX.mp4,F,57.6666666666667,-0.8,0.8
1020_WSI_NEU_XX.mp4,N,54.0,0.0,0.5
1083_DFA_DIS_XX.mp4,N,53.2222222222222,0.0,0.5
1035_WSI_NEU_XX.mp4,N,47.6,0.0,0.5
1017_DFA_SAD_XX.mp4,N,58.4,0.0,0.5
1002_DFA_SAD_XX.mp4,N,55.2222222222222,0.0,0.5
1081_ITH_SAD_XX.mp4,S,49.3333333333333,-1.0,0.3
1087_IEO_NEU_XX.mp4,N,58.0,0.0,0.5
1026_IEO_ANG_LO.mp4,D,45.6,-0.9,0.5
1010_DFA_FEA_XX.mp4,F,52.375,-0.8,0.8
1005_DFA_FEA_XX.mp4,F,52.7777777777778,-0.8,0.8
1033_IEO_ANG_LO.mp4,N,56.3333333333333,0.0,0.5
1031_DFA_HAP_XX.mp4,N,51.1,0.0,0.5
1024_DFA_HAP_XX.mp4,N,52.2222222222222,0.0,0.5
1015_ITH_DIS_XX.mp4,S,46.0,-1.0,0.3
1020_IWW_SAD_XX.mp4,F:N,44.6,0.0,0.5
1035_IWW_SAD_XX.mp4,D:F:S,46.125,0.0,0.5
1088_TIE_DIS_XX.mp4,N,51.4444444444444,0.0,0.5
1018_WSI_DIS_XX.mp4,D,49.6,-0.9,0.5
1009_TIE_SAD_XX.mp4,N,49.1111111111111,0.0,0.5
1049_IEO_DIS_LO.mp4,D,40.2222222222222,-0.9,0.5
1027_IWW_FEA_XX.mp4,N,48.9,0.0,0.5
1032_IWW_FEA_XX.mp4,N,62.7777777777778,0.0,0.5
1038_ITH_NEU_XX.mp4,N,69.0,0.0,0.5
1006_IWW_HAP_XX.mp4,H,46.2857142857143,1.0,0.8
1013_IWW_HAP_XX.mp4,N,57.2222222222222,0.0,0.5
1009_IEO_NEU_XX.mp4,N,75.0,0.0,0.5
1018_DFA_DIS_XX.mp4,N,56.6666666666667,0.0,0.5
1029_ITH_HAP_XX.mp4,H,67.1111111111111,1.0,0.8
1002_IWW_NEU_XX.mp4,F:N,47.3333333333333,0.0,0.5
1008_ITH_FEA_XX.mp4,F,62.1111111111111,-0.8,0.8
1017_IWW_NEU_XX.mp4,N,46.5,0.0,0.5
1040_IWW_ANG_XX.mp4,N,62.5,0.0,0.5
1055_IWW_ANG_XX.mp4,D,66.8,-0.9,0.5
1069_TIE_ANG_XX.mp4,A,78.1818181818182,-1.0,0.9
1089_IWL_HAP_XX.mp4,H,52.1,1.0,0.8
1049_TSI_DIS_XX.mp4,A,63.8571428571429,-1.0,0.9
1030_IOM_SAD_XX.mp4,N,54.1111111111111,0.0,0.5
1025_IOM_SAD_XX.mp4,D:S,57.0,0.0,0.5
1078_TAI_DIS_XX.mp4,D:S,42.5,0.0,0.5
1077_MTI_ANG_XX.mp4,N,65.375,0.0,0.5
1062_MTI_ANG_XX.mp4,N,68.1,0.0,0.5
1035_MTI_NEU_XX.mp4,N,87.5555555555556,0.0,0.5
1020_MTI_NEU_XX.mp4,N,60.1,0.0,0.5
1037_IOM_FEA_XX.mp4,N,63.0,0.0,0.5
1022_IOM_FEA_XX.mp4,N,75.7,0.0,0.5
1016_IOM_HAP_XX.mp4,N,52.3333333333333,0.0,0.5
1003_IOM_HAP_XX.mp4,H,71.0,1.0,0.8
1087_ITS_FEA_XX.mp4,N,57.6666666666667,0.0,0.5
1017_MTI_SAD_XX.mp4,N,60.4444444444444,0.0,0.5
1002_MTI_SAD_XX.mp4,F,45.9,-0.8,0.8
1083_MTI_DIS_XX.mp4,N,51.25,0.0,0.5
1031_MTI_HAP_XX.mp4,N,50.2,0.0,0.5
1024_MTI_HAP_XX.mp4,H,57.5,1.0,0.8
1010_MTI_FEA_XX.mp4,S,56.5,-1.0,0.3
1005_MTI_FEA_XX.mp4,F,51.0,-0.8,0.8
1080_ITS_SAD_XX.mp4,N,76.1428571428571,0.0,0.5
1001_ITS_DIS_XX.mp4,N,45.6666666666667,0.0,0.5
1014_ITS_DIS_XX.mp4,N,46.8181818181818,0.0,0.5
1012_IOM_NEU_XX.mp4,N,44.6363636363636,0.0,0.5
1007_IOM_NEU_XX.mp4,N,62.7,0.0,0.5
1050_IOM_ANG_XX.mp4,A,57.4,-1.0,0.9
1045_IOM_ANG_XX.mp4,N,54.2,0.0,0.5
1079_IEO_FEA_HI.mp4,H,84.7142857142857,1.0,0.8
1049_TSI_SAD_XX.mp4,N,48.4,0.0,0.5
1058_IEO_HAP_HI.mp4,F,70.0,-0.8,0.8
1008_IWL_HAP_XX.mp4,H,65.7777777777778,1.0,0.8
1030_IOM_DIS_XX.mp4,D,55.1,-0.9,0.5
1025_IOM_DIS_XX.mp4,N,48.8888888888889,0.0,0.5
1068_IEO_FEA_MD.mp4,F,52.3,-0.8,0.8
1029_IWL_FEA_XX.mp4,N,52.5,0.0,0.5
1078_TAI_SAD_XX.mp4,N,44.5,0.0,0.5
1023_ITS_NEU_XX.mp4,N,54.7777777777778,0.0,0.5
1049_IEO_HAP_MD.mp4,H,71.2222222222222,1.0,0.8
1036_ITS_NEU_XX.mp4,N,55.0,0.0,0.5
1061_ITS_ANG_XX.mp4,D,65.5714285714286,-0.9,0.5
1074_ITS_ANG_XX.mp4,D,78.6666666666667,-0.9,0.5
1082_IOM_HAP_XX.mp4,H,41.7777777777778,1.0,0.8
1017_MTI_DIS_XX.mp4,A,60.8571428571429,-1.0,0.9
1002_MTI_DIS_XX.mp4,S,61.0909090909091,-1.0,0.3
1083_MTI_SAD_XX.mp4,N:S,59.4,0.0,0.5
1006_ITS_FEA_XX.mp4,F,54.3333333333333,-0.8,0.8
1019_IWL_NEU_XX.mp4,N,71.4,0.0,0.5
1013_ITS_FEA_XX.mp4,N,63.8,0.0,0.5
1027_ITS_HAP_XX.mp4,H,59.9,1.0,0.8
1032_ITS_HAP_XX.mp4,N,52.2727272727273,0.0,0.5
1029_TSI_ANG_XX.mp4,A,61.1111111111111,-1.0,0.9
1086_IOM_NEU_XX.mp4,N,63.2,0.0,0.5
1080_ITS_DIS_XX.mp4,D,55.3,-0.9,0.5
1001_ITS_SAD_XX.mp4,N,58.1,0.0,0.5
1014_ITS_SAD_XX.mp4,F,64.9,-0.8,0.8
1091_MTI_FEA_XX.mp4,N,55.5714285714286,0.0,0.5
1084_MTI_FEA_XX.mp4,S,60.5,-1.0,0.3
1018_TAI_ANG_XX.mp4,A:D,58.9,0.0,0.5
1020_IWW_DIS_XX.mp4,N,45.4285714285714,0.0,0.5
1035_IWW_DIS_XX.mp4,F,72.5555555555556,-0.8,0.8
1088_TIE_SAD_XX.mp4,N,59.0,0.0,0.5
1078_DFA_ANG_XX.mp4,A,75.7777777777778,-1.0,0.9
1009_TIE_DIS_XX.mp4,D,62.75,-0.9,0.5
1018_WSI_SAD_XX.mp4,N,62.1,0.0,0.5
1049_IEO_SAD_LO.mp4,N,64.4444444444444,0.0,0.5
1087_IWW_HAP_XX.mp4,N,52.2222222222222,0.0,0.5
1029_IEO_ANG_LO.mp4,D:N,53.7272727272727,0.0,0.5
1088_IEO_NEU_XX.mp4,N,53.2,0.0,0.5
1018_DFA_SAD_XX.mp4,N,54.4,0.0,0.5
1078_WSI_ANG_XX.mp4,A,74.2727272727273,-1.0,0.9
1089_ITH_FEA_XX.mp4,N,67.2,0.0,0.5
1083_IWW_NEU_XX.mp4,N,65.5,0.0,0.5
1014_TIE_FEA_XX.mp4,F,49.8,-0.8,0.8
1001_TIE_FEA_XX.mp4,A,42.3636363636364,-1.0,0.9
1035_TIE_HAP_XX.mp4,A:D:H:N,49.375,0.0,0.5
1020_TIE_HAP_XX.mp4,H,62.4444444444444,1.0,0.8
1046_IEO_DIS_LO.mp4,N,68.6,0.0,0.5
1053_IEO_DIS_LO.mp4,N,51.1111111111111,0.0,0.5
1060_ITH_ANG_XX.mp4,N,65.2222222222222,0.0,0.5
1075_ITH_ANG_XX.mp4,D,70.6666666666667,-0.9,0.5
1028_IWW_FEA_XX.mp4,S,85.5,-1.0,0.3
1022_ITH_NEU_XX.mp4,N,70.2,0.0,0.5
1037_ITH_NEU_XX.mp4,N,63.9,0.0,0.5
1009_IWW_HAP_XX.mp4,H:N,36.1111111111111,0.0,0.5
1084_WSI_FEA_XX.mp4,N,54.1,0.0,0.5
1091_WSI_FEA_XX.mp4,S,46.25,-1.0,0.3
1013_TIE_SAD_XX.mp4,N,50.25,0.0,0.5
1002_WSI_DIS_XX.mp4,A,55.2,-1.0,0.9
1006_TIE_SAD_XX.mp4,S,55.5555555555556,-1.0,0.3
1017_WSI_DIS_XX.mp4,A,31.1111111111111,-1.0,0.9
1083_WSI_SAD_XX.mp4,N,41.4,0.0,0.5
1087_TIE_DIS_XX.mp4,N,57.7777777777778,0.0,0.5
1073_TIE_ANG_XX.mp4,A,53.5714285714286,-1.0,0.9
1066_TIE_ANG_XX.mp4,N,63.4,0.0,0.5
1031_TIE_NEU_XX.mp4,N,57.6666666666667,0.0,0.5
1024_TIE_NEU_XX.mp4,N,59.4,0.0,0.5
1083_DFA_SAD_XX.mp4,S,55.8888888888889,-1.0,0.3
1026_ITH_HAP_XX.mp4,N,56.7777777777778,0.0,0.5
1017_DFA_DIS_XX.mp4,N,41.0,0.0,0.5
1002_DFA_DIS_XX.mp4,D,60.9,-0.9,0.5
1033_ITH_HAP_XX.mp4,N,49.0,0.0,0.5
1007_ITH_FEA_XX.mp4,N,78.2222222222222,0.0,0.5
1018_IWW_NEU_XX.mp4,F:N,32.4,0.0,0.5
1012_ITH_FEA_XX.mp4,F,64.6666666666667,-0.8,0.8
1081_ITH_DIS_XX.mp4,S,67.625,-1.0,0.3
1091_DFA_FEA_XX.mp4,N,67.75,0.0,0.5
1084_DFA_FEA_XX.mp4,N:S,60.8181818181818,0.0,0.5
1013_IEO_NEU_XX.mp4,N,76.9,0.0,0.5
1006_IEO_NEU_XX.mp4,N,48.0,0.0,0.5
1015_ITH_SAD_XX.mp4,N:S,39.8888888888889,0.0,0.5
1075_IEO_DIS_MD.mp4,N,57.5555555555556,0.0,0.5
1038_IOM_FEA_XX.mp4,A:F:N,41.875,0.0,0.5
1060_IEO_DIS_MD.mp4,N,43.3333333333333,0.0,0.5
1019_IOM_HAP_XX.mp4,N,61.0,0.0,0.5
1021_IWL_DIS_XX.mp4,N:S,58.0,0.0,0.5
1034_IWL_DIS_XX.mp4,D,47.9,-0.9,0.5
1064_IEO_DIS_HI.mp4,D,66.5,-0.9,0.5
1071_IEO_DIS_HI.mp4,N,65.5,0.0,0.5
1078_MTI_ANG_XX.mp4,A,58.3333333333333,-1.0,0.9
1077_TAI_DIS_XX.mp4,D,52.0,-0.9,0.5
1062_TAI_DIS_XX.mp4,N,74.3,0.0,0.5
1046_TSI_DIS_XX.mp4,N,66.1111111111111,0.0,0.5
1086_IWL_HAP_XX.mp4,H,63.8888888888889,1.0,0.8
1053_TSI_DIS_XX.mp4,N,62.0,0.0,0.5
1008_IOM_NEU_XX.mp4,N,39.7777777777778,0.0,0.5
1083_TAI_ANG_XX.mp4,N,56.7,0.0,0.5
1085_IEO_ANG_HI.mp4,A,83.6,-1.0,0.9
1090_IEO_ANG_HI.mp4,A,65.3,-1.0,0.9
1088_ITS_FEA_XX.mp4,F,71.75,-0.8,0.8
1082_IWL_NEU_XX.mp4,N,63.3333333333333,0.0,0.5
1018_MTI_SAD_XX.mp4,N,55.5555555555556,0.0,0.5
1081_IEO_ANG_MD.mp4,A,73.6,-1.0,0.9
1087_MTI_ANG_XX.mp4,N,72.25,0.0,0.5
1029_IEO_HAP_HI.mp4,H,54.5,1.0,0.8
1038_TSI_SAD_XX.mp4,N,75.3,0.0,0.5
1008_IEO_FEA_HI.mp4,S,74.5,-1.0,0.3
1088_TAI_DIS_XX.mp4,N,52.7777777777778,0.0,0.5
1047_ITS_NEU_XX.mp4,N,61.1818181818182,0.0,0.5
1038_IEO_HAP_MD.mp4,H,54.7272727272727,1.0,0.8
1058_IWL_FEA_XX.mp4,S,59.25,-1.0,0.3
1009_TAI_SAD_XX.mp4,N,54.6,0.0,0.5
1052_ITS_NEU_XX.mp4,N,61.7,0.0,0.5
1019_IEO_FEA_MD.mp4,A:D,42.1111111111111,0.0,0.5
1054_IOM_DIS_XX.mp4,D,64.3,-0.9,0.5
1079_IWL_HAP_XX.mp4,H,70.1,1.0,0.8
1041_IOM_DIS_XX.mp4,N,70.5,0.0,0.5
1005_ITS_ANG_XX.mp4,D:H,57.5,0.0,0.5
1010_ITS_ANG_XX.mp4,A:D:N,69.8888888888889,0.0,0.5
1058_TSI_ANG_XX.mp4,A,63.0,-1.0,0.9
1065_ITS_SAD_XX.mp4,N,62.0,0.0,0.5
1070_ITS_SAD_XX.mp4,N,60.8888888888889,0.0,0.5
1069_TAI_ANG_XX.mp4,A,63.9,-1.0,0.9
1073_MTI_DIS_XX.mp4,N,46.8,0.0,0.5
1066_MTI_DIS_XX.mp4,D,46.7777777777778,-0.9,0.5
1043_ITS_HAP_XX.mp4,H:N,56.625,0.0,0.5
1056_ITS_HAP_XX.mp4,H,50.75,1.0,0.8
1068_IWL_NEU_XX.mp4,N,67.7272727272727,0.0,0.5
1062_ITS_FEA_XX.mp4,N,35.75,0.0,0.5
1077_ITS_FEA_XX.mp4,N,48.6,0.0,0.5
1038_IEO_SAD_LO.mp4,N,64.2,0.0,0.5
1044_IWW_DIS_XX.mp4,F,43.8888888888889,-0.8,0.8
1051_IWW_DIS_XX.mp4,F,55.0,-0.8,0.8
1009_DFA_ANG_XX.mp4,A,51.75,-1.0,0.9
1078_TIE_DIS_XX.mp4,S,54.4285714285714,-1.0,0.3
1069_WSI_SAD_XX.mp4,S,73.5,-1.0,0.3
1069_DFA_SAD_XX.mp4,N,57.0,0.0,0.5
1009_WSI_ANG_XX.mp4,A,80.6666666666667,-1.0,0.9
1058_IEO_ANG_LO.mp4,D:N:S,46.1,0.0,0.5
1087_DFA_ANG_XX.mp4,A,60.7777777777778,-1.0,0.9
1085_IEO_HAP_LO.mp4,N,68.6666666666667,0.0,0.5
1090_IEO_HAP_LO.mp4,N,55.9,0.0,0.5
1077_TIE_SAD_XX.mp4,N,58.4,0.0,0.5
1066_WSI_DIS_XX.mp4,A,49.625,-1.0,0.9
1062_TIE_SAD_XX.mp4,S,64.6,-1.0,0.3
1073_WSI_DIS_XX.mp4,N,57.0,0.0,0.5
1051_TIE_HAP_XX.mp4,N,61.8,0.0,0.5
1044_TIE_HAP_XX.mp4,N,54.25,0.0,0.5
1070_TIE_FEA_XX.mp4,A,56.7777777777778,-1.0,0.9
1065_TIE_FEA_XX.mp4,N,62.6,0.0,0.5
1004_ITH_ANG_XX.mp4,A,83.4,-1.0,0.9
1011_ITH_ANG_XX.mp4,N,64.4,0.0,0.5
1022_IEO_DIS_LO.mp4,N,57.3,0.0,0.5
1037_IEO_DIS_LO.mp4,S,51.5555555555556,-1.0,0.3
1078_IWW_HAP_XX.mp4,N,50.5454545454545,0.0,0.5
1046_ITH_NEU_XX.mp4,N,67.3333333333333,0.0,0.5
1059_IWW_FEA_XX.mp4,F,74.0,-0.8,0.8
1053_ITH_NEU_XX.mp4,N,80.6666666666667,0.0,0.5
1077_IEO_NEU_XX.mp4,N,68.3,0.0,0.5
1062_IEO_NEU_XX.mp4,N,72.2222222222222,0.0,0.5
1064_ITH_SAD_XX.mp4,N,55.6,0.0,0.5
1071_ITH_SAD_XX.mp4,N,50.0,0.0,0.5
1017_TIE_ANG_XX.mp4,D,48.1,-0.9,0.5
1002_TIE_ANG_XX.mp4,A,80.2222222222222,-1.0,0.9
1055_TIE_NEU_XX.mp4,N,51.3333333333333,0.0,0.5
1040_TIE_NEU_XX.mp4,N,59.2222222222222,0.0,0.5
1069_IWW_NEU_XX.mp4,N,61.5,0.0,0.5
1063_ITH_FEA_XX.mp4,F,57.7,-0.8,0.8
1076_ITH_FEA_XX.mp4,N,46.25,0.0,0.5
1073_DFA_DIS_XX.mp4,N,56.8,0.0,0.5
1042_ITH_HAP_XX.mp4,H:N,60.0,0.0,0.5
1057_ITH_HAP_XX.mp4,N,74.6666666666667,0.0,0.5
1066_DFA_DIS_XX.mp4,N,53.2222222222222,0.0,0.5
1087_WSI_ANG_XX.mp4,A,59.1111111111111,-1.0,0.9
1086_IEO_FEA_HI.mp4,F,58.875,-0.8,0.8
1013_TAI_DIS_XX.mp4,D,53.2727272727273,-0.9,0.5
1006_TAI_DIS_XX.mp4,D,57.8,-0.9,0.5
1022_TSI_DIS_XX.mp4,D,46.4444444444444,-0.9,0.5
1037_TSI_DIS_XX.mp4,N,52.3,0.0,0.5
1082_IEO_FEA_MD.mp4,N,58.125,0.0,0.5
1087_TAI_SAD_XX.mp4,N,67.5555555555556,0.0,0.5
1045_IWL_DIS_XX.mp4,N,55.6,0.0,0.5
1081_IEO_SAD_HI.mp4,N,37.8,0.0,0.5
1085_TSI_HAP_XX.mp4,N,60.6666666666667,0.0,0.5
1090_TSI_HAP_XX.mp4,F,56.7,-0.8,0.8
1068_IOM_HAP_XX.mp4,N,52.6,0.0,0.5
1050_IWL_DIS_XX.mp4,A,52.3,-1.0,0.9
1011_IEO_DIS_MD.mp4,D,60.4444444444444,-0.9,0.5
1049_IOM_FEA_XX.mp4,F,49.9,-0.8,0.8
1004_IEO_DIS_MD.mp4,D,58.9090909090909,-0.9,0.5
1090_IEO_SAD_MD.mp4,N,64.6,0.0,0.5
1085_IEO_SAD_MD.mp4,N,45.7,0.0,0.5
1015_IEO_DIS_HI.mp4,N,65.1818181818182,0.0,0.5
1080_TAI_FEA_XX.mp4,F,50.6666666666667,-0.8,0.8
1069_MTI_SAD_XX.mp4,N:S,53.4,0.0,0.5
1081_TSI_NEU_XX.mp4,N,70.8,0.0,0.5
1079_IOM_NEU_XX.mp4,N,74.1111111111111,0.0,0.5
1061_MTI_SAD_XX.mp4,N,43.8,0.0,0.5
1074_MTI_SAD_XX.mp4,N,62.1,0.0,0.5
1077_ITS_DIS_XX.mp4,D:S,59.75,0.0,0.5
1062_ITS_DIS_XX.mp4,N,51.3,0.0,0.5
1064_IOM_NEU_XX.mp4,N,72.0,0.0,0.5
1089_TSI_NEU_XX.mp4,N,56.4,0.0,0.5
1071_IOM_NEU_XX.mp4,N,56.7,0.0,0.5
1026_IOM_ANG_XX.mp4,A,75.3333333333333,-1.0,0.9
1033_IOM_ANG_XX.mp4,A:D,46.0,0.0,0.5
1047_MTI_HAP_XX.mp4,N,52.1,0.0,0.5
1052_MTI_HAP_XX.mp4,H,62.6666666666667,1.0,0.8
1066_MTI_FEA_XX.mp4,N,55.9,0.0,0.5
1073_MTI_FEA_XX.mp4,N,60.6666666666667,0.0,0.5
1046_IOM_SAD_XX.mp4,N,52.25,0.0,0.5
1053_IOM_SAD_XX.mp4,N,68.4444444444444,0.0,0.5
1083_ITS_ANG_XX.mp4,D,44.2,-0.9,0.5
1041_IOM_FEA_XX.mp4,N,70.875,0.0,0.5
1019_IEO_DIS_MD.mp4,D,41.0,-0.9,0.5
1054_IOM_FEA_XX.mp4,N,55.7777777777778,0.0,0.5
1060_IOM_HAP_XX.mp4,N,47.9090909090909,0.0,0.5
1058_IWL_DIS_XX.mp4,D,51.4444444444444,-0.9,0.5
1075_IOM_HAP_XX.mp4,H,57.0,1.0,0.8
1089_IEO_SAD_HI.mp4,N,74.6666666666667,0.0,0.5
1088_TAI_FEA_XX.mp4,N,46.5,0.0,0.5
1008_IEO_DIS_HI.mp4,D,60.2222222222222,-0.9,0.5
1001_MTI_ANG_XX.mp4,N,67.3333333333333,0.0,0.5
1014_MTI_ANG_XX.mp4,N,61.75,0.0,0.5
1043_MTI_NEU_XX.mp4,N,53.25,0.0,0.5
1056_MTI_NEU_XX.mp4,N,75.0,0.0,0.5
1079_ITH_SAD_XX.mp4,S,58.25,-1.0,0.3
1048_TIE_NEU_XX.mp4,N,46.2222222222222,0.0,0.5
1074_IWW_NEU_XX.mp4,N,61.3,0.0,0.5
1061_IWW_NEU_XX.mp4,F,71.5555555555556,-0.8,0.8
1036_IWW_ANG_XX.mp4,A,68.7,-1.0,0.9
1023_IWW_ANG_XX.mp4,F,54.7777777777778,-0.8,0.8
1056_IWW_SAD_XX.mp4,N,50.9,0.0,0.5
1043_IWW_SAD_XX.mp4,F,47.1,-0.8,0.8
1078_TIE_FEA_XX.mp4,F,47.375,-0.8,0.8
1059_TIE_HAP_XX.mp4,A,73.0,-1.0,0.9
1051_IWW_FEA_XX.mp4,F,78.8,-0.8,0.8
1044_IWW_FEA_XX.mp4,F,55.25,-0.8,0.8
1070_IWW_HAP_XX.mp4,N,42.8888888888889,0.0,0.5
1065_IWW_HAP_XX.mp4,H,46.5454545454545,1.0,0.8
1061_DFA_SAD_XX.mp4,N,76.6666666666667,0.0,0.5
1074_DFA_SAD_XX.mp4,N,74.9,0.0,0.5
1084_TIE_ANG_XX.mp4,N,63.0,0.0,0.5
1091_TIE_ANG_XX.mp4,A,62.9,-1.0,0.9
1014_WSI_ANG_XX.mp4,A,68.9090909090909,-1.0,0.9
1001_WSI_ANG_XX.mp4,A,54.1,-1.0,0.9
1056_WSI_NEU_XX.mp4,N,60.2,0.0,0.5
1043_WSI_NEU_XX.mp4,N,54.6666666666667,0.0,0.5
1066_DFA_FEA_XX.mp4,N,68.9,0.0,0.5
1050_IEO_ANG_LO.mp4,A,45.5,-1.0,0.9
1045_IEO_ANG_LO.mp4,N,64.4444444444444,0.0,0.5
1073_DFA_FEA_XX.mp4,N,63.8888888888889,0.0,0.5
1047_DFA_HAP_XX.mp4,H,62.2222222222222,1.0,0.8
1076_ITH_DIS_XX.mp4,N,54.8,0.0,0.5
1063_ITH_DIS_XX.mp4,N,40.5555555555556,0.0,0.5
1052_DFA_HAP_XX.mp4,N,65.25,0.0,0.5
1030_IEO_SAD_LO.mp4,N,42.6666666666667,0.0,0.5
1025_IEO_SAD_LO.mp4,S,79.125,-1.0,0.3
1073_WSI_FEA_XX.mp4,N,60.8571428571429,0.0,0.5
1066_WSI_FEA_XX.mp4,N,41.7,0.0,0.5
1052_WSI_HAP_XX.mp4,D:H:N,48.5,0.0,0.5
1047_WSI_HAP_XX.mp4,H,46.3333333333333,1.0,0.8
1082_ITH_ANG_XX.mp4,N,47.9,0.0,0.5
1059_IWW_DIS_XX.mp4,F,41.2,-0.8,0.8
1043_DFA_NEU_XX.mp4,N,62.8888888888889,0.0,0.5
1056_DFA_NEU_XX.mp4,N,60.8888888888889,0.0,0.5
1001_DFA_ANG_XX.mp4,A,54.6666666666667,-1.0,0.9
1037_IEO_FEA_LO.mp4,N,66.1428571428571,0.0,0.5
1022_IEO_FEA_LO.mp4,N,53.5555555555556,0.0,0.5
1014_DFA_ANG_XX.mp4,A,65.4444444444444,-1.0,0.9
1016_IEO_HAP_LO.mp4,H,47.8,1.0,0.8
1003_IEO_HAP_LO.mp4,N,61.7272727272727,0.0,0.5
1065_TIE_DIS_XX.mp4,N,68.3333333333333,0.0,0.5
1074_WSI_SAD_XX.mp4,N,53.0,0.0,0.5
1070_TIE_DIS_XX.mp4,D,38.75,-0.9,0.5
1061_WSI_SAD_XX.mp4,N,52.0,0.0,0.5
1050_TSI_ANG_XX.mp4,A,81.9,-1.0,0.9
1045_TSI_ANG_XX.mp4,N,57.4,0.0,0.5
1012_TSI_NEU_XX.mp4,N,67.3,0.0,0.5
1007_TSI_NEU_XX.mp4,N,59.4444444444444,0.0,0.5
1023_TAI_NEU_XX.mp4,N,71.4285714285714,0.0,0.5
1078_ITS_SAD_XX.mp4,F:S,52.3,0.0,0.5
1036_TAI_NEU_XX.mp4,N,82.5,0.0,0.5
1061_TAI_ANG_XX.mp4,D,64.0,-0.9,0.5
1074_TAI_ANG_XX.mp4,A,66.3,-1.0,0.9
1072_IEO_ANG_HI.mp4,A,71.1111111111111,-1.0,0.9
1067_IEO_ANG_HI.mp4,A:F,66.875,0.0,0.5
1063_IEO_ANG_MD.mp4,A,37.3,-1.0,0.9
1076_IEO_ANG_MD.mp4,D,58.3333333333333,-0.9,0.5
1037_IWL_ANG_XX.mp4,A:D:N,51.0,0.0,0.5
1022_IWL_ANG_XX.mp4,A,66.25,-1.0,0.9
1075_IWL_NEU_XX.mp4,N,61.3333333333333,0.0,0.5
1060_IWL_NEU_XX.mp4,N,53.4,0.0,0.5
1016_TSI_HAP_XX.mp4,F:N,63.9,0.0,0.5
1012_IEO_SAD_HI.mp4,F,61.4,-0.8,0.8
1007_IEO_SAD_HI.mp4,N,59.0,0.0,0.5
1003_TSI_HAP_XX.mp4,H:N:S,50.75,0.0,0.5
1082_IEO_DIS_MD.mp4,D,64.1,-0.9,0.5
1037_TSI_FEA_XX.mp4,F,69.8,-0.8,0.8
1022_TSI_FEA_XX.mp4,N,53.8888888888889,0.0,0.5
1027_TAI_HAP_XX.mp4,N,50.75,0.0,0.5
1003_IEO_SAD_MD.mp4,N,53.6666666666667,0.0,0.5
1016_IEO_SAD_MD.mp4,N,45.2,0.0,0.5
1032_TAI_HAP_XX.mp4,N,48.4,0.0,0.5
1006_TAI_FEA_XX.mp4,S,66.2222222222222,-1.0,0.3
1057_IWL_SAD_XX.mp4,N,65.875,0.0,0.5
1042_IWL_SAD_XX.mp4,N,72.0,0.0,0.5
1013_TAI_FEA_XX.mp4,F,47.1818181818182,-0.8,0.8
1086_IEO_DIS_HI.mp4,D:S,57.0,0.0,0.5
1080_TAI_DIS_XX.mp4,N,62.375,0.0,0.5
1015_IEO_FEA_HI.mp4,F,68.4444444444444,-0.8,0.8
1034_IEO_HAP_HI.mp4,D,63.5,-0.9,0.5
1030_TSI_SAD_XX.mp4,N,54.2,0.0,0.5
1025_TSI_SAD_XX.mp4,N,59.6363636363636,0.0,0.5
1021_IEO_HAP_HI.mp4,D,45.1,-0.9,0.5
1071_IWL_HAP_XX.mp4,N,78.25,0.0,0.5
1049_IOM_DIS_XX.mp4,N,63.75,0.0,0.5
1004_IEO_FEA_MD.mp4,D:N,49.8888888888889,0.0,0.5
1011_IEO_FEA_MD.mp4,N,72.5454545454545,0.0,0.5
1064_IWL_HAP_XX.mp4,N,66.7777777777778,0.0,0.5
1025_IEO_HAP_MD.mp4,N,60.2,0.0,0.5
1050_IWL_FEA_XX.mp4,F,69.0,-0.8,0.8
1001_TAI_SAD_XX.mp4,N,47.0,0.0,0.5
1014_TAI_SAD_XX.mp4,S,64.3333333333333,-1.0,0.3
1045_IWL_FEA_XX.mp4,N,59.1111111111111,0.0,0.5
1030_IEO_HAP_MD.mp4,N,52.8,0.0,0.5
1018_ITS_ANG_XX.mp4,A:D,53.6,0.0,0.5
1015_IOM_NEU_XX.mp4,N,61.375,0.0,0.5
1013_ITS_DIS_XX.mp4,D,44.1111111111111,-0.9,0.5
1006_ITS_DIS_XX.mp4,D:F:N:S,53.5,0.0,0.5
1042_IOM_ANG_XX.mp4,A,52.3,-1.0,0.9
1057_IOM_ANG_XX.mp4,A,57.3333333333333,-1.0,0.9
1002_MTI_FEA_XX.mp4,N,57.1818181818182,0.0,0.5
1017_MTI_FEA_XX.mp4,N,60.2727272727273,0.0,0.5
1023_MTI_HAP_XX.mp4,H:N,45.4444444444444,0.0,0.5
1036_MTI_HAP_XX.mp4,F:N,62.6666666666667,0.0,0.5
1087_ITS_SAD_XX.mp4,N,61.4545454545455,0.0,0.5
1084_MTI_DIS_XX.mp4,N,50.25,0.0,0.5
1091_MTI_DIS_XX.mp4,N,59.0,0.0,0.5
1080_ITS_FEA_XX.mp4,F,52.2222222222222,-0.8,0.8
1005_MTI_SAD_XX.mp4,N,60.5,0.0,0.5
1089_IEO_ANG_MD.mp4,A,43.1111111111111,-1.0,0.9
1010_MTI_SAD_XX.mp4,N,54.0,0.0,0.5
1004_IOM_HAP_XX.mp4,H,72.4545454545455,1.0,0.8
1011_IOM_HAP_XX.mp4,N,28.5555555555556,0.0,0.5
1029_IWL_DIS_XX.mp4,A,70.6666666666667,-1.0,0.9
1025_IOM_FEA_XX.mp4,N,58.0,0.0,0.5
1068_IEO_DIS_MD.mp4,N,63.3333333333333,0.0,0.5
1030_IOM_FEA_XX.mp4,N,71.1111111111111,0.0,0.5
1065_MTI_ANG_XX.mp4,A,53.7,-1.0,0.9
1070_MTI_ANG_XX.mp4,D,71.8888888888889,-0.9,0.5
1079_IEO_DIS_HI.mp4,A,57.8571428571429,-1.0,0.9
1027_MTI_NEU_XX.mp4,N,52.125,0.0,0.5
1032_MTI_NEU_XX.mp4,N,51.6,0.0,0.5
1022_IOM_SAD_XX.mp4,N,53.1818181818182,0.0,0.5
1037_IOM_SAD_XX.mp4,N,52.1,0.0,0.5
1039_TIE_NEU_XX.mp4,N,65.4545454545455,0.0,0.5
1010_IWW_NEU_XX.mp4,N,32.4545454545455,0.0,0.5
1005_IWW_NEU_XX.mp4,N,58.3333333333333,0.0,0.5
1052_IWW_ANG_XX.mp4,A,74.1,-1.0,0.9
1047_IWW_ANG_XX.mp4,A,50.1111111111111,-1.0,0.9
1089_ITH_DIS_XX.mp4,D:N,49.0,0.0,0.5
1008_ITH_SAD_XX.mp4,N,57.8888888888889,0.0,0.5
1028_TIE_HAP_XX.mp4,N,63.8888888888889,0.0,0.5
1009_TIE_FEA_XX.mp4,F,69.2,-0.8,0.8
1068_ITH_ANG_XX.mp4,A,58.5,-1.0,0.9
1014_IWW_HAP_XX.mp4,D:N,49.4444444444444,0.0,0.5
1001_IWW_HAP_XX.mp4,N,59.8571428571429,0.0,0.5
1035_IWW_FEA_XX.mp4,F,54.4,-0.8,0.8
1020_IWW_FEA_XX.mp4,F,53.4,-0.8,0.8
1032_IWW_SAD_XX.mp4,N,60.5,0.0,0.5
1027_IWW_SAD_XX.mp4,F,54.5,-0.8,0.8
1012_ITH_DIS_XX.mp4,D:N,56.3,0.0,0.5
1023_DFA_HAP_XX.mp4,H,57.2222222222222,1.0,0.8
1036_DFA_HAP_XX.mp4,N,64.75,0.0,0.5
1007_ITH_DIS_XX.mp4,D,59.1,-0.9,0.5
1034_IEO_ANG_LO.mp4,N,55.1111111111111,0.0,0.5
1002_DFA_FEA_XX.mp4,F,53.1111111111111,-0.8,0.8
1017_DFA_FEA_XX.mp4,N,55.0,0.0,0.5
1021_IEO_ANG_LO.mp4,N,64.0,0.0,0.5
1086_ITH_SAD_XX.mp4,N,60.2,0.0,0.5
1080_IEO_NEU_XX.mp4,N,65.7272727272727,0.0,0.5
1005_DFA_SAD_XX.mp4,N,72.4,0.0,0.5
1010_DFA_SAD_XX.mp4,N,48.7777777777778,0.0,0.5
1070_WSI_ANG_XX.mp4,A,70.2222222222222,-1.0,0.9
1065_WSI_ANG_XX.mp4,A,67.4444444444444,-1.0,0.9
1032_WSI_NEU_XX.mp4,N,46.2727272727273,0.0,0.5
1084_DFA_DIS_XX.mp4,N,62.3,0.0,0.5
1091_DFA_DIS_XX.mp4,N,60.4444444444444,0.0,0.5
1027_WSI_NEU_XX.mp4,N,49.6666666666667,0.0,0.5
1081_ITH_FEA_XX.mp4,F,53.5555555555556,-0.8,0.8
1091_WSI_DIS_XX.mp4,N,54.2222222222222,0.0,0.5
1080_TIE_SAD_XX.mp4,S,50.7,-1.0,0.3
1027_DFA_NEU_XX.mp4,N,78.7777777777778,0.0,0.5
1032_DFA_NEU_XX.mp4,N,52.6,0.0,0.5
1084_WSI_DIS_XX.mp4,N,64.3,0.0,0.5
1028_IWW_DIS_XX.mp4,D,68.4444444444444,-0.9,0.5
1072_IEO_HAP_LO.mp4,N,58.3333333333333,0.0,0.5
1067_IEO_HAP_LO.mp4,N,46.2222222222222,0.0,0.5
1053_IEO_FEA_LO.mp4,N,51.5,0.0,0.5
1065_DFA_ANG_XX.mp4,A,62.6,-1.0,0.9
1070_DFA_ANG_XX.mp4,A,63.1111111111111,-1.0,0.9
1046_IEO_FEA_LO.mp4,N,63.2222222222222,0.0,0.5
1001_TIE_DIS_XX.mp4,D,48.1111111111111,-0.9,0.5
1010_WSI_SAD_XX.mp4,N,61.1111111111111,0.0,0.5
1014_TIE_DIS_XX.mp4,A,60.7777777777778,-1.0,0.9
1005_WSI_SAD_XX.mp4,N:S,46.3,0.0,0.5
1054_IEO_SAD_LO.mp4,N,52.1,0.0,0.5
1041_IEO_SAD_LO.mp4,N,65.8888888888889,0.0,0.5
1087_TIE_FEA_XX.mp4,S,50.375,-1.0,0.3
1036_WSI_HAP_XX.mp4,A,63.0,-1.0,0.9
1023_WSI_HAP_XX.mp4,N,47.5,0.0,0.5
1017_WSI_FEA_XX.mp4,A,41.6,-1.0,0.9
1002_WSI_FEA_XX.mp4,N:S,59.1666666666667,0.0,0.5
1016_IEO_ANG_HI.mp4,A,81.75,-1.0,0.9
1003_IEO_ANG_HI.mp4,A,77.7777777777778,-1.0,0.9
1053_IWL_ANG_XX.mp4,A:N,56.9,0.0,0.5
1046_IWL_ANG_XX.mp4,A,45.8888888888889,-1.0,0.9
1007_IEO_ANG_MD.mp4,N,65.4,0.0,0.5
1012_IEO_ANG_MD.mp4,A,48.9,-1.0,0.9
1011_IWL_NEU_XX.mp4,N,56.7,0.0,0.5
1004_IWL_NEU_XX.mp4,N,56.1111111111111,0.0,0.5
1034_TSI_ANG_XX.mp4,N,64.4444444444444,0.0,0.5
1021_TSI_ANG_XX.mp4,A,59.2,-1.0,0.9
1088_ITS_DIS_XX.mp4,N,58.6,0.0,0.5
1076_TSI_NEU_XX.mp4,N,64.1,0.0,0.5
1063_TSI_NEU_XX.mp4,N,66.8888888888889,0.0,0.5
1047_TAI_NEU_XX.mp4,N,74.0,0.0,0.5
1052_TAI_NEU_XX.mp4,N,74.4444444444444,0.0,0.5
1009_ITS_SAD_XX.mp4,F:N,61.2222222222222,0.0,0.5
1005_TAI_ANG_XX.mp4,D,58.8,-0.9,0.5
1010_TAI_ANG_XX.mp4,A,67.0,-1.0,0.9
1050_IEO_HAP_HI.mp4,A,61.3,-1.0,0.9
1054_TSI_SAD_XX.mp4,F,46.25,-0.8,0.8
1041_TSI_SAD_XX.mp4,N,65.375,0.0,0.5
1045_IEO_HAP_HI.mp4,N,62.2222222222222,0.0,0.5
1071_IEO_FEA_HI.mp4,F:N,43.3333333333333,0.0,0.5
1064_IEO_FEA_HI.mp4,F,87.8571428571429,-0.8,0.8
1041_IEO_HAP_MD.mp4,N,61.6,0.0,0.5
1065_TAI_SAD_XX.mp4,N,64.4444444444444,0.0,0.5
1034_IWL_FEA_XX.mp4,N,69.375,0.0,0.5
1021_IWL_FEA_XX.mp4,N,63.75,0.0,0.5
1070_TAI_SAD_XX.mp4,D:S,54.8888888888889,0.0,0.5
1054_IEO_HAP_MD.mp4,D,51.75,-0.9,0.5
1015_IWL_HAP_XX.mp4,N,60.7777777777778,0.0,0.5
1060_IEO_FEA_MD.mp4,N,63.3333333333333,0.0,0.5
1075_IEO_FEA_MD.mp4,N,55.8888888888889,0.0,0.5
1038_IOM_DIS_XX.mp4,D,42.5,-0.9,0.5
1069_ITS_ANG_XX.mp4,A,68.8888888888889,-1.0,0.9
1053_TSI_FEA_XX.mp4,F,67.9,-0.8,0.8
1046_TSI_FEA_XX.mp4,F,48.8888888888889,-0.8,0.8
1072_TSI_HAP_XX.mp4,H,59.25,1.0,0.8
1076_IEO_SAD_HI.mp4,S,69.2222222222222,-1.0,0.3
1063_IEO_SAD_HI.mp4,F,67.6666666666667,-0.8,0.8
1067_TSI_HAP_XX.mp4,N,60.5555555555556,0.0,0.5
1033_IWL_SAD_XX.mp4,N,72.3333333333333,0.0,0.5
1062_TAI_FEA_XX.mp4,S,42.1111111111111,-1.0,0.3
1077_TAI_FEA_XX.mp4,D:N,56.2222222222222,0.0,0.5
1026_IWL_SAD_XX.mp4,A,41.6,-1.0,0.9
1043_TAI_HAP_XX.mp4,D:N,48.8888888888889,0.0,0.5
1067_IEO_SAD_MD.mp4,N,46.875,0.0,0.5
1072_IEO_SAD_MD.mp4,F,47.6,-0.8,0.8
1056_TAI_HAP_XX.mp4,N,66.5714285714286,0.0,0.5
1043_IWL_SAD_XX.mp4,S,66.875,-1.0,0.3
1012_TAI_FEA_XX.mp4,F,53.75,-0.8,0.8
1087_IEO_DIS_HI.mp4,D,54.5,-0.9,0.5
1007_TAI_FEA_XX.mp4,N,51.8888888888889,0.0,0.5
1056_IWL_SAD_XX.mp4,N,64.8888888888889,0.0,0.5
1017_IEO_SAD_MD.mp4,N,50.6,0.0,0.5
1033_TAI_HAP_XX.mp4,N,51.25,0.0,0.5
1026_TAI_HAP_XX.mp4,N,55.3333333333333,0.0,0.5
1002_IEO_SAD_MD.mp4,N,48.1,0.0,0.5
1023_TSI_FEA_XX.mp4,F,59.3,-0.8,0.8
1083_IEO_DIS_MD.mp4,N,57.9,0.0,0.5
1036_TSI_FEA_XX.mp4,F,89.1111111111111,-0.8,0.8
1006_IEO_SAD_HI.mp4,N,52.9,0.0,0.5
1002_TSI_HAP_XX.mp4,F,41.7777777777778,-0.8,0.8
1017_TSI_HAP_XX.mp4,N,58.8181818181818,0.0,0.5
1013_IEO_SAD_HI.mp4,S,71.2222222222222,-1.0,0.3
1019_ITS_ANG_XX.mp4,F,49.375,-0.8,0.8
1015_TAI_SAD_XX.mp4,N,66.875,0.0,0.5
1044_IWL_FEA_XX.mp4,A:F,50.25,0.0,0.5
1031_IEO_HAP_MD.mp4,N,72.7777777777778,0.0,0.5
1024_IEO_HAP_MD.mp4,N,74.7272727272727,0.0,0.5
1051_IWL_FEA_XX.mp4,N,64.3333333333333,0.0,0.5
1010_IEO_FEA_MD.mp4,N:S,55.5555555555556,0.0,0.5
1065_IWL_HAP_XX.mp4,H,40.1111111111111,1.0,0.8
1070_IWL_HAP_XX.mp4,N,58.3333333333333,0.0,0.5
1048_IOM_DIS_XX.mp4,A,53.3333333333333,-1.0,0.9
1005_IEO_FEA_MD.mp4,N,62.4,0.0,0.5
1024_TSI_SAD_XX.mp4,N,44.5,0.0,0.5
1020_IEO_HAP_HI.mp4,S,67.6,-1.0,0.3
1035_IEO_HAP_HI.mp4,A,62.875,-1.0,0.9
1031_TSI_SAD_XX.mp4,N,54.3333333333333,0.0,0.5
1001_IEO_FEA_HI.mp4,D:F,67.7272727272727,0.0,0.5
1081_TAI_DIS_XX.mp4,N,46.3,0.0,0.5
1014_IEO_FEA_HI.mp4,F,69.9,-0.8,0.8
1075_TAI_ANG_XX.mp4,A,39.75,-1.0,0.9
1060_TAI_ANG_XX.mp4,A,70.7,-1.0,0.9
1037_TAI_NEU_XX.mp4,N,60.0,0.0,0.5
1022_TAI_NEU_XX.mp4,N,63.8,0.0,0.5
1079_ITS_SAD_XX.mp4,N,52.1,0.0,0.5
1006_TSI_NEU_XX.mp4,N,65.75,0.0,0.5
1013_TSI_NEU_XX.mp4,N,60.3333333333333,0.0,0.5
1044_TSI_ANG_XX.mp4,F,49.1111111111111,-0.8,0.8
1051_TSI_ANG_XX.mp4,F,42.1428571428571,-0.8,0.8
1061_IWL_NEU_XX.mp4,N,53.0,0.0,0.5
1074_IWL_NEU_XX.mp4,N,54.2727272727273,0.0,0.5
1023_IWL_ANG_XX.mp4,A,53.8888888888889,-1.0,0.9
1036_IWL_ANG_XX.mp4,A,84.1111111111111,-1.0,0.9
1077_IEO_ANG_MD.mp4,A,67.0,-1.0,0.9
1062_IEO_ANG_MD.mp4,H,60.25,1.0,0.8
1066_IEO_ANG_HI.mp4,A,69.4444444444444,-1.0,0.9
1073_IEO_ANG_HI.mp4,A,62.7,-1.0,0.9
1083_ITH_ANG_XX.mp4,A,58.2,-1.0,0.9
1046_WSI_HAP_XX.mp4,A,47.7777777777778,-1.0,0.9
1053_WSI_HAP_XX.mp4,A,36.0,-1.0,0.9
1067_WSI_FEA_XX.mp4,N,57.6,0.0,0.5
1072_WSI_FEA_XX.mp4,F,72.875,-0.8,0.8
1024_IEO_SAD_LO.mp4,N,57.4,0.0,0.5
1031_IEO_SAD_LO.mp4,N,58.625,0.0,0.5
1071_TIE_DIS_XX.mp4,N,59.5,0.0,0.5
1060_WSI_SAD_XX.mp4,N,54.6666666666667,0.0,0.5
1064_TIE_DIS_XX.mp4,A,34.6666666666667,-1.0,0.9
1075_WSI_SAD_XX.mp4,N,68.4285714285714,0.0,0.5
1002_IEO_HAP_LO.mp4,F,59.2,-0.8,0.8
1017_IEO_HAP_LO.mp4,N,63.9,0.0,0.5
1023_IEO_FEA_LO.mp4,N,73.8,0.0,0.5
1015_DFA_ANG_XX.mp4,A,47.7,-1.0,0.9
1036_IEO_FEA_LO.mp4,F,58.875,-0.8,0.8
1057_DFA_NEU_XX.mp4,N,59.8181818181818,0.0,0.5
1042_DFA_NEU_XX.mp4,N,67.0,0.0,0.5
1058_IWW_DIS_XX.mp4,D,34.5555555555556,-0.9,0.5
1042_WSI_NEU_XX.mp4,N,70.125,0.0,0.5
1057_WSI_NEU_XX.mp4,N,59.8571428571429,0.0,0.5
1015_WSI_ANG_XX.mp4,A,50.9,-1.0,0.9
1090_TIE_ANG_XX.mp4,A,63.4444444444444,-1.0,0.9
1085_TIE_ANG_XX.mp4,A,71.5,-1.0,0.9
1075_DFA_SAD_XX.mp4,N,50.75,0.0,0.5
1060_DFA_SAD_XX.mp4,N,55.0,0.0,0.5
1062_ITH_DIS_XX.mp4,D,47.6666666666667,-0.9,0.5
1053_DFA_HAP_XX.mp4,N,48.0,0.0,0.5
1046_DFA_HAP_XX.mp4,H:N,54.5,0.0,0.5
1077_ITH_DIS_XX.mp4,N,64.0,0.0,0.5
1044_IEO_ANG_LO.mp4,A,62.3,-1.0,0.9
1072_DFA_FEA_XX.mp4,F:H,53.0,0.0,0.5
1067_DFA_FEA_XX.mp4,N,51.25,0.0,0.5
1051_IEO_ANG_LO.mp4,D,46.7777777777778,-0.9,0.5
1042_IWW_SAD_XX.mp4,F,42.4444444444444,-0.8,0.8
1057_IWW_SAD_XX.mp4,F,59.875,-0.8,0.8
1064_IWW_HAP_XX.mp4,N,44.5555555555556,0.0,0.5
1071_IWW_HAP_XX.mp4,N,67.4444444444444,0.0,0.5
1045_IWW_FEA_XX.mp4,N,43.875,0.0,0.5
1050_IWW_FEA_XX.mp4,N,44.375,0.0,0.5
1018_ITH_ANG_XX.mp4,A,47.3,-1.0,0.9
1058_TIE_HAP_XX.mp4,A,52.0,-1.0,0.9
1079_TIE_FEA_XX.mp4,A,62.1,-1.0,0.9
1078_ITH_SAD_XX.mp4,S,59.3333333333333,-1.0,0.3
1022_IWW_ANG_XX.mp4,A:D,77.4444444444444,0.0,0.5
1037_IWW_ANG_XX.mp4,A,78.2857142857143,-1.0,0.9
1060_IWW_NEU_XX.mp4,N,45.4444444444444,0.0,0.5
1075_IWW_NEU_XX.mp4,N,71.3333333333333,0.0,0.5
1049_TIE_NEU_XX.mp4,N,66.75,0.0,0.5
1082_ITS_ANG_XX.mp4,N,65.5555555555556,0.0,0.5
1052_IOM_SAD_XX.mp4,N,65.0,0.0,0.5
1047_IOM_SAD_XX.mp4,N,52.8,0.0,0.5
1057_MTI_NEU_XX.mp4,N,65.2,0.0,0.5
1042_MTI_NEU_XX.mp4,N,73.125,0.0,0.5
1015_MTI_ANG_XX.mp4,A:D,41.375,0.0,0.5
1009_IEO_DIS_HI.mp4,A,74.6,-1.0,0.9
1089_TAI_FEA_XX.mp4,S,70.0,-1.0,0.3
1074_IOM_HAP_XX.mp4,N,59.1111111111111,0.0,0.5
1088_IEO_SAD_HI.mp4,N,54.3333333333333,0.0,0.5
1061_IOM_HAP_XX.mp4,N,63.0,0.0,0.5
1059_IWL_DIS_XX.mp4,A:D:N,56.4444444444444,0.0,0.5
1018_IEO_DIS_MD.mp4,D,55.2,-0.9,0.5
1055_IOM_FEA_XX.mp4,F,51.6666666666667,-0.8,0.8
1040_IOM_FEA_XX.mp4,N,42.625,0.0,0.5
1075_MTI_SAD_XX.mp4,S,50.8,-1.0,0.3
1060_MTI_SAD_XX.mp4,S,66.2,-1.0,0.3
1072_MTI_FEA_XX.mp4,F:N,51.7,0.0,0.5
1067_MTI_FEA_XX.mp4,N,49.7,0.0,0.5
1053_MTI_HAP_XX.mp4,N,65.4285714285714,0.0,0.5
1046_MTI_HAP_XX.mp4,N,46.0,0.0,0.5
1032_IOM_ANG_XX.mp4,D,45.5555555555556,-0.9,0.5
1027_IOM_ANG_XX.mp4,A,73.7777777777778,-1.0,0.9
1088_TSI_NEU_XX.mp4,N,65.7,0.0,0.5
1070_IOM_NEU_XX.mp4,N,75.8888888888889,0.0,0.5
1065_IOM_NEU_XX.mp4,N,65.1,0.0,0.5
1063_ITS_DIS_XX.mp4,F:N,54.0,0.0,0.5
1076_ITS_DIS_XX.mp4,N,47.1,0.0,0.5
1068_ITS_ANG_XX.mp4,N,58.0,0.0,0.5
1074_IEO_FEA_MD.mp4,N,56.6,0.0,0.5
1001_IWL_HAP_XX.mp4,N,46.7,0.0,0.5
1039_IOM_DIS_XX.mp4,N,55.5454545454545,0.0,0.5
1014_IWL_HAP_XX.mp4,N,52.1,0.0,0.5
1061_IEO_FEA_MD.mp4,N,57.6666666666667,0.0,0.5
1020_IWL_FEA_XX.mp4,S,45.125,-1.0,0.3
1071_TAI_SAD_XX.mp4,N,61.3333333333333,0.0,0.5
1055_IEO_HAP_MD.mp4,N,61.2222222222222,0.0,0.5
1040_IEO_HAP_MD.mp4,H,63.9,1.0,0.8
1064_TAI_SAD_XX.mp4,N,52.6,0.0,0.5
1035_IWL_FEA_XX.mp4,N,60.1111111111111,0.0,0.5
1065_IEO_FEA_HI.mp4,N,67.9,0.0,0.5
1070_IEO_FEA_HI.mp4,H,49.2222222222222,1.0,0.8
1040_TSI_SAD_XX.mp4,N,52.625,0.0,0.5
1044_IEO_HAP_HI.mp4,N,51.5,0.0,0.5
1051_IEO_HAP_HI.mp4,N,49.6,0.0,0.5
1055_TSI_SAD_XX.mp4,N,63.8,0.0,0.5
1073_IEO_SAD_MD.mp4,N,61.8888888888889,0.0,0.5
1057_TAI_HAP_XX.mp4,F,49.5555555555556,-0.8,0.8
1042_TAI_HAP_XX.mp4,H,55.2222222222222,1.0,0.8
1066_IEO_SAD_MD.mp4,N,47.4444444444444,0.0,0.5
1076_TAI_FEA_XX.mp4,F,51.875,-0.8,0.8
1027_IWL_SAD_XX.mp4,N,48.7777777777778,0.0,0.5
1032_IWL_SAD_XX.mp4,N,56.0,0.0,0.5
1063_TAI_FEA_XX.mp4,F,64.7777777777778,-0.8,0.8
1062_IEO_SAD_HI.mp4,N,68.4,0.0,0.5
1066_TSI_HAP_XX.mp4,N,65.5555555555556,0.0,0.5
1073_TSI_HAP_XX.mp4,N,50.1,0.0,0.5
1077_IEO_SAD_HI.mp4,N,56.125,0.0,0.5
1047_TSI_FEA_XX.mp4,F,50.6666666666667,-0.8,0.8
1052_TSI_FEA_XX.mp4,F,61.2857142857143,-0.8,0.8
1005_IWL_NEU_XX.mp4,N,66.8888888888889,0.0,0.5
1010_IWL_NEU_XX.mp4,N,55.2727272727273,0.0,0.5
1013_IEO_ANG_MD.mp4,A,62.75,-1.0,0.9
1006_IEO_ANG_MD.mp4,A:H:N,51.1111111111111,0.0,0.5
1047_IWL_ANG_XX.mp4,N,60.5,0.0,0.5
1052_IWL_ANG_XX.mp4,A:D,65.7142857142857,0.0,0.5
1002_IEO_ANG_HI.mp4,D,55.4444444444444,-0.9,0.5
1017_IEO_ANG_HI.mp4,D,71.2222222222222,-0.9,0.5
1011_TAI_ANG_XX.mp4,A,61.625,-1.0,0.9
1004_TAI_ANG_XX.mp4,A:D,60.9,0.0,0.5
1053_TAI_NEU_XX.mp4,N,78.6,0.0,0.5
1008_ITS_SAD_XX.mp4,F,47.0,-0.8,0.8
1046_TAI_NEU_XX.mp4,N,64.8888888888889,0.0,0.5
1062_TSI_NEU_XX.mp4,N,68.7777777777778,0.0,0.5
1077_TSI_NEU_XX.mp4,N,58.9,0.0,0.5
1089_ITS_DIS_XX.mp4,F,52.5,-0.8,0.8
1020_TSI_ANG_XX.mp4,D:N,50.5,0.0,0.5
1035_TSI_ANG_XX.mp4,F,73.7142857142857,-0.8,0.8
1015_TIE_DIS_XX.mp4,N,41.0,0.0,0.5
1004_WSI_SAD_XX.mp4,N,47.1111111111111,0.0,0.5
1011_WSI_SAD_XX.mp4,N,60.5555555555556,0.0,0.5
1071_DFA_ANG_XX.mp4,N,52.8,0.0,0.5
1047_IEO_FEA_LO.mp4,N,65.5555555555556,0.0,0.5
1052_IEO_FEA_LO.mp4,N,70.6,0.0,0.5
1064_DFA_ANG_XX.mp4,A,76.875,-1.0,0.9
1066_IEO_HAP_LO.mp4,N,53.0,0.0,0.5
1073_IEO_HAP_LO.mp4,N,71.0,0.0,0.5
1029_IWW_DIS_XX.mp4,N,50.0,0.0,0.5
1033_DFA_NEU_XX.mp4,N,68.9,0.0,0.5
1085_WSI_DIS_XX.mp4,D,60.7777777777778,-0.9,0.5
1090_WSI_DIS_XX.mp4,A,67.6,-1.0,0.9
1081_TIE_SAD_XX.mp4,N,54.625,0.0,0.5
1026_DFA_NEU_XX.mp4,N,53.1,0.0,0.5
1003_WSI_FEA_XX.mp4,S,65.5,-1.0,0.3
1016_WSI_FEA_XX.mp4,S,52.875,-1.0,0.3
1022_WSI_HAP_XX.mp4,H,50.5,1.0,0.8
1037_WSI_HAP_XX.mp4,H,47.3333333333333,1.0,0.8
1086_TIE_FEA_XX.mp4,A,58.6666666666667,-1.0,0.9
1040_IEO_SAD_LO.mp4,N,43.625,0.0,0.5
1055_IEO_SAD_LO.mp4,N,37.5555555555556,0.0,0.5
1081_IEO_NEU_XX.mp4,N,87.1,0.0,0.5
1087_ITH_SAD_XX.mp4,N,60.5555555555556,0.0,0.5
1016_DFA_FEA_XX.mp4,F:N,47.6666666666667,0.0,0.5
1020_IEO_ANG_LO.mp4,A,35.2,-1.0,0.9
1035_IEO_ANG_LO.mp4,N,46.5555555555556,0.0,0.5
1003_DFA_FEA_XX.mp4,F:N:S,51.1111111111111,0.0,0.5
1037_DFA_HAP_XX.mp4,H:N,76.875,0.0,0.5
1006_ITH_DIS_XX.mp4,D,41.0,-0.9,0.5
1013_ITH_DIS_XX.mp4,D,58.0,-0.9,0.5
1022_DFA_HAP_XX.mp4,H,58.7272727272727,1.0,0.8
1080_ITH_FEA_XX.mp4,F,52.0,-0.8,0.8
1090_DFA_DIS_XX.mp4,D,60.4,-0.9,0.5
1026_WSI_NEU_XX.mp4,N,64.0,0.0,0.5
1033_WSI_NEU_XX.mp4,N,62.6,0.0,0.5
1085_DFA_DIS_XX.mp4,A,48.6666666666667,-1.0,0.9
1064_WSI_ANG_XX.mp4,A,73.9,-1.0,0.9
1071_WSI_ANG_XX.mp4,A,56.7,-1.0,0.9
1011_DFA_SAD_XX.mp4,N,55.2,0.0,0.5
1004_DFA_SAD_XX.mp4,N,56.3333333333333,0.0,0.5
1021_IWW_FEA_XX.mp4,N,62.375,0.0,0.5
1034_IWW_FEA_XX.mp4,N,44.0,0.0,0.5
1015_IWW_HAP_XX.mp4,H,45.8888888888889,1.0,0.8
1069_ITH_ANG_XX.mp4,A,69.8888888888889,-1.0,0.9
1008_TIE_FEA_XX.mp4,S,48.875,-1.0,0.3
1029_TIE_HAP_XX.mp4,N,49.9,0.0,0.5
1026_IWW_SAD_XX.mp4,N,65.2222222222222,0.0,0.5
1033_IWW_SAD_XX.mp4,F:S,45.8888888888889,0.0,0.5
1046_IWW_ANG_XX.mp4,F:N,55.5,0.0,0.5
1053_IWW_ANG_XX.mp4,A,53.8181818181818,-1.0,0.9
1004_IWW_NEU_XX.mp4,N,53.4545454545455,0.0,0.5
1011_IWW_NEU_XX.mp4,N,63.75,0.0,0.5
1038_TIE_NEU_XX.mp4,N,61.5,0.0,0.5
1009_ITH_SAD_XX.mp4,N,52.5,0.0,0.5
1088_ITH_DIS_XX.mp4,N,66.4,0.0,0.5
1033_MTI_NEU_XX.mp4,N,58.6666666666667,0.0,0.5
1026_MTI_NEU_XX.mp4,S,54.625,-1.0,0.3
1078_IEO_DIS_HI.mp4,S,65.8888888888889,-1.0,0.3
1071_MTI_ANG_XX.mp4,N,49.1818181818182,0.0,0.5
1064_MTI_ANG_XX.mp4,D,63.3,-0.9,0.5
1031_IOM_FEA_XX.mp4,N,46.7777777777778,0.0,0.5
1024_IOM_FEA_XX.mp4,N,44.4,0.0,0.5
1069_IEO_DIS_MD.mp4,D,60.3333333333333,-0.9,0.5
1010_IOM_HAP_XX.mp4,N,69.0,0.0,0.5
1028_IWL_DIS_XX.mp4,N,50.4545454545455,0.0,0.5
1005_IOM_HAP_XX.mp4,H,71.8333333333333,1.0,0.8
1036_IOM_SAD_XX.mp4,F:S,68.0909090909091,0.0,0.5
1023_IOM_SAD_XX.mp4,N,80.2,0.0,0.5
1086_ITS_SAD_XX.mp4,F,45.3333333333333,-0.8,0.8
1037_MTI_HAP_XX.mp4,F,70.3,-0.8,0.8
1022_MTI_HAP_XX.mp4,N,68.0,0.0,0.5
1016_MTI_FEA_XX.mp4,F,48.3636363636364,-0.8,0.8
1003_MTI_FEA_XX.mp4,N,71.1111111111111,0.0,0.5
1056_IOM_ANG_XX.mp4,A,30.0,-1.0,0.9
1043_IOM_ANG_XX.mp4,A,47.375,-1.0,0.9
1007_ITS_DIS_XX.mp4,S,58.3,-1.0,0.3
1012_ITS_DIS_XX.mp4,D,46.875,-0.9,0.5
1014_IOM_NEU_XX.mp4,N,59.1,0.0,0.5
1001_IOM_NEU_XX.mp4,N,56.6363636363636,0.0,0.5
1011_MTI_SAD_XX.mp4,N:S,66.3333333333333,0.0,0.5
1004_MTI_SAD_XX.mp4,S,52.8888888888889,-1.0,0.3
1088_IEO_ANG_MD.mp4,A,52.7777777777778,-1.0,0.9
1081_ITS_FEA_XX.mp4,F:N,49.8888888888889,0.0,0.5
1090_MTI_DIS_XX.mp4,N,47.8,0.0,0.5
1085_MTI_DIS_XX.mp4,N,49.1111111111111,0.0,0.5
1082_TAI_ANG_XX.mp4,F,54.0,-0.8,0.8
1009_IOM_NEU_XX.mp4,N,64.5,0.0,0.5
1080_IEO_ANG_MD.mp4,D,48.875,-0.9,0.5
1019_MTI_SAD_XX.mp4,N,66.4,0.0,0.5
1089_ITS_FEA_XX.mp4,F,63.8888888888889,-0.8,0.8
1083_IWL_NEU_XX.mp4,N,81.125,0.0,0.5
1091_IEO_ANG_HI.mp4,A,84.4545454545455,-1.0,0.9
1084_IEO_ANG_HI.mp4,A,74.4,-1.0,0.9
1079_MTI_ANG_XX.mp4,D,62.75,-0.9,0.5
1070_IEO_DIS_HI.mp4,D,54.25,-0.9,0.5
1065_IEO_DIS_HI.mp4,N,46.4444444444444,0.0,0.5
1035_IWL_DIS_XX.mp4,D,53.5,-0.9,0.5
1018_IOM_HAP_XX.mp4,N,63.0,0.0,0.5
1020_IWL_DIS_XX.mp4,N,59.125,0.0,0.5
1061_IEO_DIS_MD.mp4,D,62.0,-0.9,0.5
1074_IEO_DIS_MD.mp4,H:N,74.5555555555556,0.0,0.5
1039_IOM_FEA_XX.mp4,N,49.2,0.0,0.5
1052_TSI_DIS_XX.mp4,N,64.1,0.0,0.5
1047_TSI_DIS_XX.mp4,N,53.1111111111111,0.0,0.5
1087_IWL_HAP_XX.mp4,N,64.625,0.0,0.5
1063_TAI_DIS_XX.mp4,F,46.875,-0.8,0.8
1076_TAI_DIS_XX.mp4,N,56.6,0.0,0.5
1019_IWW_NEU_XX.mp4,N,58.6,0.0,0.5
1013_ITH_FEA_XX.mp4,F,56.6666666666667,-0.8,0.8
1006_ITH_FEA_XX.mp4,N,54.7777777777778,0.0,0.5
1003_DFA_DIS_XX.mp4,N,62.1,0.0,0.5
1032_ITH_HAP_XX.mp4,N,69.1111111111111,0.0,0.5
1027_ITH_HAP_XX.mp4,N,34.625,0.0,0.5
1016_DFA_DIS_XX.mp4,A,49.2222222222222,-1.0,0.9
1025_TIE_NEU_XX.mp4,N,59.0,0.0,0.5
1082_DFA_SAD_XX.mp4,N,51.3,0.0,0.5
1030_TIE_NEU_XX.mp4,N,62.6666666666667,0.0,0.5
1067_TIE_ANG_XX.mp4,A,57.2222222222222,-1.0,0.9
1072_TIE_ANG_XX.mp4,A,73.3,-1.0,0.9
1014_ITH_SAD_XX.mp4,N,55.3,0.0,0.5
1001_ITH_SAD_XX.mp4,N,60.8,0.0,0.5
1007_IEO_NEU_XX.mp4,N,66.1111111111111,0.0,0.5
1012_IEO_NEU_XX.mp4,N,64.4,0.0,0.5
1085_DFA_FEA_XX.mp4,N,66.9,0.0,0.5
1090_DFA_FEA_XX.mp4,N,54.1111111111111,0.0,0.5
1080_ITH_DIS_XX.mp4,D,58.9,-0.9,0.5
1090_WSI_FEA_XX.mp4,N,53.125,0.0,0.5
1008_IWW_HAP_XX.mp4,H,42.4444444444444,1.0,0.8
1085_WSI_FEA_XX.mp4,N,66.5,0.0,0.5
1036_ITH_NEU_XX.mp4,N,72.3333333333333,0.0,0.5
1029_IWW_FEA_XX.mp4,F,50.2,-0.8,0.8
1023_ITH_NEU_XX.mp4,N,65.9,0.0,0.5
1074_ITH_ANG_XX.mp4,N,73.9,0.0,0.5
1061_ITH_ANG_XX.mp4,D,66.5,-0.9,0.5
1052_IEO_DIS_LO.mp4,N,61.5555555555556,0.0,0.5
1047_IEO_DIS_LO.mp4,F:N:S,52.7777777777778,0.0,0.5
1021_TIE_HAP_XX.mp4,N,67.4,0.0,0.5
1034_TIE_HAP_XX.mp4,A:N,65.4,0.0,0.5
1015_TIE_FEA_XX.mp4,F,55.125,-0.8,0.8
1086_TIE_DIS_XX.mp4,N,53.4,0.0,0.5
1082_WSI_SAD_XX.mp4,N,50.3333333333333,0.0,0.5
1007_TIE_SAD_XX.mp4,N,64.1,0.0,0.5
1016_WSI_DIS_XX.mp4,A,72.0,-1.0,0.9
1012_TIE_SAD_XX.mp4,N,41.6,0.0,0.5
1003_WSI_DIS_XX.mp4,A:D,61.1111111111111,0.0,0.5
1089_IEO_NEU_XX.mp4,N,59.6666666666667,0.0,0.5
1028_IEO_ANG_LO.mp4,N,67.5555555555556,0.0,0.5
1088_ITH_FEA_XX.mp4,F,60.8888888888889,-0.8,0.8
1082_IWW_NEU_XX.mp4,N,50.2,0.0,0.5
1079_WSI_ANG_XX.mp4,A,74.8888888888889,-1.0,0.9
1019_DFA_SAD_XX.mp4,N,56.0,0.0,0.5
1008_TIE_DIS_XX.mp4,S,73.2222222222222,-1.0,0.3
1019_WSI_SAD_XX.mp4,S,64.4444444444444,-1.0,0.3
1079_DFA_ANG_XX.mp4,A,59.8888888888889,-1.0,0.9
1089_TIE_SAD_XX.mp4,S,62.0,-1.0,0.3
1034_IWW_DIS_XX.mp4,F:N,66.2222222222222,0.0,0.5
1021_IWW_DIS_XX.mp4,N,44.0,0.0,0.5
1086_IWW_HAP_XX.mp4,N,58.2,0.0,0.5
1048_IEO_SAD_LO.mp4,N,51.1,0.0,0.5
1033_ITS_HAP_XX.mp4,F,50.2,-0.8,0.8
1026_ITS_HAP_XX.mp4,A:F,42.6666666666667,0.0,0.5
1018_IWL_NEU_XX.mp4,N,68.1111111111111,0.0,0.5
1012_ITS_FEA_XX.mp4,F,73.2222222222222,-0.8,0.8
1007_ITS_FEA_XX.mp4,N,47.0,0.0,0.5
1082_MTI_SAD_XX.mp4,N,58.6,0.0,0.5
1003_MTI_DIS_XX.mp4,S,60.4285714285714,-1.0,0.3
1016_MTI_DIS_XX.mp4,H,65.5555555555556,1.0,0.8
1019_TAI_ANG_XX.mp4,A,60.6363636363636,-1.0,0.9
1085_MTI_FEA_XX.mp4,N:S,51.7777777777778,0.0,0.5
1090_MTI_FEA_XX.mp4,N,51.1,0.0,0.5
1015_ITS_SAD_XX.mp4,N,68.8333333333333,0.0,0.5
1081_ITS_DIS_XX.mp4,D:N,63.5,0.0,0.5
1087_IOM_NEU_XX.mp4,N,56.0,0.0,0.5
1028_TSI_ANG_XX.mp4,A,76.3636363636364,-1.0,0.9
1075_ITS_ANG_XX.mp4,A,68.2222222222222,-1.0,0.9
1060_ITS_ANG_XX.mp4,N,55.2222222222222,0.0,0.5
1048_IEO_HAP_MD.mp4,N,50.2,0.0,0.5
1037_ITS_NEU_XX.mp4,N,63.8888888888889,0.0,0.5
1028_IWL_FEA_XX.mp4,S,71.3333333333333,-1.0,0.3
1079_TAI_SAD_XX.mp4,N:S,57.8,0.0,0.5
1022_ITS_NEU_XX.mp4,N,66.0,0.0,0.5
1024_IOM_DIS_XX.mp4,D,45.5,-0.9,0.5
1069_IEO_FEA_MD.mp4,N,64.8888888888889,0.0,0.5
1009_IWL_HAP_XX.mp4,H,63.0,1.0,0.8
1031_IOM_DIS_XX.mp4,N,57.8,0.0,0.5
1059_IEO_HAP_HI.mp4,H,60.375,1.0,0.8
1048_TSI_SAD_XX.mp4,N,43.0,0.0,0.5
1078_IEO_FEA_HI.mp4,F,72.2,-0.8,0.8
1083_IOM_HAP_XX.mp4,N,62.8888888888889,0.0,0.5
1068_MTI_SAD_XX.mp4,N,54.2222222222222,0.0,0.5
1080_TSI_NEU_XX.mp4,N,79.2,0.0,0.5
1078_IOM_NEU_XX.mp4,N,64.0,0.0,0.5
1086_TAI_SAD_XX.mp4,A:N,59.6666666666667,0.0,0.5
1036_TSI_DIS_XX.mp4,D,59.1666666666667,-0.9,0.5
1083_IEO_FEA_MD.mp4,N,54.8,0.0,0.5
1023_TSI_DIS_XX.mp4,N,52.3333333333333,0.0,0.5
1007_TAI_DIS_XX.mp4,S,49.5,-1.0,0.3
1087_IEO_FEA_HI.mp4,F,59.4,-0.8,0.8
1012_TAI_DIS_XX.mp4,D,53.0,-0.9,0.5
1014_IEO_DIS_HI.mp4,A,56.25,-1.0,0.9
1081_TAI_FEA_XX.mp4,N,56.4,0.0,0.5
1001_IEO_DIS_HI.mp4,A,53.4545454545455,-1.0,0.9
1008_MTI_ANG_XX.mp4,N,53.4285714285714,0.0,0.5
1084_IEO_SAD_MD.mp4,N:S,43.5,0.0,0.5
1091_IEO_SAD_MD.mp4,N,70.3333333333333,0.0,0.5
1048_IOM_FEA_XX.mp4,N,65.3636363636364,0.0,0.5
1005_IEO_DIS_MD.mp4,N,67.75,0.0,0.5
1010_IEO_DIS_MD.mp4,D,61.5,-0.9,0.5
1091_TSI_HAP_XX.mp4,N,76.0,0.0,0.5
1069_IOM_HAP_XX.mp4,N,62.2,0.0,0.5
1051_IWL_DIS_XX.mp4,N,59.0,0.0,0.5
1044_IWL_DIS_XX.mp4,A,68.6666666666667,-1.0,0.9
1080_IEO_SAD_HI.mp4,A:D:N:S,45.2222222222222,0.0,0.5
1084_TSI_HAP_XX.mp4,N,48.7777777777778,0.0,0.5
1070_ITH_SAD_XX.mp4,N,43.5,0.0,0.5
1065_ITH_SAD_XX.mp4,N,58.4444444444444,0.0,0.5
1063_IEO_NEU_XX.mp4,N,59.3,0.0,0.5
1076_IEO_NEU_XX.mp4,N,59.3333333333333,0.0,0.5
1086_WSI_ANG_XX.mp4,A,86.6,-1.0,0.9
1056_ITH_HAP_XX.mp4,N,53.7777777777778,0.0,0.5
1067_DFA_DIS_XX.mp4,N,63.125,0.0,0.5
1072_DFA_DIS_XX.mp4,N,45.2857142857143,0.0,0.5
1043_ITH_HAP_XX.mp4,N,59.3333333333333,0.0,0.5
1077_ITH_FEA_XX.mp4,N,61.4545454545455,0.0,0.5
1068_IWW_NEU_XX.mp4,N,59.4444444444444,0.0,0.5
1062_ITH_FEA_XX.mp4,N,52.3,0.0,0.5
1041_TIE_NEU_XX.mp4,N,62.5555555555556,0.0,0.5
1054_TIE_NEU_XX.mp4,N,63.1,0.0,0.5
1003_TIE_ANG_XX.mp4,A,58.3,-1.0,0.9
1016_TIE_ANG_XX.mp4,A,65.6,-1.0,0.9
1063_TIE_SAD_XX.mp4,N,58.25,0.0,0.5
1072_WSI_DIS_XX.mp4,D,63.9,-0.9,0.5
1076_TIE_SAD_XX.mp4,N,56.1111111111111,0.0,0.5
1067_WSI_DIS_XX.mp4,N,46.5,0.0,0.5
1091_IEO_HAP_LO.mp4,N,67.625,0.0,0.5
1084_IEO_HAP_LO.mp4,N,76.6,0.0,0.5
1086_DFA_ANG_XX.mp4,A,53.0,-1.0,0.9
1058_IWW_FEA_XX.mp4,F,64.875,-0.8,0.8
1052_ITH_NEU_XX.mp4,N,63.5,0.0,0.5
1047_ITH_NEU_XX.mp4,N,56.2,0.0,0.5
1079_IWW_HAP_XX.mp4,H,66.7,1.0,0.8
1036_IEO_DIS_LO.mp4,D,62.9,-0.9,0.5
1023_IEO_DIS_LO.mp4,N,63.7,0.0,0.5
1010_ITH_ANG_XX.mp4,A,55.5555555555556,-1.0,0.9
1005_ITH_ANG_XX.mp4,A,47.875,-1.0,0.9
1064_TIE_FEA_XX.mp4,A,46.625,-1.0,0.9
1071_TIE_FEA_XX.mp4,N,64.0,0.0,0.5
1045_TIE_HAP_XX.mp4,N,63.1,0.0,0.5
1050_TIE_HAP_XX.mp4,N,53.8,0.0,0.5
1068_DFA_SAD_XX.mp4,N,51.7777777777778,0.0,0.5
1059_IEO_ANG_LO.mp4,N,62.5,0.0,0.5
1039_IEO_SAD_LO.mp4,N,64.6666666666667,0.0,0.5
1079_TIE_DIS_XX.mp4,D:N,60.5,0.0,0.5
1068_WSI_SAD_XX.mp4,N,47.0,0.0,0.5
1008_DFA_ANG_XX.mp4,A,57.4,-1.0,0.9
1050_IWW_DIS_XX.mp4,D,55.2222222222222,-0.9,0.5
1045_IWW_DIS_XX.mp4,N,60.1818181818182,0.0,0.5
1068_TAI_ANG_XX.mp4,A,59.1,-1.0,0.9
1071_ITS_SAD_XX.mp4,N:S,52.2222222222222,0.0,0.5
1064_ITS_SAD_XX.mp4,S,60.3636363636364,-1.0,0.3
1059_TSI_ANG_XX.mp4,A,81.1111111111111,-1.0,0.9
1076_ITS_FEA_XX.mp4,F:N,64.5555555555556,0.0,0.5
1069_IWL_NEU_XX.mp4,N,65.8,0.0,0.5
1063_ITS_FEA_XX.mp4,F,53.2,-0.8,0.8
1057_ITS_HAP_XX.mp4,N,62.0,0.0,0.5
1042_ITS_HAP_XX.mp4,H:N,47.2,0.0,0.5
1067_MTI_DIS_XX.mp4,N,67.7777777777778,0.0,0.5
1072_MTI_DIS_XX.mp4,N,61.4444444444444,0.0,0.5
1086_MTI_ANG_XX.mp4,N,57.4444444444444,0.0,0.5
1011_ITS_ANG_XX.mp4,D,70.8888888888889,-0.9,0.5
1004_ITS_ANG_XX.mp4,A:D,61.3333333333333,0.0,0.5
1078_IWL_HAP_XX.mp4,N,63.7,0.0,0.5
1040_IOM_DIS_XX.mp4,N,40.2,0.0,0.5
1018_IEO_FEA_MD.mp4,S,63.1,-1.0,0.3
1055_IOM_DIS_XX.mp4,D,40.8888888888889,-0.9,0.5
1059_IWL_FEA_XX.mp4,N,75.0,0.0,0.5
1008_TAI_SAD_XX.mp4,A:F:N,52.125,0.0,0.5
1053_ITS_NEU_XX.mp4,N,60.3333333333333,0.0,0.5
1046_ITS_NEU_XX.mp4,N,52.0,0.0,0.5
1039_IEO_HAP_MD.mp4,H,48.9090909090909,1.0,0.8
1089_TAI_DIS_XX.mp4,D,41.4444444444444,-0.9,0.5
1009_IEO_FEA_HI.mp4,F,79.0,-0.8,0.8
1039_TSI_SAD_XX.mp4,N,58.9,0.0,0.5
1028_IEO_HAP_HI.mp4,N,42.8888888888889,0.0,0.5
1020_IOM_ANG_XX.mp4,A:D,60.3,0.0,0.5
1035_IOM_ANG_XX.mp4,A,70.0,-1.0,0.9
1071_ITS_DIS_XX.mp4,N,59.3,0.0,0.5
1064_ITS_DIS_XX.mp4,D,67.0,-0.9,0.5
1062_IOM_NEU_XX.mp4,N,67.6666666666667,0.0,0.5
1077_IOM_NEU_XX.mp4,N,78.7777777777778,0.0,0.5
1041_MTI_HAP_XX.mp4,N,64.2,0.0,0.5
1054_MTI_HAP_XX.mp4,S,49.4,-1.0,0.3
1060_MTI_FEA_XX.mp4,S,41.7,-1.0,0.3
1075_MTI_FEA_XX.mp4,N,75.25,0.0,0.5
1067_MTI_SAD_XX.mp4,N,63.125,0.0,0.5
1072_MTI_SAD_XX.mp4,N:S,40.5555555555556,0.0,0.5
1047_IOM_FEA_XX.mp4,N,58.0,0.0,0.5
1052_IOM_FEA_XX.mp4,N,60.6666666666667,0.0,0.5
1066_IOM_HAP_XX.mp4,N,65.6666666666667,0.0,0.5
1073_IOM_HAP_XX.mp4,N,50.3,0.0,0.5
1045_MTI_NEU_XX.mp4,N,76.0,0.0,0.5
1050_MTI_NEU_XX.mp4,N,62.7,0.0,0.5
1007_MTI_ANG_XX.mp4,A:D:F:N,39.7777777777778,0.0,0.5
1012_MTI_ANG_XX.mp4,N,58.9,0.0,0.5
1040_IOM_SAD_XX.mp4,S,50.0,-1.0,0.3
1055_IOM_SAD_XX.mp4,N,67.9,0.0,0.5
1008_TAI_DIS_XX.mp4,A,51.2222222222222,-1.0,0.9
1088_IEO_FEA_HI.mp4,F,61.4444444444444,-0.8,0.8
1089_TAI_SAD_XX.mp4,S,73.8888888888889,-1.0,0.3
1039_TSI_DIS_XX.mp4,N,53.4,0.0,0.5
1090_ITS_ANG_XX.mp4,D,54.5,-0.9,0.5
1085_ITS_ANG_XX.mp4,A,62.3333333333333,-1.0,0.9
1019_TIE_ANG_XX.mp4,A,75.2222222222222,-1.0,0.9
1030_IWW_ANG_XX.mp4,D,50.8,-0.9,0.5
1025_IWW_ANG_XX.mp4,A,74.75,-1.0,0.9
1089_WSI_ANG_XX.mp4,A,57.6666666666667,-1.0,0.9
1068_DFA_DIS_XX.mp4,N,58.1111111111111,0.0,0.5
1059_ITH_HAP_XX.mp4,H:N,54.1111111111111,0.0,0.5
1072_IWW_NEU_XX.mp4,N,53.0,0.0,0.5
1078_ITH_FEA_XX.mp4,F,59.5454545454545,-0.8,0.8
1067_IWW_NEU_XX.mp4,F,51.6666666666667,-0.8,0.8
1079_IEO_NEU_XX.mp4,N,81.1111111111111,0.0,0.5
1057_IWW_FEA_XX.mp4,F,60.2222222222222,-0.8,0.8
1042_IWW_FEA_XX.mp4,F,60.6,-0.8,0.8
1048_ITH_NEU_XX.mp4,N,63.8,0.0,0.5
1076_IWW_HAP_XX.mp4,A,60.9,-1.0,0.9
1063_IWW_HAP_XX.mp4,H,59.875,1.0,0.8
1039_IEO_DIS_LO.mp4,N:S,61.8,0.0,0.5
1068_WSI_DIS_XX.mp4,A,53.4,-1.0,0.9
1079_TIE_SAD_XX.mp4,S,46.3333333333333,-1.0,0.3
1089_DFA_ANG_XX.mp4,N,69.1111111111111,0.0,0.5
1050_IWW_SAD_XX.mp4,N,47.9,0.0,0.5
1045_IWW_SAD_XX.mp4,F,49.875,-0.8,0.8
1056_IEO_ANG_LO.mp4,A,65.7777777777778,-1.0,0.9
1060_DFA_FEA_XX.mp4,N,50.0,0.0,0.5
1075_DFA_FEA_XX.mp4,N,53.5,0.0,0.5
1043_IEO_ANG_LO.mp4,N,53.8888888888889,0.0,0.5
1070_ITH_DIS_XX.mp4,N,47.0,0.0,0.5
1041_DFA_HAP_XX.mp4,H,52.9,1.0,0.8
1054_DFA_HAP_XX.mp4,H,61.6,1.0,0.8
1065_ITH_DIS_XX.mp4,N,43.6,0.0,0.5
1082_TIE_ANG_XX.mp4,A,58.7777777777778,-1.0,0.9
1067_DFA_SAD_XX.mp4,N,56.4,0.0,0.5
1072_DFA_SAD_XX.mp4,N,60.2,0.0,0.5
1050_WSI_NEU_XX.mp4,N,54.0,0.0,0.5
1045_WSI_NEU_XX.mp4,N,77.0,0.0,0.5
1012_WSI_ANG_XX.mp4,A,58.0909090909091,-1.0,0.9
1007_WSI_ANG_XX.mp4,A,72.5,-1.0,0.9
1031_IEO_FEA_LO.mp4,N,70.5555555555556,0.0,0.5
1007_DFA_ANG_XX.mp4,A,36.0,-1.0,0.9
1012_DFA_ANG_XX.mp4,A,64.9,-1.0,0.9
1024_IEO_FEA_LO.mp4,S,51.1111111111111,-1.0,0.3
1010_IEO_HAP_LO.mp4,N,68.4444444444444,0.0,0.5
1005_IEO_HAP_LO.mp4,N,70.8888888888889,0.0,0.5
1045_DFA_NEU_XX.mp4,N,78.375,0.0,0.5
1050_DFA_NEU_XX.mp4,N,62.25,0.0,0.5
1072_WSI_SAD_XX.mp4,N,53.2,0.0,0.5
1063_TIE_DIS_XX.mp4,N,53.0,0.0,0.5
1067_WSI_SAD_XX.mp4,N,59.875,0.0,0.5
1076_TIE_DIS_XX.mp4,A:D,62.5,0.0,0.5
1036_IEO_SAD_LO.mp4,N,44.1,0.0,0.5
1023_IEO_SAD_LO.mp4,N,55.9,0.0,0.5
1091_ITH_ANG_XX.mp4,N,68.6,0.0,0.5
1084_ITH_ANG_XX.mp4,N,45.1111111111111,0.0,0.5
1075_WSI_FEA_XX.mp4,N,57.4444444444444,0.0,0.5
1060_WSI_FEA_XX.mp4,S,47.8571428571429,-1.0,0.3
1054_WSI_HAP_XX.mp4,N,49.7777777777778,0.0,0.5
1041_WSI_HAP_XX.mp4,N,64.6,0.0,0.5
1074_IEO_ANG_HI.mp4,A,85.5,-1.0,0.9
1061_IEO_ANG_HI.mp4,A,86.3333333333333,-1.0,0.9
1068_MTI_DIS_XX.mp4,N,63.4444444444444,0.0,0.5
1073_IWL_NEU_XX.mp4,N,65.4444444444444,0.0,0.5
1079_ITS_FEA_XX.mp4,F,70.5555555555556,-0.8,0.8
1066_IWL_NEU_XX.mp4,N,75.7777777777778,0.0,0.5
1058_ITS_HAP_XX.mp4,H,49.1428571428571,1.0,0.8
1065_IEO_ANG_MD.mp4,A,41.4444444444444,-1.0,0.9
1070_IEO_ANG_MD.mp4,A,60.8571428571429,-1.0,0.9
1031_IWL_ANG_XX.mp4,N,47.9,0.0,0.5
1024_IWL_ANG_XX.mp4,A:N,47.6666666666667,0.0,0.5
1014_TSI_NEU_XX.mp4,N,59.7777777777778,0.0,0.5
1001_TSI_NEU_XX.mp4,N,70.5,0.0,0.5
1056_TSI_ANG_XX.mp4,A,63.5454545454545,-1.0,0.9
1043_TSI_ANG_XX.mp4,F,51.8333333333333,-0.8,0.8
1067_TAI_ANG_XX.mp4,D,56.6666666666667,-0.9,0.5
1072_TAI_ANG_XX.mp4,A,71.3333333333333,-1.0,0.9
1025_TAI_NEU_XX.mp4,N,74.2,0.0,0.5
1030_TAI_NEU_XX.mp4,N,51.4444444444444,0.0,0.5
1013_IEO_FEA_HI.mp4,F,67.5454545454545,-0.8,0.8
1086_TAI_DIS_XX.mp4,N,55.1111111111111,0.0,0.5
1006_IEO_FEA_HI.mp4,S,54.5555555555556,-1.0,0.3
1036_TSI_SAD_XX.mp4,F,61.5555555555556,-0.8,0.8
1032_IEO_HAP_HI.mp4,N,70.0,0.0,0.5
1027_IEO_HAP_HI.mp4,F,59.8888888888889,-0.8,0.8
1023_TSI_SAD_XX.mp4,N,50.2222222222222,0.0,0.5
1002_IEO_FEA_MD.mp4,D,48.2222222222222,-0.9,0.5
1077_IWL_HAP_XX.mp4,N,51.9,0.0,0.5
1062_IWL_HAP_XX.mp4,N,72.3333333333333,0.0,0.5
1017_IEO_FEA_MD.mp4,N,77.8,0.0,0.5
1007_TAI_SAD_XX.mp4,S,80.0,-1.0,0.3
1056_IWL_FEA_XX.mp4,N,56.6,0.0,0.5
1023_IEO_HAP_MD.mp4,N,52.0,0.0,0.5
1036_IEO_HAP_MD.mp4,N,56.5,0.0,0.5
1043_IWL_FEA_XX.mp4,N,66.2857142857143,0.0,0.5
1049_ITS_NEU_XX.mp4,N,65.125,0.0,0.5
1012_TAI_SAD_XX.mp4,N:S,52.2,0.0,0.5
1014_IEO_SAD_HI.mp4,N,51.8888888888889,0.0,0.5
1010_TSI_HAP_XX.mp4,F,63.75,-0.8,0.8
1005_TSI_HAP_XX.mp4,H,70.5555555555556,1.0,0.8
1001_IEO_SAD_HI.mp4,N,51.8888888888889,0.0,0.5
1031_TSI_FEA_XX.mp4,N,59.625,0.0,0.5
1084_IEO_DIS_MD.mp4,D,51.8,-0.9,0.5
1024_TSI_FEA_XX.mp4,F,65.9,-0.8,0.8
1091_IEO_DIS_MD.mp4,S,60.0,-1.0,0.3
1005_IEO_SAD_MD.mp4,N,50.9,0.0,0.5
1089_MTI_ANG_XX.mp4,D,53.0,-0.9,0.5
1021_TAI_HAP_XX.mp4,H,57.9,1.0,0.8
1034_TAI_HAP_XX.mp4,N,54.1,0.0,0.5
1010_IEO_SAD_MD.mp4,N,54.7777777777778,0.0,0.5
1051_IWL_SAD_XX.mp4,N,68.5555555555556,0.0,0.5
1080_IEO_DIS_HI.mp4,D,58.875,-0.9,0.5
1015_TAI_FEA_XX.mp4,F,39.6363636363636,-0.8,0.8
1044_IWL_SAD_XX.mp4,N,55.1111111111111,0.0,0.5
1082_MTI_DIS_XX.mp4,N,76.2,0.0,0.5
1003_MTI_SAD_XX.mp4,N,69.7142857142857,0.0,0.5
1016_MTI_SAD_XX.mp4,N,45.2222222222222,0.0,0.5
1086_ITS_FEA_XX.mp4,F,51.4,-0.8,0.8
1044_IOM_ANG_XX.mp4,N,64.1,0.0,0.5
1051_IOM_ANG_XX.mp4,A,54.5555555555556,-1.0,0.9
1006_IOM_NEU_XX.mp4,N,83.4,0.0,0.5
1013_IOM_NEU_XX.mp4,N,75.6,0.0,0.5
1015_ITS_DIS_XX.mp4,N,32.2222222222222,0.0,0.5
1081_ITS_SAD_XX.mp4,N,45.6666666666667,0.0,0.5
1004_MTI_FEA_XX.mp4,F:N:S,49.7777777777778,0.0,0.5
1011_MTI_FEA_XX.mp4,S,37.5555555555556,-1.0,0.3
1025_MTI_HAP_XX.mp4,H:N,59.125,0.0,0.5
1030_MTI_HAP_XX.mp4,N,59.5,0.0,0.5
1079_TAI_DIS_XX.mp4,D:F,55.9,0.0,0.5
1024_IOM_SAD_XX.mp4,N,55.8888888888889,0.0,0.5
1031_IOM_SAD_XX.mp4,N,56.875,0.0,0.5
1088_IWL_HAP_XX.mp4,N,48.0,0.0,0.5
1048_TSI_DIS_XX.mp4,D,41.6,-0.9,0.5
1002_IOM_HAP_XX.mp4,N,66.2222222222222,0.0,0.5
1017_IOM_HAP_XX.mp4,N,59.3,0.0,0.5
1023_IOM_FEA_XX.mp4,N,55.4,0.0,0.5
1036_IOM_FEA_XX.mp4,S,72.7,-1.0,0.3
1021_MTI_NEU_XX.mp4,N,70.125,0.0,0.5
1034_MTI_NEU_XX.mp4,N,82.25,0.0,0.5
1063_MTI_ANG_XX.mp4,A,54.1428571428571,-1.0,0.9
1076_MTI_ANG_XX.mp4,D:N,70.4444444444444,0.0,0.5
1008_IEO_NEU_XX.mp4,N,61.0,0.0,0.5
1068_TIE_ANG_XX.mp4,A,53.3,-1.0,0.9
1054_IWW_ANG_XX.mp4,A,70.7272727272727,-1.0,0.9
1041_IWW_ANG_XX.mp4,A,76.1,-1.0,0.9
1016_IWW_NEU_XX.mp4,N,39.0,0.0,0.5
1003_IWW_NEU_XX.mp4,N,59.75,0.0,0.5
1009_ITH_FEA_XX.mp4,F,56.5555555555556,-0.8,0.8
1019_DFA_DIS_XX.mp4,D,47.0,-0.9,0.5
1028_ITH_HAP_XX.mp4,N,57.7777777777778,0.0,0.5
1019_WSI_DIS_XX.mp4,A:D,53.375,0.0,0.5
1008_TIE_SAD_XX.mp4,S,80.0,-1.0,0.3
1089_TIE_DIS_XX.mp4,D,66.0,-0.9,0.5
1034_IWW_SAD_XX.mp4,N,49.9,0.0,0.5
1021_IWW_SAD_XX.mp4,N,64.9,0.0,0.5
1012_IWW_HAP_XX.mp4,F,65.1,-0.8,0.8
1007_IWW_HAP_XX.mp4,N,51.3,0.0,0.5
1033_IWW_FEA_XX.mp4,F,50.25,-0.8,0.8
1039_ITH_NEU_XX.mp4,N,61.4444444444444,0.0,0.5
1026_IWW_FEA_XX.mp4,N,60.2222222222222,0.0,0.5
1048_IEO_DIS_LO.mp4,N,69.3333333333333,0.0,0.5
1003_DFA_SAD_XX.mp4,N:S,56.6666666666667,0.0,0.5
1016_DFA_SAD_XX.mp4,S,59.0,-1.0,0.3
1082_DFA_DIS_XX.mp4,A,46.3333333333333,-1.0,0.9
1034_WSI_NEU_XX.mp4,N,65.8,0.0,0.5
1021_WSI_NEU_XX.mp4,N,63.3333333333333,0.0,0.5
1087_ITH_FEA_XX.mp4,N,45.3,0.0,0.5
1076_WSI_ANG_XX.mp4,A,74.6363636363636,-1.0,0.9
1063_WSI_ANG_XX.mp4,A,78.5,-1.0,0.9
1025_DFA_HAP_XX.mp4,H,59.6,1.0,0.8
1014_ITH_DIS_XX.mp4,F,46.4444444444444,-0.8,0.8
1001_ITH_DIS_XX.mp4,N,55.4545454545455,0.0,0.5
1030_DFA_HAP_XX.mp4,H,71.2857142857143,1.0,0.8
1004_DFA_FEA_XX.mp4,D,68.5555555555556,-0.9,0.5
1032_IEO_ANG_LO.mp4,N:S,52.5,0.0,0.5
1027_IEO_ANG_LO.mp4,N,69.9,0.0,0.5
1011_DFA_FEA_XX.mp4,N,61.2222222222222,0.0,0.5
1086_IEO_NEU_XX.mp4,N,68.6,0.0,0.5
1080_ITH_SAD_XX.mp4,F:S,53.0,0.0,0.5
1081_TIE_FEA_XX.mp4,N,58.0,0.0,0.5
1052_IEO_SAD_LO.mp4,N,63.5,0.0,0.5
1047_IEO_SAD_LO.mp4,N,56.0,0.0,0.5
1030_WSI_HAP_XX.mp4,A,54.6,-1.0,0.9
1025_WSI_HAP_XX.mp4,A,36.1428571428571,-1.0,0.9
1011_WSI_FEA_XX.mp4,N,58.8,0.0,0.5
1004_WSI_FEA_XX.mp4,S,50.5714285714286,-1.0,0.3
1089_IWW_HAP_XX.mp4,F:H,75.5,0.0,0.5
1074_IEO_HAP_LO.mp4,H,50.9,1.0,0.8
1061_IEO_HAP_LO.mp4,N,63.1,0.0,0.5
1063_DFA_ANG_XX.mp4,N,56.1111111111111,0.0,0.5
1055_IEO_FEA_LO.mp4,N,75.6666666666667,0.0,0.5
1040_IEO_FEA_LO.mp4,N,35.5,0.0,0.5
1076_DFA_ANG_XX.mp4,A,49.7777777777778,-1.0,0.9
1021_DFA_NEU_XX.mp4,N,55.8,0.0,0.5
1086_TIE_SAD_XX.mp4,N,62.1,0.0,0.5
1082_WSI_DIS_XX.mp4,A:D,57.7,0.0,0.5
1034_DFA_NEU_XX.mp4,N,37.375,0.0,0.5
1016_WSI_SAD_XX.mp4,N,52.875,0.0,0.5
1007_TIE_DIS_XX.mp4,S,55.7272727272727,-1.0,0.3
1003_WSI_SAD_XX.mp4,S,63.9,-1.0,0.3
1012_TIE_DIS_XX.mp4,D,57.7777777777778,-0.9,0.5
1070_TSI_NEU_XX.mp4,N,73.0,0.0,0.5
1088_IOM_NEU_XX.mp4,N,54.4,0.0,0.5
1065_TSI_NEU_XX.mp4,N,71.3,0.0,0.5
1032_TSI_ANG_XX.mp4,D,48.1,-0.9,0.5
1027_TSI_ANG_XX.mp4,A,82.9,-1.0,0.9
1003_TAI_ANG_XX.mp4,F,64.6666666666667,-0.8,0.8
1016_TAI_ANG_XX.mp4,F,47.7777777777778,-0.8,0.8
1041_TAI_NEU_XX.mp4,N,59.7777777777778,0.0,0.5
1054_TAI_NEU_XX.mp4,N,60.8,0.0,0.5
1019_MTI_DIS_XX.mp4,N,54.8,0.0,0.5
1010_IEO_ANG_HI.mp4,A,86.4545454545455,-1.0,0.9
1005_IEO_ANG_HI.mp4,A,82.2,-1.0,0.9
1029_ITS_HAP_XX.mp4,H,58.0,1.0,0.8
1017_IWL_NEU_XX.mp4,N,59.7,0.0,0.5
1002_IWL_NEU_XX.mp4,N,63.4444444444444,0.0,0.5
1008_ITS_FEA_XX.mp4,S,64.0,-1.0,0.3
1055_IWL_ANG_XX.mp4,A,74.1,-1.0,0.9
1040_IWL_ANG_XX.mp4,A,66.5555555555556,-1.0,0.9
1001_IEO_ANG_MD.mp4,A:D,50.5833333333333,0.0,0.5
1014_IEO_ANG_MD.mp4,A,64.7777777777778,-1.0,0.9
1055_TSI_FEA_XX.mp4,F,74.4285714285714,-0.8,0.8
1040_TSI_FEA_XX.mp4,F,53.6,-0.8,0.8
1070_IEO_SAD_HI.mp4,N,72.375,0.0,0.5
1074_TSI_HAP_XX.mp4,A,66.125,-1.0,0.9
1061_TSI_HAP_XX.mp4,H,47.2,1.0,0.8
1065_IEO_SAD_HI.mp4,N,41.0,0.0,0.5
1064_TAI_FEA_XX.mp4,D,75.0,-0.9,0.5
1035_IWL_SAD_XX.mp4,N,55.5555555555556,0.0,0.5
1020_IWL_SAD_XX.mp4,S,54.9,-1.0,0.3
1071_TAI_FEA_XX.mp4,N,54.3333333333333,0.0,0.5
1061_IEO_SAD_MD.mp4,N,40.9,0.0,0.5
1045_TAI_HAP_XX.mp4,N,67.9,0.0,0.5
1050_TAI_HAP_XX.mp4,N,82.1428571428571,0.0,0.5
1074_IEO_SAD_MD.mp4,N,65.2,0.0,0.5
1052_TSI_SAD_XX.mp4,N,65.1111111111111,0.0,0.5
1056_IEO_HAP_HI.mp4,H,64.125,1.0,0.8
1043_IEO_HAP_HI.mp4,F,53.7,-0.8,0.8
1047_TSI_SAD_XX.mp4,N,55.3333333333333,0.0,0.5
1077_IEO_FEA_HI.mp4,N,64.1,0.0,0.5
1062_IEO_FEA_HI.mp4,D:F:N,55.0,0.0,0.5
1032_IWL_FEA_XX.mp4,S,45.3333333333333,-1.0,0.3
1038_ITS_NEU_XX.mp4,N,49.8,0.0,0.5
1063_TAI_SAD_XX.mp4,N,63.7777777777778,0.0,0.5
1047_IEO_HAP_MD.mp4,N,51.4,0.0,0.5
1052_IEO_HAP_MD.mp4,N,55.5555555555556,0.0,0.5
1076_TAI_SAD_XX.mp4,N,50.8,0.0,0.5
1027_IWL_FEA_XX.mp4,N,51.7777777777778,0.0,0.5
1066_IEO_FEA_MD.mp4,N,59.1,0.0,0.5
1013_IWL_HAP_XX.mp4,H,53.0909090909091,1.0,0.8
1006_IWL_HAP_XX.mp4,H,83.625,1.0,0.8
1073_IEO_FEA_MD.mp4,N,58.0,0.0,0.5
1069_TSI_HAP_XX.mp4,D,43.1111111111111,-0.9,0.5
1091_IOM_HAP_XX.mp4,H,54.0,1.0,0.8
1078_IEO_SAD_HI.mp4,S,63.6,-1.0,0.3
1084_IOM_HAP_XX.mp4,N,54.9,0.0,0.5
1048_TSI_FEA_XX.mp4,N,48.6666666666667,0.0,0.5
1058_TAI_HAP_XX.mp4,F:H:N,41.125,0.0,0.5
1069_IEO_SAD_MD.mp4,N,54.3,0.0,0.5
1028_IWL_SAD_XX.mp4,S,68.0,-1.0,0.3
1079_TAI_FEA_XX.mp4,F,68.9,-0.8,0.8
1067_ITS_ANG_XX.mp4,N,59.5,0.0,0.5
1072_ITS_ANG_XX.mp4,N,60.8888888888889,0.0,0.5
1036_IOM_DIS_XX.mp4,N,48.1428571428571,0.0,0.5
1023_IOM_DIS_XX.mp4,F,63.125,-0.8,0.8
1025_ITS_NEU_XX.mp4,N,63.6363636363636,0.0,0.5
1030_ITS_NEU_XX.mp4,N,64.2222222222222,0.0,0.5
1078_TSI_NEU_XX.mp4,N,66.5555555555556,0.0,0.5
1080_IOM_NEU_XX.mp4,N,52.6666666666667,0.0,0.5
1086_ITS_DIS_XX.mp4,N,55.375,0.0,0.5
1082_MTI_FEA_XX.mp4,N,51.25,0.0,0.5
1007_ITS_SAD_XX.mp4,F:S,53.1111111111111,0.0,0.5
1012_ITS_SAD_XX.mp4,S,61.6666666666667,-1.0,0.3
1049_TAI_NEU_XX.mp4,N,69.7777777777778,0.0,0.5
1018_IEO_ANG_HI.mp4,A,77.6,-1.0,0.9
1011_MTI_DIS_XX.mp4,N,63.7777777777778,0.0,0.5
1004_MTI_DIS_XX.mp4,N,65.1111111111111,0.0,0.5
1015_ITS_FEA_XX.mp4,N,64.6666666666667,0.0,0.5
1021_ITS_HAP_XX.mp4,N,66.1,0.0,0.5
1034_ITS_HAP_XX.mp4,H:N,70.4444444444444,0.0,0.5
1090_MTI_SAD_XX.mp4,N,53.8888888888889,0.0,0.5
1009_IEO_ANG_MD.mp4,A,71.7777777777778,-1.0,0.9
1085_MTI_SAD_XX.mp4,S,51.7,-1.0,0.3
1048_IWL_ANG_XX.mp4,A,60.7272727272727,-1.0,0.9
1089_TIE_FEA_XX.mp4,F,54.9,-0.8,0.8
1081_IWW_HAP_XX.mp4,N,48.1,0.0,0.5
1019_WSI_FEA_XX.mp4,S,61.6,-1.0,0.3
1038_WSI_HAP_XX.mp4,H,50.4444444444444,1.0,0.8
1048_IEO_FEA_LO.mp4,F,59.8888888888889,-0.8,0.8
1069_IEO_HAP_LO.mp4,N,54.1428571428571,0.0,0.5
1026_IWW_DIS_XX.mp4,D,65.25,-0.9,0.5
1033_IWW_DIS_XX.mp4,D:F,49.2727272727273,0.0,0.5
1029_DFA_NEU_XX.mp4,N,58.1111111111111,0.0,0.5
1085_IWW_NEU_XX.mp4,N,53.8,0.0,0.5
1090_IWW_NEU_XX.mp4,N,55.0,0.0,0.5
1029_WSI_NEU_XX.mp4,N,48.4,0.0,0.5
1019_DFA_FEA_XX.mp4,F,47.3,-0.8,0.8
1009_ITH_DIS_XX.mp4,N,50.4,0.0,0.5
1038_DFA_HAP_XX.mp4,N,55.5,0.0,0.5
1088_ITH_SAD_XX.mp4,N,48.0,0.0,0.5
1004_WSI_DIS_XX.mp4,D,53.5,-0.9,0.5
1015_TIE_SAD_XX.mp4,N,57.9,0.0,0.5
1011_WSI_DIS_XX.mp4,D,53.8,-0.9,0.5
1029_IWW_SAD_XX.mp4,F,45.3,-0.8,0.8
1085_WSI_SAD_XX.mp4,N,52.8888888888889,0.0,0.5
1081_TIE_DIS_XX.mp4,N,57.6,0.0,0.5
1090_WSI_SAD_XX.mp4,N,54.4,0.0,0.5
1012_TIE_FEA_XX.mp4,F,55.0,-0.8,0.8
1007_TIE_FEA_XX.mp4,S,60.9090909090909,-1.0,0.3
1033_TIE_HAP_XX.mp4,A,30.8571428571429,-1.0,0.9
1026_TIE_HAP_XX.mp4,H:N,68.6666666666667,0.0,0.5
1024_ITH_NEU_XX.mp4,N:S,53.6363636363636,0.0,0.5
1031_ITH_NEU_XX.mp4,N,71.2222222222222,0.0,0.5
1082_WSI_FEA_XX.mp4,N,58.0,0.0,0.5
1040_IEO_DIS_LO.mp4,N,51.4285714285714,0.0,0.5
1055_IEO_DIS_LO.mp4,N,45.3333333333333,0.0,0.5
1066_ITH_ANG_XX.mp4,N,65.7,0.0,0.5
1073_ITH_ANG_XX.mp4,N,55.3,0.0,0.5
1087_ITH_DIS_XX.mp4,N,66.1111111111111,0.0,0.5
1082_DFA_FEA_XX.mp4,A,56.7777777777778,-1.0,0.9
1006_ITH_SAD_XX.mp4,S,55.3,-1.0,0.3
1013_ITH_SAD_XX.mp4,S,56.1818181818182,-1.0,0.3
1015_IEO_NEU_XX.mp4,N,61.3636363636364,0.0,0.5
1037_TIE_NEU_XX.mp4,N:S,65.4,0.0,0.5
1090_DFA_SAD_XX.mp4,N,57.8,0.0,0.5
1085_DFA_SAD_XX.mp4,N,69.1111111111111,0.0,0.5
1022_TIE_NEU_XX.mp4,N,75.1,0.0,0.5
1075_TIE_ANG_XX.mp4,A,57.3333333333333,-1.0,0.9
1060_TIE_ANG_XX.mp4,A,50.5,-1.0,0.9
1049_IWW_ANG_XX.mp4,A:F,66.3333333333333,0.0,0.5
1011_DFA_DIS_XX.mp4,N,60.9,0.0,0.5
1020_ITH_HAP_XX.mp4,N,75.125,0.0,0.5
1035_ITH_HAP_XX.mp4,H:N,53.4444444444444,0.0,0.5
1004_DFA_DIS_XX.mp4,D,65.5,-0.9,0.5
1001_ITH_FEA_XX.mp4,F,53.8888888888889,-0.8,0.8
1014_ITH_FEA_XX.mp4,F,58.1111111111111,-0.8,0.8
1039_IOM_SAD_XX.mp4,N,63.5555555555556,0.0,0.5
1071_TAI_DIS_XX.mp4,N,45.1111111111111,0.0,0.5
1064_TAI_DIS_XX.mp4,N,60.4285714285714,0.0,0.5
1080_IWL_HAP_XX.mp4,N,61.4444444444444,0.0,0.5
1040_TSI_DIS_XX.mp4,D,59.4444444444444,-0.9,0.5
1055_TSI_DIS_XX.mp4,D,60.9,-0.9,0.5
1073_IEO_DIS_MD.mp4,N,47.1111111111111,0.0,0.5
1066_IEO_DIS_MD.mp4,D,58.125,-0.9,0.5
1027_IWL_DIS_XX.mp4,N,63.1,0.0,0.5
1032_IWL_DIS_XX.mp4,A,61.0,-1.0,0.9
1029_MTI_NEU_XX.mp4,N,64.0,0.0,0.5
1062_IEO_DIS_HI.mp4,F:N,58.7,0.0,0.5
1077_IEO_DIS_HI.mp4,N,60.5,0.0,0.5
1083_IEO_ANG_HI.mp4,A,58.0,-1.0,0.9
1087_IEO_ANG_MD.mp4,D,53.3333333333333,-0.9,0.5
1084_IWL_NEU_XX.mp4,N,40.5,0.0,0.5
1091_IWL_NEU_XX.mp4,N,58.3,0.0,0.5
1059_IOM_ANG_XX.mp4,A,78.8888888888889,-1.0,0.9
1008_ITS_DIS_XX.mp4,S,50.9,-1.0,0.3
1089_ITS_SAD_XX.mp4,F,55.125,-0.8,0.8
1090_TAI_ANG_XX.mp4,N,52.9,0.0,0.5
1038_MTI_HAP_XX.mp4,N,51.4,0.0,0.5
1085_TAI_ANG_XX.mp4,A,56.375,-1.0,0.9
1019_MTI_FEA_XX.mp4,S,66.0,-1.0,0.3
1003_ITS_ANG_XX.mp4,A,63.4444444444444,-1.0,0.9
1016_ITS_ANG_XX.mp4,A,64.1,-1.0,0.9
1041_ITS_NEU_XX.mp4,N,63.8888888888889,0.0,0.5
1054_ITS_NEU_XX.mp4,N,65.6666666666667,0.0,0.5
1052_IOM_DIS_XX.mp4,N,66.2222222222222,0.0,0.5
1047_IOM_DIS_XX.mp4,N,60.4,0.0,0.5
1039_TSI_FEA_XX.mp4,F,54.6666666666667,-0.8,0.8
1009_IEO_SAD_HI.mp4,N,52.0,0.0,0.5
1018_TSI_HAP_XX.mp4,N,62.25,0.0,0.5
1088_IEO_DIS_HI.mp4,N,62.4,0.0,0.5
1059_IWL_SAD_XX.mp4,S,48.4,-1.0,0.3
1008_TAI_FEA_XX.mp4,F,74.375,-0.8,0.8
1018_IEO_SAD_MD.mp4,S,52.4,-1.0,0.3
1081_MTI_ANG_XX.mp4,A,54.2,-1.0,0.9
1029_TAI_HAP_XX.mp4,N,64.2857142857143,0.0,0.5
1075_MTI_DIS_XX.mp4,N,41.8888888888889,0.0,0.5
1060_MTI_DIS_XX.mp4,N,72.8571428571429,0.0,0.5
1069_IEO_ANG_HI.mp4,A,76.3333333333333,-1.0,0.9
1045_ITS_HAP_XX.mp4,N,62.5714285714286,0.0,0.5
1050_ITS_HAP_XX.mp4,H,49.625,1.0,0.8
1064_ITS_FEA_XX.mp4,F,74.1,-0.8,0.8
1071_ITS_FEA_XX.mp4,F,54.3333333333333,-0.8,0.8
1039_IWL_ANG_XX.mp4,A,60.5555555555556,-1.0,0.9
1078_IEO_ANG_MD.mp4,A,57.1,-1.0,0.9
1009_TSI_NEU_XX.mp4,N,65.6,0.0,0.5
1063_ITS_SAD_XX.mp4,S,61.75,-1.0,0.3
1038_TAI_NEU_XX.mp4,N,64.0,0.0,0.5
1076_ITS_SAD_XX.mp4,N,55.4444444444444,0.0,0.5
1018_IEO_HAP_LO.mp4,N,61.0,0.0,0.5
1039_IEO_FEA_LO.mp4,N,54.1,0.0,0.5
1058_DFA_NEU_XX.mp4,A:N,56.5,0.0,0.5
1042_IWW_DIS_XX.mp4,F,37.0,-0.8,0.8
1057_IWW_DIS_XX.mp4,N,56.4444444444444,0.0,0.5
1049_WSI_HAP_XX.mp4,H,60.0,1.0,0.8
1068_WSI_FEA_XX.mp4,D,52.8888888888889,-0.9,0.5
1078_ITH_DIS_XX.mp4,D,60.4545454545455,-0.9,0.5
1049_DFA_HAP_XX.mp4,H,59.375,1.0,0.8
1068_DFA_FEA_XX.mp4,N,51.7,0.0,0.5
1058_WSI_NEU_XX.mp4,N,48.7,0.0,0.5
1057_TIE_HAP_XX.mp4,A,54.2222222222222,-1.0,0.9
1042_TIE_HAP_XX.mp4,A,47.6,-1.0,0.9
1076_TIE_FEA_XX.mp4,N,41.0,0.0,0.5
1063_TIE_FEA_XX.mp4,N,60.2,0.0,0.5
1040_ITH_NEU_XX.mp4,N,63.6,0.0,0.5
1055_ITH_NEU_XX.mp4,N,56.4444444444444,0.0,0.5
1002_ITH_ANG_XX.mp4,D,39.8,-0.9,0.5
1017_ITH_ANG_XX.mp4,D,41.5,-0.9,0.5
1024_IEO_DIS_LO.mp4,N,51.5,0.0,0.5
1031_IEO_DIS_LO.mp4,N,65.5555555555556,0.0,0.5
1060_WSI_DIS_XX.mp4,N,54.1111111111111,0.0,0.5
1071_TIE_SAD_XX.mp4,N,53.7142857142857,0.0,0.5
1075_WSI_DIS_XX.mp4,N:S,62.2,0.0,0.5
1064_TIE_SAD_XX.mp4,N,57.5,0.0,0.5
1081_DFA_ANG_XX.mp4,A,67.0,-1.0,0.9
1083_IEO_HAP_LO.mp4,H,46.7,1.0,0.8
1058_IWW_SAD_XX.mp4,N,52.5555555555556,0.0,0.5
1053_TIE_NEU_XX.mp4,N,59.4,0.0,0.5
1046_TIE_NEU_XX.mp4,N,64.4444444444444,0.0,0.5
1011_TIE_ANG_XX.mp4,D,54.1,-0.9,0.5
1004_TIE_ANG_XX.mp4,A,87.9,-1.0,0.9
1081_WSI_ANG_XX.mp4,N:S,45.1111111111111,0.0,0.5
1038_IWW_ANG_XX.mp4,F,53.0,-0.8,0.8
1065_ITH_FEA_XX.mp4,N,61.5,0.0,0.5
1070_ITH_FEA_XX.mp4,N,53.2,0.0,0.5
1044_ITH_HAP_XX.mp4,N,44.7777777777778,0.0,0.5
1075_DFA_DIS_XX.mp4,N:S,47.7272727272727,0.0,0.5
1060_DFA_DIS_XX.mp4,N,50.7777777777778,0.0,0.5
1051_ITH_HAP_XX.mp4,N,57.2,0.0,0.5
1062_ITH_SAD_XX.mp4,N,57.2,0.0,0.5
1077_ITH_SAD_XX.mp4,N,69.8888888888889,0.0,0.5
1071_IEO_NEU_XX.mp4,N,61.5,0.0,0.5
1064_IEO_NEU_XX.mp4,N,72.5,0.0,0.5
1083_TSI_HAP_XX.mp4,N,67.7,0.0,0.5
1087_IEO_SAD_HI.mp4,S,74.6666666666667,-1.0,0.3
1043_IWL_DIS_XX.mp4,N,57.75,0.0,0.5
1056_IWL_DIS_XX.mp4,A,46.1111111111111,-1.0,0.9
1017_IEO_DIS_MD.mp4,N,45.0,0.0,0.5
1002_IEO_DIS_MD.mp4,F,62.4,-0.8,0.8
1058_MTI_NEU_XX.mp4,N,60.7142857142857,0.0,0.5
1083_IEO_SAD_MD.mp4,N,51.0,0.0,0.5
1006_IEO_DIS_HI.mp4,D,65.75,-0.9,0.5
1086_TAI_FEA_XX.mp4,F,53.7,-0.8,0.8
1013_IEO_DIS_HI.mp4,S,54.1,-1.0,0.3
1015_TAI_DIS_XX.mp4,F,51.7777777777778,-0.8,0.8
1080_IEO_FEA_HI.mp4,F,80.2,-0.8,0.8
1048_IOM_SAD_XX.mp4,N,62.9,0.0,0.5
1091_IEO_FEA_MD.mp4,F:N,49.4,0.0,0.5
1024_TSI_DIS_XX.mp4,D,47.5,-0.9,0.5
1084_IEO_FEA_MD.mp4,N,65.8888888888889,0.0,0.5
1031_TSI_DIS_XX.mp4,N,68.0,0.0,0.5
1081_TAI_SAD_XX.mp4,N:S,50.0,0.0,0.5
1028_IOM_ANG_XX.mp4,A,71.7777777777778,-1.0,0.9
1087_TSI_NEU_XX.mp4,N,76.2222222222222,0.0,0.5
1079_ITS_DIS_XX.mp4,D:N,57.0,0.0,0.5
1068_MTI_FEA_XX.mp4,F,48.7,-0.8,0.8
1049_MTI_HAP_XX.mp4,H,61.8,1.0,0.8
1071_DFA_NEU_XX.mp4,D,54.4444444444444,-0.9,0.5
1064_DFA_NEU_XX.mp4,N,68.9,0.0,0.5
1024_IEO_HAP_LO.mp4,N,55.1818181818182,0.0,0.5
1031_IEO_HAP_LO.mp4,N,61.125,0.0,0.5
1005_IEO_FEA_LO.mp4,N,67.3333333333333,0.0,0.5
1033_DFA_ANG_XX.mp4,A,63.1,-1.0,0.9
1026_DFA_ANG_XX.mp4,A,76.6666666666667,-1.0,0.9
1010_IEO_FEA_LO.mp4,N:S,57.375,0.0,0.5
1057_TIE_DIS_XX.mp4,D:S,58.5555555555556,0.0,0.5
1046_WSI_SAD_XX.mp4,N,55.2222222222222,0.0,0.5
1042_TIE_DIS_XX.mp4,D,55.6666666666667,-0.9,0.5
1053_WSI_SAD_XX.mp4,N,54.875,0.0,0.5
1002_IEO_SAD_LO.mp4,S,54.2,-1.0,0.3
1017_IEO_SAD_LO.mp4,N,66.5,0.0,0.5
1060_WSI_HAP_XX.mp4,N,41.5555555555556,0.0,0.5
1075_WSI_HAP_XX.mp4,N,38.9,0.0,0.5
1041_WSI_FEA_XX.mp4,N,56.3333333333333,0.0,0.5
1054_WSI_FEA_XX.mp4,F,49.3,-0.8,0.8
1083_IEO_DIS_LO.mp4,N,64.8,0.0,0.5
1044_ITH_DIS_XX.mp4,N,62.125,0.0,0.5
1075_DFA_HAP_XX.mp4,H,51.6666666666667,1.0,0.8
1060_DFA_HAP_XX.mp4,N,65.0,0.0,0.5
1051_ITH_DIS_XX.mp4,N,60.8888888888889,0.0,0.5
1062_IEO_ANG_LO.mp4,N,50.2,0.0,0.5
1054_DFA_FEA_XX.mp4,N,59.0,0.0,0.5
1041_DFA_FEA_XX.mp4,N,48.6666666666667,0.0,0.5
1077_IEO_ANG_LO.mp4,N,57.1111111111111,0.0,0.5
1053_DFA_SAD_XX.mp4,N,52.1,0.0,0.5
1046_DFA_SAD_XX.mp4,N,57.8,0.0,0.5
1026_WSI_ANG_XX.mp4,A,70.1111111111111,-1.0,0.9
1033_WSI_ANG_XX.mp4,A,68.1,-1.0,0.9
1064_WSI_NEU_XX.mp4,N,42.0,0.0,0.5
1071_WSI_NEU_XX.mp4,D:N,56.9,0.0,0.5
1006_IEO_HAP_HI.mp4,H,47.9,1.0,0.8
1002_TSI_SAD_XX.mp4,N,54.4,0.0,0.5
1017_TSI_SAD_XX.mp4,N,64.875,0.0,0.5
1013_IEO_HAP_HI.mp4,F,69.8888888888889,-0.8,0.8
1027_IEO_FEA_HI.mp4,H,57.7777777777778,1.0,0.8
1032_IEO_FEA_HI.mp4,F,68.3333333333333,-0.8,0.8
1017_IEO_HAP_MD.mp4,N,55.8888888888889,0.0,0.5
1033_TAI_SAD_XX.mp4,F,47.25,-0.8,0.8
1068_ITS_NEU_XX.mp4,N,60.8,0.0,0.5
1062_IWL_FEA_XX.mp4,N:S,55.4,0.0,0.5
1077_IWL_FEA_XX.mp4,N,55.1111111111111,0.0,0.5
1026_TAI_SAD_XX.mp4,N,50.5,0.0,0.5
1002_IEO_HAP_MD.mp4,N,61.8888888888889,0.0,0.5
1043_IWL_HAP_XX.mp4,N,66.2222222222222,0.0,0.5
1036_IEO_FEA_MD.mp4,N,74.7,0.0,0.5
1083_TSI_DIS_XX.mp4,D,66.375,-0.9,0.5
1023_IEO_FEA_MD.mp4,N,69.25,0.0,0.5
1056_IWL_HAP_XX.mp4,H:N,73.0,0.0,0.5
1005_TSI_FEA_XX.mp4,F,55.3333333333333,-0.8,0.8
1010_TSI_FEA_XX.mp4,F,57.4444444444444,-0.8,0.8
1024_TSI_HAP_XX.mp4,N,51.1111111111111,0.0,0.5
1020_IEO_SAD_HI.mp4,S,69.6,-1.0,0.3
1035_IEO_SAD_HI.mp4,N:S,61.75,0.0,0.5
1031_TSI_HAP_XX.mp4,H,51.8888888888889,1.0,0.8
1065_IWL_SAD_XX.mp4,N,49.3,0.0,0.5
1034_TAI_FEA_XX.mp4,N,70.4444444444444,0.0,0.5
1021_TAI_FEA_XX.mp4,S,50.9090909090909,-1.0,0.3
1070_IWL_SAD_XX.mp4,N,64.7777777777778,0.0,0.5
1015_TAI_HAP_XX.mp4,H,58.0,1.0,0.8
1031_IEO_SAD_MD.mp4,N,63.1111111111111,0.0,0.5
1024_IEO_SAD_MD.mp4,N,57.8888888888889,0.0,0.5
1049_MTI_DIS_XX.mp4,A:D,51.2222222222222,0.0,0.5
1040_IEO_ANG_HI.mp4,A,86.2,-1.0,0.9
1055_IEO_ANG_HI.mp4,A,91.0,-1.0,0.9
1005_IWL_ANG_XX.mp4,A,59.8,-1.0,0.9
1010_IWL_ANG_XX.mp4,A,77.3333333333333,-1.0,0.9
1051_IEO_ANG_MD.mp4,A,40.5,-1.0,0.9
1044_IEO_ANG_MD.mp4,A,57.5,-1.0,0.9
1079_ITS_HAP_XX.mp4,H,46.5,1.0,0.8
1047_IWL_NEU_XX.mp4,N,70.75,0.0,0.5
1058_ITS_FEA_XX.mp4,F,53.6666666666667,-0.8,0.8
1052_IWL_NEU_XX.mp4,N,70.8,0.0,0.5
1062_TSI_ANG_XX.mp4,F,52.1111111111111,-0.8,0.8
1077_TSI_ANG_XX.mp4,F,65.125,-0.8,0.8
1020_TSI_NEU_XX.mp4,N,67.7,0.0,0.5
1035_TSI_NEU_XX.mp4,N,67.4444444444444,0.0,0.5
1011_TAI_NEU_XX.mp4,N,70.9,0.0,0.5
1004_TAI_NEU_XX.mp4,N,74.0,0.0,0.5
1053_TAI_ANG_XX.mp4,A,78.1111111111111,-1.0,0.9
1046_TAI_ANG_XX.mp4,A:D,54.8,0.0,0.5
1052_IOM_HAP_XX.mp4,H:N,57.4444444444444,0.0,0.5
1047_IOM_HAP_XX.mp4,H,64.3333333333333,1.0,0.8
1073_IOM_FEA_XX.mp4,N,64.9,0.0,0.5
1066_IOM_FEA_XX.mp4,N,49.6,0.0,0.5
1033_MTI_ANG_XX.mp4,N,61.0,0.0,0.5
1026_MTI_ANG_XX.mp4,D,73.4444444444444,-0.9,0.5
1071_MTI_NEU_XX.mp4,N,61.6666666666667,0.0,0.5
1064_MTI_NEU_XX.mp4,N,67.3,0.0,0.5
1029_TAI_DIS_XX.mp4,A,50.2222222222222,-1.0,0.9
1088_IEO_HAP_HI.mp4,A:H:N,61.9,0.0,0.5
1074_IOM_SAD_XX.mp4,N,64.8,0.0,0.5
1061_IOM_SAD_XX.mp4,N,58.1428571428571,0.0,0.5
1018_TSI_DIS_XX.mp4,D,50.5555555555556,-0.9,0.5
1056_IOM_NEU_XX.mp4,N,74.5,0.0,0.5
1043_IOM_NEU_XX.mp4,N,77.3,0.0,0.5
1045_ITS_DIS_XX.mp4,N,52.0,0.0,0.5
1050_ITS_DIS_XX.mp4,F,62.3333333333333,-0.8,0.8
1014_IOM_ANG_XX.mp4,A,60.1818181818182,-1.0,0.9
1001_IOM_ANG_XX.mp4,N,58.1,0.0,0.5
1054_MTI_FEA_XX.mp4,N,63.0,0.0,0.5
1041_MTI_FEA_XX.mp4,F:N,42.1,0.0,0.5
1075_MTI_HAP_XX.mp4,H,52.8888888888889,1.0,0.8
1060_MTI_HAP_XX.mp4,N,68.7777777777778,0.0,0.5
1053_MTI_SAD_XX.mp4,S,46.8,-1.0,0.3
1046_MTI_SAD_XX.mp4,N,54.2222222222222,0.0,0.5
1018_IEO_DIS_LO.mp4,D,65.9,-0.9,0.5
1042_IWW_HAP_XX.mp4,A,52.6666666666667,-1.0,0.9
1057_IWW_HAP_XX.mp4,A,54.0,-1.0,0.9
1069_ITH_NEU_XX.mp4,N,61.9,0.0,0.5
1063_IWW_FEA_XX.mp4,F,61.25,-0.8,0.8
1076_IWW_FEA_XX.mp4,F,56.5555555555556,-0.8,0.8
1058_TIE_SAD_XX.mp4,A:N,54.5,0.0,0.5
1049_WSI_DIS_XX.mp4,D,43.75,-0.9,0.5
1064_IWW_SAD_XX.mp4,F,53.1111111111111,-0.8,0.8
1071_IWW_SAD_XX.mp4,N,51.7,0.0,0.5
1038_TIE_ANG_XX.mp4,A:N,50.75,0.0,0.5
1046_IWW_NEU_XX.mp4,N,60.5555555555556,0.0,0.5
1059_ITH_FEA_XX.mp4,F,52.0,-0.8,0.8
1053_IWW_NEU_XX.mp4,N,57.6666666666667,0.0,0.5
1078_ITH_HAP_XX.mp4,H,66.5,1.0,0.8
1049_DFA_DIS_XX.mp4,N,57.4444444444444,0.0,0.5
1004_IWW_ANG_XX.mp4,D,67.7272727272727,-0.9,0.5
1011_IWW_ANG_XX.mp4,D,48.2,-0.9,0.5
1058_IEO_NEU_XX.mp4,N,83.7,0.0,0.5
1066_IEO_SAD_LO.mp4,N,59.0,0.0,0.5
1073_IEO_SAD_LO.mp4,N,73.8,0.0,0.5
1081_TIE_HAP_XX.mp4,H:N,47.4444444444444,0.0,0.5
1025_WSI_FEA_XX.mp4,F:S,43.1,0.0,0.5
1030_WSI_FEA_XX.mp4,N,65.7,0.0,0.5
1089_IWW_FEA_XX.mp4,F,50.2222222222222,-0.8,0.8
1083_ITH_NEU_XX.mp4,N,65.6,0.0,0.5
1004_WSI_HAP_XX.mp4,D,47.5,-0.9,0.5
1011_WSI_HAP_XX.mp4,N,53.3333333333333,0.0,0.5
1015_DFA_NEU_XX.mp4,N,38.125,0.0,0.5
1057_DFA_ANG_XX.mp4,A,61.6666666666667,-1.0,0.9
1061_IEO_FEA_LO.mp4,N,39.8888888888889,0.0,0.5
1074_IEO_FEA_LO.mp4,N,62.5555555555556,0.0,0.5
1042_DFA_ANG_XX.mp4,A,62.7,-1.0,0.9
1040_IEO_HAP_LO.mp4,H,69.2222222222222,1.0,0.8
1055_IEO_HAP_LO.mp4,H,54.0,1.0,0.8
1033_TIE_DIS_XX.mp4,N,47.0,0.0,0.5
1022_WSI_SAD_XX.mp4,S,49.75,-1.0,0.3
1026_TIE_DIS_XX.mp4,A,67.875,-1.0,0.9
1037_WSI_SAD_XX.mp4,N,55.3333333333333,0.0,0.5
1090_TIE_NEU_XX.mp4,N,44.8,0.0,0.5
1037_DFA_SAD_XX.mp4,S,60.8,-1.0,0.3
1022_DFA_SAD_XX.mp4,N,55.0,0.0,0.5
1085_TIE_NEU_XX.mp4,N,68.2857142857143,0.0,0.5
1042_WSI_ANG_XX.mp4,A,56.6,-1.0,0.9
1057_WSI_ANG_XX.mp4,A,62.9,-1.0,0.9
1087_ITH_HAP_XX.mp4,N,63.1111111111111,0.0,0.5
1015_WSI_NEU_XX.mp4,N,65.8888888888889,0.0,0.5
1030_DFA_FEA_XX.mp4,N,50.8888888888889,0.0,0.5
1006_IEO_ANG_LO.mp4,N,63.1111111111111,0.0,0.5
1013_IEO_ANG_LO.mp4,A,61.1111111111111,-1.0,0.9
1025_DFA_FEA_XX.mp4,N,67.4,0.0,0.5
1011_DFA_HAP_XX.mp4,N,62.1111111111111,0.0,0.5
1020_ITH_DIS_XX.mp4,N,47.6,0.0,0.5
1035_ITH_DIS_XX.mp4,D,47.8888888888889,-0.9,0.5
1004_DFA_HAP_XX.mp4,H,76.8,1.0,0.8
1040_TSI_HAP_XX.mp4,F,56.3,-0.8,0.8
1044_IEO_SAD_HI.mp4,N,62.7777777777778,0.0,0.5
1080_IWL_DIS_XX.mp4,A,33.0,-1.0,0.9
1051_IEO_SAD_HI.mp4,N,49.4444444444444,0.0,0.5
1055_TSI_HAP_XX.mp4,H,47.5,1.0,0.8
1061_TSI_FEA_XX.mp4,N,50.125,0.0,0.5
1074_TSI_FEA_XX.mp4,F:N:S,76.6,0.0,0.5
1071_TAI_HAP_XX.mp4,N,77.0909090909091,0.0,0.5
1055_IEO_SAD_MD.mp4,N,45.7,0.0,0.5
1040_IEO_SAD_MD.mp4,N,50.0,0.0,0.5
1064_TAI_HAP_XX.mp4,N,54.1111111111111,0.0,0.5
1050_TAI_FEA_XX.mp4,F,52.4,-0.8,0.8
1001_IWL_SAD_XX.mp4,N,53.7,0.0,0.5
1014_IWL_SAD_XX.mp4,N:S,50.0,0.0,0.5
1045_TAI_FEA_XX.mp4,F,54.1,-0.8,0.8
1043_IEO_FEA_HI.mp4,F,66.8,-0.8,0.8
1056_IEO_FEA_HI.mp4,F,59.25,-0.8,0.8
1062_IEO_HAP_HI.mp4,N,41.1428571428571,0.0,0.5
1066_TSI_SAD_XX.mp4,N,44.2,0.0,0.5
1073_TSI_SAD_XX.mp4,N,62.7142857142857,0.0,0.5
1077_IEO_HAP_HI.mp4,N,54.0,0.0,0.5
1027_IWL_HAP_XX.mp4,N,53.6,0.0,0.5
1052_IEO_FEA_MD.mp4,N,61.1,0.0,0.5
1047_IEO_FEA_MD.mp4,F,68.5454545454545,-0.8,0.8
1032_IWL_HAP_XX.mp4,H:N,52.25,0.0,0.5
1073_IEO_HAP_MD.mp4,N,57.3,0.0,0.5
1006_IWL_FEA_XX.mp4,N,61.25,0.0,0.5
1057_TAI_SAD_XX.mp4,N,54.0,0.0,0.5
1042_TAI_SAD_XX.mp4,N,45.6666666666667,0.0,0.5
1019_ITS_NEU_XX.mp4,N,69.5454545454545,0.0,0.5
1013_IWL_FEA_XX.mp4,N,64.3333333333333,0.0,0.5
1066_IEO_HAP_MD.mp4,N,78.4444444444444,0.0,0.5
1006_TSI_ANG_XX.mp4,A,65.4444444444444,-1.0,0.9
1013_TSI_ANG_XX.mp4,A,69.6,-1.0,0.9
1044_TSI_NEU_XX.mp4,N,64.2,0.0,0.5
1051_TSI_NEU_XX.mp4,N,64.7777777777778,0.0,0.5
1075_TAI_NEU_XX.mp4,N,56.375,0.0,0.5
1060_TAI_NEU_XX.mp4,N,64.6666666666667,0.0,0.5
1037_TAI_ANG_XX.mp4,A,77.9,-1.0,0.9
1022_TAI_ANG_XX.mp4,A,67.7,-1.0,0.9
1024_IEO_ANG_HI.mp4,A,69.4444444444444,-1.0,0.9
1031_IEO_ANG_HI.mp4,A,88.3333333333333,-1.0,0.9
1038_MTI_DIS_XX.mp4,N,39.125,0.0,0.5
1035_IEO_ANG_MD.mp4,A,65.0,-1.0,0.9
1020_IEO_ANG_MD.mp4,A,58.6,-1.0,0.9
1061_IWL_ANG_XX.mp4,A,70.2222222222222,-1.0,0.9
1074_IWL_ANG_XX.mp4,A,52.7,-1.0,0.9
1029_ITS_FEA_XX.mp4,F,73.2,-0.8,0.8
1023_IWL_NEU_XX.mp4,N,71.7,0.0,0.5
1036_IWL_NEU_XX.mp4,N,46.3,0.0,0.5
1008_ITS_HAP_XX.mp4,H,57.4,1.0,0.8
1010_IOM_SAD_XX.mp4,N,67.7142857142857,0.0,0.5
1005_IOM_SAD_XX.mp4,S,58.2222222222222,-1.0,0.3
1058_TAI_DIS_XX.mp4,D:N:S,54.0,0.0,0.5
1088_IWL_FEA_XX.mp4,N,53.875,0.0,0.5
1082_ITS_NEU_XX.mp4,N,60.7,0.0,0.5
1091_IOM_DIS_XX.mp4,N,59.4444444444444,0.0,0.5
1069_TSI_DIS_XX.mp4,D:F:N,53.1,0.0,0.5
1084_IOM_DIS_XX.mp4,N,53.125,0.0,0.5
1017_IOM_FEA_XX.mp4,N,65.2,0.0,0.5
1002_IOM_FEA_XX.mp4,N,61.0,0.0,0.5
1036_IOM_HAP_XX.mp4,H:N,39.7777777777778,0.0,0.5
1023_IOM_HAP_XX.mp4,H,51.2222222222222,1.0,0.8
1057_MTI_ANG_XX.mp4,N,51.4,0.0,0.5
1042_MTI_ANG_XX.mp4,N,60.4444444444444,0.0,0.5
1015_MTI_NEU_XX.mp4,N,68.25,0.0,0.5
1086_ITS_HAP_XX.mp4,H,58.9090909090909,1.0,0.8
1037_MTI_SAD_XX.mp4,S,74.9,-1.0,0.3
1022_MTI_SAD_XX.mp4,N:S,53.4545454545455,0.0,0.5
1021_ITS_DIS_XX.mp4,D:N,44.0,0.0,0.5
1034_ITS_DIS_XX.mp4,N,57.375,0.0,0.5
1032_IOM_NEU_XX.mp4,N,59.4444444444444,0.0,0.5
1027_IOM_NEU_XX.mp4,N,66.8,0.0,0.5
1070_IOM_ANG_XX.mp4,A,67.1111111111111,-1.0,0.9
1088_TSI_ANG_XX.mp4,A,68.5,-1.0,0.9
1065_IOM_ANG_XX.mp4,A,57.6666666666667,-1.0,0.9
1011_MTI_HAP_XX.mp4,N,68.3,0.0,0.5
1004_MTI_HAP_XX.mp4,N,64.5454545454545,0.0,0.5
1030_MTI_FEA_XX.mp4,N,65.875,0.0,0.5
1025_MTI_FEA_XX.mp4,N,56.875,0.0,0.5
1029_TIE_SAD_XX.mp4,S,71.8,-1.0,0.3
1038_WSI_DIS_XX.mp4,D,51.1,-0.9,0.5
1081_IWW_DIS_XX.mp4,D,68.4,-0.9,0.5
1015_IWW_SAD_XX.mp4,F,54.3333333333333,-0.8,0.8
1069_IEO_DIS_LO.mp4,D,48.1,-0.9,0.5
1007_IWW_FEA_XX.mp4,N,54.8,0.0,0.5
1018_ITH_NEU_XX.mp4,N,46.5,0.0,0.5
1012_IWW_FEA_XX.mp4,F,46.8888888888889,-0.8,0.8
1026_IWW_HAP_XX.mp4,N,43.625,0.0,0.5
1033_IWW_HAP_XX.mp4,N,64.4,0.0,0.5
1088_IEO_ANG_LO.mp4,A,42.5555555555556,-1.0,0.9
1029_IEO_NEU_XX.mp4,N,69.3,0.0,0.5
1049_TIE_ANG_XX.mp4,A,71.5555555555556,-1.0,0.9
1009_ITH_HAP_XX.mp4,H,66.9,1.0,0.8
1038_DFA_DIS_XX.mp4,D,53.7777777777778,-0.9,0.5
1028_ITH_FEA_XX.mp4,F,62.3,-0.8,0.8
1022_IWW_NEU_XX.mp4,N,63.0,0.0,0.5
1037_IWW_NEU_XX.mp4,N,68.1,0.0,0.5
1060_IWW_ANG_XX.mp4,A:D,46.9,0.0,0.5
1075_IWW_ANG_XX.mp4,A,41.6666666666667,-1.0,0.9
1080_IEO_ANG_LO.mp4,F:N,50.8888888888889,0.0,0.5
1082_DFA_HAP_XX.mp4,N,65.7777777777778,0.0,0.5
1021_IEO_NEU_XX.mp4,N,50.4444444444444,0.0,0.5
1034_IEO_NEU_XX.mp4,N,80.5555555555556,0.0,0.5
1032_ITH_SAD_XX.mp4,N,53.4444444444444,0.0,0.5
1027_ITH_SAD_XX.mp4,S,56.1,-1.0,0.3
1041_TIE_ANG_XX.mp4,A,58.0909090909091,-1.0,0.9
1054_TIE_ANG_XX.mp4,D,57.1111111111111,-0.9,0.5
1003_TIE_NEU_XX.mp4,N,63.3333333333333,0.0,0.5
1016_TIE_NEU_XX.mp4,N,68.6666666666667,0.0,0.5
1035_ITH_FEA_XX.mp4,N,55.0,0.0,0.5
1020_ITH_FEA_XX.mp4,N,56.8571428571429,0.0,0.5
1025_DFA_DIS_XX.mp4,N,53.4444444444444,0.0,0.5
1014_ITH_HAP_XX.mp4,N,54.1111111111111,0.0,0.5
1086_WSI_NEU_XX.mp4,N,71.1111111111111,0.0,0.5
1001_ITH_HAP_XX.mp4,F:N,52.875,0.0,0.5
1030_DFA_DIS_XX.mp4,N,55.75,0.0,0.5
1068_IWW_ANG_XX.mp4,A,63.3,-1.0,0.9
1089_IWW_DIS_XX.mp4,F,43.75,-0.8,0.8
1086_DFA_NEU_XX.mp4,N,57.4444444444444,0.0,0.5
1021_TIE_SAD_XX.mp4,D:S,48.3,0.0,0.5
1030_WSI_DIS_XX.mp4,A,43.4444444444444,-1.0,0.9
1034_TIE_SAD_XX.mp4,N,45.1,0.0,0.5
1025_WSI_DIS_XX.mp4,S,43.7142857142857,-1.0,0.3
1008_IWW_SAD_XX.mp4,D:F,62.1,0.0,0.5
1007_TIE_HAP_XX.mp4,N,54.0,0.0,0.5
1012_TIE_HAP_XX.mp4,N,65.5555555555556,0.0,0.5
1026_TIE_FEA_XX.mp4,A,68.6,-1.0,0.9
1033_TIE_FEA_XX.mp4,S,51.8571428571429,-1.0,0.3
1052_ITH_ANG_XX.mp4,A,72.4444444444444,-1.0,0.9
1047_ITH_ANG_XX.mp4,A,59.7142857142857,-1.0,0.9
1074_IEO_DIS_LO.mp4,D,52.6666666666667,-0.9,0.5
1061_IEO_DIS_LO.mp4,D,46.3333333333333,-0.9,0.5
1010_ITH_NEU_XX.mp4,N,56.7,0.0,0.5
1005_ITH_NEU_XX.mp4,N,62.3333333333333,0.0,0.5
1082_WSI_HAP_XX.mp4,H,62.875,1.0,0.8
1029_ITS_DIS_XX.mp4,A,64.8,-1.0,0.9
1078_IOM_ANG_XX.mp4,A,73.3333333333333,-1.0,0.9
1080_TSI_ANG_XX.mp4,A,65.6666666666667,-1.0,0.9
1038_MTI_FEA_XX.mp4,H:N,49.0,0.0,0.5
1019_MTI_HAP_XX.mp4,N,64.0909090909091,0.0,0.5
1045_TAI_DIS_XX.mp4,N,61.2,0.0,0.5
1050_TAI_DIS_XX.mp4,N,45.1,0.0,0.5
1018_IOM_SAD_XX.mp4,S,73.75,-1.0,0.3
1074_TSI_DIS_XX.mp4,F:N,47.6,0.0,0.5
1061_TSI_DIS_XX.mp4,D,67.8888888888889,-0.9,0.5
1080_IWL_FEA_XX.mp4,N,59.0,0.0,0.5
1013_IWL_DIS_XX.mp4,D,50.4285714285714,-0.9,0.5
1006_IWL_DIS_XX.mp4,D,59.2222222222222,-0.9,0.5
1047_IEO_DIS_MD.mp4,A,59.0,-1.0,0.9
1052_IEO_DIS_MD.mp4,N,67.0,0.0,0.5
1056_IEO_DIS_HI.mp4,N,57.2,0.0,0.5
1043_IEO_DIS_HI.mp4,D,43.9,-0.9,0.5
1087_IWL_SAD_XX.mp4,N,53.9,0.0,0.5
1008_MTI_NEU_XX.mp4,N,66.5,0.0,0.5
1059_TSI_NEU_XX.mp4,N,74.8888888888889,0.0,0.5
1068_TAI_NEU_XX.mp4,N,74.6666666666667,0.0,0.5
1033_ITS_SAD_XX.mp4,N,52.375,0.0,0.5
1026_ITS_SAD_XX.mp4,F:N,47.1,0.0,0.5
1082_MTI_HAP_XX.mp4,N,66.8888888888889,0.0,0.5
1025_MTI_DIS_XX.mp4,N,59.7272727272727,0.0,0.5
1030_MTI_DIS_XX.mp4,N,61.125,0.0,0.5
1039_IEO_ANG_HI.mp4,A,71.2222222222222,-1.0,0.9
1069_IWL_ANG_XX.mp4,D,53.3333333333333,-0.9,0.5
1028_IEO_ANG_MD.mp4,A,51.0,-1.0,0.9
1015_ITS_HAP_XX.mp4,F:H:N,52.7,0.0,0.5
1034_ITS_FEA_XX.mp4,N,56.8,0.0,0.5
1021_ITS_FEA_XX.mp4,N:S,59.5,0.0,0.5
1084_IOM_FEA_XX.mp4,N,63.375,0.0,0.5
1091_IOM_FEA_XX.mp4,N,54.6666666666667,0.0,0.5
1069_TSI_FEA_XX.mp4,F,63.1111111111111,-0.8,0.8
1059_IEO_SAD_HI.mp4,S,68.375,-1.0,0.3
1048_TSI_HAP_XX.mp4,N,62.7777777777778,0.0,0.5
1088_IWL_DIS_XX.mp4,S,56.9,-1.0,0.3
1086_MTI_NEU_XX.mp4,N,68.7,0.0,0.5
1058_TAI_FEA_XX.mp4,F,60.5,-0.8,0.8
1009_IWL_SAD_XX.mp4,N,40.6666666666667,0.0,0.5
1048_IEO_SAD_MD.mp4,N,55.1,0.0,0.5
1079_TAI_HAP_XX.mp4,H,62.0,1.0,0.8
1083_IOM_SAD_XX.mp4,S,64.3333333333333,-1.0,0.3
1011_ITS_NEU_XX.mp4,N,63.4,0.0,0.5
1004_ITS_NEU_XX.mp4,N,54.1,0.0,0.5
1002_IOM_DIS_XX.mp4,F,59.75,-0.8,0.8
1017_IOM_DIS_XX.mp4,A,50.9,-1.0,0.9
1053_ITS_ANG_XX.mp4,D,43.5,-0.9,0.5
1046_ITS_ANG_XX.mp4,N,56.8888888888889,0.0,0.5
1019_DFA_HAP_XX.mp4,N,51.0,0.0,0.5
1028_ITH_DIS_XX.mp4,N,62.3,0.0,0.5
1038_DFA_FEA_XX.mp4,F,46.1111111111111,-0.8,0.8
1089_TIE_HAP_XX.mp4,H,57.8888888888889,1.0,0.8
1019_WSI_HAP_XX.mp4,N,57.2,0.0,0.5
1081_IWW_FEA_XX.mp4,N,61.0,0.0,0.5
1038_WSI_FEA_XX.mp4,A,47.125,-1.0,0.9
1008_DFA_NEU_XX.mp4,N,57.4444444444444,0.0,0.5
1012_IWW_DIS_XX.mp4,D,57.125,-0.9,0.5
1007_IWW_DIS_XX.mp4,D:F,39.6,0.0,0.5
1048_IEO_HAP_LO.mp4,N,69.8888888888889,0.0,0.5
1069_IEO_FEA_LO.mp4,N,58.375,0.0,0.5
1086_IWW_SAD_XX.mp4,F,51.4444444444444,-0.8,0.8
1025_TIE_ANG_XX.mp4,A,63.1,-1.0,0.9
1030_TIE_ANG_XX.mp4,A,57.0,-1.0,0.9
1067_TIE_NEU_XX.mp4,N,52.875,0.0,0.5
1072_TIE_NEU_XX.mp4,N,51.7,0.0,0.5
1070_ITH_HAP_XX.mp4,N,59.4444444444444,0.0,0.5
1041_DFA_DIS_XX.mp4,N,47.1111111111111,0.0,0.5
1054_DFA_DIS_XX.mp4,N,50.7,0.0,0.5
1065_ITH_HAP_XX.mp4,F,53.5,-0.8,0.8
1051_ITH_FEA_XX.mp4,N,62.0,0.0,0.5
1044_ITH_FEA_XX.mp4,F:N,50.3,0.0,0.5
1019_IWW_ANG_XX.mp4,A,54.4545454545455,-1.0,0.9
1045_IEO_NEU_XX.mp4,N,75.8888888888889,0.0,0.5
1050_IEO_NEU_XX.mp4,N,63.1,0.0,0.5
1056_ITH_SAD_XX.mp4,N,68.5,0.0,0.5
1043_ITH_SAD_XX.mp4,N:S,53.125,0.0,0.5
1042_TIE_FEA_XX.mp4,N,68.1111111111111,0.0,0.5
1057_TIE_FEA_XX.mp4,N,59.0,0.0,0.5
1063_TIE_HAP_XX.mp4,N,48.1111111111111,0.0,0.5
1076_TIE_HAP_XX.mp4,A:H,48.5,0.0,0.5
1091_IEO_SAD_LO.mp4,N,64.4,0.0,0.5
1084_IEO_SAD_LO.mp4,N,54.5,0.0,0.5
1010_IEO_DIS_LO.mp4,N,64.0,0.0,0.5
1005_IEO_DIS_LO.mp4,N,67.5,0.0,0.5
1036_ITH_ANG_XX.mp4,D,70.6,-0.9,0.5
1023_ITH_ANG_XX.mp4,A,41.8,-1.0,0.9
1074_ITH_NEU_XX.mp4,N,66.1,0.0,0.5
1061_ITH_NEU_XX.mp4,N,76.1111111111111,0.0,0.5
1083_IEO_FEA_LO.mp4,N,74.2222222222222,0.0,0.5
1045_TIE_SAD_XX.mp4,N,66.875,0.0,0.5
1054_WSI_DIS_XX.mp4,D,52.7142857142857,-0.9,0.5
1050_TIE_SAD_XX.mp4,N,54.1111111111111,0.0,0.5
1041_WSI_DIS_XX.mp4,A,39.2,-1.0,0.9
1079_IWW_SAD_XX.mp4,F,36.6,-0.8,0.8
1058_ITS_DIS_XX.mp4,N,42.0,0.0,0.5
1009_IOM_ANG_XX.mp4,A,53.2727272727273,-1.0,0.9
1068_MTI_HAP_XX.mp4,N,57.875,0.0,0.5
1049_MTI_FEA_XX.mp4,S,39.4285714285714,-1.0,0.3
1082_TAI_NEU_XX.mp4,N,75.2222222222222,0.0,0.5
1083_IWL_ANG_XX.mp4,A,59.0,-1.0,0.9
1023_IEO_DIS_MD.mp4,F:N,64.1428571428571,0.0,0.5
1083_TSI_FEA_XX.mp4,N,49.0,0.0,0.5
1036_IEO_DIS_MD.mp4,D,59.0909090909091,-0.9,0.5
1077_IWL_DIS_XX.mp4,D:N,55.1111111111111,0.0,0.5
1062_IWL_DIS_XX.mp4,N,50.4444444444444,0.0,0.5
1032_IEO_DIS_HI.mp4,D,54.5555555555556,-0.9,0.5
1027_IEO_DIS_HI.mp4,D,49.5555555555556,-0.9,0.5
1086_TAI_HAP_XX.mp4,H,56.6,1.0,0.8
1079_MTI_NEU_XX.mp4,N,64.3,0.0,0.5
1091_TSI_SAD_XX.mp4,N,50.0,0.0,0.5
1069_IOM_SAD_XX.mp4,N,50.75,0.0,0.5
1080_IEO_HAP_HI.mp4,H,64.6666666666667,1.0,0.8
1084_TSI_SAD_XX.mp4,N,50.1,0.0,0.5
1021_TAI_DIS_XX.mp4,N,73.6,0.0,0.5
1034_TAI_DIS_XX.mp4,D,57.9,-0.9,0.5
1084_IEO_HAP_MD.mp4,N,59.8,0.0,0.5
1091_IEO_HAP_MD.mp4,D:N,48.1111111111111,0.0,0.5
1010_TSI_DIS_XX.mp4,N,60.1,0.0,0.5
1005_TSI_DIS_XX.mp4,D,53.8181818181818,-0.9,0.5
1048_IEO_ANG_HI.mp4,A,77.0909090909091,-1.0,0.9
1041_MTI_DIS_XX.mp4,N,57.2222222222222,0.0,0.5
1054_MTI_DIS_XX.mp4,D:N,57.625,0.0,0.5
1059_IEO_ANG_MD.mp4,A,71.2222222222222,-1.0,0.9
1018_IWL_ANG_XX.mp4,A:D,57.3333333333333,0.0,0.5
1050_ITS_FEA_XX.mp4,N,56.3,0.0,0.5
1045_ITS_FEA_XX.mp4,N,55.5555555555556,0.0,0.5
1071_ITS_HAP_XX.mp4,H:N,56.7,0.0,0.5
1064_ITS_HAP_XX.mp4,H,52.7,1.0,0.8
1087_IOM_ANG_XX.mp4,N,51.9,0.0,0.5
1028_TSI_NEU_XX.mp4,N,63.1,0.0,0.5
1057_ITS_SAD_XX.mp4,N,64.3333333333333,0.0,0.5
1019_TAI_NEU_XX.mp4,N,65.3636363636364,0.0,0.5
1042_ITS_SAD_XX.mp4,D,49.5,-0.9,0.5
1066_IOM_DIS_XX.mp4,N,51.6363636363636,0.0,0.5
1073_IOM_DIS_XX.mp4,D,55.5555555555556,-0.9,0.5
1075_ITS_NEU_XX.mp4,N,65.8181818181818,0.0,0.5
1060_ITS_NEU_XX.mp4,N,63.2,0.0,0.5
1037_ITS_ANG_XX.mp4,N,53.625,0.0,0.5
1022_ITS_ANG_XX.mp4,A:D,73.625,0.0,0.5
1039_TSI_HAP_XX.mp4,H,58.4285714285714,1.0,0.8
1028_IEO_SAD_HI.mp4,N:S,63.0,0.0,0.5
1018_TSI_FEA_XX.mp4,F,71.625,-0.8,0.8
1008_TAI_HAP_XX.mp4,N,69.1,0.0,0.5
1039_IEO_SAD_MD.mp4,N,63.6666666666667,0.0,0.5
1029_TAI_FEA_XX.mp4,F,60.3333333333333,-0.8,0.8
1078_IWL_SAD_XX.mp4,S,57.7,-1.0,0.3
1049_DFA_FEA_XX.mp4,S,66.4,-1.0,0.3
1068_DFA_HAP_XX.mp4,N,60.0,0.0,0.5
1059_ITH_DIS_XX.mp4,D,50.4,-0.9,0.5
1082_IWW_ANG_XX.mp4,A:F,59.3333333333333,0.0,0.5
1079_WSI_NEU_XX.mp4,N,54.3333333333333,0.0,0.5
1076_IWW_DIS_XX.mp4,F,36.5555555555556,-0.8,0.8
1063_IWW_DIS_XX.mp4,F,55.4444444444444,-0.8,0.8
1079_DFA_NEU_XX.mp4,N,51.2222222222222,0.0,0.5
1018_IEO_FEA_LO.mp4,N,54.5555555555556,0.0,0.5
1039_IEO_HAP_LO.mp4,N,64.0,0.0,0.5
1049_WSI_FEA_XX.mp4,S,47.5555555555556,-1.0,0.3
1068_WSI_HAP_XX.mp4,N,50.5555555555556,0.0,0.5
1059_ITH_SAD_XX.mp4,S,53.8888888888889,-1.0,0.3
1054_IWW_NEU_XX.mp4,N,61.25,0.0,0.5
1041_IWW_NEU_XX.mp4,F,39.8571428571429,-0.8,0.8
1016_IWW_ANG_XX.mp4,A,71.5555555555556,-1.0,0.9
1003_IWW_ANG_XX.mp4,A,69.1111111111111,-1.0,0.9
1068_TIE_NEU_XX.mp4,N,68.5555555555556,0.0,0.5
1076_IWW_SAD_XX.mp4,F,37.9,-0.8,0.8
1063_IWW_SAD_XX.mp4,N,63.2222222222222,0.0,0.5
1039_ITH_ANG_XX.mp4,A,87.6,-1.0,0.9
1071_IWW_FEA_XX.mp4,N,48.1111111111111,0.0,0.5
1064_IWW_FEA_XX.mp4,F,67.6,-0.8,0.8
1050_IWW_HAP_XX.mp4,D,42.375,-0.9,0.5
1045_IWW_HAP_XX.mp4,H,31.375,1.0,0.8
1058_TIE_FEA_XX.mp4,F,60.2,-0.8,0.8
1079_TIE_HAP_XX.mp4,H,58.3333333333333,1.0,0.8
1041_MTI_SAD_XX.mp4,N,62.0,0.0,0.5
1054_MTI_SAD_XX.mp4,S,71.0,-1.0,0.3
1067_MTI_HAP_XX.mp4,N,59.8888888888889,0.0,0.5
1072_MTI_HAP_XX.mp4,H,61.7,1.0,0.8
1046_MTI_FEA_XX.mp4,N,73.7,0.0,0.5
1053_MTI_FEA_XX.mp4,F,66.2,-0.8,0.8
1057_ITS_DIS_XX.mp4,N,50.9,0.0,0.5
1042_ITS_DIS_XX.mp4,D:N,44.0,0.0,0.5
1044_IOM_NEU_XX.mp4,N,59.9090909090909,0.0,0.5
1051_IOM_NEU_XX.mp4,N,54.4444444444444,0.0,0.5
1006_IOM_ANG_XX.mp4,A,70.9,-1.0,0.9
1013_IOM_ANG_XX.mp4,A,78.4545454545455,-1.0,0.9
1066_IOM_SAD_XX.mp4,N:S,56.6,0.0,0.5
1073_IOM_SAD_XX.mp4,N,59.7777777777778,0.0,0.5
1028_IEO_DIS_HI.mp4,F,54.5,-0.8,0.8
1089_TAI_HAP_XX.mp4,H,56.9,1.0,0.8
1021_MTI_ANG_XX.mp4,D,48.7777777777778,-0.9,0.5
1034_MTI_ANG_XX.mp4,N,75.2,0.0,0.5
1063_MTI_NEU_XX.mp4,N,69.0,0.0,0.5
1076_MTI_NEU_XX.mp4,N,51.5714285714286,0.0,0.5
1061_IOM_FEA_XX.mp4,N,43.25,0.0,0.5
1039_IEO_DIS_MD.mp4,N,74.9,0.0,0.5
1074_IOM_FEA_XX.mp4,N,65.7777777777778,0.0,0.5
1078_IWL_DIS_XX.mp4,N,62.0,0.0,0.5
1040_IOM_HAP_XX.mp4,N,63.0,0.0,0.5
1055_IOM_HAP_XX.mp4,H,46.0,1.0,0.8
1058_ITS_SAD_XX.mp4,S,52.5,-1.0,0.3
1003_TAI_NEU_XX.mp4,N,57.6666666666667,0.0,0.5
1016_TAI_NEU_XX.mp4,N,41.2,0.0,0.5
1041_TAI_ANG_XX.mp4,A,69.0,-1.0,0.9
1054_TAI_ANG_XX.mp4,A,57.5555555555556,-1.0,0.9
1088_IOM_ANG_XX.mp4,D,69.6666666666667,-0.9,0.5
1070_TSI_ANG_XX.mp4,A,48.0,-1.0,0.9
1065_TSI_ANG_XX.mp4,F,67.7,-0.8,0.8
1032_TSI_NEU_XX.mp4,N,56.7142857142857,0.0,0.5
1027_TSI_NEU_XX.mp4,N,51.7,0.0,0.5
1043_IEO_ANG_MD.mp4,A,46.6,-1.0,0.9
1056_IEO_ANG_MD.mp4,A,74.7777777777778,-1.0,0.9
1017_IWL_ANG_XX.mp4,N,44.25,0.0,0.5
1002_IWL_ANG_XX.mp4,A,56.5555555555556,-1.0,0.9
1055_IWL_NEU_XX.mp4,N,71.9,0.0,0.5
1040_IWL_NEU_XX.mp4,N,77.5714285714286,0.0,0.5
1052_IEO_ANG_HI.mp4,A,81.1111111111111,-1.0,0.9
1047_IEO_ANG_HI.mp4,A,81.8888888888889,-1.0,0.9
1007_TAI_HAP_XX.mp4,S,46.0,-1.0,0.3
1023_IEO_SAD_MD.mp4,N,59.625,0.0,0.5
1036_IEO_SAD_MD.mp4,S,67.7777777777778,-1.0,0.3
1012_TAI_HAP_XX.mp4,N,53.9090909090909,0.0,0.5
1077_IWL_SAD_XX.mp4,N,68.4444444444444,0.0,0.5
1026_TAI_FEA_XX.mp4,N,59.9,0.0,0.5
1033_TAI_FEA_XX.mp4,N,51.1,0.0,0.5
1062_IWL_SAD_XX.mp4,N,67.3333333333333,0.0,0.5
1036_TSI_HAP_XX.mp4,F,50.2222222222222,-0.8,0.8
1032_IEO_SAD_HI.mp4,N,66.6,0.0,0.5
1027_IEO_SAD_HI.mp4,N,36.625,0.0,0.5
1023_TSI_HAP_XX.mp4,H,50.0,1.0,0.8
1017_TSI_FEA_XX.mp4,N,47.875,0.0,0.5
1002_TSI_FEA_XX.mp4,N,63.2222222222222,0.0,0.5
1069_IOM_DIS_XX.mp4,N,60.3,0.0,0.5
1051_IWL_HAP_XX.mp4,N,74.7777777777778,0.0,0.5
1091_TSI_DIS_XX.mp4,N,51.0,0.0,0.5
1024_IEO_FEA_MD.mp4,S,58.2222222222222,-1.0,0.3
1084_TSI_DIS_XX.mp4,D,57.7,-0.9,0.5
1031_IEO_FEA_MD.mp4,N,48.3,0.0,0.5
1044_IWL_HAP_XX.mp4,N,56.1,0.0,0.5
1005_IEO_HAP_MD.mp4,N,63.4444444444444,0.0,0.5
1021_TAI_SAD_XX.mp4,N,66.1111111111111,0.0,0.5
1070_IWL_FEA_XX.mp4,N,50.3,0.0,0.5
1065_IWL_FEA_XX.mp4,N,75.3333333333333,0.0,0.5
1034_TAI_SAD_XX.mp4,N,67.4545454545455,0.0,0.5
1010_IEO_HAP_MD.mp4,N,56.8888888888889,0.0,0.5
1038_ITS_ANG_XX.mp4,A,65.2222222222222,-1.0,0.9
1035_IEO_FEA_HI.mp4,A,77.2,-1.0,0.9
1020_IEO_FEA_HI.mp4,F,65.2,-0.8,0.8
1014_IEO_HAP_HI.mp4,H,72.5,1.0,0.8
1010_TSI_SAD_XX.mp4,N,63.7142857142857,0.0,0.5
1005_TSI_SAD_XX.mp4,D:F,58.6,0.0,0.5
1001_IEO_HAP_HI.mp4,H,57.6,1.0,0.8
1034_WSI_ANG_XX.mp4,D:N,63.75,0.0,0.5
1021_WSI_ANG_XX.mp4,A,71.4444444444444,-1.0,0.9
1076_WSI_NEU_XX.mp4,D,60.1111111111111,-0.9,0.5
1063_WSI_NEU_XX.mp4,N,71.1111111111111,0.0,0.5
1041_DFA_SAD_XX.mp4,N,49.8888888888889,0.0,0.5
1054_DFA_SAD_XX.mp4,N,62.1111111111111,0.0,0.5
1070_IEO_ANG_LO.mp4,A:N,45.9,0.0,0.5
1046_DFA_FEA_XX.mp4,N,41.2857142857143,0.0,0.5
1053_DFA_FEA_XX.mp4,N,57.7777777777778,0.0,0.5
1065_IEO_ANG_LO.mp4,A:D:N,46.0,0.0,0.5
1056_ITH_DIS_XX.mp4,N,59.5,0.0,0.5
1067_DFA_HAP_XX.mp4,N,70.8888888888889,0.0,0.5
1072_DFA_HAP_XX.mp4,D:H:N,62.375,0.0,0.5
1043_ITH_DIS_XX.mp4,N,54.5,0.0,0.5
1053_WSI_FEA_XX.mp4,F,53.4444444444444,-0.8,0.8
1046_WSI_FEA_XX.mp4,D,50.125,-0.9,0.5
1072_WSI_HAP_XX.mp4,N,55.6666666666667,0.0,0.5
1067_WSI_HAP_XX.mp4,N,41.375,0.0,0.5
1091_IEO_DIS_LO.mp4,S,49.0,-1.0,0.3
1084_IEO_DIS_LO.mp4,N,61.5555555555556,0.0,0.5
1010_IEO_SAD_LO.mp4,N:S,55.9,0.0,0.5
1005_IEO_SAD_LO.mp4,N,52.0,0.0,0.5
1054_WSI_SAD_XX.mp4,N,43.4,0.0,0.5
1045_TIE_DIS_XX.mp4,N,52.2,0.0,0.5
1041_WSI_SAD_XX.mp4,N,47.3,0.0,0.5
1050_TIE_DIS_XX.mp4,D,53.125,-0.9,0.5
1079_IWW_DIS_XX.mp4,D,50.3,-0.9,0.5
1063_DFA_NEU_XX.mp4,N,78.3,0.0,0.5
1076_DFA_NEU_XX.mp4,N,63.4444444444444,0.0,0.5
1017_IEO_FEA_LO.mp4,N,61.0,0.0,0.5
1021_DFA_ANG_XX.mp4,A,45.4,-1.0,0.9
1034_DFA_ANG_XX.mp4,D,33.8888888888889,-0.9,0.5
1002_IEO_FEA_LO.mp4,F,60.375,-0.8,0.8
1036_IEO_HAP_LO.mp4,N,64.0,0.0,0.5
1023_IEO_HAP_LO.mp4,H,66.1,1.0,0.8
1030_IWW_NEU_XX.mp4,N,53.0,0.0,0.5
1025_IWW_NEU_XX.mp4,N,54.4,0.0,0.5
1089_WSI_NEU_XX.mp4,N,72.0,0.0,0.5
1072_IWW_ANG_XX.mp4,A,75.0,-1.0,0.9
1067_IWW_ANG_XX.mp4,N,47.3,0.0,0.5
1019_TIE_NEU_XX.mp4,N,65.5,0.0,0.5
1028_ITH_SAD_XX.mp4,S,69.5555555555556,-1.0,0.3
1048_ITH_ANG_XX.mp4,A,31.4285714285714,-1.0,0.9
1034_IWW_HAP_XX.mp4,N,51.3333333333333,0.0,0.5
1021_IWW_HAP_XX.mp4,N,42.5555555555556,0.0,0.5
1015_IWW_FEA_XX.mp4,F,54.3,-0.8,0.8
1008_TIE_HAP_XX.mp4,H,57.3333333333333,1.0,0.8
1029_TIE_FEA_XX.mp4,N,65.3333333333333,0.0,0.5
1012_IWW_SAD_XX.mp4,F,56.25,-0.8,0.8
1007_IWW_SAD_XX.mp4,F:N:S,57.5454545454545,0.0,0.5
1086_IWW_DIS_XX.mp4,N,55.0,0.0,0.5
1089_DFA_NEU_XX.mp4,N,72.0,0.0,0.5
1022_MTI_FEA_XX.mp4,N,68.3,0.0,0.5
1037_MTI_FEA_XX.mp4,S,54.1428571428571,-1.0,0.3
1003_MTI_HAP_XX.mp4,N,59.1,0.0,0.5
1016_MTI_HAP_XX.mp4,N,67.5555555555556,0.0,0.5
1020_IOM_NEU_XX.mp4,N,70.9,0.0,0.5
1035_IOM_NEU_XX.mp4,N,62.1,0.0,0.5
1033_ITS_DIS_XX.mp4,D,56.1111111111111,-0.9,0.5
1026_ITS_DIS_XX.mp4,F,43.4444444444444,-0.8,0.8
1062_IOM_ANG_XX.mp4,N,59.1,0.0,0.5
1077_IOM_ANG_XX.mp4,N,65.7142857142857,0.0,0.5
1081_ITS_HAP_XX.mp4,F,56.4444444444444,-0.8,0.8
1025_MTI_SAD_XX.mp4,N,60.0,0.0,0.5
1030_MTI_SAD_XX.mp4,N,46.6666666666667,0.0,0.5
1045_MTI_ANG_XX.mp4,N,67.4444444444444,0.0,0.5
1050_MTI_ANG_XX.mp4,A,85.4,-1.0,0.9
1059_IEO_DIS_HI.mp4,D:N,59.5,0.0,0.5
1088_IWL_SAD_XX.mp4,N,53.4444444444444,0.0,0.5
1007_MTI_NEU_XX.mp4,N,66.2,0.0,0.5
1012_MTI_NEU_XX.mp4,N,72.7,0.0,0.5
1024_IOM_HAP_XX.mp4,N,59.5,0.0,0.5
1009_IWL_DIS_XX.mp4,D,33.7,-0.9,0.5
1031_IOM_HAP_XX.mp4,N,59.9,0.0,0.5
1005_IOM_FEA_XX.mp4,N:S,45.125,0.0,0.5
1048_IEO_DIS_MD.mp4,N,54.1,0.0,0.5
1010_IOM_FEA_XX.mp4,N,65.4,0.0,0.5
1083_IOM_DIS_XX.mp4,N,47.6666666666667,0.0,0.5
1090_ITS_NEU_XX.mp4,N,68.3333333333333,0.0,0.5
1085_ITS_NEU_XX.mp4,N,56.75,0.0,0.5
1002_IOM_SAD_XX.mp4,N,62.4,0.0,0.5
1017_IOM_SAD_XX.mp4,N,65.5555555555556,0.0,0.5
1073_IWL_ANG_XX.mp4,A,63.2,-1.0,0.9
1066_IWL_ANG_XX.mp4,A,62.1111111111111,-1.0,0.9
1027_IEO_ANG_MD.mp4,A,60.0,-1.0,0.9
1032_IEO_ANG_MD.mp4,A,57.25,-1.0,0.9
1031_IWL_NEU_XX.mp4,N,74.1,0.0,0.5
1024_IWL_NEU_XX.mp4,N,75.5555555555556,0.0,0.5
1036_IEO_ANG_HI.mp4,A,77.9,-1.0,0.9
1023_IEO_ANG_HI.mp4,A,90.9,-1.0,0.9
1067_TAI_NEU_XX.mp4,N,60.6,0.0,0.5
1029_ITS_SAD_XX.mp4,F,69.3,-0.8,0.8
1072_TAI_NEU_XX.mp4,N,74.7,0.0,0.5
1025_TAI_ANG_XX.mp4,A,42.7777777777778,-1.0,0.9
1030_TAI_ANG_XX.mp4,A,56.7777777777778,-1.0,0.9
1014_TSI_ANG_XX.mp4,A,60.4,-1.0,0.9
1001_TSI_ANG_XX.mp4,D,65.3333333333333,-0.9,0.5
1056_TSI_NEU_XX.mp4,N,69.1111111111111,0.0,0.5
1043_TSI_NEU_XX.mp4,N,70.9,0.0,0.5
1061_IEO_HAP_MD.mp4,H:N,64.5555555555556,0.0,0.5
1014_IWL_FEA_XX.mp4,N,51.875,0.0,0.5
1045_TAI_SAD_XX.mp4,N,53.2857142857143,0.0,0.5
1050_TAI_SAD_XX.mp4,N,56.0,0.0,0.5
1001_IWL_FEA_XX.mp4,A,42.25,-1.0,0.9
1074_IEO_HAP_MD.mp4,H,71.2857142857143,1.0,0.8
1035_IWL_HAP_XX.mp4,N,65.9,0.0,0.5
1040_IEO_FEA_MD.mp4,N,44.3333333333333,0.0,0.5
1055_IEO_FEA_MD.mp4,N,59.2,0.0,0.5
1018_IOM_DIS_XX.mp4,D,56.3333333333333,-0.9,0.5
1020_IWL_HAP_XX.mp4,H,66.3333333333333,1.0,0.8
1049_ITS_ANG_XX.mp4,N,53.4444444444444,0.0,0.5
1070_IEO_HAP_HI.mp4,N,71.3,0.0,0.5
1074_TSI_SAD_XX.mp4,N,58.7,0.0,0.5
1061_TSI_SAD_XX.mp4,N,58.25,0.0,0.5
1065_IEO_HAP_HI.mp4,N,46.2222222222222,0.0,0.5
1051_IEO_FEA_HI.mp4,N,55.8,0.0,0.5
1044_IEO_FEA_HI.mp4,F,65.1,-0.8,0.8
1089_MTI_NEU_XX.mp4,N,65.8,0.0,0.5
1042_TAI_FEA_XX.mp4,N,49.6666666666667,0.0,0.5
1013_IWL_SAD_XX.mp4,N,53.9090909090909,0.0,0.5
1006_IWL_SAD_XX.mp4,S,43.7777777777778,-1.0,0.3
1057_TAI_FEA_XX.mp4,N,57.0,0.0,0.5
1063_TAI_HAP_XX.mp4,H,56.7,1.0,0.8
1047_IEO_SAD_MD.mp4,N,56.8,0.0,0.5
1052_IEO_SAD_MD.mp4,N,61.5,0.0,0.5
1076_TAI_HAP_XX.mp4,H,51.5555555555556,1.0,0.8
1073_TSI_FEA_XX.mp4,N,41.3,0.0,0.5
1066_TSI_FEA_XX.mp4,F:N,52.625,0.0,0.5
1052_TSI_HAP_XX.mp4,N,55.2857142857143,0.0,0.5
1056_IEO_SAD_HI.mp4,N,57.5,0.0,0.5
1087_IWL_DIS_XX.mp4,N,52.5,0.0,0.5
1043_IEO_SAD_HI.mp4,N,60.7777777777778,0.0,0.5
1047_TSI_HAP_XX.mp4,F,44.2222222222222,-0.8,0.8
1003_DFA_HAP_XX.mp4,H:S,48.625,0.0,0.5
1032_ITH_DIS_XX.mp4,S,60.75,-1.0,0.3
1027_ITH_DIS_XX.mp4,N,62.8888888888889,0.0,0.5
1016_DFA_HAP_XX.mp4,N,70.375,0.0,0.5
1022_DFA_FEA_XX.mp4,N,64.9,0.0,0.5
1014_IEO_ANG_LO.mp4,D,67.0,-0.9,0.5
1001_IEO_ANG_LO.mp4,N,52.7,0.0,0.5
1037_DFA_FEA_XX.mp4,N,49.4,0.0,0.5
1050_WSI_ANG_XX.mp4,A,83.7,-1.0,0.9
1045_WSI_ANG_XX.mp4,A,45.25,-1.0,0.9
1012_WSI_NEU_XX.mp4,N,47.0,0.0,0.5
1080_ITH_HAP_XX.mp4,N,62.1,0.0,0.5
1007_WSI_NEU_XX.mp4,A,38.5,-1.0,0.9
1082_TIE_NEU_XX.mp4,N,67.2,0.0,0.5
1025_DFA_SAD_XX.mp4,N,62.0,0.0,0.5
1030_DFA_SAD_XX.mp4,S,61.125,-1.0,0.3
1089_IWW_SAD_XX.mp4,S,60.8,-1.0,0.3
1030_WSI_SAD_XX.mp4,N,48.6,0.0,0.5
1021_TIE_DIS_XX.mp4,N,56.1111111111111,0.0,0.5
1025_WSI_SAD_XX.mp4,N:S,47.2222222222222,0.0,0.5
1034_TIE_DIS_XX.mp4,D:N,40.1,0.0,0.5
1007_DFA_NEU_XX.mp4,N,64.875,0.0,0.5
1012_DFA_NEU_XX.mp4,N,47.5,0.0,0.5
1008_IWW_DIS_XX.mp4,F,42.4285714285714,-0.8,0.8
1052_IEO_HAP_LO.mp4,N,44.9,0.0,0.5
1047_IEO_HAP_LO.mp4,N,74.2,0.0,0.5
1045_DFA_ANG_XX.mp4,N,68.5714285714286,0.0,0.5
1073_IEO_FEA_LO.mp4,N,68.625,0.0,0.5
1066_IEO_FEA_LO.mp4,N,65.5,0.0,0.5
1050_DFA_ANG_XX.mp4,A,79.5555555555556,-1.0,0.9
1091_ITH_NEU_XX.mp4,N,50.6,0.0,0.5
1016_WSI_HAP_XX.mp4,A,52.2,-1.0,0.9
1003_WSI_HAP_XX.mp4,S,60.375,-1.0,0.3
1084_ITH_NEU_XX.mp4,N,70.3,0.0,0.5
1037_WSI_FEA_XX.mp4,F,63.5,-0.8,0.8
1022_WSI_FEA_XX.mp4,N,57.4444444444444,0.0,0.5
1074_IEO_SAD_LO.mp4,N,67.5,0.0,0.5
1061_IEO_SAD_LO.mp4,N,36.75,0.0,0.5
1086_TIE_HAP_XX.mp4,A,58.25,-1.0,0.9
1038_WSI_SAD_XX.mp4,A,30.8888888888889,-1.0,0.9
1029_TIE_DIS_XX.mp4,A,45.5555555555556,-1.0,0.9
1081_IWW_SAD_XX.mp4,N,58.7777777777778,0.0,0.5
1015_IWW_DIS_XX.mp4,N,56.5,0.0,0.5
1058_DFA_ANG_XX.mp4,A,60.4,-1.0,0.9
1086_IWW_FEA_XX.mp4,F,53.6,-0.8,0.8
1069_IEO_SAD_LO.mp4,N,61.5,0.0,0.5
1009_IEO_ANG_LO.mp4,N,57.5555555555556,0.0,0.5
1058_WSI_ANG_XX.mp4,A,72.5555555555556,-1.0,0.9
1088_ITH_HAP_XX.mp4,N,70.125,0.0,0.5
1038_DFA_SAD_XX.mp4,F:N,46.8888888888889,0.0,0.5
1010_IOM_DIS_XX.mp4,N,53.1,0.0,0.5
1028_IWL_HAP_XX.mp4,H,55.6,1.0,0.8
1005_IOM_DIS_XX.mp4,D,55.2,-0.9,0.5
1048_IEO_FEA_MD.mp4,F,71.7,-0.8,0.8
1003_ITS_NEU_XX.mp4,N,55.8,0.0,0.5
1058_TAI_SAD_XX.mp4,S,67.25,-1.0,0.3
1009_IWL_FEA_XX.mp4,A:H,57.6666666666667,0.0,0.5
1069_IEO_HAP_MD.mp4,H,63.0,1.0,0.8
1016_ITS_NEU_XX.mp4,N,57.5,0.0,0.5
1041_ITS_ANG_XX.mp4,A,68.4444444444444,-1.0,0.9
1054_ITS_ANG_XX.mp4,N,70.2222222222222,0.0,0.5
1059_IEO_FEA_HI.mp4,A,67.8,-1.0,0.9
1069_TSI_SAD_XX.mp4,N,61.8888888888889,0.0,0.5
1091_IOM_SAD_XX.mp4,S,73.0,-1.0,0.3
1084_IOM_SAD_XX.mp4,N,55.6,0.0,0.5
1078_IEO_HAP_HI.mp4,F,83.2,-0.8,0.8
1081_MTI_NEU_XX.mp4,N,47.7,0.0,0.5
1083_IOM_FEA_XX.mp4,S,58.5555555555556,-1.0,0.3
1026_ITS_FEA_XX.mp4,N,46.5,0.0,0.5
1033_ITS_FEA_XX.mp4,F,68.7777777777778,-0.8,0.8
1039_IWL_NEU_XX.mp4,N,61.8888888888889,0.0,0.5
1007_ITS_HAP_XX.mp4,N,80.625,0.0,0.5
1012_ITS_HAP_XX.mp4,N,57.625,0.0,0.5
1037_MTI_DIS_XX.mp4,N,51.125,0.0,0.5
1022_MTI_DIS_XX.mp4,N,49.6,0.0,0.5
1021_ITS_SAD_XX.mp4,N,43.6,0.0,0.5
1034_ITS_SAD_XX.mp4,N,55.5,0.0,0.5
1090_MTI_HAP_XX.mp4,N,65.7,0.0,0.5
1038_TAI_ANG_XX.mp4,A,73.1428571428571,-1.0,0.9
1085_MTI_HAP_XX.mp4,N,68.3333333333333,0.0,0.5
1009_TSI_ANG_XX.mp4,A,83.4,-1.0,0.9
1080_IWL_SAD_XX.mp4,N,52.2222222222222,0.0,0.5
1044_IEO_DIS_HI.mp4,D,60.3333333333333,-0.9,0.5
1051_IEO_DIS_HI.mp4,D,51.375,-0.9,0.5
1058_MTI_ANG_XX.mp4,D,65.25,-0.9,0.5
1055_IEO_DIS_MD.mp4,D,43.0,-0.9,0.5
1018_IOM_FEA_XX.mp4,N,54.3,0.0,0.5
1040_IEO_DIS_MD.mp4,N,68.3333333333333,0.0,0.5
1001_IWL_DIS_XX.mp4,N,56.5555555555556,0.0,0.5
1039_IOM_HAP_XX.mp4,H,39.0,1.0,0.8
1014_IWL_DIS_XX.mp4,A:D,41.5,0.0,0.5
1087_IWL_FEA_XX.mp4,N,56.6666666666667,0.0,0.5
1066_TSI_DIS_XX.mp4,D,70.1,-0.9,0.5
1073_TSI_DIS_XX.mp4,N,59.3333333333333,0.0,0.5
1057_TAI_DIS_XX.mp4,N,58.2,0.0,0.5
1042_TAI_DIS_XX.mp4,A,52.8,-1.0,0.9
1028_IOM_NEU_XX.mp4,N,81.0,0.0,0.5
1087_TSI_ANG_XX.mp4,A,62.625,-1.0,0.9
1089_ITS_HAP_XX.mp4,N,46.75,0.0,0.5
1038_MTI_SAD_XX.mp4,N,51.1111111111111,0.0,0.5
1066_IEO_DIS_LO.mp4,N,59.625,0.0,0.5
1073_IEO_DIS_LO.mp4,N,66.2,0.0,0.5
1040_ITH_ANG_XX.mp4,N,41.8,0.0,0.5
1055_ITH_ANG_XX.mp4,A,57.875,-1.0,0.9
1085_WSI_HAP_XX.mp4,D,62.1,-0.9,0.5
1002_ITH_NEU_XX.mp4,N,55.8888888888889,0.0,0.5
1008_IWW_FEA_XX.mp4,F,62.125,-0.8,0.8
1017_ITH_NEU_XX.mp4,N,57.8,0.0,0.5
1090_WSI_HAP_XX.mp4,H,52.2222222222222,1.0,0.8
1029_IWW_HAP_XX.mp4,N,61.6,0.0,0.5
1034_TIE_FEA_XX.mp4,A:N,31.4444444444444,0.0,0.5
1021_TIE_FEA_XX.mp4,N,65.0,0.0,0.5
1015_TIE_HAP_XX.mp4,N,61.5555555555556,0.0,0.5
1022_WSI_DIS_XX.mp4,A:D,55.3333333333333,0.0,0.5
1033_TIE_SAD_XX.mp4,S,44.3333333333333,-1.0,0.3
1037_WSI_DIS_XX.mp4,N,53.4285714285714,0.0,0.5
1026_TIE_SAD_XX.mp4,N,59.7,0.0,0.5
1081_DFA_NEU_XX.mp4,N,58.8,0.0,0.5
1037_DFA_DIS_XX.mp4,D:N,52.0,0.0,0.5
1006_ITH_HAP_XX.mp4,H:N,51.9,0.0,0.5
1081_WSI_NEU_XX.mp4,N,49.6,0.0,0.5
1013_ITH_HAP_XX.mp4,A:H,43.0,0.0,0.5
1022_DFA_DIS_XX.mp4,D,66.7272727272727,-0.9,0.5
1027_ITH_FEA_XX.mp4,F:N,55.1428571428571,0.0,0.5
1032_ITH_FEA_XX.mp4,F:N,54.3333333333333,0.0,0.5
1038_IWW_NEU_XX.mp4,N,53.6666666666667,0.0,0.5
1053_TIE_ANG_XX.mp4,A,65.5555555555556,-1.0,0.9
1046_TIE_ANG_XX.mp4,N,69.2857142857143,0.0,0.5
1011_TIE_NEU_XX.mp4,N,53.7777777777778,0.0,0.5
1004_TIE_NEU_XX.mp4,N,52.7,0.0,0.5
1033_IEO_NEU_XX.mp4,N,72.8,0.0,0.5
1026_IEO_NEU_XX.mp4,N,57.7777777777778,0.0,0.5
1020_ITH_SAD_XX.mp4,S,77.875,-1.0,0.3
1035_ITH_SAD_XX.mp4,N,51.125,0.0,0.5
1090_DFA_HAP_XX.mp4,N,51.3,0.0,0.5
1085_DFA_HAP_XX.mp4,H,54.8888888888889,1.0,0.8
1087_IEO_ANG_LO.mp4,N,67.6,0.0,0.5
1018_IEO_SAD_LO.mp4,N:S,60.3333333333333,0.0,0.5
1049_WSI_SAD_XX.mp4,N,70.4444444444444,0.0,0.5
1058_TIE_DIS_XX.mp4,N,54.3333333333333,0.0,0.5
1064_IWW_DIS_XX.mp4,D:F:N,58.4,0.0,0.5
1071_IWW_DIS_XX.mp4,F,46.4,-0.8,0.8
1029_DFA_ANG_XX.mp4,A,68.3636363636364,-1.0,0.9
1085_IWW_ANG_XX.mp4,D,64.4,-0.9,0.5
1090_IWW_ANG_XX.mp4,D,61.8,-0.9,0.5
1029_WSI_ANG_XX.mp4,A,92.8,-1.0,0.9
1049_DFA_SAD_XX.mp4,N,63.375,0.0,0.5
1078_IEO_ANG_LO.mp4,N,59.5555555555556,0.0,0.5
1067_ITS_NEU_XX.mp4,N,56.5,0.0,0.5
1018_IEO_HAP_MD.mp4,N,66.8,0.0,0.5
1072_ITS_NEU_XX.mp4,N,59.875,0.0,0.5
1029_TAI_SAD_XX.mp4,F,51.0,-0.8,0.8
1078_IWL_FEA_XX.mp4,F,48.4444444444444,-0.8,0.8
1039_IEO_FEA_MD.mp4,N,62.6,0.0,0.5
1074_IOM_DIS_XX.mp4,D,52.5555555555556,-0.9,0.5
1061_IOM_DIS_XX.mp4,N,52.8888888888889,0.0,0.5
1059_IWL_HAP_XX.mp4,A,64.1111111111111,-1.0,0.9
1025_ITS_ANG_XX.mp4,D,47.2727272727273,-0.9,0.5
1030_ITS_ANG_XX.mp4,D,51.1,-0.9,0.5
1009_IEO_HAP_HI.mp4,A,67.0,-1.0,0.9
1018_TSI_SAD_XX.mp4,N,55.1,0.0,0.5
1028_IEO_FEA_HI.mp4,F,68.1,-0.8,0.8
1045_ITS_SAD_XX.mp4,N,41.0,0.0,0.5
1050_ITS_SAD_XX.mp4,N,40.0,0.0,0.5
1049_TAI_ANG_XX.mp4,A,70.3333333333333,-1.0,0.9
1080_IOM_ANG_XX.mp4,A,52.0,-1.0,0.9
1078_TSI_ANG_XX.mp4,A,65.4444444444444,-1.0,0.9
1063_ITS_HAP_XX.mp4,H,61.0,1.0,0.8
1076_ITS_HAP_XX.mp4,H,52.375,1.0,0.8
1042_ITS_FEA_XX.mp4,N,56.9,0.0,0.5
1048_IWL_NEU_XX.mp4,N,70.8888888888889,0.0,0.5
1057_ITS_FEA_XX.mp4,N,57.6666666666667,0.0,0.5
1053_MTI_DIS_XX.mp4,S,51.6666666666667,-1.0,0.3
1046_MTI_DIS_XX.mp4,N,68.5,0.0,0.5
1002_TSI_DIS_XX.mp4,D,77.5,-0.9,0.5
1017_TSI_DIS_XX.mp4,D:F,75.0,0.0,0.5
1083_IEO_HAP_MD.mp4,H,50.0,1.0,0.8
1033_TAI_DIS_XX.mp4,N,59.5555555555556,0.0,0.5
1026_TAI_DIS_XX.mp4,A,51.25,-1.0,0.9
1083_TSI_SAD_XX.mp4,N,55.5,0.0,0.5
1087_IEO_HAP_HI.mp4,F:H:N,54.75,0.0,0.5
1081_TAI_HAP_XX.mp4,F,62.7,-0.8,0.8
1029_MTI_ANG_XX.mp4,A,81.125,-1.0,0.9
1020_IEO_DIS_HI.mp4,S,55.2222222222222,-1.0,0.3
1035_IEO_DIS_HI.mp4,F,57.875,-0.8,0.8
1065_IWL_DIS_XX.mp4,N,65.8888888888889,0.0,0.5
1070_IWL_DIS_XX.mp4,N,55.9,0.0,0.5
1048_IOM_HAP_XX.mp4,N,65.8,0.0,0.5
1031_IEO_DIS_MD.mp4,N,73.7,0.0,0.5
1084_TSI_FEA_XX.mp4,N,60.2,0.0,0.5
1069_IOM_FEA_XX.mp4,N,51.9,0.0,0.5
1024_IEO_DIS_MD.mp4,D,50.7,-0.9,0.5
1091_TSI_FEA_XX.mp4,F,66.3,-0.8,0.8
1049_MTI_SAD_XX.mp4,N,51.0,0.0,0.5
1084_IWL_ANG_XX.mp4,A,51.7,-1.0,0.9
1091_IWL_ANG_XX.mp4,N,37.4444444444444,0.0,0.5
1090_TAI_NEU_XX.mp4,N,71.9,0.0,0.5
1085_TAI_NEU_XX.mp4,N,70.7777777777778,0.0,0.5
1059_IOM_NEU_XX.mp4,N,64.3,0.0,0.5
1084_IEO_FEA_LO.mp4,N,52.6,0.0,0.5
1091_IEO_FEA_LO.mp4,S,45.7,-1.0,0.3
1046_WSI_DIS_XX.mp4,N,71.4444444444444,0.0,0.5
1057_TIE_SAD_XX.mp4,N:S,39.1111111111111,0.0,0.5
1053_WSI_DIS_XX.mp4,A,48.4,-1.0,0.9
1042_TIE_SAD_XX.mp4,N,49.7,0.0,0.5
1024_ITH_ANG_XX.mp4,N,71.25,0.0,0.5
1031_ITH_ANG_XX.mp4,N,47.5555555555556,0.0,0.5
1002_IEO_DIS_LO.mp4,N,57.5714285714286,0.0,0.5
1017_IEO_DIS_LO.mp4,S,46.2222222222222,-1.0,0.3
1058_IWW_HAP_XX.mp4,F,39.75,-0.8,0.8
1066_ITH_NEU_XX.mp4,N,55.4444444444444,0.0,0.5
1073_ITH_NEU_XX.mp4,N,75.6,0.0,0.5
1079_IWW_FEA_XX.mp4,F:S,62.2222222222222,0.0,0.5
1071_TIE_HAP_XX.mp4,N,71.625,0.0,0.5
1064_TIE_HAP_XX.mp4,H,73.0,1.0,0.8
1050_TIE_FEA_XX.mp4,N,59.7777777777778,0.0,0.5
1045_TIE_FEA_XX.mp4,N,59.0,0.0,0.5
1083_IEO_SAD_LO.mp4,N,54.25,0.0,0.5
1057_IEO_NEU_XX.mp4,N,72.5,0.0,0.5
1042_IEO_NEU_XX.mp4,N,57.5,0.0,0.5
1044_ITH_SAD_XX.mp4,F:N,45.125,0.0,0.5
1051_ITH_SAD_XX.mp4,N,68.2857142857143,0.0,0.5
1043_ITH_FEA_XX.mp4,N,58.5,0.0,0.5
1049_IWW_NEU_XX.mp4,N,67.5,0.0,0.5
1056_ITH_FEA_XX.mp4,F:N,62.6,0.0,0.5
1062_ITH_HAP_XX.mp4,N,71.7777777777778,0.0,0.5
1053_DFA_DIS_XX.mp4,D,55.2,-0.9,0.5
1046_DFA_DIS_XX.mp4,N,57.5,0.0,0.5
1077_ITH_HAP_XX.mp4,N,75.2857142857143,0.0,0.5
1037_TIE_ANG_XX.mp4,A,82.6666666666667,-1.0,0.9
1022_TIE_ANG_XX.mp4,A,61.5555555555556,-1.0,0.9
1075_TIE_NEU_XX.mp4,N,58.875,0.0,0.5
1060_TIE_NEU_XX.mp4,N,55.3333333333333,0.0,0.5
1005_TIE_NEU_XX.mp4,N,76.0,0.0,0.5
1010_TIE_NEU_XX.mp4,N,55.9,0.0,0.5
1047_TIE_ANG_XX.mp4,A,69.9090909090909,-1.0,0.9
1052_TIE_ANG_XX.mp4,A,86.7,-1.0,0.9
1033_ITH_FEA_XX.mp4,F,49.6,-0.8,0.8
1039_IWW_NEU_XX.mp4,N,53.0909090909091,0.0,0.5
1026_ITH_FEA_XX.mp4,N,54.8888888888889,0.0,0.5
1012_ITH_HAP_XX.mp4,N,44.8888888888889,0.0,0.5
1023_DFA_DIS_XX.mp4,N,67.2,0.0,0.5
1036_DFA_DIS_XX.mp4,A,58.3333333333333,-1.0,0.9
1007_ITH_HAP_XX.mp4,N,53.6666666666667,0.0,0.5
1080_WSI_NEU_XX.mp4,D,46.0,-0.9,0.5
1086_IEO_ANG_LO.mp4,A,51.7,-1.0,0.9
1084_DFA_HAP_XX.mp4,N,62.3333333333333,0.0,0.5
1091_DFA_HAP_XX.mp4,H,70.1,1.0,0.8
1034_ITH_SAD_XX.mp4,N,55.4,0.0,0.5
1021_ITH_SAD_XX.mp4,N,51.4,0.0,0.5
1027_IEO_NEU_XX.mp4,N,69.9,0.0,0.5
1032_IEO_NEU_XX.mp4,N,77.25,0.0,0.5
1001_TIE_HAP_XX.mp4,N,62.5714285714286,0.0,0.5
1014_TIE_HAP_XX.mp4,A,61.2,-1.0,0.9
1020_TIE_FEA_XX.mp4,N,54.2,0.0,0.5
1035_TIE_FEA_XX.mp4,A,67.375,-1.0,0.9
1028_IWW_HAP_XX.mp4,H,53.9,1.0,0.8
1016_ITH_NEU_XX.mp4,N,59.2727272727273,0.0,0.5
1091_WSI_HAP_XX.mp4,N,62.4,0.0,0.5
1084_WSI_HAP_XX.mp4,N,69.1,0.0,0.5
1003_ITH_NEU_XX.mp4,N,76.9,0.0,0.5
1009_IWW_FEA_XX.mp4,F,64.6,-0.8,0.8
1054_ITH_ANG_XX.mp4,F,53.6666666666667,-0.8,0.8
1041_ITH_ANG_XX.mp4,A,59.5555555555556,-1.0,0.9
1072_IEO_DIS_LO.mp4,N:S,62.375,0.0,0.5
1067_IEO_DIS_LO.mp4,D,64.0,-0.9,0.5
1036_WSI_DIS_XX.mp4,D,61.3333333333333,-0.9,0.5
1027_TIE_SAD_XX.mp4,N,65.4,0.0,0.5
1080_DFA_NEU_XX.mp4,N,60.7142857142857,0.0,0.5
1023_WSI_DIS_XX.mp4,N,73.8,0.0,0.5
1032_TIE_SAD_XX.mp4,N,55.7,0.0,0.5
1086_TSI_ANG_XX.mp4,A,66.5555555555556,-1.0,0.9
1029_IOM_NEU_XX.mp4,N,65.0,0.0,0.5
1039_MTI_SAD_XX.mp4,S,70.7777777777778,-1.0,0.3
1088_ITS_HAP_XX.mp4,F,61.4,-0.8,0.8
1015_IWL_DIS_XX.mp4,N,55.2222222222222,0.0,0.5
1038_IOM_HAP_XX.mp4,N,61.625,0.0,0.5
1041_IEO_DIS_MD.mp4,D,57.2222222222222,-0.9,0.5
1054_IEO_DIS_MD.mp4,D,55.6666666666667,-0.9,0.5
1019_IOM_FEA_XX.mp4,S,54.6666666666667,-1.0,0.3
1059_MTI_ANG_XX.mp4,A,80.7142857142857,-1.0,0.9
1050_IEO_DIS_HI.mp4,N,72.4444444444444,0.0,0.5
1081_IWL_SAD_XX.mp4,N,51.0,0.0,0.5
1045_IEO_DIS_HI.mp4,N:S,48.1111111111111,0.0,0.5
1043_TAI_DIS_XX.mp4,N,45.1111111111111,0.0,0.5
1056_TAI_DIS_XX.mp4,A,42.375,-1.0,0.9
1072_TSI_DIS_XX.mp4,N,51.5555555555556,0.0,0.5
1067_TSI_DIS_XX.mp4,N,49.6666666666667,0.0,0.5
1086_IWL_FEA_XX.mp4,N,57.8888888888889,0.0,0.5
1023_MTI_DIS_XX.mp4,F,56.7777777777778,-0.8,0.8
1036_MTI_DIS_XX.mp4,D,53.3,-0.9,0.5
1013_ITS_HAP_XX.mp4,H,64.8,1.0,0.8
1006_ITS_HAP_XX.mp4,H,71.2222222222222,1.0,0.8
1032_ITS_FEA_XX.mp4,F,72.5555555555556,-0.8,0.8
1038_IWL_NEU_XX.mp4,N,63.25,0.0,0.5
1027_ITS_FEA_XX.mp4,F:N,47.4,0.0,0.5
1008_TSI_ANG_XX.mp4,A,81.3,-1.0,0.9
1084_MTI_HAP_XX.mp4,N,58.0,0.0,0.5
1091_MTI_HAP_XX.mp4,N,45.3333333333333,0.0,0.5
1039_TAI_ANG_XX.mp4,A,67.625,-1.0,0.9
1035_ITS_SAD_XX.mp4,D:N,44.375,0.0,0.5
1020_ITS_SAD_XX.mp4,S,47.7777777777778,-1.0,0.3
1085_IOM_SAD_XX.mp4,N,50.6666666666667,0.0,0.5
1079_IEO_HAP_HI.mp4,H,68.0,1.0,0.8
1068_TSI_SAD_XX.mp4,N,58.0,0.0,0.5
1090_IOM_SAD_XX.mp4,S,55.7,-1.0,0.3
1058_IEO_FEA_HI.mp4,F,71.0,-0.8,0.8
1055_ITS_ANG_XX.mp4,N,50.0,0.0,0.5
1040_ITS_ANG_XX.mp4,N,63.5,0.0,0.5
1068_IEO_HAP_MD.mp4,N,70.125,0.0,0.5
1017_ITS_NEU_XX.mp4,N,57.125,0.0,0.5
1002_ITS_NEU_XX.mp4,F,57.8888888888889,-0.8,0.8
1059_TAI_SAD_XX.mp4,S,70.7,-1.0,0.3
1008_IWL_FEA_XX.mp4,S,64.8,-1.0,0.3
1004_IOM_DIS_XX.mp4,N,64.4,0.0,0.5
1049_IEO_FEA_MD.mp4,D,56.1111111111111,-0.9,0.5
1011_IOM_DIS_XX.mp4,N,49.1,0.0,0.5
1029_IWL_HAP_XX.mp4,H,57.5,1.0,0.8
1082_IOM_FEA_XX.mp4,N,57.5555555555556,0.0,0.5
1080_MTI_NEU_XX.mp4,N,76.2222222222222,0.0,0.5
1008_IEO_ANG_LO.mp4,D,56.4444444444444,-0.9,0.5
1039_DFA_SAD_XX.mp4,S,50.875,-1.0,0.3
1089_ITH_HAP_XX.mp4,H:N,67.6,0.0,0.5
1059_WSI_ANG_XX.mp4,A,75.6,-1.0,0.9
1059_DFA_ANG_XX.mp4,A,70.4444444444444,-1.0,0.9
1014_IWW_DIS_XX.mp4,A,54.0,-1.0,0.9
1001_IWW_DIS_XX.mp4,N,57.0,0.0,0.5
1080_IWW_SAD_XX.mp4,D:S,47.3333333333333,0.0,0.5
1039_WSI_SAD_XX.mp4,S,47.1,-1.0,0.3
1028_TIE_DIS_XX.mp4,D,67.75,-0.9,0.5
1068_IEO_SAD_LO.mp4,N:S,56.25,0.0,0.5
1087_IWW_FEA_XX.mp4,F:N,53.6,0.0,0.5
1050_ITH_SAD_XX.mp4,N,45.3333333333333,0.0,0.5
1045_ITH_SAD_XX.mp4,N,65.4,0.0,0.5
1043_IEO_NEU_XX.mp4,N,59.3333333333333,0.0,0.5
1056_IEO_NEU_XX.mp4,N,69.0,0.0,0.5
1061_TIE_NEU_XX.mp4,N,63.7,0.0,0.5
1074_TIE_NEU_XX.mp4,N,72.0,0.0,0.5
1023_TIE_ANG_XX.mp4,A,69.1111111111111,-1.0,0.9
1036_TIE_ANG_XX.mp4,N,47.3,0.0,0.5
1047_DFA_DIS_XX.mp4,N,54.9,0.0,0.5
1076_ITH_HAP_XX.mp4,N,58.5,0.0,0.5
1063_ITH_HAP_XX.mp4,H,73.2,1.0,0.8
1052_DFA_DIS_XX.mp4,N,40.0,0.0,0.5
1057_ITH_FEA_XX.mp4,S,53.0,-1.0,0.3
1042_ITH_FEA_XX.mp4,N,64.4444444444444,0.0,0.5
1048_IWW_NEU_XX.mp4,N,54.6666666666667,0.0,0.5
1052_WSI_DIS_XX.mp4,N,64.4444444444444,0.0,0.5
1043_TIE_SAD_XX.mp4,N,63.2857142857143,0.0,0.5
1047_WSI_DIS_XX.mp4,A,55.9,-1.0,0.9
1056_TIE_SAD_XX.mp4,N:S,64.1111111111111,0.0,0.5
1090_IEO_FEA_LO.mp4,N,65.5555555555556,0.0,0.5
1085_IEO_FEA_LO.mp4,N,58.1,0.0,0.5
1082_IEO_SAD_LO.mp4,N,55.4444444444444,0.0,0.5
1044_TIE_FEA_XX.mp4,A,57.5555555555556,-1.0,0.9
1051_TIE_FEA_XX.mp4,F,55.0,-0.8,0.8
1065_TIE_HAP_XX.mp4,H,53.75,1.0,0.8
1070_TIE_HAP_XX.mp4,N,72.75,0.0,0.5
1072_ITH_NEU_XX.mp4,N,48.1,0.0,0.5
1078_IWW_FEA_XX.mp4,F,79.2222222222222,-0.8,0.8
1067_ITH_NEU_XX.mp4,N,68.4444444444444,0.0,0.5
1059_IWW_HAP_XX.mp4,A,50.125,-1.0,0.9
1016_IEO_DIS_LO.mp4,D,40.25,-0.9,0.5
1003_IEO_DIS_LO.mp4,N,61.0909090909091,0.0,0.5
1030_ITH_ANG_XX.mp4,N,60.0,0.0,0.5
1025_ITH_ANG_XX.mp4,F:N,61.6666666666667,0.0,0.5
1090_IWL_ANG_XX.mp4,A,52.1111111111111,-1.0,0.9
1085_IWL_ANG_XX.mp4,A,71.9,-1.0,0.9
1048_MTI_SAD_XX.mp4,N,56.0,0.0,0.5
1058_IOM_NEU_XX.mp4,N,63.8888888888889,0.0,0.5
1084_TAI_NEU_XX.mp4,N,64.8181818181818,0.0,0.5
1091_TAI_NEU_XX.mp4,N,65.4,0.0,0.5
1082_TSI_SAD_XX.mp4,N,72.9,0.0,0.5
1086_IEO_HAP_HI.mp4,H,81.2857142857143,1.0,0.8
1027_TAI_DIS_XX.mp4,N,46.1111111111111,0.0,0.5
1032_TAI_DIS_XX.mp4,N,50.5555555555556,0.0,0.5
1082_IEO_HAP_MD.mp4,N,73.5,0.0,0.5
1016_TSI_DIS_XX.mp4,D,68.0,-0.9,0.5
1003_TSI_DIS_XX.mp4,D,74.375,-0.9,0.5
1068_IOM_FEA_XX.mp4,N,58.1,0.0,0.5
1025_IEO_DIS_MD.mp4,F,57.3333333333333,-0.8,0.8
1090_TSI_FEA_XX.mp4,N,57.5,0.0,0.5
1030_IEO_DIS_MD.mp4,N,48.8888888888889,0.0,0.5
1085_TSI_FEA_XX.mp4,N,61.375,0.0,0.5
1071_IWL_DIS_XX.mp4,D,45.6,-0.9,0.5
1049_IOM_HAP_XX.mp4,H:N,68.5,0.0,0.5
1064_IWL_DIS_XX.mp4,N,53.1,0.0,0.5
1034_IEO_DIS_HI.mp4,A:H,59.7,0.0,0.5
1021_IEO_DIS_HI.mp4,D,46.6,-0.9,0.5
1080_TAI_HAP_XX.mp4,N,57.8888888888889,0.0,0.5
1028_MTI_ANG_XX.mp4,A,69.2,-1.0,0.9
1081_IOM_ANG_XX.mp4,A:N,48.5,0.0,0.5
1079_TSI_ANG_XX.mp4,A,68.8888888888889,-1.0,0.9
1048_TAI_ANG_XX.mp4,D,58.5555555555556,-0.9,0.5
1051_ITS_SAD_XX.mp4,N,45.7777777777778,0.0,0.5
1044_ITS_SAD_XX.mp4,N,51.3,0.0,0.5
1047_MTI_DIS_XX.mp4,D,60.0,-0.9,0.5
1052_MTI_DIS_XX.mp4,D,56.0,-0.9,0.5
1056_ITS_FEA_XX.mp4,F,49.8,-0.8,0.8
1043_ITS_FEA_XX.mp4,F,58.0,-0.8,0.8
1049_IWL_NEU_XX.mp4,N,56.3333333333333,0.0,0.5
1077_ITS_HAP_XX.mp4,H:N,59.7,0.0,0.5
1062_ITS_HAP_XX.mp4,N,56.0,0.0,0.5
1029_IEO_FEA_HI.mp4,F,59.2,-0.8,0.8
1019_TSI_SAD_XX.mp4,N,63.1111111111111,0.0,0.5
1008_IEO_HAP_HI.mp4,F,75.4444444444444,-0.8,0.8
1031_ITS_ANG_XX.mp4,N,54.2222222222222,0.0,0.5
1024_ITS_ANG_XX.mp4,H,38.2222222222222,1.0,0.8
1060_IOM_DIS_XX.mp4,N,69.6666666666667,0.0,0.5
1058_IWL_HAP_XX.mp4,H,64.7,1.0,0.8
1038_IEO_FEA_MD.mp4,N,69.25,0.0,0.5
1075_IOM_DIS_XX.mp4,F:N:S,57.4,0.0,0.5
1073_ITS_NEU_XX.mp4,N,75.8888888888889,0.0,0.5
1028_TAI_SAD_XX.mp4,S,73.9,-1.0,0.3
1079_IWL_FEA_XX.mp4,S,56.0,-1.0,0.3
1066_ITS_NEU_XX.mp4,N,55.6666666666667,0.0,0.5
1019_IEO_HAP_MD.mp4,N,69.2222222222222,0.0,0.5
1048_DFA_SAD_XX.mp4,N,64.4,0.0,0.5
1028_WSI_ANG_XX.mp4,A,69.2,-1.0,0.9
1091_IWW_ANG_XX.mp4,D,46.6,-0.9,0.5
1084_IWW_ANG_XX.mp4,F,53.4,-0.8,0.8
1079_IEO_ANG_LO.mp4,A,61.3333333333333,-1.0,0.9
1019_IEO_SAD_LO.mp4,N,63.2,0.0,0.5
1028_DFA_ANG_XX.mp4,A,65.9090909090909,-1.0,0.9
1070_IWW_DIS_XX.mp4,D,55.75,-0.9,0.5
1065_IWW_DIS_XX.mp4,F:N,51.1111111111111,0.0,0.5
1048_WSI_SAD_XX.mp4,S,65.5555555555556,-1.0,0.3
1059_TIE_DIS_XX.mp4,A:D,64.75,0.0,0.5
1004_IEO_SAD_LO.mp4,S,55.3333333333333,-1.0,0.3
1011_IEO_SAD_LO.mp4,D:S,59.8,0.0,0.5
1085_IEO_DIS_LO.mp4,D,50.0,-0.9,0.5
1090_IEO_DIS_LO.mp4,N,69.7777777777778,0.0,0.5
1066_WSI_HAP_XX.mp4,A:H:N,46.25,0.0,0.5
1073_WSI_HAP_XX.mp4,D,53.4,-0.9,0.5
1047_WSI_FEA_XX.mp4,N,47.3,0.0,0.5
1052_WSI_FEA_XX.mp4,F,43.6666666666667,-0.8,0.8
1022_IEO_HAP_LO.mp4,N,74.8888888888889,0.0,0.5
1037_IEO_HAP_LO.mp4,N,49.4,0.0,0.5
1035_DFA_ANG_XX.mp4,D,56.0,-0.9,0.5
1003_IEO_FEA_LO.mp4,D,43.3,-0.9,0.5
1016_IEO_FEA_LO.mp4,N,35.875,0.0,0.5
1020_DFA_ANG_XX.mp4,A,46.8,-1.0,0.9
1077_DFA_NEU_XX.mp4,N,48.4,0.0,0.5
1062_DFA_NEU_XX.mp4,N,72.6,0.0,0.5
1078_IWW_DIS_XX.mp4,N,38.4,0.0,0.5
1040_WSI_SAD_XX.mp4,N,54.4444444444444,0.0,0.5
1051_TIE_DIS_XX.mp4,D,47.6666666666667,-0.9,0.5
1055_WSI_SAD_XX.mp4,N,53.6666666666667,0.0,0.5
1044_TIE_DIS_XX.mp4,A,70.0,-1.0,0.9
1055_DFA_SAD_XX.mp4,S,64.2222222222222,-1.0,0.3
1040_DFA_SAD_XX.mp4,N,57.1,0.0,0.5
1062_WSI_NEU_XX.mp4,N,69.0,0.0,0.5
1077_WSI_NEU_XX.mp4,N,54.4,0.0,0.5
1020_WSI_ANG_XX.mp4,A,73.3,-1.0,0.9
1035_WSI_ANG_XX.mp4,A,74.0909090909091,-1.0,0.9
1073_DFA_HAP_XX.mp4,N,49.6666666666667,0.0,0.5
1042_ITH_DIS_XX.mp4,A:D,62.0,0.0,0.5
1057_ITH_DIS_XX.mp4,N,48.5454545454545,0.0,0.5
1066_DFA_HAP_XX.mp4,N,71.4444444444444,0.0,0.5
1052_DFA_FEA_XX.mp4,F,45.8888888888889,-0.8,0.8
1064_IEO_ANG_LO.mp4,A,56.0,-1.0,0.9
1071_IEO_ANG_LO.mp4,D,46.625,-0.9,0.5
1047_DFA_FEA_XX.mp4,F:N,50.5,0.0,0.5
1003_TSI_FEA_XX.mp4,F,68.375,-0.8,0.8
1016_TSI_FEA_XX.mp4,F,59.1,-0.8,0.8
1026_IEO_SAD_HI.mp4,F,50.2,-0.8,0.8
1022_TSI_HAP_XX.mp4,N,71.625,0.0,0.5
1037_TSI_HAP_XX.mp4,A:F,65.2,0.0,0.5
1033_IEO_SAD_HI.mp4,N,80.6666666666667,0.0,0.5
1032_TAI_FEA_XX.mp4,N,45.875,0.0,0.5
1063_IWL_SAD_XX.mp4,N,48.8571428571429,0.0,0.5
1076_IWL_SAD_XX.mp4,N,44.2,0.0,0.5
1027_TAI_FEA_XX.mp4,F,58.5,-0.8,0.8
1037_IEO_SAD_MD.mp4,N,59.3333333333333,0.0,0.5
1013_TAI_HAP_XX.mp4,H,54.3333333333333,1.0,0.8
1006_TAI_HAP_XX.mp4,H,50.4444444444444,1.0,0.8
1022_IEO_SAD_MD.mp4,N,57.7,0.0,0.5
1004_TSI_SAD_XX.mp4,N,54.2,0.0,0.5
1015_IEO_HAP_HI.mp4,N,51.7777777777778,0.0,0.5
1011_TSI_SAD_XX.mp4,N,62.3333333333333,0.0,0.5
1021_IEO_FEA_HI.mp4,S,48.9090909090909,-1.0,0.3
1034_IEO_FEA_HI.mp4,A,72.3333333333333,-1.0,0.9
1039_ITS_ANG_XX.mp4,A:D,61.6,0.0,0.5
1064_IWL_FEA_XX.mp4,N:S,52.0,0.0,0.5
1035_TAI_SAD_XX.mp4,D,51.6,-0.9,0.5
1011_IEO_HAP_MD.mp4,N,57.8,0.0,0.5
1004_IEO_HAP_MD.mp4,D,50.6666666666667,-0.9,0.5
1020_TAI_SAD_XX.mp4,S,54.2222222222222,-1.0,0.3
1071_IWL_FEA_XX.mp4,N,63.4444444444444,0.0,0.5
1085_TSI_DIS_XX.mp4,N,56.5555555555556,0.0,0.5
1030_IEO_FEA_MD.mp4,N,62.9,0.0,0.5
1045_IWL_HAP_XX.mp4,N,63.9,0.0,0.5
1068_IOM_DIS_XX.mp4,N,52.3,0.0,0.5
1050_IWL_HAP_XX.mp4,D:N,49.3333333333333,0.0,0.5
1090_TSI_DIS_XX.mp4,N,55.0,0.0,0.5
1025_IEO_FEA_MD.mp4,N,58.5555555555556,0.0,0.5
1026_TSI_NEU_XX.mp4,N,52.8,0.0,0.5
1033_TSI_NEU_XX.mp4,N,66.3,0.0,0.5
1064_TSI_ANG_XX.mp4,A,72.9,-1.0,0.9
1089_IOM_ANG_XX.mp4,A,64.9,-1.0,0.9
1071_TSI_ANG_XX.mp4,D,53.625,-0.9,0.5
1055_TAI_ANG_XX.mp4,A,58.7777777777778,-1.0,0.9
1040_TAI_ANG_XX.mp4,A:S,35.875,0.0,0.5
1017_TAI_NEU_XX.mp4,N,69.5555555555556,0.0,0.5
1059_ITS_SAD_XX.mp4,N,57.5,0.0,0.5
1002_TAI_NEU_XX.mp4,N,52.6666666666667,0.0,0.5
1046_IEO_ANG_HI.mp4,A,65.0,-1.0,0.9
1053_IEO_ANG_HI.mp4,A,93.0,-1.0,0.9
1041_IWL_NEU_XX.mp4,N,71.3333333333333,0.0,0.5
1054_IWL_NEU_XX.mp4,N,65.4444444444444,0.0,0.5
1003_IWL_ANG_XX.mp4,A,78.7,-1.0,0.9
1016_IWL_ANG_XX.mp4,A,62.3636363636364,-1.0,0.9
1057_IEO_ANG_MD.mp4,A,59.625,-1.0,0.9
1042_IEO_ANG_MD.mp4,A:D,55.2222222222222,0.0,0.5
1072_IOM_SAD_XX.mp4,N,36.0,0.0,0.5
1067_IOM_SAD_XX.mp4,N,48.625,0.0,0.5
1054_IOM_HAP_XX.mp4,N,68.5,0.0,0.5
1079_IWL_DIS_XX.mp4,N,52.8888888888889,0.0,0.5
1041_IOM_HAP_XX.mp4,N,68.3333333333333,0.0,0.5
1038_IEO_DIS_MD.mp4,D,55.0,-0.9,0.5
1075_IOM_FEA_XX.mp4,N,76.6666666666667,0.0,0.5
1060_IOM_FEA_XX.mp4,S,43.4,-1.0,0.3
1077_MTI_NEU_XX.mp4,N,74.7,0.0,0.5
1062_MTI_NEU_XX.mp4,N,75.0909090909091,0.0,0.5
1035_MTI_ANG_XX.mp4,D:F:H:N,59.6666666666667,0.0,0.5
1088_TAI_HAP_XX.mp4,N:S,66.0,0.0,0.5
1020_MTI_ANG_XX.mp4,H,61.8,1.0,0.8
1029_IEO_DIS_HI.mp4,A,91.0,-1.0,0.9
1055_MTI_SAD_XX.mp4,N,60.5,0.0,0.5
1040_MTI_SAD_XX.mp4,S,50.1,-1.0,0.3
1012_IOM_ANG_XX.mp4,A,62.8888888888889,-1.0,0.9
1007_IOM_ANG_XX.mp4,A,60.8181818181818,-1.0,0.9
1050_IOM_NEU_XX.mp4,N,53.9,0.0,0.5
1045_IOM_NEU_XX.mp4,N,67.6363636363636,0.0,0.5
1043_ITS_DIS_XX.mp4,N,48.2222222222222,0.0,0.5
1056_ITS_DIS_XX.mp4,N,49.1,0.0,0.5
1052_MTI_FEA_XX.mp4,F,56.75,-0.8,0.8
1047_MTI_FEA_XX.mp4,N,57.2222222222222,0.0,0.5
1073_MTI_HAP_XX.mp4,N,60.8,0.0,0.5
1066_MTI_HAP_XX.mp4,N,70.3,0.0,0.5
1062_IWW_SAD_XX.mp4,N,56.8,0.0,0.5
1077_IWW_SAD_XX.mp4,N,67.1111111111111,0.0,0.5
1078_TIE_HAP_XX.mp4,A:N,52.0,0.0,0.5
1059_TIE_FEA_XX.mp4,F,52.0,-0.8,0.8
1044_IWW_HAP_XX.mp4,N,60.875,0.0,0.5
1051_IWW_HAP_XX.mp4,F,52.4,-0.8,0.8
1065_IWW_FEA_XX.mp4,D,45.1111111111111,-0.9,0.5
1070_IWW_FEA_XX.mp4,N,57.75,0.0,0.5
1038_ITH_ANG_XX.mp4,A:D,60.2,0.0,0.5
1058_ITH_SAD_XX.mp4,N,55.5,0.0,0.5
1069_TIE_NEU_XX.mp4,A:N:S,47.5,0.0,0.5
1002_IWW_ANG_XX.mp4,A,66.7142857142857,-1.0,0.9
1017_IWW_ANG_XX.mp4,N,41.9,0.0,0.5
1040_IWW_NEU_XX.mp4,N,70.0,0.0,0.5
1055_IWW_NEU_XX.mp4,N,73.875,0.0,0.5
1067_IEO_FEA_LO.mp4,D:N,42.5,0.0,0.5
1051_DFA_ANG_XX.mp4,A,51.8888888888889,-1.0,0.9
1044_DFA_ANG_XX.mp4,A,68.2,-1.0,0.9
1072_IEO_FEA_LO.mp4,F:N,60.6666666666667,0.0,0.5
1046_IEO_HAP_LO.mp4,N,68.7,0.0,0.5
1053_IEO_HAP_LO.mp4,N,63.0,0.0,0.5
1009_IWW_DIS_XX.mp4,F,59.75,-0.8,0.8
1013_DFA_NEU_XX.mp4,N,73.4,0.0,0.5
1006_DFA_NEU_XX.mp4,N,59.3,0.0,0.5
1024_WSI_SAD_XX.mp4,N,47.0,0.0,0.5
1035_TIE_DIS_XX.mp4,H,71.75,1.0,0.8
1031_WSI_SAD_XX.mp4,N,60.1,0.0,0.5
1020_TIE_DIS_XX.mp4,D:N,60.2,0.0,0.5
1088_IWW_SAD_XX.mp4,N,44.3,0.0,0.5
1087_TIE_HAP_XX.mp4,N,73.0,0.0,0.5
1060_IEO_SAD_LO.mp4,N,55.5,0.0,0.5
1075_IEO_SAD_LO.mp4,N,51.8,0.0,0.5
1023_WSI_FEA_XX.mp4,A,66.2857142857143,-1.0,0.9
1036_WSI_FEA_XX.mp4,F,81.2222222222222,-0.8,0.8
1002_WSI_HAP_XX.mp4,A,61.0,-1.0,0.9
1085_ITH_NEU_XX.mp4,N,68.2222222222222,0.0,0.5
1090_ITH_NEU_XX.mp4,N,49.2727272727273,0.0,0.5
1017_WSI_HAP_XX.mp4,A,53.3,-1.0,0.9
1036_DFA_FEA_XX.mp4,F,51.1111111111111,-0.8,0.8
1023_DFA_FEA_XX.mp4,N,55.4,0.0,0.5
1015_IEO_ANG_LO.mp4,A,39.1,-1.0,0.9
1026_ITH_DIS_XX.mp4,D,62.125,-0.9,0.5
1017_DFA_HAP_XX.mp4,N,75.1428571428571,0.0,0.5
1002_DFA_HAP_XX.mp4,H,49.7,1.0,0.8
1033_ITH_DIS_XX.mp4,D:N,42.6666666666667,0.0,0.5
1031_DFA_SAD_XX.mp4,N,74.7777777777778,0.0,0.5
1083_TIE_NEU_XX.mp4,N,49.2,0.0,0.5
1024_DFA_SAD_XX.mp4,N,63.1111111111111,0.0,0.5
1081_ITH_HAP_XX.mp4,H,48.5,1.0,0.8
1006_WSI_NEU_XX.mp4,N,48.5454545454545,0.0,0.5
1013_WSI_NEU_XX.mp4,A,57.7777777777778,-1.0,0.9
1044_WSI_ANG_XX.mp4,A,67.8,-1.0,0.9
1051_WSI_ANG_XX.mp4,N,63.4,0.0,0.5
1045_IEO_FEA_HI.mp4,F,59.5555555555556,-0.8,0.8
1050_IEO_FEA_HI.mp4,A,92.2,-1.0,0.9
1060_TSI_SAD_XX.mp4,N,34.4444444444444,0.0,0.5
1064_IEO_HAP_HI.mp4,F,63.0,-0.8,0.8
1071_IEO_HAP_HI.mp4,N,56.1,0.0,0.5
1075_TSI_SAD_XX.mp4,S,52.6,-1.0,0.3
1048_ITS_ANG_XX.mp4,N,64.2,0.0,0.5
1054_IEO_FEA_MD.mp4,F,50.2,-0.8,0.8
1019_IOM_DIS_XX.mp4,D,69.0,-0.9,0.5
1021_IWL_HAP_XX.mp4,N,58.375,0.0,0.5
1034_IWL_HAP_XX.mp4,N,54.2222222222222,0.0,0.5
1041_IEO_FEA_MD.mp4,S,35.0,-1.0,0.3
1051_TAI_SAD_XX.mp4,S,55.8571428571429,-1.0,0.3
1075_IEO_HAP_MD.mp4,N,62.6,0.0,0.5
1060_IEO_HAP_MD.mp4,H,55.4444444444444,1.0,0.8
1015_IWL_FEA_XX.mp4,F,37.8571428571429,-0.8,0.8
1044_TAI_SAD_XX.mp4,F,49.7,-0.8,0.8
1086_IWL_DIS_XX.mp4,N,68.7777777777778,0.0,0.5
1042_IEO_SAD_HI.mp4,N,58.9,0.0,0.5
1046_TSI_HAP_XX.mp4,N,50.5555555555556,0.0,0.5
1053_TSI_HAP_XX.mp4,A,51.0,-1.0,0.9
1057_IEO_SAD_HI.mp4,N,54.5454545454545,0.0,0.5
1067_TSI_FEA_XX.mp4,N,52.3333333333333,0.0,0.5
1072_TSI_FEA_XX.mp4,F,74.5,-0.8,0.8
1053_IEO_SAD_MD.mp4,N,72.1111111111111,0.0,0.5
1077_TAI_HAP_XX.mp4,N,69.2,0.0,0.5
1062_TAI_HAP_XX.mp4,N,71.375,0.0,0.5
1046_IEO_SAD_MD.mp4,N,53.1111111111111,0.0,0.5
1007_IWL_SAD_XX.mp4,N,65.2,0.0,0.5
1056_TAI_FEA_XX.mp4,F,49.1111111111111,-0.8,0.8
1043_TAI_FEA_XX.mp4,S,36.25,-1.0,0.3
1012_IWL_SAD_XX.mp4,N,48.8888888888889,0.0,0.5
1088_MTI_NEU_XX.mp4,N,65.5,0.0,0.5
1022_IEO_ANG_HI.mp4,A,83.0,-1.0,0.9
1037_IEO_ANG_HI.mp4,A,80.1,-1.0,0.9
1025_IWL_NEU_XX.mp4,N,54.8888888888889,0.0,0.5
1030_IWL_NEU_XX.mp4,N,71.1,0.0,0.5
1033_IEO_ANG_MD.mp4,A,64.0,-1.0,0.9
1026_IEO_ANG_MD.mp4,A,54.0,-1.0,0.9
1067_IWL_ANG_XX.mp4,D:N,50.8888888888889,0.0,0.5
1072_IWL_ANG_XX.mp4,A,61.3,-1.0,0.9
1042_TSI_NEU_XX.mp4,N,58.4444444444444,0.0,0.5
1057_TSI_NEU_XX.mp4,N,62.6666666666667,0.0,0.5
1015_TSI_ANG_XX.mp4,A,65.375,-1.0,0.9
1031_TAI_ANG_XX.mp4,N,70.5,0.0,0.5
1024_TAI_ANG_XX.mp4,N,69.625,0.0,0.5
1028_ITS_SAD_XX.mp4,S,70.0,-1.0,0.3
1073_TAI_NEU_XX.mp4,N,75.5,0.0,0.5
1066_TAI_NEU_XX.mp4,N,55.4,0.0,0.5
1011_IOM_FEA_XX.mp4,N,60.3,0.0,0.5
1004_IOM_FEA_XX.mp4,N,54.2,0.0,0.5
1049_IEO_DIS_MD.mp4,H,54.2,1.0,0.8
1008_IWL_DIS_XX.mp4,A:N,56.3333333333333,0.0,0.5
1030_IOM_HAP_XX.mp4,N,70.2,0.0,0.5
1025_IOM_HAP_XX.mp4,H,62.6363636363636,1.0,0.8
1013_MTI_NEU_XX.mp4,N,58.8,0.0,0.5
1006_MTI_NEU_XX.mp4,N,54.3333333333333,0.0,0.5
1089_IWL_SAD_XX.mp4,S,59.6,-1.0,0.3
1058_IEO_DIS_HI.mp4,D,42.2222222222222,-0.9,0.5
1051_MTI_ANG_XX.mp4,A,52.0,-1.0,0.9
1044_MTI_ANG_XX.mp4,N,65.6,0.0,0.5
1016_IOM_SAD_XX.mp4,N,60.1111111111111,0.0,0.5
1003_IOM_SAD_XX.mp4,S,46.0,-1.0,0.3
1084_ITS_NEU_XX.mp4,N,60.0,0.0,0.5
1091_ITS_NEU_XX.mp4,N,57.3,0.0,0.5
1082_IOM_DIS_XX.mp4,N,54.3,0.0,0.5
1076_IOM_ANG_XX.mp4,D,47.7777777777778,-0.9,0.5
1063_IOM_ANG_XX.mp4,A,54.0,-1.0,0.9
1027_ITS_DIS_XX.mp4,N,46.7777777777778,0.0,0.5
1032_ITS_DIS_XX.mp4,N,50.3,0.0,0.5
1034_IOM_NEU_XX.mp4,N,58.75,0.0,0.5
1021_IOM_NEU_XX.mp4,N,60.7,0.0,0.5
1017_MTI_HAP_XX.mp4,N,55.1,0.0,0.5
1002_MTI_HAP_XX.mp4,F:H:N,49.5555555555556,0.0,0.5
1036_MTI_FEA_XX.mp4,F,76.125,-0.8,0.8
1023_MTI_FEA_XX.mp4,N,49.1,0.0,0.5
1031_MTI_SAD_XX.mp4,N,58.875,0.0,0.5
1024_MTI_SAD_XX.mp4,N,60.1111111111111,0.0,0.5
1080_ITS_HAP_XX.mp4,N,57.25,0.0,0.5
1028_TIE_FEA_XX.mp4,S,53.3,-1.0,0.3
1009_TIE_HAP_XX.mp4,D,44.0,-0.9,0.5
1001_IWW_FEA_XX.mp4,A,51.75,-1.0,0.9
1014_IWW_FEA_XX.mp4,F,48.875,-0.8,0.8
1020_IWW_HAP_XX.mp4,N,59.4444444444444,0.0,0.5
1035_IWW_HAP_XX.mp4,H,46.6666666666667,1.0,0.8
1049_ITH_ANG_XX.mp4,F,72.25,-0.8,0.8
1088_DFA_NEU_XX.mp4,N,73.1,0.0,0.5
1087_IWW_DIS_XX.mp4,N,40.5,0.0,0.5
1006_IWW_SAD_XX.mp4,S,57.8888888888889,-1.0,0.3
1013_IWW_SAD_XX.mp4,F,41.1,-0.8,0.8
1018_TIE_NEU_XX.mp4,N,70.1,0.0,0.5
1066_IWW_ANG_XX.mp4,A:D,51.2222222222222,0.0,0.5
1073_IWW_ANG_XX.mp4,A,60.1,-1.0,0.9
1088_WSI_NEU_XX.mp4,N,55.1,0.0,0.5
1024_IWW_NEU_XX.mp4,N,49.1111111111111,0.0,0.5
1031_IWW_NEU_XX.mp4,N,56.5,0.0,0.5
1029_ITH_SAD_XX.mp4,F,59.0,-0.8,0.8
1039_WSI_FEA_XX.mp4,S,72.0,-1.0,0.3
1080_IWW_FEA_XX.mp4,F,41.5555555555556,-0.8,0.8
1018_WSI_HAP_XX.mp4,H:N,61.375,0.0,0.5
1088_TIE_HAP_XX.mp4,N,69.0,0.0,0.5
1087_IWW_SAD_XX.mp4,N,48.2222222222222,0.0,0.5
1068_IEO_FEA_LO.mp4,N,52.1,0.0,0.5
1049_IEO_HAP_LO.mp4,N,46.2222222222222,0.0,0.5
1006_IWW_DIS_XX.mp4,N,40.5555555555556,0.0,0.5
1013_IWW_DIS_XX.mp4,D,58.0,-0.9,0.5
1009_DFA_NEU_XX.mp4,N,53.8,0.0,0.5
1009_WSI_NEU_XX.mp4,N,64.2,0.0,0.5
1039_DFA_FEA_XX.mp4,N,46.3,0.0,0.5
1018_DFA_HAP_XX.mp4,H,74.625,1.0,0.8
1029_ITH_DIS_XX.mp4,A,57.6666666666667,-1.0,0.9
1078_TAI_HAP_XX.mp4,H:N,63.7777777777778,0.0,0.5
1049_IEO_SAD_MD.mp4,S,61.5555555555556,-1.0,0.3
1059_TAI_FEA_XX.mp4,F,56.625,-0.8,0.8
1008_IWL_SAD_XX.mp4,N,68.625,0.0,0.5
1087_MTI_NEU_XX.mp4,N,60.1,0.0,0.5
1049_TSI_HAP_XX.mp4,F,78.5555555555556,-0.8,0.8
1089_IWL_DIS_XX.mp4,H,37.625,1.0,0.8
1058_IEO_SAD_HI.mp4,S,91.2222222222222,-1.0,0.3
1090_IOM_FEA_XX.mp4,N:S,56.1,0.0,0.5
1068_TSI_FEA_XX.mp4,N,54.0,0.0,0.5
1085_IOM_FEA_XX.mp4,S,44.0,-1.0,0.3
1047_ITS_ANG_XX.mp4,A:N,55.6,0.0,0.5
1052_ITS_ANG_XX.mp4,A,51.2222222222222,-1.0,0.9
1016_IOM_DIS_XX.mp4,N,58.5,0.0,0.5
1003_IOM_DIS_XX.mp4,D,58.8,-0.9,0.5
1005_ITS_NEU_XX.mp4,N,66.7777777777778,0.0,0.5
1010_ITS_NEU_XX.mp4,N,57.625,0.0,0.5
1082_IOM_SAD_XX.mp4,S,52.5,-1.0,0.3
1083_MTI_HAP_XX.mp4,N,66.4444444444444,0.0,0.5
1027_ITS_SAD_XX.mp4,F,40.5,-0.8,0.8
1069_TAI_NEU_XX.mp4,N,65.3333333333333,0.0,0.5
1032_ITS_SAD_XX.mp4,N:S,60.0,0.0,0.5
1058_TSI_NEU_XX.mp4,N,62.6,0.0,0.5
1020_ITS_FEA_XX.mp4,N,51.5,0.0,0.5
1035_ITS_FEA_XX.mp4,F,64.8181818181818,-0.8,0.8
1001_ITS_HAP_XX.mp4,H,48.5,1.0,0.8
1014_ITS_HAP_XX.mp4,H:N,58.2222222222222,0.0,0.5
1029_IEO_ANG_MD.mp4,A,63.625,-1.0,0.9
1068_IWL_ANG_XX.mp4,A,58.6,-1.0,0.9
1038_IEO_ANG_HI.mp4,A,80.1,-1.0,0.9
1031_MTI_DIS_XX.mp4,N,59.5555555555556,0.0,0.5
1024_MTI_DIS_XX.mp4,D,42.8888888888889,-0.9,0.5
1081_IWL_FEA_XX.mp4,N,54.5,0.0,0.5
1060_TSI_DIS_XX.mp4,N,47.5,0.0,0.5
1075_TSI_DIS_XX.mp4,N,58.0909090909091,0.0,0.5
1019_IOM_SAD_XX.mp4,N,63.0,0.0,0.5
1051_TAI_DIS_XX.mp4,D:N,50.2727272727273,0.0,0.5
1044_TAI_DIS_XX.mp4,D,71.4285714285714,-0.9,0.5
1042_IEO_DIS_HI.mp4,D,70.4444444444444,-0.9,0.5
1086_IWL_SAD_XX.mp4,N,58.25,0.0,0.5
1057_IEO_DIS_HI.mp4,N,44.1,0.0,0.5
1053_IEO_DIS_MD.mp4,D,53.6,-0.9,0.5
1046_IEO_DIS_MD.mp4,N,54.9,0.0,0.5
1007_IWL_DIS_XX.mp4,N,49.1111111111111,0.0,0.5
1012_IWL_DIS_XX.mp4,D,44.9,-0.9,0.5
1018_MTI_HAP_XX.mp4,H:S,46.3333333333333,0.0,0.5
1039_MTI_FEA_XX.mp4,S,56.8,-1.0,0.3
1079_IOM_ANG_XX.mp4,A,50.6,-1.0,0.9
1081_TSI_ANG_XX.mp4,A,66.7777777777778,-1.0,0.9
1028_ITS_DIS_XX.mp4,D,54.4,-0.9,0.5
1009_IWW_SAD_XX.mp4,N,56.1,0.0,0.5
1035_TIE_SAD_XX.mp4,N,47.75,0.0,0.5
1024_WSI_DIS_XX.mp4,S,62.375,-1.0,0.3
1087_DFA_NEU_XX.mp4,N,38.7777777777778,0.0,0.5
1020_TIE_SAD_XX.mp4,F:N:S,49.9,0.0,0.5
1031_WSI_DIS_XX.mp4,N,61.5,0.0,0.5
1088_IWW_DIS_XX.mp4,N,50.4444444444444,0.0,0.5
1004_ITH_NEU_XX.mp4,N,66.4,0.0,0.5
1083_WSI_HAP_XX.mp4,N,50.8,0.0,0.5
1011_ITH_NEU_XX.mp4,N,71.8888888888889,0.0,0.5
1060_IEO_DIS_LO.mp4,N:S,65.8,0.0,0.5
1075_IEO_DIS_LO.mp4,N,58.7777777777778,0.0,0.5
1046_ITH_ANG_XX.mp4,N,60.2222222222222,0.0,0.5
1053_ITH_ANG_XX.mp4,A,64.0,-1.0,0.9
1032_TIE_FEA_XX.mp4,D:N,48.8,0.0,0.5
1027_TIE_FEA_XX.mp4,N,56.9,0.0,0.5
1013_TIE_HAP_XX.mp4,N,67.8333333333333,0.0,0.5
1006_TIE_HAP_XX.mp4,N,59.1111111111111,0.0,0.5
1026_ITH_SAD_XX.mp4,N,52.1,0.0,0.5
1033_ITH_SAD_XX.mp4,N,55.7777777777778,0.0,0.5
1035_IEO_NEU_XX.mp4,N,77.4,0.0,0.5
1020_IEO_NEU_XX.mp4,N,72.4,0.0,0.5
1083_DFA_HAP_XX.mp4,N,52.1,0.0,0.5
1081_IEO_ANG_LO.mp4,D:N,55.7777777777778,0.0,0.5
1069_IWW_ANG_XX.mp4,A,69.0,-1.0,0.9
1087_WSI_NEU_XX.mp4,N,66.3,0.0,0.5
1031_DFA_DIS_XX.mp4,N,62.1111111111111,0.0,0.5
1024_DFA_DIS_XX.mp4,A:D,61.1111111111111,0.0,0.5
1015_ITH_HAP_XX.mp4,N,63.7,0.0,0.5
1021_ITH_FEA_XX.mp4,N:S,46.1111111111111,0.0,0.5
1034_ITH_FEA_XX.mp4,N,66.25,0.0,0.5
1017_TIE_NEU_XX.mp4,N,61.5,0.0,0.5
1055_TIE_ANG_XX.mp4,A,70.7,-1.0,0.9
1040_TIE_ANG_XX.mp4,A:D:N,64.5555555555556,0.0,0.5
1038_IEO_HAP_LO.mp4,N,66.5,0.0,0.5
1019_IEO_FEA_LO.mp4,N,46.5,0.0,0.5
1078_DFA_NEU_XX.mp4,N,52.3333333333333,0.0,0.5
1062_IWW_DIS_XX.mp4,F,46.1111111111111,-0.8,0.8
1077_IWW_DIS_XX.mp4,N,55.7,0.0,0.5
1069_WSI_HAP_XX.mp4,A:H,48.375,0.0,0.5
1048_WSI_FEA_XX.mp4,N,38.5555555555556,0.0,0.5
1069_DFA_HAP_XX.mp4,H,63.4444444444444,1.0,0.8
1058_ITH_DIS_XX.mp4,N,69.3333333333333,0.0,0.5
1048_DFA_FEA_XX.mp4,N,53.5,0.0,0.5
1078_WSI_NEU_XX.mp4,N,51.0,0.0,0.5
1083_IWW_ANG_XX.mp4,D,53.4444444444444,-0.9,0.5
1023_ITS_ANG_XX.mp4,D,37.5,-0.9,0.5
1036_ITS_ANG_XX.mp4,A,70.1111111111111,-1.0,0.9
1061_ITS_NEU_XX.mp4,N,51.9,0.0,0.5
1074_ITS_NEU_XX.mp4,N,68.2,0.0,0.5
1072_IOM_DIS_XX.mp4,D,51.625,-0.9,0.5
1067_IOM_DIS_XX.mp4,N:S,54.0,0.0,0.5
1028_TAI_FEA_XX.mp4,S,55.1,-1.0,0.3
1079_IWL_SAD_XX.mp4,N,60.9,0.0,0.5
1038_IEO_SAD_MD.mp4,N,68.3,0.0,0.5
1009_TAI_HAP_XX.mp4,F,62.4444444444444,-0.8,0.8
1019_TSI_FEA_XX.mp4,F,48.6,-0.8,0.8
1029_IEO_SAD_HI.mp4,S,80.6,-1.0,0.3
1038_TSI_HAP_XX.mp4,N,66.8,0.0,0.5
1065_ITS_HAP_XX.mp4,H:N,59.5,0.0,0.5
1070_ITS_HAP_XX.mp4,N,47.5,0.0,0.5
1044_ITS_FEA_XX.mp4,F,52.0,-0.8,0.8
1051_ITS_FEA_XX.mp4,F,44.5,-0.8,0.8
1019_IWL_ANG_XX.mp4,A,48.5454545454545,-1.0,0.9
1058_IEO_ANG_MD.mp4,A,72.8,-1.0,0.9
1055_MTI_DIS_XX.mp4,N,57.0,0.0,0.5
1040_MTI_DIS_XX.mp4,N,65.0,0.0,0.5
1049_IEO_ANG_HI.mp4,A,73.5,-1.0,0.9
1018_TAI_NEU_XX.mp4,N,57.2,0.0,0.5
1043_ITS_SAD_XX.mp4,N,48.8888888888889,0.0,0.5
1056_ITS_SAD_XX.mp4,N,52.1111111111111,0.0,0.5
1029_TSI_NEU_XX.mp4,N,44.9,0.0,0.5
1086_IOM_ANG_XX.mp4,A:D,63.1111111111111,0.0,0.5
1078_MTI_NEU_XX.mp4,N,44.0909090909091,0.0,0.5
1087_TAI_HAP_XX.mp4,N,57.4,0.0,0.5
1026_IEO_DIS_HI.mp4,A,48.5,-1.0,0.9
1033_IEO_DIS_HI.mp4,D,49.5,-0.9,0.5
1063_IWL_DIS_XX.mp4,D:N,43.2727272727273,0.0,0.5
1076_IWL_DIS_XX.mp4,N,53.0,0.0,0.5
1082_TSI_FEA_XX.mp4,N,73.6,0.0,0.5
1037_IEO_DIS_MD.mp4,S,65.3,-1.0,0.3
1022_IEO_DIS_MD.mp4,N,58.8888888888889,0.0,0.5
1004_TSI_DIS_XX.mp4,D,62.1,-0.9,0.5
1011_TSI_DIS_XX.mp4,D,48.7777777777778,-0.9,0.5
1090_IEO_HAP_MD.mp4,N,55.875,0.0,0.5
1085_IEO_HAP_MD.mp4,D:N,63.5,0.0,0.5
1035_TAI_DIS_XX.mp4,F,60.375,-0.8,0.8
1020_TAI_DIS_XX.mp4,D,57.2222222222222,-0.9,0.5
1081_IEO_HAP_HI.mp4,H,74.0,1.0,0.8
1085_TSI_SAD_XX.mp4,N,40.0,0.0,0.5
1090_TSI_SAD_XX.mp4,D:F,57.7,0.0,0.5
1068_IOM_SAD_XX.mp4,N,68.3,0.0,0.5
1083_TAI_NEU_XX.mp4,N,63.6,0.0,0.5
1048_MTI_FEA_XX.mp4,S,62.8,-1.0,0.3
1069_MTI_HAP_XX.mp4,H,62.0,1.0,0.8
1008_IOM_ANG_XX.mp4,D,64.8,-0.9,0.5
1059_ITS_DIS_XX.mp4,N,45.0,0.0,0.5
1082_IWL_ANG_XX.mp4,N,58.6666666666667,0.0,0.5
1060_ITH_NEU_XX.mp4,N,58.875,0.0,0.5
1075_ITH_NEU_XX.mp4,N,65.0909090909091,0.0,0.5
1022_ITH_ANG_XX.mp4,N,64.7272727272727,0.0,0.5
1037_ITH_ANG_XX.mp4,D,41.9,-0.9,0.5
1004_IEO_DIS_LO.mp4,N,70.0,0.0,0.5
1011_IEO_DIS_LO.mp4,N,60.375,0.0,0.5
1085_IEO_SAD_LO.mp4,N,54.2222222222222,0.0,0.5
1090_IEO_SAD_LO.mp4,N,62.0,0.0,0.5
1077_TIE_HAP_XX.mp4,N,61.625,0.0,0.5
1062_TIE_HAP_XX.mp4,N,57.4,0.0,0.5
1056_TIE_FEA_XX.mp4,F,46.9090909090909,-0.8,0.8
1043_TIE_FEA_XX.mp4,F:N,51.3333333333333,0.0,0.5
1078_IWW_SAD_XX.mp4,N,55.3,0.0,0.5
1051_TIE_SAD_XX.mp4,N,72.625,0.0,0.5
1040_WSI_DIS_XX.mp4,S,58.3333333333333,-1.0,0.3
1044_TIE_SAD_XX.mp4,N,46.1,0.0,0.5
1055_WSI_DIS_XX.mp4,D,53.5555555555556,-0.9,0.5
1082_IEO_FEA_LO.mp4,N,52.7,0.0,0.5
1018_IWW_ANG_XX.mp4,A,55.875,-1.0,0.9
1045_ITH_FEA_XX.mp4,N,55.0,0.0,0.5
1050_ITH_FEA_XX.mp4,F,58.1428571428571,-0.8,0.8
1055_DFA_DIS_XX.mp4,N,56.1111111111111,0.0,0.5
1064_ITH_HAP_XX.mp4,H,54.8571428571429,1.0,0.8
1071_ITH_HAP_XX.mp4,N,63.875,0.0,0.5
1040_DFA_DIS_XX.mp4,N,47.5555555555556,0.0,0.5
1073_TIE_NEU_XX.mp4,N,63.8,0.0,0.5
1066_TIE_NEU_XX.mp4,N,65.7272727272727,0.0,0.5
1031_TIE_ANG_XX.mp4,N,54.375,0.0,0.5
1024_TIE_ANG_XX.mp4,N,65.6,0.0,0.5
1042_ITH_SAD_XX.mp4,N,56.4444444444444,0.0,0.5
1057_ITH_SAD_XX.mp4,N,54.3333333333333,0.0,0.5
1051_IEO_NEU_XX.mp4,N,66.4545454545455,0.0,0.5
1044_IEO_NEU_XX.mp4,N,81.9,0.0,0.5
1010_IWW_ANG_XX.mp4,A,73.5555555555556,-1.0,0.9
1005_IWW_ANG_XX.mp4,D:F,45.4545454545455,0.0,0.5
1079_ITH_HAP_XX.mp4,H,51.5,1.0,0.8
1048_DFA_DIS_XX.mp4,D,54.25,-0.9,0.5
1058_ITH_FEA_XX.mp4,F,69.6,-0.8,0.8
1052_IWW_NEU_XX.mp4,N,59.1,0.0,0.5
1047_IWW_NEU_XX.mp4,N,65.4444444444444,0.0,0.5
1039_TIE_ANG_XX.mp4,A,85.5,-1.0,0.9
1059_IEO_NEU_XX.mp4,N,49.2222222222222,0.0,0.5
1077_IWW_FEA_XX.mp4,A:D,61.2,0.0,0.5
1068_ITH_NEU_XX.mp4,N,63.4,0.0,0.5
1062_IWW_FEA_XX.mp4,N,56.6666666666667,0.0,0.5
1056_IWW_HAP_XX.mp4,F,47.2222222222222,-0.8,0.8
1043_IWW_HAP_XX.mp4,N,48.375,0.0,0.5
1019_IEO_DIS_LO.mp4,F:N,56.4444444444444,0.0,0.5
1070_IWW_SAD_XX.mp4,D:N,43.5,0.0,0.5
1065_IWW_SAD_XX.mp4,N,61.0,0.0,0.5
1059_TIE_SAD_XX.mp4,S,70.4444444444444,-1.0,0.3
1048_WSI_DIS_XX.mp4,D,45.5,-0.9,0.5
1061_MTI_HAP_XX.mp4,N,34.5,0.0,0.5
1074_MTI_HAP_XX.mp4,H,50.7777777777778,1.0,0.8
1040_MTI_FEA_XX.mp4,N,66.375,0.0,0.5
1055_MTI_FEA_XX.mp4,S,63.375,-1.0,0.3
1015_IOM_ANG_XX.mp4,A:D,51.5454545454545,0.0,0.5
1051_ITS_DIS_XX.mp4,N,58.3333333333333,0.0,0.5
1044_ITS_DIS_XX.mp4,N,50.5555555555556,0.0,0.5
1042_IOM_NEU_XX.mp4,N,51.0,0.0,0.5
1057_IOM_NEU_XX.mp4,N,59.1111111111111,0.0,0.5
1047_MTI_SAD_XX.mp4,N,49.6666666666667,0.0,0.5
1052_MTI_SAD_XX.mp4,N,50.2,0.0,0.5
1065_MTI_NEU_XX.mp4,N,60.8888888888889,0.0,0.5
1070_MTI_NEU_XX.mp4,N,70.7142857142857,0.0,0.5
1027_MTI_ANG_XX.mp4,A,81.0,-1.0,0.9
1032_MTI_ANG_XX.mp4,N,40.125,0.0,0.5
1067_IOM_FEA_XX.mp4,N,52.1111111111111,0.0,0.5
1072_IOM_FEA_XX.mp4,N,53.6,0.0,0.5
1046_IOM_HAP_XX.mp4,N,59.7777777777778,0.0,0.5
1053_IOM_HAP_XX.mp4,H,52.7777777777778,1.0,0.8
1019_TSI_DIS_XX.mp4,N,65.1111111111111,0.0,0.5
1060_IOM_SAD_XX.mp4,S,61.8,-1.0,0.3
1089_IEO_HAP_HI.mp4,H,67.6666666666667,1.0,0.8
1075_IOM_SAD_XX.mp4,N,48.8181818181818,0.0,0.5
1028_TAI_DIS_XX.mp4,D:N:S,67.125,0.0,0.5
1059_ITS_FEA_XX.mp4,F,64.7,-0.8,0.8
1053_IWL_NEU_XX.mp4,N,61.1,0.0,0.5
1046_IWL_NEU_XX.mp4,N,61.0,0.0,0.5
1078_ITS_HAP_XX.mp4,H,52.5714285714286,1.0,0.8
1045_IEO_ANG_MD.mp4,N,54.8,0.0,0.5
1050_IEO_ANG_MD.mp4,A,58.8888888888889,-1.0,0.9
1011_IWL_ANG_XX.mp4,A,38.5,-1.0,0.9
1004_IWL_ANG_XX.mp4,A,63.7777777777778,-1.0,0.9
1054_IEO_ANG_HI.mp4,A,73.3333333333333,-1.0,0.9
1041_IEO_ANG_HI.mp4,A,72.5,-1.0,0.9
1048_MTI_DIS_XX.mp4,N,64.3,0.0,0.5
1047_TAI_ANG_XX.mp4,N,48.375,0.0,0.5
1052_TAI_ANG_XX.mp4,A,66.0,-1.0,0.9
1005_TAI_NEU_XX.mp4,N,63.25,0.0,0.5
1010_TAI_NEU_XX.mp4,N,58.8,0.0,0.5
1034_TSI_NEU_XX.mp4,N,64.0,0.0,0.5
1021_TSI_NEU_XX.mp4,N,65.4444444444444,0.0,0.5
1076_TSI_ANG_XX.mp4,A,64.5,-1.0,0.9
1063_TSI_ANG_XX.mp4,F,53.7,-0.8,0.8
1022_IEO_FEA_MD.mp4,N,65.0,0.0,0.5
1057_IWL_HAP_XX.mp4,A,67.2,-1.0,0.9
1042_IWL_HAP_XX.mp4,N,64.3333333333333,0.0,0.5
1037_IEO_FEA_MD.mp4,S,54.125,-1.0,0.3
1082_TSI_DIS_XX.mp4,N,63.8,0.0,0.5
1076_IWL_FEA_XX.mp4,N,67.25,0.0,0.5
1027_TAI_SAD_XX.mp4,N,56.4,0.0,0.5
1003_IEO_HAP_MD.mp4,N,63.5,0.0,0.5
1016_IEO_HAP_MD.mp4,N,59.7,0.0,0.5
1032_TAI_SAD_XX.mp4,N,56.2222222222222,0.0,0.5
1069_ITS_NEU_XX.mp4,N,59.7,0.0,0.5
1063_IWL_FEA_XX.mp4,S,49.7777777777778,-1.0,0.3
1033_IEO_FEA_HI.mp4,F,64.5555555555556,-0.8,0.8
1026_IEO_FEA_HI.mp4,F,85.4444444444444,-0.8,0.8
1016_TSI_SAD_XX.mp4,D,36.4444444444444,-0.9,0.5
1012_IEO_HAP_HI.mp4,H,55.3,1.0,0.8
1007_IEO_HAP_HI.mp4,H,64.5555555555556,1.0,0.8
1003_TSI_SAD_XX.mp4,N,58.1,0.0,0.5
1025_IEO_SAD_MD.mp4,S,54.5,-1.0,0.3
1001_TAI_HAP_XX.mp4,N,52.375,0.0,0.5
1014_TAI_HAP_XX.mp4,N,46.1111111111111,0.0,0.5
1030_IEO_SAD_MD.mp4,N,73.0,0.0,0.5
1020_TAI_FEA_XX.mp4,N,52.1,0.0,0.5
1071_IWL_SAD_XX.mp4,N:S,53.8,0.0,0.5
1064_IWL_SAD_XX.mp4,N,40.6,0.0,0.5
1035_TAI_FEA_XX.mp4,N,60.9,0.0,0.5
1034_IEO_SAD_HI.mp4,D,55.2,-0.9,0.5
1030_TSI_HAP_XX.mp4,H,46.5714285714286,1.0,0.8
1025_TSI_HAP_XX.mp4,N,55.9,0.0,0.5
1021_IEO_SAD_HI.mp4,N,63.7,0.0,0.5
1011_TSI_FEA_XX.mp4,F,51.7777777777778,-0.8,0.8
1004_TSI_FEA_XX.mp4,N,51.4444444444444,0.0,0.5
1040_DFA_FEA_XX.mp4,N,65.1111111111111,0.0,0.5
1076_IEO_ANG_LO.mp4,A,59.0,-1.0,0.9
1063_IEO_ANG_LO.mp4,N,54.0,0.0,0.5
1055_DFA_FEA_XX.mp4,F,68.2857142857143,-0.8,0.8
1061_DFA_HAP_XX.mp4,H,53.1,1.0,0.8
1050_ITH_DIS_XX.mp4,N,52.6,0.0,0.5
1045_ITH_DIS_XX.mp4,N,48.3,0.0,0.5
1074_DFA_HAP_XX.mp4,N,71.8333333333333,0.0,0.5
1070_WSI_NEU_XX.mp4,N,74.2222222222222,0.0,0.5
1065_WSI_NEU_XX.mp4,N,44.8888888888889,0.0,0.5
1032_WSI_ANG_XX.mp4,A,56.5555555555556,-1.0,0.9
1027_WSI_ANG_XX.mp4,A,77.3333333333333,-1.0,0.9
1047_DFA_SAD_XX.mp4,N,75.3333333333333,0.0,0.5
1052_DFA_SAD_XX.mp4,S,54.4444444444444,-1.0,0.3
1043_TIE_DIS_XX.mp4,A:D,59.1428571428571,0.0,0.5
1052_WSI_SAD_XX.mp4,N,58.8888888888889,0.0,0.5
1056_TIE_DIS_XX.mp4,D,68.2222222222222,-0.9,0.5
1047_WSI_SAD_XX.mp4,N,51.5,0.0,0.5
1027_DFA_ANG_XX.mp4,A,76.1111111111111,-1.0,0.9
1011_IEO_FEA_LO.mp4,N,60.9,0.0,0.5
1004_IEO_FEA_LO.mp4,N,35.0,0.0,0.5
1032_DFA_ANG_XX.mp4,N,49.6666666666667,0.0,0.5
1030_IEO_HAP_LO.mp4,N,57.7,0.0,0.5
1025_IEO_HAP_LO.mp4,H,71.2222222222222,1.0,0.8
1065_DFA_NEU_XX.mp4,N,51.4444444444444,0.0,0.5
1070_DFA_NEU_XX.mp4,N,62.2222222222222,0.0,0.5
1082_IEO_DIS_LO.mp4,N,60.0,0.0,0.5
1055_WSI_FEA_XX.mp4,A,67.8,-1.0,0.9
1040_WSI_FEA_XX.mp4,N,45.1111111111111,0.0,0.5
1074_WSI_HAP_XX.mp4,A:H,44.1111111111111,0.0,0.5
1061_WSI_HAP_XX.mp4,H,50.0,1.0,0.8
1016_IEO_SAD_LO.mp4,N,79.8,0.0,0.5
1003_IEO_SAD_LO.mp4,N,60.3333333333333,0.0,0.5
1028_IEO_NEU_XX.mp4,N,59.2,0.0,0.5
1089_IEO_ANG_LO.mp4,D:N,45.5,0.0,0.5
1074_IWW_ANG_XX.mp4,A,62.6666666666667,-1.0,0.9
1061_IWW_ANG_XX.mp4,D,65.6666666666667,-0.9,0.5
1036_IWW_NEU_XX.mp4,N,65.3333333333333,0.0,0.5
1029_ITH_FEA_XX.mp4,F,76.375,-0.8,0.8
1023_IWW_NEU_XX.mp4,F:N,62.2,0.0,0.5
1008_ITH_HAP_XX.mp4,N,48.3,0.0,0.5
1039_DFA_DIS_XX.mp4,D,51.4444444444444,-0.9,0.5
1048_TIE_ANG_XX.mp4,A:N,46.1,0.0,0.5
1014_IWW_SAD_XX.mp4,F,49.5555555555556,-0.8,0.8
1001_IWW_SAD_XX.mp4,F:N,47.5555555555556,0.0,0.5
1080_IWW_DIS_XX.mp4,D,59.6666666666667,-0.9,0.5
1028_TIE_SAD_XX.mp4,S,50.5,-1.0,0.3
1039_WSI_DIS_XX.mp4,A,48.7,-1.0,0.9
1032_IWW_HAP_XX.mp4,F,51.4,-0.8,0.8
1027_IWW_HAP_XX.mp4,N,44.6666666666667,0.0,0.5
1013_IWW_FEA_XX.mp4,F:S,55.6666666666667,0.0,0.5
1006_IWW_FEA_XX.mp4,F,69.7,-0.8,0.8
1068_IEO_DIS_LO.mp4,D,56.7,-0.9,0.5
1023_MTI_SAD_XX.mp4,N,66.2,0.0,0.5
1036_MTI_SAD_XX.mp4,S,72.9,-1.0,0.3
1087_ITS_HAP_XX.mp4,N,53.6666666666667,0.0,0.5
1024_MTI_FEA_XX.mp4,F,46.5555555555556,-0.8,0.8
1031_MTI_FEA_XX.mp4,N,59.3,0.0,0.5
1005_MTI_HAP_XX.mp4,N,56.1,0.0,0.5
1010_MTI_HAP_XX.mp4,H,58.7777777777778,1.0,0.8
1064_IOM_ANG_XX.mp4,A,86.7,-1.0,0.9
1071_IOM_ANG_XX.mp4,A,63.8,-1.0,0.9
1089_TSI_ANG_XX.mp4,F,47.1,-0.8,0.8
1026_IOM_NEU_XX.mp4,N,57.3333333333333,0.0,0.5
1033_IOM_NEU_XX.mp4,N,76.1818181818182,0.0,0.5
1035_ITS_DIS_XX.mp4,D:N,67.5555555555556,0.0,0.5
1020_ITS_DIS_XX.mp4,N,45.4,0.0,0.5
1085_IOM_DIS_XX.mp4,D,65.0,-0.9,0.5
1090_IOM_DIS_XX.mp4,A,59.25,-1.0,0.9
1068_TSI_DIS_XX.mp4,A,51.5555555555556,-1.0,0.9
1089_IWL_FEA_XX.mp4,F,55.0,-0.8,0.8
1083_ITS_NEU_XX.mp4,N,67.7777777777778,0.0,0.5
1059_TAI_DIS_XX.mp4,D,59.5,-0.9,0.5
1004_IOM_SAD_XX.mp4,N,38.8181818181818,0.0,0.5
1011_IOM_SAD_XX.mp4,N,62.1111111111111,0.0,0.5
1001_MTI_NEU_XX.mp4,N,51.1111111111111,0.0,0.5
1014_MTI_NEU_XX.mp4,N,64.7777777777778,0.0,0.5
1043_MTI_ANG_XX.mp4,A,54.8888888888889,-1.0,0.9
1056_MTI_ANG_XX.mp4,N,48.5,0.0,0.5
1022_IOM_HAP_XX.mp4,N,41.8888888888889,0.0,0.5
1037_IOM_HAP_XX.mp4,H,46.7,1.0,0.8
1003_IOM_FEA_XX.mp4,S,54.0,-1.0,0.3
1016_IOM_FEA_XX.mp4,N,62.8888888888889,0.0,0.5
1023_TAI_ANG_XX.mp4,N,43.2857142857143,0.0,0.5
1036_TAI_ANG_XX.mp4,A,74.0,-1.0,0.9
1061_TAI_NEU_XX.mp4,N,69.2222222222222,0.0,0.5
1074_TAI_NEU_XX.mp4,N,63.5,0.0,0.5
1050_TSI_NEU_XX.mp4,N,63.3,0.0,0.5
1045_TSI_NEU_XX.mp4,N,92.0,0.0,0.5
1012_TSI_ANG_XX.mp4,A,60.2222222222222,-1.0,0.9
1007_TSI_ANG_XX.mp4,A,55.875,-1.0,0.9
1009_ITS_HAP_XX.mp4,H,62.8888888888889,1.0,0.8
1037_IWL_NEU_XX.mp4,N,56.75,0.0,0.5
1028_ITS_FEA_XX.mp4,S,58.6666666666667,-1.0,0.3
1022_IWL_NEU_XX.mp4,N,52.0,0.0,0.5
1075_IWL_ANG_XX.mp4,A,68.7,-1.0,0.9
1060_IWL_ANG_XX.mp4,A,63.6363636363636,-1.0,0.9
1021_IEO_ANG_MD.mp4,A,47.6,-1.0,0.9
1034_IEO_ANG_MD.mp4,A,67.3333333333333,-1.0,0.9
1039_MTI_DIS_XX.mp4,D:N,63.8,0.0,0.5
1030_IEO_ANG_HI.mp4,A,88.1111111111111,-1.0,0.9
1025_IEO_ANG_HI.mp4,A,93.2,-1.0,0.9
1015_IWL_SAD_XX.mp4,N,42.5555555555556,0.0,0.5
1044_TAI_FEA_XX.mp4,F,61.7,-0.8,0.8
1051_TAI_FEA_XX.mp4,F,51.0,-0.8,0.8
1041_IEO_SAD_MD.mp4,S,68.3,-1.0,0.3
1065_TAI_HAP_XX.mp4,F,46.875,-0.8,0.8
1070_TAI_HAP_XX.mp4,H:N,62.7142857142857,0.0,0.5
1054_IEO_SAD_MD.mp4,N,55.5,0.0,0.5
1075_TSI_FEA_XX.mp4,N,58.4444444444444,0.0,0.5
1060_TSI_FEA_XX.mp4,S,57.6,-1.0,0.3
1050_IEO_SAD_HI.mp4,N,57.7,0.0,0.5
1054_TSI_HAP_XX.mp4,F,54.3,-0.8,0.8
1041_TSI_HAP_XX.mp4,N,57.5,0.0,0.5
1045_IEO_SAD_HI.mp4,S,46.8888888888889,-1.0,0.3
1081_IWL_DIS_XX.mp4,N,71.3333333333333,0.0,0.5
1043_TAI_SAD_XX.mp4,N,59.6,0.0,0.5
1018_ITS_NEU_XX.mp4,N,53.8888888888889,0.0,0.5
1012_IWL_FEA_XX.mp4,S,62.6666666666667,-1.0,0.3
1067_IEO_HAP_MD.mp4,N,56.2222222222222,0.0,0.5
1072_IEO_HAP_MD.mp4,N,72.3333333333333,0.0,0.5
1007_IWL_FEA_XX.mp4,N:S,53.0,0.0,0.5
1056_TAI_SAD_XX.mp4,S,54.3,-1.0,0.3
1046_IEO_FEA_MD.mp4,N,62.2,0.0,0.5
1033_IWL_HAP_XX.mp4,N,64.7,0.0,0.5
1026_IWL_HAP_XX.mp4,N,54.3333333333333,0.0,0.5
1053_IEO_FEA_MD.mp4,N,60.7,0.0,0.5
1072_TSI_SAD_XX.mp4,N,58.7,0.0,0.5
1076_IEO_HAP_HI.mp4,H,73.1,1.0,0.8
1063_IEO_HAP_HI.mp4,H,64.6,1.0,0.8
1067_TSI_SAD_XX.mp4,N,68.3,0.0,0.5
1057_IEO_FEA_HI.mp4,F,69.0,-0.8,0.8
1042_IEO_FEA_HI.mp4,H,48.6666666666667,1.0,0.8
1014_WSI_NEU_XX.mp4,A,51.0,-1.0,0.9
1001_WSI_NEU_XX.mp4,N,63.75,0.0,0.5
1086_ITH_HAP_XX.mp4,H,62.0,1.0,0.8
1056_WSI_ANG_XX.mp4,A,53.0,-1.0,0.9
1043_WSI_ANG_XX.mp4,A,62.2,-1.0,0.9
1023_DFA_SAD_XX.mp4,N,49.4,0.0,0.5
1084_TIE_NEU_XX.mp4,N:S,60.125,0.0,0.5
1091_TIE_NEU_XX.mp4,N,64.5,0.0,0.5
1036_DFA_SAD_XX.mp4,S,58.4444444444444,-1.0,0.3
1034_ITH_DIS_XX.mp4,D,68.4,-0.9,0.5
1005_DFA_HAP_XX.mp4,N,52.6,0.0,0.5
1010_DFA_HAP_XX.mp4,N,59.3,0.0,0.5
1021_ITH_DIS_XX.mp4,F:N:S,63.8888888888889,0.0,0.5
1012_IEO_ANG_LO.mp4,N,66.0,0.0,0.5
1024_DFA_FEA_XX.mp4,N,45.3,0.0,0.5
1031_DFA_FEA_XX.mp4,N,69.9,0.0,0.5
1007_IEO_ANG_LO.mp4,N,51.7,0.0,0.5
1010_WSI_HAP_XX.mp4,H,66.7,1.0,0.8
1088_IWW_FEA_XX.mp4,F,46.1111111111111,-0.8,0.8
1082_ITH_NEU_XX.mp4,N,73.3333333333333,0.0,0.5
1005_WSI_HAP_XX.mp4,A,56.0,-1.0,0.9
1031_WSI_FEA_XX.mp4,N,68.7,0.0,0.5
1024_WSI_FEA_XX.mp4,N,67.375,0.0,0.5
1080_TIE_HAP_XX.mp4,N,59.7777777777778,0.0,0.5
1072_IEO_SAD_LO.mp4,N:S,41.5555555555556,0.0,0.5
1067_IEO_SAD_LO.mp4,N,54.3,0.0,0.5
1027_TIE_DIS_XX.mp4,N,58.8,0.0,0.5
1036_WSI_SAD_XX.mp4,S,71.1,-1.0,0.3
1032_TIE_DIS_XX.mp4,A,39.9,-1.0,0.9
1023_WSI_SAD_XX.mp4,N,53.2,0.0,0.5
1054_IEO_HAP_LO.mp4,N,53.1,0.0,0.5
1041_IEO_HAP_LO.mp4,N,70.4444444444444,0.0,0.5
1075_IEO_FEA_LO.mp4,N,44.7777777777778,0.0,0.5
1043_DFA_ANG_XX.mp4,N,40.0,0.0,0.5
1056_DFA_ANG_XX.mp4,A,42.75,-1.0,0.9
1060_IEO_FEA_LO.mp4,N,58.9,0.0,0.5
1001_DFA_NEU_XX.mp4,N,58.3333333333333,0.0,0.5
1014_DFA_NEU_XX.mp4,N,49.6,0.0,0.5
1080_IEO_FEA_LO.mp4,F,61.8,-0.8,0.8
1042_WSI_DIS_XX.mp4,A:D,39.2222222222222,0.0,0.5
1053_TIE_SAD_XX.mp4,S,53.8888888888889,-1.0,0.3
1057_WSI_DIS_XX.mp4,N,48.2,0.0,0.5
1046_TIE_SAD_XX.mp4,N,49.6666666666667,0.0,0.5
1054_TIE_FEA_XX.mp4,N,46.1111111111111,0.0,0.5
1041_TIE_FEA_XX.mp4,N,56.625,0.0,0.5
1075_TIE_HAP_XX.mp4,N,48.0,0.0,0.5
1060_TIE_HAP_XX.mp4,H,44.1111111111111,1.0,0.8
1087_IEO_SAD_LO.mp4,N,68.7777777777778,0.0,0.5
1006_IEO_DIS_LO.mp4,N,60.9,0.0,0.5
1013_IEO_DIS_LO.mp4,N,64.0,0.0,0.5
1020_ITH_ANG_XX.mp4,N,52.3333333333333,0.0,0.5
1035_ITH_ANG_XX.mp4,D:N,46.2,0.0,0.5
1062_ITH_NEU_XX.mp4,N,48.3333333333333,0.0,0.5
1068_IWW_FEA_XX.mp4,F,50.3,-0.8,0.8
1077_ITH_NEU_XX.mp4,N,51.1,0.0,0.5
1049_IWW_HAP_XX.mp4,H,59.4444444444444,1.0,0.8
1053_IEO_NEU_XX.mp4,N,65.625,0.0,0.5
1046_IEO_NEU_XX.mp4,N,61.5,0.0,0.5
1040_ITH_SAD_XX.mp4,N,48.4,0.0,0.5
1055_ITH_SAD_XX.mp4,N,70.875,0.0,0.5
1033_TIE_ANG_XX.mp4,A,77.2,-1.0,0.9
1026_TIE_ANG_XX.mp4,A,56.6666666666667,-1.0,0.9
1071_TIE_NEU_XX.mp4,N,58.6,0.0,0.5
1064_TIE_NEU_XX.mp4,N,59.0,0.0,0.5
1057_DFA_DIS_XX.mp4,N,66.3,0.0,0.5
1066_ITH_HAP_XX.mp4,H:N,51.375,0.0,0.5
1073_ITH_HAP_XX.mp4,N,66.5555555555556,0.0,0.5
1042_DFA_DIS_XX.mp4,D,57.1111111111111,-0.9,0.5
1047_ITH_FEA_XX.mp4,N,41.4444444444444,0.0,0.5
1052_ITH_FEA_XX.mp4,F:N,67.9,0.0,0.5
1058_IWW_NEU_XX.mp4,N,62.4444444444444,0.0,0.5
1083_IEO_HAP_HI.mp4,A,70.7,-1.0,0.9
1087_TSI_SAD_XX.mp4,N,48.75,0.0,0.5
1037_TAI_DIS_XX.mp4,N,44.4,0.0,0.5
1022_TAI_DIS_XX.mp4,D,63.9,-0.9,0.5
1087_IEO_HAP_MD.mp4,N,59.9,0.0,0.5
1006_TSI_DIS_XX.mp4,D:N,50.2,0.0,0.5
1013_TSI_DIS_XX.mp4,N,55.4444444444444,0.0,0.5
1078_IOM_FEA_XX.mp4,N,45.5,0.0,0.5
1080_TSI_FEA_XX.mp4,F,46.9,-0.8,0.8
1035_IEO_DIS_MD.mp4,A,59.0,-1.0,0.9
1020_IEO_DIS_MD.mp4,D,52.1,-0.9,0.5
1061_IWL_DIS_XX.mp4,N,52.2222222222222,0.0,0.5
1059_IOM_HAP_XX.mp4,N,61.0,0.0,0.5
1074_IWL_DIS_XX.mp4,N,56.625,0.0,0.5
1024_IEO_DIS_HI.mp4,A,49.7,-1.0,0.9
1031_IEO_DIS_HI.mp4,N,66.2,0.0,0.5
1038_MTI_ANG_XX.mp4,A,45.875,-1.0,0.9
1090_TAI_HAP_XX.mp4,N,61.5555555555556,0.0,0.5
1085_TAI_HAP_XX.mp4,F:N,48.7777777777778,0.0,0.5
1080_IWL_ANG_XX.mp4,A,77.4,-1.0,0.9
1058_MTI_SAD_XX.mp4,S,47.3333333333333,-1.0,0.3
1048_IOM_NEU_XX.mp4,N,67.125,0.0,0.5
1081_TAI_NEU_XX.mp4,N,46.3,0.0,0.5
1039_IEO_FEA_HI.mp4,F,74.125,-0.8,0.8
1009_TSI_SAD_XX.mp4,N,74.6,0.0,0.5
1018_IEO_HAP_HI.mp4,D,55.0,-0.9,0.5
1070_IOM_DIS_XX.mp4,N,45.0,0.0,0.5
1048_IWL_HAP_XX.mp4,N,58.75,0.0,0.5
1088_TSI_DIS_XX.mp4,N,44.7777777777778,0.0,0.5
1028_IEO_FEA_MD.mp4,N,45.4,0.0,0.5
1065_IOM_DIS_XX.mp4,N,71.8888888888889,0.0,0.5
1038_TAI_SAD_XX.mp4,N,43.9,0.0,0.5
1063_ITS_NEU_XX.mp4,N,61.4,0.0,0.5
1069_IWL_FEA_XX.mp4,F,69.4444444444444,-0.8,0.8
1009_IEO_HAP_MD.mp4,H,66.2727272727273,1.0,0.8
1021_ITS_ANG_XX.mp4,D,56.3333333333333,-0.9,0.5
1034_ITS_ANG_XX.mp4,N,65.0,0.0,0.5
1091_IOM_ANG_XX.mp4,A,59.2222222222222,-1.0,0.9
1069_TSI_ANG_XX.mp4,A,66.2,-1.0,0.9
1084_IOM_ANG_XX.mp4,N,59.3,0.0,0.5
1041_ITS_SAD_XX.mp4,F:S,55.0,0.0,0.5
1054_ITS_SAD_XX.mp4,F,45.8,-0.8,0.8
1058_TAI_ANG_XX.mp4,A,79.8888888888889,-1.0,0.9
1057_MTI_DIS_XX.mp4,N,60.1818181818182,0.0,0.5
1042_MTI_DIS_XX.mp4,N,61.2857142857143,0.0,0.5
1046_ITS_FEA_XX.mp4,N,56.8888888888889,0.0,0.5
1053_ITS_FEA_XX.mp4,F,66.0,-0.8,0.8
1059_IWL_NEU_XX.mp4,N,52.2222222222222,0.0,0.5
1067_ITS_HAP_XX.mp4,N,51.375,0.0,0.5
1072_ITS_HAP_XX.mp4,H,73.375,1.0,0.8
1009_IEO_SAD_LO.mp4,N,55.875,0.0,0.5
1088_IEO_DIS_LO.mp4,N,38.5,0.0,0.5
1060_IWW_DIS_XX.mp4,N,62.4,0.0,0.5
1075_IWW_DIS_XX.mp4,N,49.4444444444444,0.0,0.5
1038_DFA_ANG_XX.mp4,A,51.6666666666667,-1.0,0.9
1058_WSI_SAD_XX.mp4,N,53.5,0.0,0.5
1049_TIE_DIS_XX.mp4,N,47.7,0.0,0.5
1058_DFA_SAD_XX.mp4,S,58.0,-1.0,0.3
1038_WSI_ANG_XX.mp4,A:D,47.1,0.0,0.5
1081_IWW_ANG_XX.mp4,A,49.0,-1.0,0.9
1069_IEO_ANG_LO.mp4,N,43.8,0.0,0.5
1011_TIE_HAP_XX.mp4,N,59.4444444444444,0.0,0.5
1004_TIE_HAP_XX.mp4,D,65.2857142857143,-0.9,0.5
1030_TIE_FEA_XX.mp4,F:N,52.6666666666667,0.0,0.5
1025_TIE_FEA_XX.mp4,S,40.625,-1.0,0.3
1044_ITH_ANG_XX.mp4,A,51.3333333333333,-1.0,0.9
1051_ITH_ANG_XX.mp4,D,46.1111111111111,-0.9,0.5
1062_IEO_DIS_LO.mp4,N,48.3,0.0,0.5
1077_IEO_DIS_LO.mp4,N,55.5,0.0,0.5
1038_IWW_HAP_XX.mp4,N,61.125,0.0,0.5
1006_ITH_NEU_XX.mp4,N,76.4,0.0,0.5
1081_WSI_HAP_XX.mp4,N,65.9,0.0,0.5
1013_ITH_NEU_XX.mp4,N,70.2727272727273,0.0,0.5
1019_IWW_FEA_XX.mp4,N,61.8,0.0,0.5
1026_WSI_DIS_XX.mp4,A,56.8,-1.0,0.9
1037_TIE_SAD_XX.mp4,N:S,60.1,0.0,0.5
1090_DFA_NEU_XX.mp4,N,59.5,0.0,0.5
1085_DFA_NEU_XX.mp4,N,55.7,0.0,0.5
1033_WSI_DIS_XX.mp4,D,54.1428571428571,-0.9,0.5
1022_TIE_SAD_XX.mp4,S,59.2,-1.0,0.3
1057_TIE_ANG_XX.mp4,A,80.2,-1.0,0.9
1042_TIE_ANG_XX.mp4,A,65.8181818181818,-1.0,0.9
1015_TIE_NEU_XX.mp4,N,58.0,0.0,0.5
1023_ITH_FEA_XX.mp4,F:N,59.3333333333333,0.0,0.5
1029_IWW_NEU_XX.mp4,N,55.1,0.0,0.5
1036_ITH_FEA_XX.mp4,F,63.8,-0.8,0.8
1085_WSI_NEU_XX.mp4,N,59.6363636363636,0.0,0.5
1002_ITH_HAP_XX.mp4,F,47.0,-0.8,0.8
1033_DFA_DIS_XX.mp4,N,77.7777777777778,0.0,0.5
1026_DFA_DIS_XX.mp4,A,56.9,-1.0,0.9
1017_ITH_HAP_XX.mp4,N,73.2222222222222,0.0,0.5
1090_WSI_NEU_XX.mp4,A:N,60.25,0.0,0.5
1083_IEO_ANG_LO.mp4,A,48.375,-1.0,0.9
1081_DFA_HAP_XX.mp4,N,61.7777777777778,0.0,0.5
1037_IEO_NEU_XX.mp4,N,76.9,0.0,0.5
1022_IEO_NEU_XX.mp4,N,75.7777777777778,0.0,0.5
1024_ITH_SAD_XX.mp4,S,53.5,-1.0,0.3
1031_ITH_SAD_XX.mp4,N,54.2222222222222,0.0,0.5
1005_IWL_DIS_XX.mp4,N,65.1,0.0,0.5
1010_IWL_DIS_XX.mp4,N,72.5555555555556,0.0,0.5
1028_IOM_HAP_XX.mp4,H,40.4444444444444,1.0,0.8
1051_IEO_DIS_MD.mp4,N,58.6363636363636,0.0,0.5
1044_IEO_DIS_MD.mp4,A,73.0,-1.0,0.9
1009_IOM_FEA_XX.mp4,F,49.9090909090909,-0.8,0.8
1049_MTI_ANG_XX.mp4,A:D,74.4285714285714,0.0,0.5
1040_IEO_DIS_HI.mp4,N,45.8571428571429,0.0,0.5
1084_IWL_SAD_XX.mp4,S,58.8,-1.0,0.3
1091_IWL_SAD_XX.mp4,N,52.3333333333333,0.0,0.5
1055_IEO_DIS_HI.mp4,D,63.8888888888889,-0.9,0.5
1053_TAI_DIS_XX.mp4,A,69.2,-1.0,0.9
1046_TAI_DIS_XX.mp4,N,52.6,0.0,0.5
1062_TSI_DIS_XX.mp4,N,39.4,0.0,0.5
1077_TSI_DIS_XX.mp4,N,67.7,0.0,0.5
1083_IWL_FEA_XX.mp4,N,68.8888888888889,0.0,0.5
1089_ITS_NEU_XX.mp4,N,57.6,0.0,0.5
1039_IOM_NEU_XX.mp4,N,67.8,0.0,0.5
1083_TSI_ANG_XX.mp4,N,51.3333333333333,0.0,0.5
1029_MTI_SAD_XX.mp4,F:S,60.2857142857143,0.0,0.5
1069_IEO_HAP_HI.mp4,H,61.6,1.0,0.8
1078_TSI_SAD_XX.mp4,N,56.4,0.0,0.5
1080_IOM_SAD_XX.mp4,N,59.4285714285714,0.0,0.5
1048_IEO_FEA_HI.mp4,F,68.5555555555556,-0.8,0.8
1078_IEO_HAP_MD.mp4,H,60.5714285714286,1.0,0.8
1007_ITS_NEU_XX.mp4,N,60.3,0.0,0.5
1049_TAI_SAD_XX.mp4,N,52.1,0.0,0.5
1012_ITS_NEU_XX.mp4,N,53.5555555555556,0.0,0.5
1018_IWL_FEA_XX.mp4,N,67.6666666666667,0.0,0.5
1014_IOM_DIS_XX.mp4,N,66.625,0.0,0.5
1059_IEO_FEA_MD.mp4,F,72.4444444444444,-0.8,0.8
1001_IOM_DIS_XX.mp4,N,55.2,0.0,0.5
1039_IWL_HAP_XX.mp4,A,55.25,-1.0,0.9
1045_ITS_ANG_XX.mp4,N,64.8,0.0,0.5
1050_ITS_ANG_XX.mp4,A,81.5,-1.0,0.9
1087_IOM_FEA_XX.mp4,N,50.4,0.0,0.5
1090_MTI_NEU_XX.mp4,N,50.7272727272727,0.0,0.5
1085_MTI_NEU_XX.mp4,S,51.9,-1.0,0.3
1033_MTI_DIS_XX.mp4,N,57.4444444444444,0.0,0.5
1026_MTI_DIS_XX.mp4,N,49.3333333333333,0.0,0.5
1003_ITS_HAP_XX.mp4,H,56.7,1.0,0.8
1016_ITS_HAP_XX.mp4,H,46.0,1.0,0.8
1022_ITS_FEA_XX.mp4,N,69.2,0.0,0.5
1028_IWL_NEU_XX.mp4,N,53.9,0.0,0.5
1037_ITS_FEA_XX.mp4,F,66.2222222222222,-0.8,0.8
1018_TSI_ANG_XX.mp4,A,61.7777777777778,-1.0,0.9
1025_ITS_SAD_XX.mp4,N,48.6,0.0,0.5
1030_ITS_SAD_XX.mp4,N,51.3,0.0,0.5
1029_TAI_ANG_XX.mp4,A,80.5,-1.0,0.9
1081_MTI_HAP_XX.mp4,N,45.0,0.0,0.5
1004_IWW_DIS_XX.mp4,F,60.625,-0.8,0.8
1011_IWW_DIS_XX.mp4,D,50.9,-0.9,0.5
1049_DFA_ANG_XX.mp4,A,52.9,-1.0,0.9
1085_IWW_SAD_XX.mp4,N,47.5555555555556,0.0,0.5
1090_IWW_SAD_XX.mp4,N,52.7,0.0,0.5
1029_WSI_SAD_XX.mp4,S,64.1111111111111,-1.0,0.3
1038_TIE_DIS_XX.mp4,D,53.3333333333333,-0.9,0.5
1078_IEO_SAD_LO.mp4,N,50.0,0.0,0.5
1082_IWW_FEA_XX.mp4,F,53.75,-0.8,0.8
1088_ITH_NEU_XX.mp4,N,66.5555555555556,0.0,0.5
1018_IEO_ANG_LO.mp4,D,55.9,-0.9,0.5
1029_DFA_SAD_XX.mp4,N,55.0,0.0,0.5
1049_WSI_ANG_XX.mp4,A,69.4444444444444,-1.0,0.9
1010_IEO_ANG_LO.mp4,N,59.7,0.0,0.5
1026_DFA_FEA_XX.mp4,H,65.5714285714286,1.0,0.8
1033_DFA_FEA_XX.mp4,N,67.1428571428571,0.0,0.5
1005_IEO_ANG_LO.mp4,N,49.4,0.0,0.5
1036_ITH_DIS_XX.mp4,A,50.25,-1.0,0.9
1007_DFA_HAP_XX.mp4,H,64.3,1.0,0.8
1012_DFA_HAP_XX.mp4,A,52.375,-1.0,0.9
1023_ITH_DIS_XX.mp4,F:N,68.5555555555556,0.0,0.5
1021_DFA_SAD_XX.mp4,N,55.5,0.0,0.5
1086_TIE_NEU_XX.mp4,N,60.5555555555556,0.0,0.5
1034_DFA_SAD_XX.mp4,N,50.3333333333333,0.0,0.5
1054_WSI_ANG_XX.mp4,A,68.6,-1.0,0.9
1041_WSI_ANG_XX.mp4,A,75.8888888888889,-1.0,0.9
1091_ITH_HAP_XX.mp4,N,70.25,0.0,0.5
1016_WSI_NEU_XX.mp4,N,64.3,0.0,0.5
1003_WSI_NEU_XX.mp4,N,47.7,0.0,0.5
1084_ITH_HAP_XX.mp4,N,54.6,0.0,0.5
1019_IWW_DIS_XX.mp4,N,49.1,0.0,0.5
1003_DFA_NEU_XX.mp4,N,65.2222222222222,0.0,0.5
1016_DFA_NEU_XX.mp4,N,62.0,0.0,0.5
1077_IEO_FEA_LO.mp4,N,55.3333333333333,0.0,0.5
1041_DFA_ANG_XX.mp4,A,64.6666666666667,-1.0,0.9
1054_DFA_ANG_XX.mp4,A,48.1111111111111,-1.0,0.9
1062_IEO_FEA_LO.mp4,N,71.6,0.0,0.5
1056_IEO_HAP_LO.mp4,N,62.2,0.0,0.5
1043_IEO_HAP_LO.mp4,H:N,65.2,0.0,0.5
1034_WSI_SAD_XX.mp4,N,62.5,0.0,0.5
1025_TIE_DIS_XX.mp4,D,47.7777777777778,-0.9,0.5
1021_WSI_SAD_XX.mp4,N,60.3333333333333,0.0,0.5
1030_TIE_DIS_XX.mp4,A:D,50.875,0.0,0.5
1070_IEO_SAD_LO.mp4,N,40.3333333333333,0.0,0.5
1065_IEO_SAD_LO.mp4,N,54.1111111111111,0.0,0.5
1082_TIE_HAP_XX.mp4,A:N,45.6,0.0,0.5
1033_WSI_FEA_XX.mp4,F,50.3333333333333,-0.8,0.8
1026_WSI_FEA_XX.mp4,N,42.0,0.0,0.5
1012_WSI_HAP_XX.mp4,N,45.4444444444444,0.0,0.5
1080_ITH_NEU_XX.mp4,N,64.4,0.0,0.5
1007_WSI_HAP_XX.mp4,N,62.2,0.0,0.5
1032_IEO_ANG_HI.mp4,A,68.3,-1.0,0.9
1027_IEO_ANG_HI.mp4,A,92.8,-1.0,0.9
1023_IEO_ANG_MD.mp4,A,74.75,-1.0,0.9
1036_IEO_ANG_MD.mp4,A,66.9,-1.0,0.9
1077_IWL_ANG_XX.mp4,A,61.0,-1.0,0.9
1062_IWL_ANG_XX.mp4,A,60.25,-1.0,0.9
1035_IWL_NEU_XX.mp4,N,75.6666666666667,0.0,0.5
1020_IWL_NEU_XX.mp4,N,59.5,0.0,0.5
1010_TSI_ANG_XX.mp4,A,70.5,-1.0,0.9
1005_TSI_ANG_XX.mp4,A:F,59.4444444444444,0.0,0.5
1052_TSI_NEU_XX.mp4,N,53.1,0.0,0.5
1047_TSI_NEU_XX.mp4,N,71.6,0.0,0.5
1063_TAI_NEU_XX.mp4,N,60.9,0.0,0.5
1038_ITS_SAD_XX.mp4,F,29.6666666666667,-0.8,0.8
1076_TAI_NEU_XX.mp4,N,56.2857142857143,0.0,0.5
1021_TAI_ANG_XX.mp4,A:D,66.2,0.0,0.5
1089_MTI_HAP_XX.mp4,H,64.4,1.0,0.8
1034_TAI_ANG_XX.mp4,D,47.1111111111111,-0.9,0.5
1055_IEO_FEA_HI.mp4,F,55.0,-0.8,0.8
1040_IEO_FEA_HI.mp4,F,76.8888888888889,-0.8,0.8
1070_TSI_SAD_XX.mp4,N,54.2727272727273,0.0,0.5
1074_IEO_HAP_HI.mp4,H,73.5555555555556,1.0,0.8
1088_IOM_SAD_XX.mp4,N,65.5,0.0,0.5
1061_IEO_HAP_HI.mp4,H,36.75,1.0,0.8
1065_TSI_SAD_XX.mp4,N,58.7777777777778,0.0,0.5
1044_IEO_FEA_MD.mp4,N,72.4,0.0,0.5
1009_IOM_DIS_XX.mp4,N,58.125,0.0,0.5
1031_IWL_HAP_XX.mp4,N,65.0,0.0,0.5
1024_IWL_HAP_XX.mp4,N,66.3,0.0,0.5
1051_IEO_FEA_MD.mp4,N,47.1,0.0,0.5
1041_TAI_SAD_XX.mp4,N,43.5,0.0,0.5
1010_IWL_FEA_XX.mp4,N,45.0,0.0,0.5
1065_IEO_HAP_MD.mp4,H,64.3333333333333,1.0,0.8
1070_IEO_HAP_MD.mp4,H,48.3333333333333,1.0,0.8
1005_IWL_FEA_XX.mp4,N,57.4444444444444,0.0,0.5
1054_TAI_SAD_XX.mp4,F:S,60.4,0.0,0.5
1058_ITS_ANG_XX.mp4,D,66.1,-0.9,0.5
1052_IEO_SAD_HI.mp4,N,49.7777777777778,0.0,0.5
1056_TSI_HAP_XX.mp4,D,38.75,-0.9,0.5
1043_TSI_HAP_XX.mp4,H,54.0,1.0,0.8
1047_IEO_SAD_HI.mp4,N,47.7777777777778,0.0,0.5
1083_IWL_DIS_XX.mp4,N,53.2222222222222,0.0,0.5
1077_TSI_FEA_XX.mp4,N,52.8,0.0,0.5
1062_TSI_FEA_XX.mp4,N,61.75,0.0,0.5
1043_IEO_SAD_MD.mp4,N,62.1,0.0,0.5
1067_TAI_HAP_XX.mp4,N,64.5,0.0,0.5
1072_TAI_HAP_XX.mp4,H,60.2727272727273,1.0,0.8
1056_IEO_SAD_MD.mp4,N,55.5,0.0,0.5
1017_IWL_SAD_XX.mp4,N,54.7,0.0,0.5
1046_TAI_FEA_XX.mp4,N,51.3333333333333,0.0,0.5
1053_TAI_FEA_XX.mp4,F,73.875,-0.8,0.8
1002_IWL_SAD_XX.mp4,N,63.75,0.0,0.5
1037_ITS_DIS_XX.mp4,N,51.4444444444444,0.0,0.5
1022_ITS_DIS_XX.mp4,N,62.9,0.0,0.5
1024_IOM_NEU_XX.mp4,N,61.0,0.0,0.5
1031_IOM_NEU_XX.mp4,N,65.1,0.0,0.5
1066_IOM_ANG_XX.mp4,A,48.625,-1.0,0.9
1073_IOM_ANG_XX.mp4,A,39.7777777777778,-1.0,0.9
1007_MTI_HAP_XX.mp4,N,47.8888888888889,0.0,0.5
1012_MTI_HAP_XX.mp4,N,52.0,0.0,0.5
1026_MTI_FEA_XX.mp4,S,45.3333333333333,-1.0,0.3
1033_MTI_FEA_XX.mp4,F,51.5555555555556,-0.8,0.8
1090_ITS_HAP_XX.mp4,N,72.3333333333333,0.0,0.5
1085_ITS_HAP_XX.mp4,H,69.6666666666667,1.0,0.8
1021_MTI_SAD_XX.mp4,S,50.4444444444444,-1.0,0.3
1034_MTI_SAD_XX.mp4,N,57.1,0.0,0.5
1001_IOM_FEA_XX.mp4,A,67.7272727272727,-1.0,0.9
1014_IOM_FEA_XX.mp4,F,39.3333333333333,-0.8,0.8
1059_IEO_DIS_MD.mp4,N,57.8,0.0,0.5
1018_IWL_DIS_XX.mp4,N,44.375,0.0,0.5
1020_IOM_HAP_XX.mp4,H:N,47.5,0.0,0.5
1035_IOM_HAP_XX.mp4,F,47.7777777777778,-0.8,0.8
1048_IEO_DIS_HI.mp4,N,56.4444444444444,0.0,0.5
1041_MTI_ANG_XX.mp4,A,79.5714285714286,-1.0,0.9
1054_MTI_ANG_XX.mp4,A,58.8888888888889,-1.0,0.9
1003_MTI_NEU_XX.mp4,N,55.3,0.0,0.5
1016_MTI_NEU_XX.mp4,N,72.8571428571429,0.0,0.5
1006_IOM_SAD_XX.mp4,N,67.625,0.0,0.5
1013_IOM_SAD_XX.mp4,N,50.0,0.0,0.5
1081_ITS_NEU_XX.mp4,N,73.1111111111111,0.0,0.5
1087_IOM_DIS_XX.mp4,D:N,31.0,0.0,0.5
1008_TIE_NEU_XX.mp4,N,45.8,0.0,0.5
1034_IWW_NEU_XX.mp4,N,66.25,0.0,0.5
1021_IWW_NEU_XX.mp4,N,61.2222222222222,0.0,0.5
1076_IWW_ANG_XX.mp4,A,74.6,-1.0,0.9
1063_IWW_ANG_XX.mp4,A,53.1,-1.0,0.9
1089_DFA_HAP_XX.mp4,H,65.6666666666667,1.0,0.8
1039_ITH_SAD_XX.mp4,N,61.8888888888889,0.0,0.5
1038_TIE_FEA_XX.mp4,N,42.875,0.0,0.5
1019_TIE_HAP_XX.mp4,N,56.0,0.0,0.5
1059_ITH_ANG_XX.mp4,A,86.4,-1.0,0.9
1011_IWW_FEA_XX.mp4,F:N,53.1111111111111,0.0,0.5
1004_IWW_FEA_XX.mp4,F,38.9,-0.8,0.8
1089_WSI_HAP_XX.mp4,N,51.7,0.0,0.5
1030_IWW_HAP_XX.mp4,D,51.5,-0.9,0.5
1025_IWW_HAP_XX.mp4,N,62.5,0.0,0.5
1082_IWW_DIS_XX.mp4,N,46.5,0.0,0.5
1016_IWW_SAD_XX.mp4,N,58.2,0.0,0.5
1003_IWW_SAD_XX.mp4,F,45.1,-0.8,0.8
1045_DFA_SAD_XX.mp4,N,61.2222222222222,0.0,0.5
1050_DFA_SAD_XX.mp4,N,52.2,0.0,0.5
1089_IWW_ANG_XX.mp4,A,50.125,-1.0,0.9
1030_WSI_ANG_XX.mp4,A,63.6666666666667,-1.0,0.9
1025_WSI_ANG_XX.mp4,A,54.6,-1.0,0.9
1072_WSI_NEU_XX.mp4,N,57.1111111111111,0.0,0.5
1067_WSI_NEU_XX.mp4,N,71.5,0.0,0.5
1063_DFA_HAP_XX.mp4,H,71.4,1.0,0.8
1052_ITH_DIS_XX.mp4,F:S,53.2222222222222,0.0,0.5
1047_ITH_DIS_XX.mp4,A,56.6,-1.0,0.9
1076_DFA_HAP_XX.mp4,N,69.0,0.0,0.5
1042_DFA_FEA_XX.mp4,N,47.125,0.0,0.5
1074_IEO_ANG_LO.mp4,N,68.8888888888889,0.0,0.5
1061_IEO_ANG_LO.mp4,A,60.5714285714286,-1.0,0.9
1057_DFA_FEA_XX.mp4,N,55.5,0.0,0.5
1014_IEO_SAD_LO.mp4,N,53.1111111111111,0.0,0.5
1001_IEO_SAD_LO.mp4,N,63.9,0.0,0.5
1076_WSI_HAP_XX.mp4,H,65.5,1.0,0.8
1063_WSI_HAP_XX.mp4,H:N,59.8888888888889,0.0,0.5
1057_WSI_FEA_XX.mp4,N,56.8,0.0,0.5
1042_WSI_FEA_XX.mp4,A,53.7,-1.0,0.9
1080_IEO_DIS_LO.mp4,F:N,51.1,0.0,0.5
1067_DFA_NEU_XX.mp4,N,66.1,0.0,0.5
1072_DFA_NEU_XX.mp4,N,51.5,0.0,0.5
1068_IWW_DIS_XX.mp4,D,58.2222222222222,-0.9,0.5
1032_IEO_HAP_LO.mp4,N,63.5555555555556,0.0,0.5
1027_IEO_HAP_LO.mp4,N,69.1111111111111,0.0,0.5
1025_DFA_ANG_XX.mp4,A:N,47.8181818181818,0.0,0.5
1013_IEO_FEA_LO.mp4,N,43.0,0.0,0.5
1006_IEO_FEA_LO.mp4,N,48.9,0.0,0.5
1030_DFA_ANG_XX.mp4,D,67.8888888888889,-0.9,0.5
1050_WSI_SAD_XX.mp4,N,48.8,0.0,0.5
1041_TIE_DIS_XX.mp4,N,61.0,0.0,0.5
1045_WSI_SAD_XX.mp4,N,54.6,0.0,0.5
1054_TIE_DIS_XX.mp4,D,60.2,-0.9,0.5
1074_TSI_ANG_XX.mp4,A,77.8,-1.0,0.9
1061_TSI_ANG_XX.mp4,A,56.8888888888889,-1.0,0.9
1036_TSI_NEU_XX.mp4,N,71.8888888888889,0.0,0.5
1023_TSI_NEU_XX.mp4,N,66.4,0.0,0.5
1007_TAI_NEU_XX.mp4,N,74.0909090909091,0.0,0.5
1012_TAI_NEU_XX.mp4,N,49.1,0.0,0.5
1049_ITS_SAD_XX.mp4,F,56.1,-0.8,0.8
1045_TAI_ANG_XX.mp4,N,65.1111111111111,0.0,0.5
1050_TAI_ANG_XX.mp4,A,79.0,-1.0,0.9
1056_IEO_ANG_HI.mp4,A,79.4444444444444,-1.0,0.9
1043_IEO_ANG_HI.mp4,A,69.6666666666667,-1.0,0.9
1013_IWL_ANG_XX.mp4,A,80.2727272727273,-1.0,0.9
1006_IWL_ANG_XX.mp4,A,77.3,-1.0,0.9
1047_IEO_ANG_MD.mp4,A,39.9,-1.0,0.9
1052_IEO_ANG_MD.mp4,A,59.75,-1.0,0.9
1051_IWL_NEU_XX.mp4,N,80.9,0.0,0.5
1044_IWL_NEU_XX.mp4,N,61.2222222222222,0.0,0.5
1013_TSI_FEA_XX.mp4,F,68.7777777777778,-0.8,0.8
1006_TSI_FEA_XX.mp4,N,29.8888888888889,0.0,0.5
1036_IEO_SAD_HI.mp4,N,48.4444444444444,0.0,0.5
1032_TSI_HAP_XX.mp4,N,56.3333333333333,0.0,0.5
1027_TSI_HAP_XX.mp4,F,62.125,-0.8,0.8
1023_IEO_SAD_HI.mp4,N,49.6,0.0,0.5
1022_TAI_FEA_XX.mp4,N,67.5555555555556,0.0,0.5
1073_IWL_SAD_XX.mp4,N,61.0,0.0,0.5
1066_IWL_SAD_XX.mp4,N,59.6666666666667,0.0,0.5
1037_TAI_FEA_XX.mp4,F,51.6666666666667,-0.8,0.8
1027_IEO_SAD_MD.mp4,N,70.9090909090909,0.0,0.5
1003_TAI_HAP_XX.mp4,F,64.8888888888889,-0.8,0.8
1016_TAI_HAP_XX.mp4,H,42.6666666666667,1.0,0.8
1032_IEO_SAD_MD.mp4,N,71.75,0.0,0.5
1014_TSI_SAD_XX.mp4,N,64.6666666666667,0.0,0.5
1010_IEO_HAP_HI.mp4,F,47.2222222222222,-0.8,0.8
1005_IEO_HAP_HI.mp4,H,61.5555555555556,1.0,0.8
1001_TSI_SAD_XX.mp4,N,67.375,0.0,0.5
1031_IEO_FEA_HI.mp4,F,72.5555555555556,-0.8,0.8
1024_IEO_FEA_HI.mp4,D:F,56.4545454545455,0.0,0.5
1074_IWL_FEA_XX.mp4,N,61.7777777777778,0.0,0.5
1025_TAI_SAD_XX.mp4,S,59.0,-1.0,0.3
1001_IEO_HAP_MD.mp4,N,63.6363636363636,0.0,0.5
1014_IEO_HAP_MD.mp4,N,62.1111111111111,0.0,0.5
1030_TAI_SAD_XX.mp4,N,55.6666666666667,0.0,0.5
1061_IWL_FEA_XX.mp4,N,66.7,0.0,0.5
1020_IEO_FEA_MD.mp4,F:N,73.6,0.0,0.5
1055_IWL_HAP_XX.mp4,N,60.625,0.0,0.5
1078_IOM_DIS_XX.mp4,F,72.375,-0.8,0.8
1040_IWL_HAP_XX.mp4,N,73.2857142857143,0.0,0.5
1035_IEO_FEA_MD.mp4,N,62.0,0.0,0.5
1080_TSI_DIS_XX.mp4,D:F,49.2,0.0,0.5
1029_ITS_ANG_XX.mp4,D,55.5,-0.9,0.5
1045_MTI_SAD_XX.mp4,S,35.5,-1.0,0.3
1050_MTI_SAD_XX.mp4,N,47.7,0.0,0.5
1088_IWL_ANG_XX.mp4,A,55.3,-1.0,0.9
1040_IOM_NEU_XX.mp4,N,76.0,0.0,0.5
1055_IOM_NEU_XX.mp4,N,75.7777777777778,0.0,0.5
1053_ITS_DIS_XX.mp4,D:N,60.1111111111111,0.0,0.5
1046_ITS_DIS_XX.mp4,N,59.6,0.0,0.5
1002_IOM_ANG_XX.mp4,A,81.7,-1.0,0.9
1017_IOM_ANG_XX.mp4,N,45.8571428571429,0.0,0.5
1042_MTI_FEA_XX.mp4,N,42.125,0.0,0.5
1057_MTI_FEA_XX.mp4,S,41.8,-1.0,0.3
1063_MTI_HAP_XX.mp4,H:N:S,67.2,0.0,0.5
1076_MTI_HAP_XX.mp4,N,43.125,0.0,0.5
1089_TAI_NEU_XX.mp4,N,70.1,0.0,0.5
1062_IOM_SAD_XX.mp4,N,64.7,0.0,0.5
1077_IOM_SAD_XX.mp4,N,62.5,0.0,0.5
1044_IOM_HAP_XX.mp4,H,56.4444444444444,1.0,0.8
1069_IWL_DIS_XX.mp4,D,54.1111111111111,-0.9,0.5
1051_IOM_HAP_XX.mp4,N,60.5,0.0,0.5
1028_IEO_DIS_MD.mp4,D,43.2222222222222,-0.9,0.5
1065_IOM_FEA_XX.mp4,N,74.3,0.0,0.5
1070_IOM_FEA_XX.mp4,N,72.6,0.0,0.5
1088_TSI_FEA_XX.mp4,N,66.1111111111111,0.0,0.5
1025_MTI_ANG_XX.mp4,A,38.4545454545455,-1.0,0.9
1030_MTI_ANG_XX.mp4,D,54.2222222222222,-0.9,0.5
1039_IEO_DIS_HI.mp4,A,54.1,-1.0,0.9
1067_MTI_NEU_XX.mp4,N,59.8888888888889,0.0,0.5
1072_MTI_NEU_XX.mp4,N,73.3,0.0,0.5
1048_ITH_SAD_XX.mp4,N,59.5555555555556,0.0,0.5
1079_TIE_NEU_XX.mp4,N,66.625,0.0,0.5
1050_IWW_NEU_XX.mp4,N,47.3,0.0,0.5
1045_IWW_NEU_XX.mp4,N,59.6,0.0,0.5
1012_IWW_ANG_XX.mp4,A,46.6,-1.0,0.9
1007_IWW_ANG_XX.mp4,D,63.3636363636364,-0.9,0.5
1088_IEO_FEA_LO.mp4,N,53.4,0.0,0.5
1072_IWW_SAD_XX.mp4,N,37.875,0.0,0.5
1067_IWW_SAD_XX.mp4,D:N,58.125,0.0,0.5
1068_TIE_HAP_XX.mp4,A,62.375,-1.0,0.9
1049_TIE_FEA_XX.mp4,N,52.6666666666667,0.0,0.5
1028_ITH_ANG_XX.mp4,A,64.4545454545455,-1.0,0.9
1054_IWW_HAP_XX.mp4,H,61.0,1.0,0.8
1041_IWW_HAP_XX.mp4,N,57.8888888888889,0.0,0.5
1075_IWW_FEA_XX.mp4,F,42.6666666666667,-0.8,0.8
1060_IWW_FEA_XX.mp4,F:N,43.6666666666667,0.0,0.5
1079_DFA_HAP_XX.mp4,H,68.5,1.0,0.8
1048_ITH_DIS_XX.mp4,N,55.9,0.0,0.5
1058_DFA_FEA_XX.mp4,N,64.5555555555556,0.0,0.5
1086_IWW_ANG_XX.mp4,D,46.4444444444444,-0.9,0.5
1068_WSI_NEU_XX.mp4,N,47.2222222222222,0.0,0.5
1068_DFA_NEU_XX.mp4,N,51.6,0.0,0.5
1072_IWW_DIS_XX.mp4,F:N,45.1,0.0,0.5
1067_IWW_DIS_XX.mp4,F,49.7777777777778,-0.8,0.8
1028_IEO_HAP_LO.mp4,H,63.4285714285714,1.0,0.8
1009_IEO_FEA_LO.mp4,N,64.7142857142857,0.0,0.5
1079_WSI_HAP_XX.mp4,D:H,52.2222222222222,0.0,0.5
1058_WSI_FEA_XX.mp4,A:F,70.6666666666667,0.0,0.5
1009_IWL_ANG_XX.mp4,A,71.125,-1.0,0.9
1048_IEO_ANG_MD.mp4,A,54.4,-1.0,0.9
1075_ITS_HAP_XX.mp4,H,67.0,1.0,0.8
1060_ITS_HAP_XX.mp4,N,63.3,0.0,0.5
1054_ITS_FEA_XX.mp4,N,58.4444444444444,0.0,0.5
1041_ITS_FEA_XX.mp4,F:N,56.0,0.0,0.5
1045_MTI_DIS_XX.mp4,N,55.9090909090909,0.0,0.5
1050_MTI_DIS_XX.mp4,D,69.4444444444444,-0.9,0.5
1059_IEO_ANG_HI.mp4,A,80.0,-1.0,0.9
1053_ITS_SAD_XX.mp4,F:N,44.6666666666667,0.0,0.5
1008_TAI_NEU_XX.mp4,N,68.1,0.0,0.5
1046_ITS_SAD_XX.mp4,N,64.0,0.0,0.5
1083_IOM_ANG_XX.mp4,A,58.625,-1.0,0.9
1039_TSI_NEU_XX.mp4,N,86.6666666666667,0.0,0.5
1071_ITS_NEU_XX.mp4,N,59.8,0.0,0.5
1064_ITS_NEU_XX.mp4,N,64.1111111111111,0.0,0.5
1062_IOM_DIS_XX.mp4,S,70.875,-1.0,0.3
1077_IOM_DIS_XX.mp4,N,54.6666666666667,0.0,0.5
1033_ITS_ANG_XX.mp4,A,67.8571428571429,-1.0,0.9
1026_ITS_ANG_XX.mp4,D,60.6,-0.9,0.5
1038_TAI_FEA_XX.mp4,F,59.1,-0.8,0.8
1069_IWL_SAD_XX.mp4,S,48.0,-1.0,0.3
1028_IEO_SAD_MD.mp4,N,38.6,0.0,0.5
1019_TAI_HAP_XX.mp4,N,63.9,0.0,0.5
1009_TSI_FEA_XX.mp4,F,73.125,-0.8,0.8
1039_IEO_SAD_HI.mp4,N,63.1,0.0,0.5
1028_TSI_HAP_XX.mp4,F,56.8,-0.8,0.8
1058_MTI_FEA_XX.mp4,F,55.75,-0.8,0.8
1079_MTI_HAP_XX.mp4,H,77.6,1.0,0.8
1086_TAI_NEU_XX.mp4,N,71.4,0.0,0.5
1049_ITS_DIS_XX.mp4,S,67.6666666666667,-1.0,0.3
1018_IOM_ANG_XX.mp4,A,68.1111111111111,-1.0,0.9
1087_IWL_ANG_XX.mp4,N,56.7272727272727,0.0,0.5
1082_TAI_HAP_XX.mp4,N,66.3333333333333,0.0,0.5
1036_IEO_DIS_HI.mp4,A,72.125,-1.0,0.9
1023_IEO_DIS_HI.mp4,F,54.75,-0.8,0.8
1068_MTI_NEU_XX.mp4,N,49.4,0.0,0.5
1073_IWL_DIS_XX.mp4,N,58.0,0.0,0.5
1066_IWL_DIS_XX.mp4,N:S,47.3333333333333,0.0,0.5
1027_IEO_DIS_MD.mp4,D,56.0,-0.9,0.5
1032_IEO_DIS_MD.mp4,N,51.3333333333333,0.0,0.5
1087_TSI_FEA_XX.mp4,F,45.4,-0.8,0.8
1014_TSI_DIS_XX.mp4,F:N,23.2857142857143,0.0,0.5
1001_TSI_DIS_XX.mp4,N,59.1111111111111,0.0,0.5
1080_IEO_HAP_MD.mp4,N,64.2,0.0,0.5
1025_TAI_DIS_XX.mp4,F,62.1,-0.8,0.8
1030_TAI_DIS_XX.mp4,N,61.7,0.0,0.5
1091_IEO_HAP_HI.mp4,N,50.1,0.0,0.5
1080_TSI_SAD_XX.mp4,N,64.4285714285714,0.0,0.5
1078_IOM_SAD_XX.mp4,N:S,65.125,0.0,0.5
1084_IEO_HAP_HI.mp4,H:N,50.8,0.0,0.5
1055_ITH_FEA_XX.mp4,F,68.0,-0.8,0.8
1040_ITH_FEA_XX.mp4,N,60.1111111111111,0.0,0.5
1045_DFA_DIS_XX.mp4,N,77.3333333333333,0.0,0.5
1074_ITH_HAP_XX.mp4,N,62.0,0.0,0.5
1061_ITH_HAP_XX.mp4,N,58.9,0.0,0.5
1050_DFA_DIS_XX.mp4,A,52.8888888888889,-1.0,0.9
1008_IWW_ANG_XX.mp4,A,54.6666666666667,-1.0,0.9
1021_TIE_ANG_XX.mp4,A,65.7,-1.0,0.9
1034_TIE_ANG_XX.mp4,A,58.4,-1.0,0.9
1063_TIE_NEU_XX.mp4,N,78.375,0.0,0.5
1076_TIE_NEU_XX.mp4,N,59.4,0.0,0.5
1041_IEO_NEU_XX.mp4,N,64.2,0.0,0.5
1054_IEO_NEU_XX.mp4,N,62.6,0.0,0.5
1052_ITH_SAD_XX.mp4,N,60.8888888888889,0.0,0.5
1047_ITH_SAD_XX.mp4,N,56.0,0.0,0.5
1032_ITH_ANG_XX.mp4,N,65.3,0.0,0.5
1027_ITH_ANG_XX.mp4,A,65.7272727272727,-1.0,0.9
1014_IEO_DIS_LO.mp4,N,39.7,0.0,0.5
1001_IEO_DIS_LO.mp4,N,50.0909090909091,0.0,0.5
1070_ITH_NEU_XX.mp4,N,74.0,0.0,0.5
1065_ITH_NEU_XX.mp4,N,64.7,0.0,0.5
1067_TIE_HAP_XX.mp4,N,48.5555555555556,0.0,0.5
1072_TIE_HAP_XX.mp4,H,57.0,1.0,0.8
1046_TIE_FEA_XX.mp4,N,65.0,0.0,0.5
1053_TIE_FEA_XX.mp4,D:F,44.1,0.0,0.5
1080_IEO_SAD_LO.mp4,N,80.3333333333333,0.0,0.5
1068_IWW_SAD_XX.mp4,F:N,67.1,0.0,0.5
1087_IEO_FEA_LO.mp4,N,61.5555555555556,0.0,0.5
1041_TIE_SAD_XX.mp4,N,59.7777777777778,0.0,0.5
1050_WSI_DIS_XX.mp4,D,60.375,-0.9,0.5
1054_TIE_SAD_XX.mp4,S,56.8888888888889,-1.0,0.3
1045_WSI_DIS_XX.mp4,N,72.0,0.0,0.5
1019_WSI_NEU_XX.mp4,N,56.5555555555556,0.0,0.5
1089_TIE_NEU_XX.mp4,N,72.3333333333333,0.0,0.5
1029_DFA_FEA_XX.mp4,F,42.5454545454545,-0.8,0.8
1008_DFA_HAP_XX.mp4,H,43.6666666666667,1.0,0.8
1039_ITH_DIS_XX.mp4,D,62.2222222222222,-0.9,0.5
1029_WSI_FEA_XX.mp4,F,71.8888888888889,-0.8,0.8
1090_IWW_FEA_XX.mp4,N,48.5555555555556,0.0,0.5
1085_IWW_FEA_XX.mp4,F,58.0,-0.8,0.8
1082_IWW_SAD_XX.mp4,F:N,41.875,0.0,0.5
1016_IWW_DIS_XX.mp4,N,35.8888888888889,0.0,0.5
1003_IWW_DIS_XX.mp4,F,48.0,-0.8,0.8
1019_DFA_NEU_XX.mp4,N,63.6363636363636,0.0,0.5
1078_IEO_FEA_LO.mp4,N,61.7777777777778,0.0,0.5
1059_IEO_HAP_LO.mp4,N,63.6666666666667,0.0,0.5
1037_ITS_SAD_XX.mp4,S,59.0,-1.0,0.3
1022_ITS_SAD_XX.mp4,N,53.7272727272727,0.0,0.5
1079_TAI_NEU_XX.mp4,N,62.5,0.0,0.5
1086_MTI_HAP_XX.mp4,N,67.0,0.0,0.5
1048_TSI_NEU_XX.mp4,N,65.0,0.0,0.5
1039_IEO_ANG_MD.mp4,N,54.4,0.0,0.5
1078_IWL_ANG_XX.mp4,A,46.3333333333333,-1.0,0.9
1030_ITS_FEA_XX.mp4,N,65.625,0.0,0.5
1025_ITS_FEA_XX.mp4,F:N,50.1428571428571,0.0,0.5
1011_ITS_HAP_XX.mp4,N,52.4545454545455,0.0,0.5
1004_ITS_HAP_XX.mp4,N,48.375,0.0,0.5
1028_IEO_ANG_HI.mp4,A,80.8,-1.0,0.9
1021_MTI_DIS_XX.mp4,N,66.2222222222222,0.0,0.5
1034_MTI_DIS_XX.mp4,N,55.0,0.0,0.5
1082_MTI_NEU_XX.mp4,N,48.8888888888889,0.0,0.5
1068_TAI_HAP_XX.mp4,D,62.625,-0.9,0.5
1059_IEO_SAD_MD.mp4,S,68.3333333333333,-1.0,0.3
1049_TAI_FEA_XX.mp4,F,57.3,-0.8,0.8
1018_IWL_SAD_XX.mp4,S,61.3333333333333,-1.0,0.3
1059_TSI_HAP_XX.mp4,A:D:F:N,62.3,0.0,0.5
1048_IEO_SAD_HI.mp4,N,52.3333333333333,0.0,0.5
1080_IOM_FEA_XX.mp4,F:N,62.8,0.0,0.5
1078_TSI_FEA_XX.mp4,F,73.0,-0.8,0.8
1006_IOM_DIS_XX.mp4,S,49.8,-1.0,0.3
1013_IOM_DIS_XX.mp4,N,52.1818181818182,0.0,0.5
1015_ITS_NEU_XX.mp4,N,57.5,0.0,0.5
1057_ITS_ANG_XX.mp4,H,58.1111111111111,1.0,0.8
1042_ITS_ANG_XX.mp4,D,44.7777777777778,-0.9,0.5
1087_IOM_SAD_XX.mp4,S,42.2222222222222,-1.0,0.3
1008_MTI_HAP_XX.mp4,H,63.625,1.0,0.8
1029_MTI_FEA_XX.mp4,F,68.8571428571429,-0.8,0.8
1038_ITS_DIS_XX.mp4,D,63.0,-0.9,0.5
1069_IOM_ANG_XX.mp4,A,58.5,-1.0,0.9
1091_TSI_ANG_XX.mp4,A,71.8888888888889,-1.0,0.9
1084_TSI_ANG_XX.mp4,D:N,57.5454545454545,0.0,0.5
1091_IWL_FEA_XX.mp4,S,44.3,-1.0,0.3
1084_IWL_FEA_XX.mp4,N,57.2222222222222,0.0,0.5
1088_IOM_DIS_XX.mp4,N,53.0,0.0,0.5
1070_TSI_DIS_XX.mp4,N,65.0,0.0,0.5
1065_TSI_DIS_XX.mp4,N,52.5,0.0,0.5
1009_IOM_SAD_XX.mp4,N,71.375,0.0,0.5
1041_TAI_DIS_XX.mp4,D:N,43.9,0.0,0.5
1054_TAI_DIS_XX.mp4,F:S,49.5,0.0,0.5
1052_IEO_DIS_HI.mp4,N,68.4444444444444,0.0,0.5
1083_IWL_SAD_XX.mp4,N:S,58.1,0.0,0.5
1047_IEO_DIS_HI.mp4,N,51.8,0.0,0.5
1019_MTI_NEU_XX.mp4,N,69.5555555555556,0.0,0.5
1043_IEO_DIS_MD.mp4,N,46.75,0.0,0.5
1056_IEO_DIS_MD.mp4,A,69.4,-1.0,0.9
1017_IWL_DIS_XX.mp4,N,53.8888888888889,0.0,0.5
1002_IWL_DIS_XX.mp4,N,52.3333333333333,0.0,0.5
1025_IEO_NEU_XX.mp4,N,73.0,0.0,0.5
1030_IEO_NEU_XX.mp4,N,57.0,0.0,0.5
1036_ITH_SAD_XX.mp4,F,60.1111111111111,-0.8,0.8
1023_ITH_SAD_XX.mp4,N,62.3333333333333,0.0,0.5
1086_DFA_HAP_XX.mp4,H:N,52.9090909090909,0.0,0.5
1091_IEO_ANG_LO.mp4,N,52.1111111111111,0.0,0.5
1084_IEO_ANG_LO.mp4,D,49.0,-0.9,0.5
1010_ITH_HAP_XX.mp4,H,50.75,1.0,0.8
1021_DFA_DIS_XX.mp4,A,45.8888888888889,-1.0,0.9
1034_DFA_DIS_XX.mp4,N,48.2222222222222,0.0,0.5
1005_ITH_HAP_XX.mp4,N,60.2222222222222,0.0,0.5
1082_WSI_NEU_XX.mp4,N,64.9,0.0,0.5
1031_ITH_FEA_XX.mp4,N,73.5714285714286,0.0,0.5
1024_ITH_FEA_XX.mp4,F:N,39.125,0.0,0.5
1079_IWW_ANG_XX.mp4,D,53.375,-0.9,0.5
1045_TIE_ANG_XX.mp4,D,50.875,-0.9,0.5
1050_TIE_ANG_XX.mp4,A,80.2,-1.0,0.9
1007_TIE_NEU_XX.mp4,N,59.3333333333333,0.0,0.5
1012_TIE_NEU_XX.mp4,N,63.0,0.0,0.5
1019_IWW_SAD_XX.mp4,N,64.1111111111111,0.0,0.5
1025_TIE_SAD_XX.mp4,S,54.1111111111111,-1.0,0.3
1034_WSI_DIS_XX.mp4,N,41.6363636363636,0.0,0.5
1082_DFA_NEU_XX.mp4,N,62.0,0.0,0.5
1030_TIE_SAD_XX.mp4,N,60.0,0.0,0.5
1021_WSI_DIS_XX.mp4,D:N,43.5555555555556,0.0,0.5
1070_IEO_DIS_LO.mp4,D,47.4444444444444,-0.9,0.5
1065_IEO_DIS_LO.mp4,N,58.1111111111111,0.0,0.5
1056_ITH_ANG_XX.mp4,N,72.375,0.0,0.5
1043_ITH_ANG_XX.mp4,A:F:N,41.0,0.0,0.5
1014_ITH_NEU_XX.mp4,N,43.1,0.0,0.5
1086_WSI_HAP_XX.mp4,H,63.7,1.0,0.8
1001_ITH_NEU_XX.mp4,N,66.4,0.0,0.5
1022_TIE_FEA_XX.mp4,N,61.3636363636364,0.0,0.5
1037_TIE_FEA_XX.mp4,S,62.1,-1.0,0.3
1003_TIE_HAP_XX.mp4,H,45.8,1.0,0.8
1016_TIE_HAP_XX.mp4,H:N,54.75,0.0,0.5
1004_IWW_SAD_XX.mp4,F,50.0909090909091,-0.8,0.8
1011_IWW_SAD_XX.mp4,N,46.5555555555556,0.0,0.5
1085_IWW_DIS_XX.mp4,D,57.4444444444444,-0.9,0.5
1090_IWW_DIS_XX.mp4,D,53.6666666666667,-0.9,0.5
1038_TIE_SAD_XX.mp4,S,60.8,-1.0,0.3
1029_WSI_DIS_XX.mp4,A,66.3,-1.0,0.9
1078_IEO_DIS_LO.mp4,N,48.625,0.0,0.5
1022_IWW_HAP_XX.mp4,H:N,71.7777777777778,0.0,0.5
1037_IWW_HAP_XX.mp4,F,56.7777777777778,-0.8,0.8
1009_ITH_NEU_XX.mp4,N,50.7777777777778,0.0,0.5
1003_IWW_FEA_XX.mp4,F,50.2,-0.8,0.8
1016_IWW_FEA_XX.mp4,F:N,57.2,0.0,0.5
1038_IEO_NEU_XX.mp4,N,69.25,0.0,0.5
1026_IWW_NEU_XX.mp4,N,61.5,0.0,0.5
1039_ITH_FEA_XX.mp4,F,49.6,-0.8,0.8
1033_IWW_NEU_XX.mp4,N,71.2,0.0,0.5
1018_ITH_HAP_XX.mp4,H,56.5555555555556,1.0,0.8
1029_DFA_DIS_XX.mp4,D,62.6,-0.9,0.5
1064_IWW_ANG_XX.mp4,A,85.0,-1.0,0.9
1071_IWW_ANG_XX.mp4,D:N,57.0,0.0,0.5
1058_TIE_ANG_XX.mp4,A,69.0,-1.0,0.9
1080_IOM_DIS_XX.mp4,N,59.0,0.0,0.5
1078_TSI_DIS_XX.mp4,D,71.2857142857143,-0.9,0.5
1086_ITS_NEU_XX.mp4,N,67.2,0.0,0.5
1049_TAI_DIS_XX.mp4,D,66.2727272727273,-0.9,0.5
1014_IOM_SAD_XX.mp4,N,29.375,0.0,0.5
1001_IOM_SAD_XX.mp4,N,54.3636363636364,0.0,0.5
1053_MTI_ANG_XX.mp4,A,65.8888888888889,-1.0,0.9
1046_MTI_ANG_XX.mp4,N,48.125,0.0,0.5
1011_MTI_NEU_XX.mp4,N,56.6,0.0,0.5
1004_MTI_NEU_XX.mp4,N,62.25,0.0,0.5
1032_IOM_HAP_XX.mp4,N,74.5555555555556,0.0,0.5
1027_IOM_HAP_XX.mp4,N,71.4444444444444,0.0,0.5
1013_IOM_FEA_XX.mp4,F:N,67.2222222222222,0.0,0.5
1006_IOM_FEA_XX.mp4,F:N,59.5,0.0,0.5
1082_ITS_HAP_XX.mp4,H,59.8888888888889,1.0,0.8
1033_MTI_SAD_XX.mp4,N,67.2,0.0,0.5
1026_MTI_SAD_XX.mp4,N:S,43.5,0.0,0.5
1034_MTI_FEA_XX.mp4,N,62.1111111111111,0.0,0.5
1021_MTI_FEA_XX.mp4,S,69.6,-1.0,0.3
1015_MTI_HAP_XX.mp4,N,45.2222222222222,0.0,0.5
1036_IOM_NEU_XX.mp4,N,47.7,0.0,0.5
1023_IOM_NEU_XX.mp4,N,78.2,0.0,0.5
1025_ITS_DIS_XX.mp4,N,48.5,0.0,0.5
1030_ITS_DIS_XX.mp4,N,50.2,0.0,0.5
1074_IOM_ANG_XX.mp4,A,74.8,-1.0,0.9
1061_IOM_ANG_XX.mp4,A:D,71.2,0.0,0.5
1005_IWL_SAD_XX.mp4,N,64.2727272727273,0.0,0.5
1054_TAI_FEA_XX.mp4,S,34.625,-1.0,0.3
1041_TAI_FEA_XX.mp4,N,64.7777777777778,0.0,0.5
1010_IWL_SAD_XX.mp4,N,56.3,0.0,0.5
1051_IEO_SAD_MD.mp4,N,44.7,0.0,0.5
1075_TAI_HAP_XX.mp4,H,39.2,1.0,0.8
1060_TAI_HAP_XX.mp4,N,74.0,0.0,0.5
1044_IEO_SAD_MD.mp4,N,65.0,0.0,0.5
1065_TSI_FEA_XX.mp4,N,53.4,0.0,0.5
1088_IOM_FEA_XX.mp4,N,48.5,0.0,0.5
1070_TSI_FEA_XX.mp4,F:N,54.1111111111111,0.0,0.5
1084_IWL_DIS_XX.mp4,N,56.8,0.0,0.5
1040_IEO_SAD_HI.mp4,S,59.8888888888889,-1.0,0.3
1044_TSI_HAP_XX.mp4,F,54.0,-0.8,0.8
1051_TSI_HAP_XX.mp4,N,69.1,0.0,0.5
1055_IEO_SAD_HI.mp4,S,66.0,-1.0,0.3
1091_IWL_DIS_XX.mp4,N,63.8,0.0,0.5
1008_ITS_NEU_XX.mp4,N,56.0,0.0,0.5
1053_TAI_SAD_XX.mp4,F,50.7777777777778,-0.8,0.8
1002_IWL_FEA_XX.mp4,N,58.8888888888889,0.0,0.5
1077_IEO_HAP_MD.mp4,N,71.0,0.0,0.5
1062_IEO_HAP_MD.mp4,N,54.3333333333333,0.0,0.5
1017_IWL_FEA_XX.mp4,N,65.6666666666667,0.0,0.5
1046_TAI_SAD_XX.mp4,N,66.0,0.0,0.5
1056_IEO_FEA_MD.mp4,D,51.0,-0.9,0.5
1023_IWL_HAP_XX.mp4,H:N,63.1111111111111,0.0,0.5
1036_IWL_HAP_XX.mp4,A,47.875,-1.0,0.9
1043_IEO_FEA_MD.mp4,F,38.1,-0.8,0.8
1062_TSI_SAD_XX.mp4,N,50.1,0.0,0.5
1066_IEO_HAP_HI.mp4,N,46.9,0.0,0.5
1073_IEO_HAP_HI.mp4,N,69.0,0.0,0.5
1077_TSI_SAD_XX.mp4,N,58.2,0.0,0.5
1047_IEO_FEA_HI.mp4,F,79.3333333333333,-0.8,0.8
1052_IEO_FEA_HI.mp4,F,81.9,-0.8,0.8
1071_TAI_NEU_XX.mp4,N:S,62.0,0.0,0.5
1064_TAI_NEU_XX.mp4,N,70.1111111111111,0.0,0.5
1033_TAI_ANG_XX.mp4,A:D:N,50.4444444444444,0.0,0.5
1026_TAI_ANG_XX.mp4,A:F,55.1111111111111,0.0,0.5
1002_TSI_ANG_XX.mp4,A,56.9090909090909,-1.0,0.9
1017_TSI_ANG_XX.mp4,N,54.0,0.0,0.5
1040_TSI_NEU_XX.mp4,N,70.2222222222222,0.0,0.5
1055_TSI_NEU_XX.mp4,N,62.4444444444444,0.0,0.5
1065_IWL_ANG_XX.mp4,A,57.6,-1.0,0.9
1070_IWL_ANG_XX.mp4,A,66.625,-1.0,0.9
1031_IEO_ANG_MD.mp4,A,62.9,-1.0,0.9
1024_IEO_ANG_MD.mp4,N,49.0,0.0,0.5
1019_ITS_HAP_XX.mp4,H:N:S,50.4,0.0,0.5
1027_IWL_NEU_XX.mp4,N,77.0,0.0,0.5
1038_ITS_FEA_XX.mp4,H,46.8888888888889,1.0,0.8
1032_IWL_NEU_XX.mp4,N,73.2222222222222,0.0,0.5
1029_MTI_DIS_XX.mp4,D,58.0,-0.9,0.5
1020_IEO_ANG_HI.mp4,A,49.2222222222222,-1.0,0.9
1035_IEO_ANG_HI.mp4,A,61.0,-1.0,0.9
1087_ITH_NEU_XX.mp4,N,74.5,0.0,0.5
1015_WSI_HAP_XX.mp4,N,66.1111111111111,0.0,0.5
1021_WSI_FEA_XX.mp4,S,57.8571428571429,-1.0,0.3
1034_WSI_FEA_XX.mp4,N,60.375,0.0,0.5
1062_IEO_SAD_LO.mp4,N,58.8888888888889,0.0,0.5
1077_IEO_SAD_LO.mp4,N,71.7,0.0,0.5
1090_TIE_HAP_XX.mp4,H,60.7,1.0,0.8
1085_TIE_HAP_XX.mp4,N,58.625,0.0,0.5
1037_TIE_DIS_XX.mp4,F,52.6666666666667,-0.8,0.8
1026_WSI_SAD_XX.mp4,N,55.0,0.0,0.5
1022_TIE_DIS_XX.mp4,A,64.8571428571429,-1.0,0.9
1033_WSI_SAD_XX.mp4,D,54.6,-0.9,0.5
1011_DFA_NEU_XX.mp4,N,62.3333333333333,0.0,0.5
1004_DFA_NEU_XX.mp4,A,27.8888888888889,-1.0,0.9
1044_IEO_HAP_LO.mp4,H:N,44.1111111111111,0.0,0.5
1051_IEO_HAP_LO.mp4,N,74.7,0.0,0.5
1065_IEO_FEA_LO.mp4,N,62.6,0.0,0.5
1053_DFA_ANG_XX.mp4,A,47.1428571428571,-1.0,0.9
1046_DFA_ANG_XX.mp4,A,51.3333333333333,-1.0,0.9
1070_IEO_FEA_LO.mp4,N,68.1,0.0,0.5
1046_WSI_ANG_XX.mp4,A,56.4444444444444,-1.0,0.9
1053_WSI_ANG_XX.mp4,A,58.6666666666667,-1.0,0.9
1083_ITH_HAP_XX.mp4,N,51.5555555555556,0.0,0.5
1004_WSI_NEU_XX.mp4,N,53.25,0.0,0.5
1011_WSI_NEU_XX.mp4,N,52.8181818181818,0.0,0.5
1033_DFA_SAD_XX.mp4,N,62.7777777777778,0.0,0.5
1081_TIE_NEU_XX.mp4,N,71.6363636363636,0.0,0.5
1026_DFA_SAD_XX.mp4,N:S,59.2222222222222,0.0,0.5
1024_ITH_DIS_XX.mp4,D,51.3,-0.9,0.5
1015_DFA_HAP_XX.mp4,H,69.5,1.0,0.8
1031_ITH_DIS_XX.mp4,N,64.2222222222222,0.0,0.5
1002_IEO_ANG_LO.mp4,A,57.6,-1.0,0.9
1034_DFA_FEA_XX.mp4,N,53.6666666666667,0.0,0.5
1021_DFA_FEA_XX.mp4,N:S,37.3,0.0,0.5
1017_IEO_ANG_LO.mp4,A,45.1111111111111,-1.0,0.9
1009_IEO_DIS_LO.mp4,A,53.3636363636364,-1.0,0.9
1067_IWW_FEA_XX.mp4,F:N,46.375,0.0,0.5
1078_ITH_NEU_XX.mp4,N,68.6,0.0,0.5
1072_IWW_FEA_XX.mp4,F,50.6,-0.8,0.8
1046_IWW_HAP_XX.mp4,N,55.875,0.0,0.5
1053_IWW_HAP_XX.mp4,H,62.3333333333333,1.0,0.8
1088_IEO_SAD_LO.mp4,N,39.875,0.0,0.5
1060_IWW_SAD_XX.mp4,S,43.6666666666667,-1.0,0.3
1075_IWW_SAD_XX.mp4,N,57.8888888888889,0.0,0.5
1049_TIE_SAD_XX.mp4,N:S,52.75,0.0,0.5
1058_WSI_DIS_XX.mp4,D,50.2,-0.9,0.5
1069_ITH_HAP_XX.mp4,N,34.1111111111111,0.0,0.5
1058_DFA_DIS_XX.mp4,D,56.7,-0.9,0.5
1048_ITH_FEA_XX.mp4,F,64.75,-0.8,0.8
1042_IWW_NEU_XX.mp4,N,47.3,0.0,0.5
1057_IWW_NEU_XX.mp4,F,40.3,-0.8,0.8
1015_IWW_ANG_XX.mp4,F,33.1111111111111,-0.8,0.8
1029_TIE_ANG_XX.mp4,A,77.3,-1.0,0.9
1049_IEO_NEU_XX.mp4,N,58.8888888888889,0.0,0.5
1037_MTI_ANG_XX.mp4,N,72.3333333333333,0.0,0.5
1022_MTI_ANG_XX.mp4,A,69.8888888888889,-1.0,0.9
1075_MTI_NEU_XX.mp4,N,67.125,0.0,0.5
1060_MTI_NEU_XX.mp4,N,67.4,0.0,0.5
1077_IOM_FEA_XX.mp4,N,70.8888888888889,0.0,0.5
1062_IOM_FEA_XX.mp4,N,63.9,0.0,0.5
1056_IOM_HAP_XX.mp4,N,47.75,0.0,0.5
1043_IOM_HAP_XX.mp4,N,55.6666666666667,0.0,0.5
1088_IEO_HAP_MD.mp4,N,87.2222222222222,0.0,0.5
1009_TSI_DIS_XX.mp4,N,50.5555555555556,0.0,0.5
1088_TSI_SAD_XX.mp4,N,50.9,0.0,0.5
1070_IOM_SAD_XX.mp4,N,47.125,0.0,0.5
1065_IOM_SAD_XX.mp4,N,66.3,0.0,0.5
1038_TAI_DIS_XX.mp4,D,78.1,-0.9,0.5
1071_MTI_HAP_XX.mp4,N,45.875,0.0,0.5
1064_MTI_HAP_XX.mp4,H,60.4,1.0,0.8
1050_MTI_FEA_XX.mp4,F,66.3,-0.8,0.8
1045_MTI_FEA_XX.mp4,N,81.0,0.0,0.5
1041_ITS_DIS_XX.mp4,N,57.9,0.0,0.5
1054_ITS_DIS_XX.mp4,S,53.2222222222222,-1.0,0.3
1052_IOM_NEU_XX.mp4,N,60.5555555555556,0.0,0.5
1047_IOM_NEU_XX.mp4,N,56.1,0.0,0.5
1010_IOM_ANG_XX.mp4,N,67.5,0.0,0.5
1005_IOM_ANG_XX.mp4,A,77.8,-1.0,0.9
1057_MTI_SAD_XX.mp4,N,58.2857142857143,0.0,0.5
1042_MTI_SAD_XX.mp4,S,50.8181818181818,-1.0,0.3
1087_TSI_DIS_XX.mp4,D,49.6666666666667,-0.9,0.5
1032_IEO_FEA_MD.mp4,N,46.7777777777778,0.0,0.5
1047_IWL_HAP_XX.mp4,A,59.7777777777778,-1.0,0.9
1052_IWL_HAP_XX.mp4,N,48.2222222222222,0.0,0.5
1027_IEO_FEA_MD.mp4,N,60.0,0.0,0.5
1066_IWL_FEA_XX.mp4,N,36.7777777777778,0.0,0.5
1037_TAI_SAD_XX.mp4,S,69.4444444444444,-1.0,0.3
1013_IEO_HAP_MD.mp4,D:H:N,58.9,0.0,0.5
1006_IEO_HAP_MD.mp4,N,65.9,0.0,0.5
1079_ITS_NEU_XX.mp4,N,52.1,0.0,0.5
1022_TAI_SAD_XX.mp4,D,53.5,-0.9,0.5
1073_IWL_FEA_XX.mp4,N,73.1,0.0,0.5
1023_IEO_FEA_HI.mp4,F,47.6,-0.8,0.8
1036_IEO_FEA_HI.mp4,F,70.7777777777778,-0.8,0.8
1006_TSI_SAD_XX.mp4,S,52.6666666666667,-1.0,0.3
1002_IEO_HAP_HI.mp4,F:H,55.9,0.0,0.5
1017_IEO_HAP_HI.mp4,H,37.0,1.0,0.8
1013_TSI_SAD_XX.mp4,F,41.0,-0.8,0.8
1035_IEO_SAD_MD.mp4,N,61.7777777777778,0.0,0.5
1011_TAI_HAP_XX.mp4,N,59.8,0.0,0.5
1004_TAI_HAP_XX.mp4,N,60.3333333333333,0.0,0.5
1020_IEO_SAD_MD.mp4,S,58.7777777777778,-1.0,0.3
1030_TAI_FEA_XX.mp4,N,59.5,0.0,0.5
1061_IWL_SAD_XX.mp4,N,63.375,0.0,0.5
1074_IWL_SAD_XX.mp4,N,55.8,0.0,0.5
1025_TAI_FEA_XX.mp4,N,48.6,0.0,0.5
1024_IEO_SAD_HI.mp4,F:N,43.5,0.0,0.5
1020_TSI_HAP_XX.mp4,D,53.0,-0.9,0.5
1035_TSI_HAP_XX.mp4,H,66.3333333333333,1.0,0.8
1031_IEO_SAD_HI.mp4,N,64.2222222222222,0.0,0.5
1001_TSI_FEA_XX.mp4,F,55.25,-0.8,0.8
1014_TSI_FEA_XX.mp4,N,63.1111111111111,0.0,0.5
1055_IEO_ANG_MD.mp4,N,63.4444444444444,0.0,0.5
1040_IEO_ANG_MD.mp4,A,46.4,-1.0,0.9
1001_IWL_ANG_XX.mp4,A,51.8888888888889,-1.0,0.9
1014_IWL_ANG_XX.mp4,A,66.1111111111111,-1.0,0.9
1049_ITS_FEA_XX.mp4,F,67.6666666666667,-0.8,0.8
1043_IWL_NEU_XX.mp4,N,55.5,0.0,0.5
1056_IWL_NEU_XX.mp4,N,51.5555555555556,0.0,0.5
1068_ITS_HAP_XX.mp4,N,55.2,0.0,0.5
1044_IEO_ANG_HI.mp4,A,93.0,-1.0,0.9
1051_IEO_ANG_HI.mp4,A,61.8,-1.0,0.9
1058_MTI_DIS_XX.mp4,D,31.7777777777778,-0.9,0.5
1015_TAI_NEU_XX.mp4,N,74.4,0.0,0.5
1057_TAI_ANG_XX.mp4,N,61.1111111111111,0.0,0.5
1042_TAI_ANG_XX.mp4,N,52.8,0.0,0.5
1066_TSI_ANG_XX.mp4,A,59.2222222222222,-1.0,0.9
1073_TSI_ANG_XX.mp4,A,51.0,-1.0,0.9
1024_TSI_NEU_XX.mp4,N,74.5,0.0,0.5
1031_TSI_NEU_XX.mp4,N,82.0,0.0,0.5
1053_TIE_DIS_XX.mp4,N,61.3,0.0,0.5
1042_WSI_SAD_XX.mp4,N,55.4,0.0,0.5
1046_TIE_DIS_XX.mp4,A:D,50.125,0.0,0.5
1057_WSI_SAD_XX.mp4,S,46.8888888888889,-1.0,0.3
1075_DFA_NEU_XX.mp4,N,58.9,0.0,0.5
1060_DFA_NEU_XX.mp4,N,52.0,0.0,0.5
1037_DFA_ANG_XX.mp4,A,55.25,-1.0,0.9
1001_IEO_FEA_LO.mp4,N,58.7,0.0,0.5
1014_IEO_FEA_LO.mp4,N,47.0,0.0,0.5
1022_DFA_ANG_XX.mp4,A,63.3636363636364,-1.0,0.9
1020_IEO_HAP_LO.mp4,N,54.9,0.0,0.5
1035_IEO_HAP_LO.mp4,H,68.1428571428571,1.0,0.8
1045_WSI_FEA_XX.mp4,N,49.4444444444444,0.0,0.5
1050_WSI_FEA_XX.mp4,F,60.2,-0.8,0.8
1064_WSI_HAP_XX.mp4,H:N,59.7,0.0,0.5
1071_WSI_HAP_XX.mp4,N,59.625,0.0,0.5
1087_IEO_DIS_LO.mp4,N,51.7,0.0,0.5
1006_IEO_SAD_LO.mp4,N,45.7777777777778,0.0,0.5
1013_IEO_SAD_LO.mp4,N,51.8,0.0,0.5
1050_DFA_FEA_XX.mp4,F:N,53.8571428571429,0.0,0.5
1066_IEO_ANG_LO.mp4,N,55.6666666666667,0.0,0.5
1073_IEO_ANG_LO.mp4,N,42.5,0.0,0.5
1045_DFA_FEA_XX.mp4,N,44.2222222222222,0.0,0.5
1071_DFA_HAP_XX.mp4,N,70.5,0.0,0.5
1040_ITH_DIS_XX.mp4,N,50.1,0.0,0.5
1055_ITH_DIS_XX.mp4,N,60.1,0.0,0.5
1064_DFA_HAP_XX.mp4,S,50.5,-1.0,0.3
1022_WSI_ANG_XX.mp4,A,75.0,-1.0,0.9
1037_WSI_ANG_XX.mp4,A,52.5555555555556,-1.0,0.9
1060_WSI_NEU_XX.mp4,N,59.1,0.0,0.5
1075_WSI_NEU_XX.mp4,N,61.3,0.0,0.5
1057_DFA_SAD_XX.mp4,N,54.25,0.0,0.5
1042_DFA_SAD_XX.mp4,N,78.2857142857143,0.0,0.5
1080_TIE_NEU_XX.mp4,N,61.8,0.0,0.5
1027_DFA_SAD_XX.mp4,N,44.6666666666667,0.0,0.5
1032_DFA_SAD_XX.mp4,N,59.375,0.0,0.5
1010_WSI_NEU_XX.mp4,A,41.5,-1.0,0.9
1082_ITH_HAP_XX.mp4,H,60.2222222222222,1.0,0.8
1005_WSI_NEU_XX.mp4,A,50.7272727272727,-1.0,0.9
1052_WSI_ANG_XX.mp4,D,61.2222222222222,-0.9,0.5
1047_WSI_ANG_XX.mp4,A,60.9090909090909,-1.0,0.9
1020_DFA_FEA_XX.mp4,D:N,56.0,0.0,0.5
1016_IEO_ANG_LO.mp4,N,59.2222222222222,0.0,0.5
1003_IEO_ANG_LO.mp4,A:D:N,52.2222222222222,0.0,0.5
1035_DFA_FEA_XX.mp4,N,61.9,0.0,0.5
1001_DFA_HAP_XX.mp4,N,65.375,0.0,0.5
1030_ITH_DIS_XX.mp4,N,52.0,0.0,0.5
1025_ITH_DIS_XX.mp4,N,49.5555555555556,0.0,0.5
1014_DFA_HAP_XX.mp4,H:N,64.2222222222222,0.0,0.5
1084_TIE_HAP_XX.mp4,N,50.5,0.0,0.5
1091_TIE_HAP_XX.mp4,N,50.25,0.0,0.5
1076_IEO_SAD_LO.mp4,N,48.75,0.0,0.5
1063_IEO_SAD_LO.mp4,N:S,45.6666666666667,0.0,0.5
1035_WSI_FEA_XX.mp4,F,63.8888888888889,-0.8,0.8
1020_WSI_FEA_XX.mp4,S,64.8181818181818,-1.0,0.3
1014_WSI_HAP_XX.mp4,A,49.6,-1.0,0.9
1001_WSI_HAP_XX.mp4,A,56.8888888888889,-1.0,0.9
1086_ITH_NEU_XX.mp4,N,72.7142857142857,0.0,0.5
1047_DFA_ANG_XX.mp4,A,60.7777777777778,-1.0,0.9
1071_IEO_FEA_LO.mp4,N,68.5555555555556,0.0,0.5
1064_IEO_FEA_LO.mp4,D:F:N,62.2857142857143,0.0,0.5
1052_DFA_ANG_XX.mp4,A,85.0,-1.0,0.9
1050_IEO_HAP_LO.mp4,N,62.8888888888889,0.0,0.5
1045_IEO_HAP_LO.mp4,N,63.5,0.0,0.5
1005_DFA_NEU_XX.mp4,N,54.0,0.0,0.5
1010_DFA_NEU_XX.mp4,D,41.375,-0.9,0.5
1023_TIE_DIS_XX.mp4,D,60.2,-0.9,0.5
1032_WSI_SAD_XX.mp4,N,53.8,0.0,0.5
1036_TIE_DIS_XX.mp4,A,48.8571428571429,-1.0,0.9
1027_WSI_SAD_XX.mp4,N,50.1,0.0,0.5
1054_TSI_NEU_XX.mp4,N,65.5,0.0,0.5
1041_TSI_NEU_XX.mp4,N,74.5555555555556,0.0,0.5
1016_TSI_ANG_XX.mp4,A,67.4,-1.0,0.9
1003_TSI_ANG_XX.mp4,A,70.0,-1.0,0.9
1027_TAI_ANG_XX.mp4,N,69.5,0.0,0.5
1032_TAI_ANG_XX.mp4,D,55.9,-0.9,0.5
1065_TAI_NEU_XX.mp4,N,60.5,0.0,0.5
1070_TAI_NEU_XX.mp4,N,64.8888888888889,0.0,0.5
1034_IEO_ANG_HI.mp4,A,78.3333333333333,-1.0,0.9
1021_IEO_ANG_HI.mp4,A,62.6,-1.0,0.9
1028_MTI_DIS_XX.mp4,S,55.375,-1.0,0.3
1039_ITS_FEA_XX.mp4,F,61.4285714285714,-0.8,0.8
1033_IWL_NEU_XX.mp4,N,70.8888888888889,0.0,0.5
1026_IWL_NEU_XX.mp4,N,63.6,0.0,0.5
1018_ITS_HAP_XX.mp4,H,45.75,1.0,0.8
1025_IEO_ANG_MD.mp4,A,80.4,-1.0,0.9
1030_IEO_ANG_MD.mp4,N,66.4,0.0,0.5
1071_IWL_ANG_XX.mp4,A,59.3636363636364,-1.0,0.9
1064_IWL_ANG_XX.mp4,A,70.8888888888889,-1.0,0.9
1050_TSI_HAP_XX.mp4,N,57.5,0.0,0.5
1054_IEO_SAD_HI.mp4,S,66.3,-1.0,0.3
1090_IWL_DIS_XX.mp4,D:N,38.875,0.0,0.5
1085_IWL_DIS_XX.mp4,N,51.3333333333333,0.0,0.5
1041_IEO_SAD_HI.mp4,S,60.375,-1.0,0.3
1045_TSI_HAP_XX.mp4,N,52.2,0.0,0.5
1089_IOM_FEA_XX.mp4,S,72.2222222222222,-1.0,0.3
1071_TSI_FEA_XX.mp4,F,36.4444444444444,-0.8,0.8
1064_TSI_FEA_XX.mp4,F,65.8,-0.8,0.8
1061_TAI_HAP_XX.mp4,N,57.625,0.0,0.5
1045_IEO_SAD_MD.mp4,N,45.0,0.0,0.5
1050_IEO_SAD_MD.mp4,N,47.9,0.0,0.5
1074_TAI_HAP_XX.mp4,H,71.2,1.0,0.8
1040_TAI_FEA_XX.mp4,N,47.4545454545455,0.0,0.5
1011_IWL_SAD_XX.mp4,N,60.0,0.0,0.5
1004_IWL_SAD_XX.mp4,S,58.9,-1.0,0.3
1055_TAI_FEA_XX.mp4,F,59.2,-0.8,0.8
1053_IEO_FEA_HI.mp4,F,58.8,-0.8,0.8
1046_IEO_FEA_HI.mp4,F,62.7777777777778,-0.8,0.8
1072_IEO_HAP_HI.mp4,F,52.3333333333333,-0.8,0.8
1076_TSI_SAD_XX.mp4,N,37.8888888888889,0.0,0.5
1063_TSI_SAD_XX.mp4,N,70.5,0.0,0.5
1067_IEO_HAP_HI.mp4,H,53.1428571428571,1.0,0.8
1037_IWL_HAP_XX.mp4,H,47.1111111111111,1.0,0.8
1042_IEO_FEA_MD.mp4,F:N,47.2222222222222,0.0,0.5
1057_IEO_FEA_MD.mp4,N,53.0,0.0,0.5
1022_IWL_HAP_XX.mp4,N,57.4444444444444,0.0,0.5
1063_IEO_HAP_MD.mp4,F,74.3,-0.8,0.8
1016_IWL_FEA_XX.mp4,A,52.3,-1.0,0.9
1047_TAI_SAD_XX.mp4,N,57.5555555555556,0.0,0.5
1009_ITS_NEU_XX.mp4,N,53.0,0.0,0.5
1052_TAI_SAD_XX.mp4,N,62.3,0.0,0.5
1003_IWL_FEA_XX.mp4,F:N:S,57.2222222222222,0.0,0.5
1076_IEO_HAP_MD.mp4,N,74.5,0.0,0.5
1027_MTI_SAD_XX.mp4,S,57.3333333333333,-1.0,0.3
1032_MTI_SAD_XX.mp4,N,53.5,0.0,0.5
1083_ITS_HAP_XX.mp4,N,54.4,0.0,0.5
1060_IOM_ANG_XX.mp4,A:D,53.875,0.0,0.5
1075_IOM_ANG_XX.mp4,A,47.6363636363636,-1.0,0.9
1031_ITS_DIS_XX.mp4,N,63.5555555555556,0.0,0.5
1024_ITS_DIS_XX.mp4,N,57.4,0.0,0.5
1022_IOM_NEU_XX.mp4,N,57.8,0.0,0.5
1037_IOM_NEU_XX.mp4,N,50.3,0.0,0.5
1001_MTI_HAP_XX.mp4,H:N,64.4,0.0,0.5
1014_MTI_HAP_XX.mp4,N,78.4285714285714,0.0,0.5
1020_MTI_FEA_XX.mp4,N,55.6,0.0,0.5
1035_MTI_FEA_XX.mp4,S,53.2222222222222,-1.0,0.3
1015_IOM_SAD_XX.mp4,N,48.6666666666667,0.0,0.5
1048_TAI_DIS_XX.mp4,D,57.5714285714286,-0.9,0.5
1087_ITS_NEU_XX.mp4,N,60.0,0.0,0.5
1081_IOM_DIS_XX.mp4,D,49.0,-0.9,0.5
1079_TSI_DIS_XX.mp4,D,47.6666666666667,-0.9,0.5
1007_IOM_FEA_XX.mp4,N,64.5555555555556,0.0,0.5
1012_IOM_FEA_XX.mp4,N,60.2222222222222,0.0,0.5
1026_IOM_HAP_XX.mp4,H,55.6,1.0,0.8
1033_IOM_HAP_XX.mp4,N,64.1,0.0,0.5
1005_MTI_NEU_XX.mp4,N,61.1428571428571,0.0,0.5
1010_MTI_NEU_XX.mp4,N,70.2,0.0,0.5
1047_MTI_ANG_XX.mp4,A,53.8888888888889,-1.0,0.9
1052_MTI_ANG_XX.mp4,A,79.8,-1.0,0.9
1039_IEO_NEU_XX.mp4,N,59.8,0.0,0.5
1059_TIE_ANG_XX.mp4,A,90.3333333333333,-1.0,0.9
1070_IWW_ANG_XX.mp4,A,75.8,-1.0,0.9
1065_IWW_ANG_XX.mp4,A,76.2222222222222,-1.0,0.9
1028_DFA_DIS_XX.mp4,D,69.5555555555556,-0.9,0.5
1038_ITH_FEA_XX.mp4,F,56.8,-0.8,0.8
1032_IWW_NEU_XX.mp4,N,66.1,0.0,0.5
1027_IWW_NEU_XX.mp4,N,63.7777777777778,0.0,0.5
1039_TIE_SAD_XX.mp4,S,64.5555555555556,-1.0,0.3
1028_WSI_DIS_XX.mp4,D,46.3333333333333,-0.9,0.5
1091_IWW_DIS_XX.mp4,F:N,54.75,0.0,0.5
1084_IWW_DIS_XX.mp4,N,56.6666666666667,0.0,0.5
1010_IWW_SAD_XX.mp4,F,42.8181818181818,-0.8,0.8
1005_IWW_SAD_XX.mp4,N,55.5,0.0,0.5
1017_IWW_FEA_XX.mp4,F,40.5,-0.8,0.8
1008_ITH_NEU_XX.mp4,N,70.3,0.0,0.5
1002_IWW_FEA_XX.mp4,F,59.7,-0.8,0.8
1036_IWW_HAP_XX.mp4,A,47.4,-1.0,0.9
1023_IWW_HAP_XX.mp4,H:N,51.375,0.0,0.5
1079_IEO_DIS_LO.mp4,N,68.5714285714286,0.0,0.5
1054_ITH_DIS_XX.mp4,N:S,60.6666666666667,0.0,0.5
1065_DFA_HAP_XX.mp4,N,55.4444444444444,0.0,0.5
1070_DFA_HAP_XX.mp4,N,69.1111111111111,0.0,0.5
1041_ITH_DIS_XX.mp4,N,45.5,0.0,0.5
1072_IEO_ANG_LO.mp4,A:D,49.8,0.0,0.5
1044_DFA_FEA_XX.mp4,F,49.125,-0.8,0.8
1051_DFA_FEA_XX.mp4,N,52.8888888888889,0.0,0.5
1067_IEO_ANG_LO.mp4,N,66.1,0.0,0.5
1043_DFA_SAD_XX.mp4,S,62.0,-1.0,0.3
1056_DFA_SAD_XX.mp4,N,51.3333333333333,0.0,0.5
1074_WSI_NEU_XX.mp4,N,53.625,0.0,0.5
1061_WSI_NEU_XX.mp4,N,59.7,0.0,0.5
1036_WSI_ANG_XX.mp4,A,83.8,-1.0,0.9
1023_WSI_ANG_XX.mp4,A,75.5,-1.0,0.9
1034_IEO_HAP_LO.mp4,N,68.9,0.0,0.5
1021_IEO_HAP_LO.mp4,H,59.0,1.0,0.8
1015_IEO_FEA_LO.mp4,N,57.25,0.0,0.5
1023_DFA_ANG_XX.mp4,A,67.5,-1.0,0.9
1036_DFA_ANG_XX.mp4,A,77.7,-1.0,0.9
1061_DFA_NEU_XX.mp4,N,57.0,0.0,0.5
1074_DFA_NEU_XX.mp4,N,67.5555555555556,0.0,0.5
1047_TIE_DIS_XX.mp4,D,48.6,-0.9,0.5
1056_WSI_SAD_XX.mp4,N,53.8,0.0,0.5
1052_TIE_DIS_XX.mp4,A,48.4444444444444,-1.0,0.9
1043_WSI_SAD_XX.mp4,N,65.0,0.0,0.5
1012_IEO_SAD_LO.mp4,N,42.7,0.0,0.5
1007_IEO_SAD_LO.mp4,N,45.3,0.0,0.5
1086_IEO_DIS_LO.mp4,N,78.5,0.0,0.5
1070_WSI_HAP_XX.mp4,A,44.5714285714286,-1.0,0.9
1065_WSI_HAP_XX.mp4,A:N,62.4,0.0,0.5
1051_WSI_FEA_XX.mp4,N,62.5714285714286,0.0,0.5
1044_WSI_FEA_XX.mp4,F,68.7142857142857,-0.8,0.8
1059_MTI_DIS_XX.mp4,F:H,52.1111111111111,0.0,0.5
1050_IEO_ANG_HI.mp4,A,86.8888888888889,-1.0,0.9
1045_IEO_ANG_HI.mp4,A,71.5555555555556,-1.0,0.9
1069_ITS_HAP_XX.mp4,N,65.125,0.0,0.5
1057_IWL_NEU_XX.mp4,N,53.8,0.0,0.5
1048_ITS_FEA_XX.mp4,N,49.875,0.0,0.5
1042_IWL_NEU_XX.mp4,N,73.4,0.0,0.5
1015_IWL_ANG_XX.mp4,A,56.4444444444444,-1.0,0.9
1041_IEO_ANG_MD.mp4,D,48.8,-0.9,0.5
1054_IEO_ANG_MD.mp4,N,54.3333333333333,0.0,0.5
1030_TSI_NEU_XX.mp4,N,51.7777777777778,0.0,0.5
1025_TSI_NEU_XX.mp4,N,71.8181818181818,0.0,0.5
1072_TSI_ANG_XX.mp4,A,67.3636363636364,-1.0,0.9
1067_TSI_ANG_XX.mp4,N,69.4444444444444,0.0,0.5
1043_TAI_ANG_XX.mp4,D:F:N:S,68.2222222222222,0.0,0.5
1056_TAI_ANG_XX.mp4,N,51.2222222222222,0.0,0.5
1001_TAI_NEU_XX.mp4,N,47.2222222222222,0.0,0.5
1014_TAI_NEU_XX.mp4,N,64.9,0.0,0.5
1016_IEO_HAP_HI.mp4,N,55.5,0.0,0.5
1012_TSI_SAD_XX.mp4,N,53.3333333333333,0.0,0.5
1007_TSI_SAD_XX.mp4,N,48.0,0.0,0.5
1003_IEO_HAP_HI.mp4,H,55.0,1.0,0.8
1037_IEO_FEA_HI.mp4,F,80.0,-0.8,0.8
1022_IEO_FEA_HI.mp4,F:H,47.3,0.0,0.5
1007_IEO_HAP_MD.mp4,N,62.0,0.0,0.5
1078_ITS_NEU_XX.mp4,N,55.1428571428571,0.0,0.5
1023_TAI_SAD_XX.mp4,N,76.75,0.0,0.5
1072_IWL_FEA_XX.mp4,N,50.4545454545455,0.0,0.5
1067_IWL_FEA_XX.mp4,N,66.4444444444444,0.0,0.5
1036_TAI_SAD_XX.mp4,S,51.6,-1.0,0.3
1012_IEO_HAP_MD.mp4,N,61.3,0.0,0.5
1053_IWL_HAP_XX.mp4,N,54.7,0.0,0.5
1026_IEO_FEA_MD.mp4,F,64.7142857142857,-0.8,0.8
1086_TSI_DIS_XX.mp4,N,67.75,0.0,0.5
1033_IEO_FEA_MD.mp4,N,65.0,0.0,0.5
1046_IWL_HAP_XX.mp4,N,53.8888888888889,0.0,0.5
1015_TSI_FEA_XX.mp4,F,59.4,-0.8,0.8
1034_TSI_HAP_XX.mp4,F,52.375,-0.8,0.8
1030_IEO_SAD_HI.mp4,S,56.2222222222222,-1.0,0.3
1025_IEO_SAD_HI.mp4,N,55.5,0.0,0.5
1021_TSI_HAP_XX.mp4,N,67.8,0.0,0.5
1075_IWL_SAD_XX.mp4,N,60.3,0.0,0.5
1024_TAI_FEA_XX.mp4,N,52.2,0.0,0.5
1031_TAI_FEA_XX.mp4,N,57.25,0.0,0.5
1060_IWL_SAD_XX.mp4,N,54.1818181818182,0.0,0.5
1005_TAI_HAP_XX.mp4,H,60.3333333333333,1.0,0.8
1021_IEO_SAD_MD.mp4,N,50.6666666666667,0.0,0.5
1034_IEO_SAD_MD.mp4,D,46.2222222222222,-0.9,0.5
1010_TAI_HAP_XX.mp4,N,60.8181818181818,0.0,0.5
1004_IOM_ANG_XX.mp4,A,60.8,-1.0,0.9
1011_IOM_ANG_XX.mp4,A:D,58.5,0.0,0.5
1046_IOM_NEU_XX.mp4,N,64.2222222222222,0.0,0.5
1053_IOM_NEU_XX.mp4,N,68.5555555555556,0.0,0.5
1055_ITS_DIS_XX.mp4,N,66.1111111111111,0.0,0.5
1040_ITS_DIS_XX.mp4,N,70.4444444444444,0.0,0.5
1044_MTI_FEA_XX.mp4,F,63.9,-0.8,0.8
1051_MTI_FEA_XX.mp4,F,48.2222222222222,-0.8,0.8
1065_MTI_HAP_XX.mp4,H,67.0,1.0,0.8
1070_MTI_HAP_XX.mp4,H,44.3333333333333,1.0,0.8
1043_MTI_SAD_XX.mp4,N,71.375,0.0,0.5
1056_MTI_SAD_XX.mp4,D,59.7777777777778,-0.9,0.5
1042_IOM_HAP_XX.mp4,N,50.875,0.0,0.5
1057_IOM_HAP_XX.mp4,N,60.0,0.0,0.5
1063_IOM_FEA_XX.mp4,S,52.9090909090909,-1.0,0.3
1076_IOM_FEA_XX.mp4,N,52.8888888888889,0.0,0.5
1061_MTI_NEU_XX.mp4,N,63.4444444444444,0.0,0.5
1074_MTI_NEU_XX.mp4,N,72.3,0.0,0.5
1023_MTI_ANG_XX.mp4,A,60.5,-1.0,0.9
1036_MTI_ANG_XX.mp4,A:D,55.375,0.0,0.5
1039_TAI_DIS_XX.mp4,D,57.2222222222222,-0.9,0.5
1064_IOM_SAD_XX.mp4,N,48.8,0.0,0.5
1089_TSI_SAD_XX.mp4,N,40.7142857142857,0.0,0.5
1071_IOM_SAD_XX.mp4,N,51.1,0.0,0.5
1008_TSI_DIS_XX.mp4,D,63.7,-0.9,0.5
1089_IEO_HAP_MD.mp4,H,50.4444444444444,1.0,0.8
1028_TIE_ANG_XX.mp4,A,82.8,-1.0,0.9
1014_IWW_ANG_XX.mp4,A,69.1111111111111,-1.0,0.9
1001_IWW_ANG_XX.mp4,D,62.7142857142857,-0.9,0.5
1056_IWW_NEU_XX.mp4,N,48.1111111111111,0.0,0.5
1049_ITH_FEA_XX.mp4,F:S,61.625,0.0,0.5
1043_IWW_NEU_XX.mp4,N,56.3333333333333,0.0,0.5
1068_ITH_HAP_XX.mp4,N,64.25,0.0,0.5
1059_DFA_DIS_XX.mp4,D,64.875,-0.9,0.5
1048_IEO_NEU_XX.mp4,N,52.3,0.0,0.5
1089_IEO_SAD_LO.mp4,N,60.0,0.0,0.5
1052_IWW_HAP_XX.mp4,F,46.3,-0.8,0.8
1047_IWW_HAP_XX.mp4,H,52.1111111111111,1.0,0.8
1079_ITH_NEU_XX.mp4,N,48.9,0.0,0.5
1073_IWW_FEA_XX.mp4,D,51.5,-0.9,0.5
1066_IWW_FEA_XX.mp4,F,42.2,-0.8,0.8
1008_IEO_DIS_LO.mp4,N,66.2,0.0,0.5
1048_TIE_SAD_XX.mp4,N,45.7777777777778,0.0,0.5
1059_WSI_DIS_XX.mp4,A:D,62.3,0.0,0.5
1074_IWW_SAD_XX.mp4,N,51.2,0.0,0.5
1061_IWW_SAD_XX.mp4,F,48.3,-0.8,0.8
1081_IEO_SAD_LO.mp4,N,58.2,0.0,0.5
1052_TIE_FEA_XX.mp4,F,55.1111111111111,-0.8,0.8
1047_TIE_FEA_XX.mp4,A,61.1666666666667,-1.0,0.9
1073_TIE_HAP_XX.mp4,N,50.6666666666667,0.0,0.5
1066_TIE_HAP_XX.mp4,N,63.5555555555556,0.0,0.5
1064_ITH_NEU_XX.mp4,N,66.7777777777778,0.0,0.5
1071_ITH_NEU_XX.mp4,N,65.3,0.0,0.5
1015_IEO_DIS_LO.mp4,D:S,49.8,0.0,0.5
1026_ITH_ANG_XX.mp4,A,55.1111111111111,-1.0,0.9
1033_ITH_ANG_XX.mp4,D,67.0,-0.9,0.5
1055_TIE_SAD_XX.mp4,N,71.2857142857143,0.0,0.5
1044_WSI_DIS_XX.mp4,A,58.2222222222222,-1.0,0.9
1040_TIE_SAD_XX.mp4,S,67.875,-1.0,0.3
1051_WSI_DIS_XX.mp4,N,57.8888888888889,0.0,0.5
1086_IEO_FEA_LO.mp4,N,83.2222222222222,0.0,0.5
1069_IWW_SAD_XX.mp4,F,31.8181818181818,-0.8,0.8
1077_TIE_NEU_XX.mp4,N,65.6666666666667,0.0,0.5
1062_TIE_NEU_XX.mp4,N,65.6666666666667,0.0,0.5
1035_TIE_ANG_XX.mp4,A,70.2,-1.0,0.9
1020_TIE_ANG_XX.mp4,A:D,56.6,0.0,0.5
1009_IWW_ANG_XX.mp4,A,66.5,-1.0,0.9
1060_ITH_HAP_XX.mp4,N,68.4444444444444,0.0,0.5
1051_DFA_DIS_XX.mp4,N,53.6666666666667,0.0,0.5
1044_DFA_DIS_XX.mp4,A,60.4444444444444,-1.0,0.9
1075_ITH_HAP_XX.mp4,H,58.0,1.0,0.8
1041_ITH_FEA_XX.mp4,N,51.2222222222222,0.0,0.5
1054_ITH_FEA_XX.mp4,F,36.0,-0.8,0.8
1046_ITH_SAD_XX.mp4,N,58.25,0.0,0.5
1053_ITH_SAD_XX.mp4,N,58.9,0.0,0.5
1055_IEO_NEU_XX.mp4,N,55.4,0.0,0.5
1040_IEO_NEU_XX.mp4,N,60.8,0.0,0.5
1033_IEO_DIS_MD.mp4,A:D,60.6,0.0,0.5
1086_TSI_FEA_XX.mp4,F,57.9,-0.8,0.8
1026_IEO_DIS_MD.mp4,D,65.75,-0.9,0.5
1067_IWL_DIS_XX.mp4,N,53.2222222222222,0.0,0.5
1072_IWL_DIS_XX.mp4,D,61.4444444444444,-0.9,0.5
1069_MTI_NEU_XX.mp4,N,63.7,0.0,0.5
1022_IEO_DIS_HI.mp4,N,47.125,0.0,0.5
1037_IEO_DIS_HI.mp4,D,69.4285714285714,-0.9,0.5
1083_TAI_HAP_XX.mp4,N,56.1,0.0,0.5
1081_TSI_SAD_XX.mp4,N,62.1,0.0,0.5
1079_IOM_SAD_XX.mp4,N,53.3,0.0,0.5
1085_IEO_HAP_HI.mp4,H,57.7,1.0,0.8
1090_IEO_HAP_HI.mp4,N,55.8888888888889,0.0,0.5
1031_TAI_DIS_XX.mp4,N,54.2222222222222,0.0,0.5
1024_TAI_DIS_XX.mp4,N,55.5555555555556,0.0,0.5
1081_IEO_HAP_MD.mp4,D,46.1,-0.9,0.5
1015_TSI_DIS_XX.mp4,N,58.5555555555556,0.0,0.5
1019_IOM_ANG_XX.mp4,A,50.0,-1.0,0.9
1048_ITS_DIS_XX.mp4,F,44.3333333333333,-0.8,0.8
1087_TAI_NEU_XX.mp4,N,71.8,0.0,0.5
1078_MTI_HAP_XX.mp4,F:N,52.5,0.0,0.5
1059_MTI_FEA_XX.mp4,A,70.7142857142857,-1.0,0.9
1086_IWL_ANG_XX.mp4,A,72.2,-1.0,0.9
1027_ITS_ANG_XX.mp4,A,40.4444444444444,-1.0,0.9
1032_ITS_ANG_XX.mp4,N,54.4,0.0,0.5
1076_IOM_DIS_XX.mp4,D:N,68.0,0.0,0.5
1063_IOM_DIS_XX.mp4,N,67.0,0.0,0.5
1065_ITS_NEU_XX.mp4,N,66.7,0.0,0.5
1070_ITS_NEU_XX.mp4,N,60.7777777777778,0.0,0.5
1029_TSI_HAP_XX.mp4,H,67.0,1.0,0.8
1038_IEO_SAD_HI.mp4,N:S,61.1,0.0,0.5
1008_TSI_FEA_XX.mp4,F,84.8,-0.8,0.8
1018_TAI_HAP_XX.mp4,F:N,58.2,0.0,0.5
1029_IEO_SAD_MD.mp4,F:S,74.0,0.0,0.5
1039_TAI_FEA_XX.mp4,F,63.5555555555556,-0.8,0.8
1068_IWL_SAD_XX.mp4,N,54.8,0.0,0.5
1058_IEO_ANG_HI.mp4,A,82.375,-1.0,0.9
1051_MTI_DIS_XX.mp4,N:S,37.5555555555556,0.0,0.5
1044_MTI_DIS_XX.mp4,D,50.1111111111111,-0.9,0.5
1040_ITS_FEA_XX.mp4,F,58.3333333333333,-0.8,0.8
1055_ITS_FEA_XX.mp4,F,77.5,-0.8,0.8
1061_ITS_HAP_XX.mp4,H,65.3333333333333,1.0,0.8
1074_ITS_HAP_XX.mp4,N,59.2222222222222,0.0,0.5
1049_IEO_ANG_MD.mp4,A,64.8,-1.0,0.9
1008_IWL_ANG_XX.mp4,A,50.4285714285714,-1.0,0.9
1038_TSI_NEU_XX.mp4,N,54.1,0.0,0.5
1082_IOM_ANG_XX.mp4,N,52.125,0.0,0.5
1047_ITS_SAD_XX.mp4,N,57.9,0.0,0.5
1052_ITS_SAD_XX.mp4,F:S,57.5,0.0,0.5
1009_TAI_NEU_XX.mp4,N,71.1,0.0,0.5
1008_IEO_FEA_LO.mp4,F,49.1,-0.8,0.8
1029_IEO_HAP_LO.mp4,N,65.5454545454545,0.0,0.5
1066_IWW_DIS_XX.mp4,F,59.0,-0.8,0.8
1073_IWW_DIS_XX.mp4,D,46.7,-0.9,0.5
1069_DFA_NEU_XX.mp4,N,53.0909090909091,0.0,0.5
1059_WSI_FEA_XX.mp4,A,59.5,-1.0,0.9
1078_WSI_HAP_XX.mp4,F,57.0,-0.8,0.8
1059_DFA_FEA_XX.mp4,F,51.75,-0.8,0.8
1078_DFA_HAP_XX.mp4,H,74.3,1.0,0.8
1049_ITH_DIS_XX.mp4,F,53.8,-0.8,0.8
1069_WSI_NEU_XX.mp4,N,57.0,0.0,0.5
1087_IWW_ANG_XX.mp4,D:N,45.7,0.0,0.5
1031_TIE_SAD_XX.mp4,N,55.6,0.0,0.5
1020_WSI_DIS_XX.mp4,A,53.0,-1.0,0.9
1024_TIE_SAD_XX.mp4,N,60.7777777777778,0.0,0.5
1035_WSI_DIS_XX.mp4,D,59.5,-0.9,0.5
1083_DFA_NEU_XX.mp4,N,50.6,0.0,0.5
1018_IWW_SAD_XX.mp4,F,60.8,-0.8,0.8
1017_TIE_HAP_XX.mp4,N,66.7777777777778,0.0,0.5
1002_TIE_HAP_XX.mp4,A,70.1,-1.0,0.9
1036_TIE_FEA_XX.mp4,N,33.625,0.0,0.5
1023_TIE_FEA_XX.mp4,F,69.4,-0.8,0.8
1087_WSI_HAP_XX.mp4,N,64.6666666666667,0.0,0.5
1015_ITH_NEU_XX.mp4,N,68.1,0.0,0.5
1042_ITH_ANG_XX.mp4,A,69.5,-1.0,0.9
1057_ITH_ANG_XX.mp4,F,47.6666666666667,-0.8,0.8
1064_IEO_DIS_LO.mp4,D,57.3,-0.9,0.5
1071_IEO_DIS_LO.mp4,N,44.9,0.0,0.5
1085_IEO_ANG_LO.mp4,D,50.7,-0.9,0.5
1090_IEO_ANG_LO.mp4,D,62.0,-0.9,0.5
1087_DFA_HAP_XX.mp4,N,66.125,0.0,0.5
1022_ITH_SAD_XX.mp4,N,52.3,0.0,0.5
1037_ITH_SAD_XX.mp4,F,61.5555555555556,-0.8,0.8
1031_IEO_NEU_XX.mp4,N,80.4,0.0,0.5
1024_IEO_NEU_XX.mp4,N,61.0,0.0,0.5
1013_TIE_NEU_XX.mp4,N,62.6666666666667,0.0,0.5
1006_TIE_NEU_XX.mp4,N,67.6363636363636,0.0,0.5
1051_TIE_ANG_XX.mp4,A,44.0,-1.0,0.9
1044_TIE_ANG_XX.mp4,A,51.5,-1.0,0.9
1078_IWW_ANG_XX.mp4,F,50.6,-0.8,0.8
1025_ITH_FEA_XX.mp4,F,50.6363636363636,-0.8,0.8
1030_ITH_FEA_XX.mp4,F,50.4444444444444,-0.8,0.8
1035_DFA_DIS_XX.mp4,D,52.4444444444444,-0.9,0.5
1004_ITH_HAP_XX.mp4,F,65.6666666666667,-0.8,0.8
1083_WSI_NEU_XX.mp4,N,56.3,0.0,0.5
1011_ITH_HAP_XX.mp4,N,67.625,0.0,0.5
1020_DFA_DIS_XX.mp4,D,53.6666666666667,-0.9,0.5
1055_TAI_DIS_XX.mp4,N,43.2,0.0,0.5
1040_TAI_DIS_XX.mp4,D,68.1666666666667,-0.9,0.5
1008_IOM_SAD_XX.mp4,A,37.5714285714286,-1.0,0.9
1064_TSI_DIS_XX.mp4,D,51.25,-0.9,0.5
1089_IOM_DIS_XX.mp4,N,49.5,0.0,0.5
1071_TSI_DIS_XX.mp4,N,39.2222222222222,0.0,0.5
1085_IWL_FEA_XX.mp4,F,42.1,-0.8,0.8
1090_IWL_FEA_XX.mp4,N,43.25,0.0,0.5
1003_IWL_DIS_XX.mp4,N,69.3333333333333,0.0,0.5
1016_IWL_DIS_XX.mp4,D:H,56.6363636363636,0.0,0.5
1057_IEO_DIS_MD.mp4,N,49.7777777777778,0.0,0.5
1042_IEO_DIS_MD.mp4,D,56.8,-0.9,0.5
1018_MTI_NEU_XX.mp4,N,58.3636363636364,0.0,0.5
1082_IWL_SAD_XX.mp4,N,56.9,0.0,0.5
1046_IEO_DIS_HI.mp4,N,58.5555555555556,0.0,0.5
1053_IEO_DIS_HI.mp4,F,63.2,-0.8,0.8
1085_TSI_ANG_XX.mp4,A,55.5,-1.0,0.9
1068_IOM_ANG_XX.mp4,A,43.4,-1.0,0.9
1090_TSI_ANG_XX.mp4,A,71.4285714285714,-1.0,0.9
1039_ITS_DIS_XX.mp4,D,60.2222222222222,-0.9,0.5
1028_MTI_FEA_XX.mp4,F:S,64.75,0.0,0.5
1081_IOM_FEA_XX.mp4,N,56.0,0.0,0.5
1079_TSI_FEA_XX.mp4,F,74.9,-0.8,0.8
1049_IEO_SAD_HI.mp4,N,43.8888888888889,0.0,0.5
1058_TSI_HAP_XX.mp4,F:H,52.3333333333333,0.0,0.5
1048_TAI_FEA_XX.mp4,S,66.2,-1.0,0.3
1019_IWL_SAD_XX.mp4,N,71.7,0.0,0.5
1058_IEO_SAD_MD.mp4,N:S,67.5555555555556,0.0,0.5
1069_TAI_HAP_XX.mp4,N,61.875,0.0,0.5
1083_MTI_NEU_XX.mp4,N,77.5,0.0,0.5
1086_IOM_SAD_XX.mp4,S,66.9,-1.0,0.3
1043_ITS_ANG_XX.mp4,D,47.5,-0.9,0.5
1056_ITS_ANG_XX.mp4,A:N,50.25,0.0,0.5
1001_ITS_NEU_XX.mp4,N,82.4444444444444,0.0,0.5
1014_ITS_NEU_XX.mp4,N,72.875,0.0,0.5
1012_IOM_DIS_XX.mp4,D,48.7777777777778,-0.9,0.5
1007_IOM_DIS_XX.mp4,N,53.6363636363636,0.0,0.5
1049_TSI_NEU_XX.mp4,N,42.5555555555556,0.0,0.5
1087_MTI_HAP_XX.mp4,N,61.5,0.0,0.5
1023_ITS_SAD_XX.mp4,N,57.1111111111111,0.0,0.5
1078_TAI_NEU_XX.mp4,N,68.75,0.0,0.5
1036_ITS_SAD_XX.mp4,N,71.5714285714286,0.0,0.5
1035_MTI_DIS_XX.mp4,D,51.0,-0.9,0.5
1020_MTI_DIS_XX.mp4,S,59.8888888888889,-1.0,0.3
1029_IEO_ANG_HI.mp4,A,96.8,-1.0,0.9
1005_ITS_HAP_XX.mp4,H,62.5555555555556,1.0,0.8
1010_ITS_HAP_XX.mp4,H,58.4444444444444,1.0,0.8
1024_ITS_FEA_XX.mp4,F,57.25,-0.8,0.8
1031_ITS_FEA_XX.mp4,N,61.9,0.0,0.5
1079_IWL_ANG_XX.mp4,D,69.7777777777778,-0.9,0.5
1038_IEO_ANG_MD.mp4,A,63.0,-1.0,0.9
1009_WSI_HAP_XX.mp4,H,53.9,1.0,0.8
1084_IWW_FEA_XX.mp4,F,50.0,-0.8,0.8
1091_IWW_FEA_XX.mp4,F,44.8888888888889,-0.8,0.8
1028_WSI_FEA_XX.mp4,S,81.1,-1.0,0.3
1058_IEO_HAP_LO.mp4,N,54.6666666666667,0.0,0.5
1079_IEO_FEA_LO.mp4,N,62.5555555555556,0.0,0.5
1018_DFA_NEU_XX.mp4,N,60.8888888888889,0.0,0.5
1002_IWW_DIS_XX.mp4,D,41.7777777777778,-0.9,0.5
1017_IWW_DIS_XX.mp4,F,60.4,-0.8,0.8
1083_IWW_SAD_XX.mp4,N,60.75,0.0,0.5
1088_TIE_NEU_XX.mp4,N,45.7,0.0,0.5
1018_WSI_NEU_XX.mp4,N,62.8,0.0,0.5
1009_DFA_HAP_XX.mp4,H,64.6666666666667,1.0,0.8
1038_ITH_DIS_XX.mp4,D,50.7777777777778,-0.9,0.5
1028_DFA_FEA_XX.mp4,S,49.1,-1.0,0.3
1024_IWW_HAP_XX.mp4,N,54.8888888888889,0.0,0.5
1031_IWW_HAP_XX.mp4,N,54.3,0.0,0.5
1005_IWW_FEA_XX.mp4,S,43.7777777777778,-1.0,0.3
1088_WSI_HAP_XX.mp4,N,60.125,0.0,0.5
1010_IWW_FEA_XX.mp4,F,53.8181818181818,-0.8,0.8
1058_ITH_ANG_XX.mp4,A,60.75,-1.0,0.9
1018_TIE_HAP_XX.mp4,N,50.8888888888889,0.0,0.5
1039_TIE_FEA_XX.mp4,F,64.2222222222222,-0.8,0.8
1002_IWW_SAD_XX.mp4,N,40.3333333333333,0.0,0.5
1017_IWW_SAD_XX.mp4,F,59.1111111111111,-0.8,0.8
1083_IWW_DIS_XX.mp4,N,53.5555555555556,0.0,0.5
1062_IWW_ANG_XX.mp4,A,56.0,-1.0,0.9
1077_IWW_ANG_XX.mp4,D,67.5,-0.9,0.5
1020_IWW_NEU_XX.mp4,N,48.9,0.0,0.5
1035_IWW_NEU_XX.mp4,F:N,52.4444444444444,0.0,0.5
1009_TIE_NEU_XX.mp4,N,57.5,0.0,0.5
1038_ITH_SAD_XX.mp4,N,51.4444444444444,0.0,0.5
1088_DFA_HAP_XX.mp4,N,62.375,0.0,0.5
1017_MTI_NEU_XX.mp4,N,70.5,0.0,0.5
1002_MTI_NEU_XX.mp4,N:S,59.4444444444444,0.0,0.5
1055_MTI_ANG_XX.mp4,A,59.5555555555556,-1.0,0.9
1040_MTI_ANG_XX.mp4,D,51.0,-0.9,0.5
1049_IEO_DIS_HI.mp4,N,63.125,0.0,0.5
1034_IOM_HAP_XX.mp4,H,53.25,1.0,0.8
1019_IWL_DIS_XX.mp4,D,45.8,-0.9,0.5
1021_IOM_HAP_XX.mp4,N,64.8,0.0,0.5
1015_IOM_FEA_XX.mp4,N,36.9,0.0,0.5
1058_IEO_DIS_MD.mp4,H,66.2222222222222,1.0,0.8
1086_IOM_DIS_XX.mp4,D,51.2222222222222,-0.9,0.5
1080_ITS_NEU_XX.mp4,N,54.8888888888889,0.0,0.5
1012_IOM_SAD_XX.mp4,N,58.2222222222222,0.0,0.5
1007_IOM_SAD_XX.mp4,S,48.8181818181818,-1.0,0.3
1032_MTI_FEA_XX.mp4,N,61.3,0.0,0.5
1027_MTI_FEA_XX.mp4,S,45.3636363636364,-1.0,0.3
1013_MTI_HAP_XX.mp4,A,66.6,-1.0,0.9
1006_MTI_HAP_XX.mp4,H:N,55.4,0.0,0.5
1072_IOM_ANG_XX.mp4,A,76.0,-1.0,0.9
1067_IOM_ANG_XX.mp4,A,51.7,-1.0,0.9
1030_IOM_NEU_XX.mp4,N,51.7777777777778,0.0,0.5
1025_IOM_NEU_XX.mp4,N,62.5,0.0,0.5
1023_ITS_DIS_XX.mp4,D,46.125,-0.9,0.5
1036_ITS_DIS_XX.mp4,D:N,44.1111111111111,0.0,0.5
1035_MTI_SAD_XX.mp4,N,57.6,0.0,0.5
1020_MTI_SAD_XX.mp4,S,49.5555555555556,-1.0,0.3
1084_ITS_HAP_XX.mp4,N,64.0,0.0,0.5
1091_ITS_HAP_XX.mp4,N,56.2222222222222,0.0,0.5
1059_ITS_ANG_XX.mp4,A,60.5,-1.0,0.9
1071_IEO_HAP_MD.mp4,N,67.7,0.0,0.5
1004_IWL_FEA_XX.mp4,N,46.8,0.0,0.5
1055_TAI_SAD_XX.mp4,N,56.5,0.0,0.5
1040_TAI_SAD_XX.mp4,N,45.2857142857143,0.0,0.5
1011_IWL_FEA_XX.mp4,F,51.2222222222222,-0.8,0.8
1064_IEO_HAP_MD.mp4,D,52.5714285714286,-0.9,0.5
1025_IWL_HAP_XX.mp4,N,69.4444444444444,0.0,0.5
1050_IEO_FEA_MD.mp4,F,54.8,-0.8,0.8
1045_IEO_FEA_MD.mp4,A:N,58.0,0.0,0.5
1008_IOM_DIS_XX.mp4,A,51.8,-1.0,0.9
1030_IWL_HAP_XX.mp4,N,45.6666666666667,0.0,0.5
1060_IEO_HAP_HI.mp4,N,59.2,0.0,0.5
1064_TSI_SAD_XX.mp4,F:N:S,44.9,0.0,0.5
1071_TSI_SAD_XX.mp4,N,67.6,0.0,0.5
1075_IEO_HAP_HI.mp4,H,57.3333333333333,1.0,0.8
1089_IOM_SAD_XX.mp4,S,70.5,-1.0,0.3
1041_IEO_FEA_HI.mp4,F,57.8,-0.8,0.8
1054_IEO_FEA_HI.mp4,F,61.5555555555556,-0.8,0.8
1052_TAI_FEA_XX.mp4,F,55.0,-0.8,0.8
1003_IWL_SAD_XX.mp4,N,53.7777777777778,0.0,0.5
1016_IWL_SAD_XX.mp4,S,49.5454545454545,-1.0,0.3
1047_TAI_FEA_XX.mp4,F:N,65.3333333333333,0.0,0.5
1073_TAI_HAP_XX.mp4,N,70.5555555555556,0.0,0.5
1057_IEO_SAD_MD.mp4,N,57.1111111111111,0.0,0.5
1042_IEO_SAD_MD.mp4,N,64.7,0.0,0.5
1066_TAI_HAP_XX.mp4,N,74.4,0.0,0.5
1063_TSI_FEA_XX.mp4,F,56.5,-0.8,0.8
1076_TSI_FEA_XX.mp4,F,51.7777777777778,-0.8,0.8
1042_TSI_HAP_XX.mp4,H:N,59.7142857142857,0.0,0.5
1046_IEO_SAD_HI.mp4,S,59.6,-1.0,0.3
1082_IWL_DIS_XX.mp4,N,67.3,0.0,0.5
1053_IEO_SAD_HI.mp4,N,60.2,0.0,0.5
1057_TSI_HAP_XX.mp4,F,61.6666666666667,-0.8,0.8
1021_IWL_NEU_XX.mp4,N,66.5,0.0,0.5
1034_IWL_NEU_XX.mp4,N,57.7,0.0,0.5
1063_IWL_ANG_XX.mp4,A,55.9,-1.0,0.9
1076_IWL_ANG_XX.mp4,N,47.3333333333333,0.0,0.5
1037_IEO_ANG_MD.mp4,A,48.8888888888889,-1.0,0.9
1022_IEO_ANG_MD.mp4,A,64.375,-1.0,0.9
1026_IEO_ANG_HI.mp4,A,57.7777777777778,-1.0,0.9
1033_IEO_ANG_HI.mp4,A,83.1,-1.0,0.9
1035_TAI_ANG_XX.mp4,A,67.3,-1.0,0.9
1020_TAI_ANG_XX.mp4,A,57.7272727272727,-1.0,0.9
1088_MTI_HAP_XX.mp4,N,51.2222222222222,0.0,0.5
1077_TAI_NEU_XX.mp4,N,73.6666666666667,0.0,0.5
1062_TAI_NEU_XX.mp4,N,53.7272727272727,0.0,0.5
1039_ITS_SAD_XX.mp4,N,50.75,0.0,0.5
1046_TSI_NEU_XX.mp4,N,42.3333333333333,0.0,0.5
1053_TSI_NEU_XX.mp4,N,76.6,0.0,0.5
1004_TSI_ANG_XX.mp4,A,56.5,-1.0,0.9
1011_TSI_ANG_XX.mp4,A,53.2,-1.0,0.9
1020_WSI_SAD_XX.mp4,S,66.2222222222222,-1.0,0.3
1031_TIE_DIS_XX.mp4,N,63.1,0.0,0.5
1035_WSI_SAD_XX.mp4,D:N,37.5714285714286,0.0,0.5
1024_TIE_DIS_XX.mp4,D,57.7,-0.9,0.5
1042_IEO_HAP_LO.mp4,H,62.25,1.0,0.8
1057_IEO_HAP_LO.mp4,N,61.4,0.0,0.5
1055_DFA_ANG_XX.mp4,A,81.3333333333333,-1.0,0.9
1063_IEO_FEA_LO.mp4,N,49.2,0.0,0.5
1076_IEO_FEA_LO.mp4,N,42.2222222222222,0.0,0.5
1040_DFA_ANG_XX.mp4,N,76.1111111111111,0.0,0.5
1017_DFA_NEU_XX.mp4,N,71.25,0.0,0.5
1002_DFA_NEU_XX.mp4,N,56.2727272727273,0.0,0.5
1018_IWW_DIS_XX.mp4,F,40.3,-0.8,0.8
1081_ITH_NEU_XX.mp4,N,57.8888888888889,0.0,0.5
1006_WSI_HAP_XX.mp4,H,52.125,1.0,0.8
1013_WSI_HAP_XX.mp4,S,59.1111111111111,-1.0,0.3
1027_WSI_FEA_XX.mp4,A,52.6666666666667,-1.0,0.9
1032_WSI_FEA_XX.mp4,N,49.4444444444444,0.0,0.5
1083_TIE_HAP_XX.mp4,N,48.875,0.0,0.5
1064_IEO_SAD_LO.mp4,S,62.4,-1.0,0.3
1071_IEO_SAD_LO.mp4,N,53.0,0.0,0.5
1013_DFA_HAP_XX.mp4,H,65.7777777777778,1.0,0.8
1022_ITH_DIS_XX.mp4,D,75.4,-0.9,0.5
1037_ITH_DIS_XX.mp4,D,43.875,-0.9,0.5
1006_DFA_HAP_XX.mp4,H,61.0,1.0,0.8
1032_DFA_FEA_XX.mp4,N,58.3333333333333,0.0,0.5
1004_IEO_ANG_LO.mp4,A,55.2727272727273,-1.0,0.9
1011_IEO_ANG_LO.mp4,A,55.9,-1.0,0.9
1027_DFA_FEA_XX.mp4,N,47.6666666666667,0.0,0.5
1002_WSI_NEU_XX.mp4,N,64.875,0.0,0.5
1085_ITH_HAP_XX.mp4,H,68.2222222222222,1.0,0.8
1090_ITH_HAP_XX.mp4,N,62.7777777777778,0.0,0.5
1017_WSI_NEU_XX.mp4,N,49.6,0.0,0.5
1040_WSI_ANG_XX.mp4,A,60.6,-1.0,0.9
1055_WSI_ANG_XX.mp4,A,32.25,-1.0,0.9
1035_DFA_SAD_XX.mp4,N,54.7777777777778,0.0,0.5
1020_DFA_SAD_XX.mp4,S,50.1,-1.0,0.3
1087_TIE_NEU_XX.mp4,N,52.0,0.0,0.5
1066_IWW_SAD_XX.mp4,N,59.4,0.0,0.5
1073_IWW_SAD_XX.mp4,F:N,46.4444444444444,0.0,0.5
1089_IEO_FEA_LO.mp4,N,40.4,0.0,0.5
1061_IWW_FEA_XX.mp4,F,39.25,-0.8,0.8
1074_IWW_FEA_XX.mp4,F,57.125,-0.8,0.8
1040_IWW_HAP_XX.mp4,N,50.875,0.0,0.5
1055_IWW_HAP_XX.mp4,N,64.8333333333333,0.0,0.5
1029_ITH_ANG_XX.mp4,A,68.5,-1.0,0.9
1048_TIE_FEA_XX.mp4,N,63.1,0.0,0.5
1069_TIE_HAP_XX.mp4,N,60.125,0.0,0.5
1049_ITH_SAD_XX.mp4,S,58.5,-1.0,0.3
1006_IWW_ANG_XX.mp4,D,48.75,-0.9,0.5
1013_IWW_ANG_XX.mp4,A,76.4,-1.0,0.9
1044_IWW_NEU_XX.mp4,N,52.2,0.0,0.5
1051_IWW_NEU_XX.mp4,N,74.75,0.0,0.5
1078_TIE_NEU_XX.mp4,N,58.0,0.0,0.5
1076_IOM_SAD_XX.mp4,N,85.8888888888889,0.0,0.5
1063_IOM_SAD_XX.mp4,N:S,45.0,0.0,0.5
1073_MTI_NEU_XX.mp4,N,73.8888888888889,0.0,0.5
1066_MTI_NEU_XX.mp4,N,59.4444444444444,0.0,0.5
1038_IEO_DIS_HI.mp4,D,59.9,-0.9,0.5
1031_MTI_ANG_XX.mp4,N,47.3,0.0,0.5
1024_MTI_ANG_XX.mp4,N,56.2,0.0,0.5
1071_IOM_FEA_XX.mp4,N,65.0,0.0,0.5
1089_TSI_FEA_XX.mp4,F,49.6,-0.8,0.8
1029_IEO_DIS_MD.mp4,H,62.6666666666667,1.0,0.8
1064_IOM_FEA_XX.mp4,F,56.8888888888889,-0.8,0.8
1068_IWL_DIS_XX.mp4,D:N,53.25,0.0,0.5
1050_IOM_HAP_XX.mp4,N,62.8888888888889,0.0,0.5
1045_IOM_HAP_XX.mp4,N,67.1,0.0,0.5
1089_IWL_ANG_XX.mp4,A,72.3,-1.0,0.9
1051_MTI_SAD_XX.mp4,N,48.0,0.0,0.5
1044_MTI_SAD_XX.mp4,N,56.3,0.0,0.5
1088_TAI_NEU_XX.mp4,N,63.0,0.0,0.5
1077_MTI_HAP_XX.mp4,N,66.625,0.0,0.5
1062_MTI_HAP_XX.mp4,H:N,55.5,0.0,0.5
1056_MTI_FEA_XX.mp4,F:H:N:S,52.875,0.0,0.5
1043_MTI_FEA_XX.mp4,F,47.9,-0.8,0.8
1016_IOM_ANG_XX.mp4,N,66.1,0.0,0.5
1003_IOM_ANG_XX.mp4,A,61.0,-1.0,0.9
1047_ITS_DIS_XX.mp4,N,59.0,0.0,0.5
1052_ITS_DIS_XX.mp4,N,53.7777777777778,0.0,0.5
1054_IOM_NEU_XX.mp4,N,51.9,0.0,0.5
1041_IOM_NEU_XX.mp4,N,55.2,0.0,0.5
1017_TAI_HAP_XX.mp4,N,67.3,0.0,0.5
1033_IEO_SAD_MD.mp4,N,52.5,0.0,0.5
1026_IEO_SAD_MD.mp4,A:N,47.6,0.0,0.5
1002_TAI_HAP_XX.mp4,H,59.5,1.0,0.8
1067_IWL_SAD_XX.mp4,N,56.1,0.0,0.5
1036_TAI_FEA_XX.mp4,F,58.25,-0.8,0.8
1023_TAI_FEA_XX.mp4,F,63.5,-0.8,0.8
1072_IWL_SAD_XX.mp4,N,65.8,0.0,0.5
1026_TSI_HAP_XX.mp4,D:H,59.3333333333333,0.0,0.5
1022_IEO_SAD_HI.mp4,S,64.5555555555556,-1.0,0.3
1037_IEO_SAD_HI.mp4,N,52.7777777777778,0.0,0.5
1033_TSI_HAP_XX.mp4,A:N,67.0,0.0,0.5
1007_TSI_FEA_XX.mp4,N,49.0,0.0,0.5
1012_TSI_FEA_XX.mp4,F,59.25,-0.8,0.8
1028_ITS_ANG_XX.mp4,A,58.3,-1.0,0.9
1079_IOM_DIS_XX.mp4,D,59.1111111111111,-0.9,0.5
1041_IWL_HAP_XX.mp4,N,64.5,0.0,0.5
1034_IEO_FEA_MD.mp4,A:N,60.8888888888889,0.0,0.5
1081_TSI_DIS_XX.mp4,F,32.6,-0.8,0.8
1021_IEO_FEA_MD.mp4,N,60.0,0.0,0.5
1054_IWL_HAP_XX.mp4,H:N,58.0,0.0,0.5
1015_IEO_HAP_MD.mp4,N,54.2222222222222,0.0,0.5
1031_TAI_SAD_XX.mp4,S,56.0,-1.0,0.3
1060_IWL_FEA_XX.mp4,N,56.4,0.0,0.5
1075_IWL_FEA_XX.mp4,N,62.4444444444444,0.0,0.5
1024_TAI_SAD_XX.mp4,N,30.6666666666667,0.0,0.5
1025_IEO_FEA_HI.mp4,F,74.2,-0.8,0.8
1030_IEO_FEA_HI.mp4,F,63.7,-0.8,0.8
1004_IEO_HAP_HI.mp4,F,81.0,-0.8,0.8
1015_TSI_SAD_XX.mp4,F,45.1111111111111,-0.8,0.8
1011_IEO_HAP_HI.mp4,H,75.625,1.0,0.8
1051_TAI_ANG_XX.mp4,A,60.4,-1.0,0.9
1044_TAI_ANG_XX.mp4,A,60.3,-1.0,0.9
1013_TAI_NEU_XX.mp4,N,76.2,0.0,0.5
1048_ITS_SAD_XX.mp4,N,71.8888888888889,0.0,0.5
1006_TAI_NEU_XX.mp4,N,85.2222222222222,0.0,0.5
1022_TSI_NEU_XX.mp4,N,63.3,0.0,0.5
1037_TSI_NEU_XX.mp4,N,61.1,0.0,0.5
1060_TSI_ANG_XX.mp4,A,70.25,-1.0,0.9
1075_TSI_ANG_XX.mp4,A,58.75,-1.0,0.9
1045_IWL_NEU_XX.mp4,N,61.9,0.0,0.5
1050_IWL_NEU_XX.mp4,N,54.6666666666667,0.0,0.5
1053_IEO_ANG_MD.mp4,A,45.7,-1.0,0.9
1046_IEO_ANG_MD.mp4,D,68.75,-0.9,0.5
1007_IWL_ANG_XX.mp4,D,53.2222222222222,-0.9,0.5
1012_IWL_ANG_XX.mp4,A,56.875,-1.0,0.9
1042_IEO_ANG_HI.mp4,A,83.1,-1.0,0.9
1057_IEO_ANG_HI.mp4,A,92.5,-1.0,0.9
1081_IEO_DIS_LO.mp4,N,48.7777777777778,0.0,0.5
1043_WSI_FEA_XX.mp4,F,47.8888888888889,-0.8,0.8
1056_WSI_FEA_XX.mp4,A,42.0,-1.0,0.9
1062_WSI_HAP_XX.mp4,N,50.1111111111111,0.0,0.5
1077_WSI_HAP_XX.mp4,D,49.375,-0.9,0.5
1015_IEO_SAD_LO.mp4,N,73.6666666666667,0.0,0.5
1044_WSI_SAD_XX.mp4,N,60.1111111111111,0.0,0.5
1055_TIE_DIS_XX.mp4,D,57.2857142857143,-0.9,0.5
1051_WSI_SAD_XX.mp4,N,61.7777777777778,0.0,0.5
1040_TIE_DIS_XX.mp4,N,52.0,0.0,0.5
1007_IEO_FEA_LO.mp4,N,45.8,0.0,0.5
1031_DFA_ANG_XX.mp4,N,59.2222222222222,0.0,0.5
1024_DFA_ANG_XX.mp4,N,47.7,0.0,0.5
1012_IEO_FEA_LO.mp4,N:S,51.4,0.0,0.5
1026_IEO_HAP_LO.mp4,N,60.0,0.0,0.5
1033_IEO_HAP_LO.mp4,H:N,55.0,0.0,0.5
1069_IWW_DIS_XX.mp4,D,61.6666666666667,-0.9,0.5
1073_DFA_NEU_XX.mp4,N,61.3,0.0,0.5
1066_DFA_NEU_XX.mp4,N,57.2,0.0,0.5
1066_WSI_NEU_XX.mp4,N,53.1,0.0,0.5
1073_WSI_NEU_XX.mp4,N,55.2222222222222,0.0,0.5
1024_WSI_ANG_XX.mp4,N,44.8,0.0,0.5
1031_WSI_ANG_XX.mp4,N,66.0,0.0,0.5
1088_IWW_ANG_XX.mp4,A,44.6666666666667,-1.0,0.9
1051_DFA_SAD_XX.mp4,N,66.3,0.0,0.5
1044_DFA_SAD_XX.mp4,N,62.6,0.0,0.5
1060_IEO_ANG_LO.mp4,D,47.2,-0.9,0.5
1056_DFA_FEA_XX.mp4,N,51.0,0.0,0.5
1043_DFA_FEA_XX.mp4,N,48.8888888888889,0.0,0.5
1075_IEO_ANG_LO.mp4,N,59.3333333333333,0.0,0.5
1046_ITH_DIS_XX.mp4,N,60.8333333333333,0.0,0.5
1077_DFA_HAP_XX.mp4,N,69.9,0.0,0.5
1062_DFA_HAP_XX.mp4,N,63.6,0.0,0.5
1053_ITH_DIS_XX.mp4,F,61.8888888888889,-0.8,0.8
1080_IWW_ANG_XX.mp4,A,63.1,-1.0,0.9
1039_WSI_ANG_XX.mp4,A,82.75,-1.0,0.9
1059_DFA_SAD_XX.mp4,N,57.0,0.0,0.5
1068_IEO_ANG_LO.mp4,A,64.2222222222222,-1.0,0.9
1089_IEO_DIS_LO.mp4,N,59.2222222222222,0.0,0.5
1008_IEO_SAD_LO.mp4,N,60.4,0.0,0.5
1059_WSI_SAD_XX.mp4,D:N,58.875,0.0,0.5
1048_TIE_DIS_XX.mp4,N,58.75,0.0,0.5
1039_DFA_ANG_XX.mp4,A,61.4,-1.0,0.9
1074_IWW_DIS_XX.mp4,F,62.1111111111111,-0.8,0.8
1061_IWW_DIS_XX.mp4,N,47.5,0.0,0.5
1059_TAI_ANG_XX.mp4,A,75.0,-1.0,0.9
1055_ITS_SAD_XX.mp4,N,56.0,0.0,0.5
1040_ITS_SAD_XX.mp4,N,54.125,0.0,0.5
1085_IOM_ANG_XX.mp4,A,45.4,-1.0,0.9
1090_IOM_ANG_XX.mp4,A,54.8888888888889,-1.0,0.9
1068_TSI_ANG_XX.mp4,A,69.9,-1.0,0.9
1073_ITS_HAP_XX.mp4,N,69.5555555555556,0.0,0.5
1066_ITS_HAP_XX.mp4,N,67.7142857142857,0.0,0.5
1052_ITS_FEA_XX.mp4,F,47.4,-0.8,0.8
1058_IWL_NEU_XX.mp4,N,59.4444444444444,0.0,0.5
1047_ITS_FEA_XX.mp4,F,59.7,-0.8,0.8
1043_MTI_DIS_XX.mp4,N,58.1111111111111,0.0,0.5
1056_MTI_DIS_XX.mp4,A,53.1,-1.0,0.9
1035_ITS_ANG_XX.mp4,D,46.5,-0.9,0.5
1020_ITS_ANG_XX.mp4,N,53.375,0.0,0.5
1077_ITS_NEU_XX.mp4,N,58.375,0.0,0.5
1008_IEO_HAP_MD.mp4,H,49.6,1.0,0.8
1039_TAI_SAD_XX.mp4,S,53.2,-1.0,0.3
1062_ITS_NEU_XX.mp4,N,73.0,0.0,0.5
1068_IWL_FEA_XX.mp4,A:N,53.2857142857143,0.0,0.5
1029_IEO_FEA_MD.mp4,N,45.0,0.0,0.5
1064_IOM_DIS_XX.mp4,D,67.5,-0.9,0.5
1071_IOM_DIS_XX.mp4,N,71.0,0.0,0.5
1049_IWL_HAP_XX.mp4,H,75.4444444444444,1.0,0.8
1089_TSI_DIS_XX.mp4,D,63.2222222222222,-0.9,0.5
1019_IEO_HAP_HI.mp4,N,64.1818181818182,0.0,0.5
1008_TSI_SAD_XX.mp4,F,39.75,-0.8,0.8
1038_IEO_FEA_HI.mp4,F,58.7,-0.8,0.8
1059_MTI_SAD_XX.mp4,N,44.3333333333333,0.0,0.5
1081_IWL_ANG_XX.mp4,A,74.0,-1.0,0.9
1080_TAI_NEU_XX.mp4,N,53.7,0.0,0.5
1049_IOM_NEU_XX.mp4,N,68.7777777777778,0.0,0.5
1012_TSI_DIS_XX.mp4,N,51.6666666666667,0.0,0.5
1007_TSI_DIS_XX.mp4,D:N,59.6666666666667,0.0,0.5
1086_IEO_HAP_MD.mp4,A,54.1111111111111,-1.0,0.9
1023_TAI_DIS_XX.mp4,A,56.8,-1.0,0.9
1036_TAI_DIS_XX.mp4,A:D,63.125,0.0,0.5
1082_IEO_HAP_HI.mp4,H,63.25,1.0,0.8
1086_TSI_SAD_XX.mp4,N,64.0,0.0,0.5
1084_TAI_HAP_XX.mp4,N,66.7272727272727,0.0,0.5
1039_MTI_ANG_XX.mp4,D,55.625,-0.9,0.5
1091_TAI_HAP_XX.mp4,N,55.2222222222222,0.0,0.5
1030_IEO_DIS_HI.mp4,N,68.375,0.0,0.5
1025_IEO_DIS_HI.mp4,F:N,51.1111111111111,0.0,0.5
1075_IWL_DIS_XX.mp4,N,45.5555555555556,0.0,0.5
1060_IWL_DIS_XX.mp4,N,63.7777777777778,0.0,0.5
1058_IOM_HAP_XX.mp4,N,51.4,0.0,0.5
1021_IEO_DIS_MD.mp4,D,53.1111111111111,-0.9,0.5
1079_IOM_FEA_XX.mp4,F,64.5714285714286,-0.8,0.8
1081_TSI_FEA_XX.mp4,F,66.7777777777778,-0.8,0.8
1034_IEO_DIS_MD.mp4,A,45.0,-1.0,0.9
1054_ITH_SAD_XX.mp4,F,56.3,-0.8,0.8
1041_ITH_SAD_XX.mp4,N,62.3,0.0,0.5
1047_IEO_NEU_XX.mp4,N,59.6,0.0,0.5
1052_IEO_NEU_XX.mp4,N,70.4444444444444,0.0,0.5
1053_ITH_FEA_XX.mp4,F,60.2222222222222,-0.8,0.8
1059_IWW_NEU_XX.mp4,N,42.6,0.0,0.5
1046_ITH_FEA_XX.mp4,A,45.7777777777778,-1.0,0.9
1072_ITH_HAP_XX.mp4,H,58.25,1.0,0.8
1043_DFA_DIS_XX.mp4,N,60.0,0.0,0.5
1056_DFA_DIS_XX.mp4,N,49.8888888888889,0.0,0.5
1067_ITH_HAP_XX.mp4,N,33.0,0.0,0.5
1065_TIE_NEU_XX.mp4,N,59.7,0.0,0.5
1070_TIE_NEU_XX.mp4,N,61.8571428571429,0.0,0.5
1027_TIE_ANG_XX.mp4,A,79.7,-1.0,0.9
1032_TIE_ANG_XX.mp4,A:D,53.9,0.0,0.5
1056_WSI_DIS_XX.mp4,D,56.75,-0.9,0.5
1047_TIE_SAD_XX.mp4,N,62.9,0.0,0.5
1043_WSI_DIS_XX.mp4,N,44.4,0.0,0.5
1052_TIE_SAD_XX.mp4,N:S,63.125,0.0,0.5
1081_IEO_FEA_LO.mp4,N,71.5555555555556,0.0,0.5
1048_IWW_HAP_XX.mp4,H,52.0,1.0,0.8
1076_ITH_NEU_XX.mp4,N,70.8888888888889,0.0,0.5
1063_ITH_NEU_XX.mp4,N,62.4545454545455,0.0,0.5
1069_IWW_FEA_XX.mp4,F:N,60.8888888888889,0.0,0.5
1034_ITH_ANG_XX.mp4,N,55.375,0.0,0.5
1021_ITH_ANG_XX.mp4,A,52.75,-1.0,0.9
1012_IEO_DIS_LO.mp4,D,53.0,-0.9,0.5
1007_IEO_DIS_LO.mp4,N,42.7272727272727,0.0,0.5
1086_IEO_SAD_LO.mp4,N,73.8,0.0,0.5
1061_TIE_HAP_XX.mp4,N,54.8888888888889,0.0,0.5
1074_TIE_HAP_XX.mp4,H,60.375,1.0,0.8
1040_TIE_FEA_XX.mp4,A:F,42.1111111111111,0.0,0.5
1055_TIE_FEA_XX.mp4,F,67.2857142857143,-0.8,0.8
1019_IEO_ANG_LO.mp4,A,68.6,-1.0,0.9
1048_WSI_ANG_XX.mp4,A,65.4444444444444,-1.0,0.9
1028_DFA_SAD_XX.mp4,S,70.3,-1.0,0.3
1028_WSI_SAD_XX.mp4,S,73.7,-1.0,0.3
1039_TIE_DIS_XX.mp4,A,37.75,-1.0,0.9
1091_IWW_SAD_XX.mp4,S,65.5,-1.0,0.3
1084_IWW_SAD_XX.mp4,N,48.5555555555556,0.0,0.5
1048_DFA_ANG_XX.mp4,A,77.6666666666667,-1.0,0.9
1010_IWW_DIS_XX.mp4,F,49.6363636363636,-0.8,0.8
1005_IWW_DIS_XX.mp4,N,46.3,0.0,0.5
1083_IWW_FEA_XX.mp4,F,58.125,-0.8,0.8
1089_ITH_NEU_XX.mp4,N,75.7777777777778,0.0,0.5
1079_IEO_SAD_LO.mp4,S,57.7,-1.0,0.3
1036_ITS_FEA_XX.mp4,F,70.8888888888889,-0.8,0.8
1023_ITS_FEA_XX.mp4,F,50.4444444444444,-0.8,0.8
1029_IWL_NEU_XX.mp4,N,58.0,0.0,0.5
1017_ITS_HAP_XX.mp4,N,51.6,0.0,0.5
1002_ITS_HAP_XX.mp4,H,47.3333333333333,1.0,0.8
1027_MTI_DIS_XX.mp4,N,57.5,0.0,0.5
1032_MTI_DIS_XX.mp4,N,59.0,0.0,0.5
1028_TAI_ANG_XX.mp4,A:D,89.4,0.0,0.5
1080_MTI_HAP_XX.mp4,N,62.875,0.0,0.5
1031_ITS_SAD_XX.mp4,N,76.6666666666667,0.0,0.5
1024_ITS_SAD_XX.mp4,N,43.8888888888889,0.0,0.5
1019_TSI_ANG_XX.mp4,A,57.7,-1.0,0.9
1051_ITS_ANG_XX.mp4,N,69.5,0.0,0.5
1044_ITS_ANG_XX.mp4,N,51.25,0.0,0.5
1038_IWL_HAP_XX.mp4,N,54.5,0.0,0.5
1015_IOM_DIS_XX.mp4,S,68.8,-1.0,0.3
1058_IEO_FEA_MD.mp4,F,77.6,-0.8,0.8
1048_TAI_SAD_XX.mp4,S,53.3636363636364,-1.0,0.3
1013_ITS_NEU_XX.mp4,N,68.2222222222222,0.0,0.5
1019_IWL_FEA_XX.mp4,N,58.9090909090909,0.0,0.5
1079_IEO_HAP_MD.mp4,H,69.6,1.0,0.8
1006_ITS_NEU_XX.mp4,N,68.7,0.0,0.5
1049_IEO_FEA_HI.mp4,F,61.7777777777778,-0.8,0.8
1079_TSI_SAD_XX.mp4,N,65.0,0.0,0.5
1081_IOM_SAD_XX.mp4,S,51.75,-1.0,0.3
1068_IEO_HAP_HI.mp4,A,54.3,-1.0,0.9
1084_MTI_NEU_XX.mp4,N,71.375,0.0,0.5
1091_MTI_NEU_XX.mp4,N,69.25,0.0,0.5
1086_IOM_FEA_XX.mp4,D,45.4444444444444,-0.9,0.5
1082_TSI_ANG_XX.mp4,F,50.6,-0.8,0.8
1038_IOM_NEU_XX.mp4,N,66.0,0.0,0.5
1028_MTI_SAD_XX.mp4,S,91.2222222222222,-1.0,0.3
1090_IWL_SAD_XX.mp4,N:S,43.0,0.0,0.5
1054_IEO_DIS_HI.mp4,D,41.6,-0.9,0.5
1041_IEO_DIS_HI.mp4,D,41.4444444444444,-0.9,0.5
1085_IWL_SAD_XX.mp4,N,54.375,0.0,0.5
1048_MTI_ANG_XX.mp4,A,67.3333333333333,-1.0,0.9
1045_IEO_DIS_MD.mp4,N,67.7142857142857,0.0,0.5
1008_IOM_FEA_XX.mp4,F:S,66.5555555555556,0.0,0.5
1050_IEO_DIS_MD.mp4,D,59.2727272727273,-0.9,0.5
1011_IWL_DIS_XX.mp4,N,45.875,0.0,0.5
1029_IOM_HAP_XX.mp4,N,56.2,0.0,0.5
1004_IWL_DIS_XX.mp4,D,49.0,-0.9,0.5
1082_IWL_FEA_XX.mp4,N,66.1111111111111,0.0,0.5
1088_ITS_NEU_XX.mp4,N,61.6666666666667,0.0,0.5
1076_TSI_DIS_XX.mp4,N,43.5,0.0,0.5
1063_TSI_DIS_XX.mp4,N,47.4,0.0,0.5
1047_TAI_DIS_XX.mp4,N,47.0,0.0,0.5
1052_TAI_DIS_XX.mp4,N,43.5,0.0,0.5
1027_DFA_DIS_XX.mp4,N,64.6666666666667,0.0,0.5
1016_ITH_HAP_XX.mp4,H:N,67.6,0.0,0.5
1091_WSI_NEU_XX.mp4,N,54.0,0.0,0.5
1084_WSI_NEU_XX.mp4,N,47.0,0.0,0.5
1003_ITH_HAP_XX.mp4,N,53.6666666666667,0.0,0.5
1032_DFA_DIS_XX.mp4,D,59.0,-0.9,0.5
1037_ITH_FEA_XX.mp4,F,66.0,-0.8,0.8
1022_ITH_FEA_XX.mp4,N,64.2727272727273,0.0,0.5
1028_IWW_NEU_XX.mp4,F:N,52.2222222222222,0.0,0.5
1001_TIE_NEU_XX.mp4,N,77.8,0.0,0.5
1014_TIE_NEU_XX.mp4,N,61.0,0.0,0.5
1043_TIE_ANG_XX.mp4,A,61.2,-1.0,0.9
1056_TIE_ANG_XX.mp4,A,68.8,-1.0,0.9
1030_ITH_SAD_XX.mp4,N,53.6,0.0,0.5
1025_ITH_SAD_XX.mp4,N:S,53.5,0.0,0.5
1023_IEO_NEU_XX.mp4,N,60.3,0.0,0.5
1036_IEO_NEU_XX.mp4,N,58.1,0.0,0.5
1080_DFA_HAP_XX.mp4,H,51.9090909090909,1.0,0.8
1082_IEO_ANG_LO.mp4,N,73.1428571428571,0.0,0.5
1012_ITH_NEU_XX.mp4,N,81.625,0.0,0.5
1018_IWW_FEA_XX.mp4,F,57.6,-0.8,0.8
1007_ITH_NEU_XX.mp4,N,57.8888888888889,0.0,0.5
1080_WSI_HAP_XX.mp4,D,57.2,-0.9,0.5
1039_IWW_HAP_XX.mp4,H,61.3,1.0,0.8
1076_IEO_DIS_LO.mp4,N,52.5,0.0,0.5
1063_IEO_DIS_LO.mp4,N,57.4,0.0,0.5
1050_ITH_ANG_XX.mp4,A,86.5555555555556,-1.0,0.9
1045_ITH_ANG_XX.mp4,N,58.8,0.0,0.5
1024_TIE_FEA_XX.mp4,N,53.5555555555556,0.0,0.5
1031_TIE_FEA_XX.mp4,N,66.1,0.0,0.5
1005_TIE_HAP_XX.mp4,H,57.5714285714286,1.0,0.8
1010_TIE_HAP_XX.mp4,N,53.3,0.0,0.5
1084_DFA_NEU_XX.mp4,N,71.8,0.0,0.5
1032_WSI_DIS_XX.mp4,D,61.7,-0.9,0.5
1023_TIE_SAD_XX.mp4,N,49.5555555555556,0.0,0.5
1027_WSI_DIS_XX.mp4,A,49.8888888888889,-1.0,0.9
1036_TIE_SAD_XX.mp4,N,54.5555555555556,0.0,0.5
1091_DFA_NEU_XX.mp4,N,59.8888888888889,0.0,0.5
